heldout,train_experiments,method,model,representation,n_real_train_windows,n_aug,n_test_windows,mae_s,rmse_s,medae_s,r2,bias_s
TS0330A,TS0330B+TS0330C,real_only,huber,temperature,71,0,41,58.94515506716122,60.81476606806791,61.90259462914884,0.7358260310393392,58.94515506716122
TS0330A,TS0330B+TS0330C,real_only,huber,pressure_absolute,71,0,41,103.79529775835287,171.08321883066287,34.048915374963485,-1.090676152249801,-100.4374253216541
TS0330A,TS0330B+TS0330C,real_only,huber,pressure_shape,71,0,41,131.519069736636,137.54131119891835,139.97404200823155,-0.3512579450175055,30.776667440442534
TS0330A,TS0330B+TS0330C,real_only,huber,fusion_absolute,71,0,41,34.09658592650927,41.55603103614438,36.05784959832806,0.8766497414947946,32.820226397717704
TS0330A,TS0330B+TS0330C,real_only,huber,fusion_shape,71,0,41,57.73430870607235,66.07383281735206,53.979263928566695,0.6881606328958549,56.42307649782373
TS0330A,TS0330B+TS0330C,real_only,rf,temperature,71,0,41,57.95724922150493,65.43862595162459,51.988115993358576,0.6941276051869464,33.216650668599094
TS0330A,TS0330B+TS0330C,real_only,rf,pressure_absolute,71,0,41,116.32643480045184,134.0653304676507,116.6164076149422,-0.2838222735737123,36.87342558557174
TS0330A,TS0330B+TS0330C,real_only,rf,pressure_shape,71,0,41,127.69985064285068,132.997841772956,136.6047385327729,-0.2634589234864821,35.5581747852483
TS0330A,TS0330B+TS0330C,real_only,rf,fusion_absolute,71,0,41,55.54983241810206,63.75534919820561,49.39377369216544,0.7096611196806117,31.076465900233664
TS0330A,TS0330B+TS0330C,real_only,rf,fusion_shape,71,0,41,57.8136807389477,68.12327653073962,51.90055098934533,0.6685156752705153,29.14460943994248
TS0330A,TS0330B+TS0330C,classical_anchor_matched,huber,temperature,71,60,41,61.35660188948374,62.93214233748966,59.60537126212864,0.717110405850405,61.35660188948374
TS0330A,TS0330B+TS0330C,classical_anchor_matched,huber,pressure_absolute,71,60,41,123.86038104792826,134.9108769958588,125.81349200856602,-0.3000674082662125,9.88582795781113
TS0330A,TS0330B+TS0330C,classical_anchor_matched,huber,pressure_shape,71,60,41,127.90745245999392,132.75911391895002,138.94625186129957,-0.2589272389023562,28.01262656999126
TS0330A,TS0330B+TS0330C,classical_anchor_matched,huber,fusion_absolute,71,60,41,28.316393067452072,38.49477937777296,26.946478286702018,0.8941537173843223,28.00958815851851
TS0330A,TS0330B+TS0330C,classical_anchor_matched,huber,fusion_shape,71,60,41,67.22888766791112,71.8527786360196,71.02803026807152,0.6312270350354894,67.22888766791112
TS0330A,TS0330B+TS0330C,classical_anchor_matched,rf,temperature,71,60,41,59.422833500861486,67.48971090240694,52.60160305775258,0.6746527983274222,33.31641788390018
TS0330A,TS0330B+TS0330C,classical_anchor_matched,rf,pressure_absolute,71,60,41,124.02558625472788,138.949058804691,122.11496776517936,-0.3790599903505878,36.35037540873844
TS0330A,TS0330B+TS0330C,classical_anchor_matched,rf,pressure_shape,71,60,41,114.10883440688336,124.75873224118604,135.7915956070616,-0.1117671715377721,10.707928193789575
TS0330A,TS0330B+TS0330C,classical_anchor_matched,rf,fusion_absolute,71,60,41,57.4648633182153,66.87218484676345,49.32960305842914,0.6805793673901988,30.37523182534218
TS0330A,TS0330B+TS0330C,classical_anchor_matched,rf,fusion_shape,71,60,41,57.8391630246249,66.3041216529144,49.84199598426756,0.6859831212324797,31.653969087334147
TS0330A,TS0330B+TS0330C,racdiff,huber,temperature,71,60,41,51.79694948700646,55.59483674332706,48.82088751863762,0.7792295928589592,46.55484495957001
TS0330A,TS0330B+TS0330C,racdiff,huber,pressure_absolute,71,60,41,106.09843029690856,122.7963405043492,102.60675118551404,-0.0770671713914739,-2.9789599515411034
TS0330A,TS0330B+TS0330C,racdiff,huber,pressure_shape,71,60,41,128.0896128652704,133.59706999057104,143.0909838820018,-0.2748697224067113,27.355965909160915
TS0330A,TS0330B+TS0330C,racdiff,huber,fusion_absolute,71,60,41,33.32532456632581,42.4560528021535,31.506694573881475,0.8712488343632814,28.083502515289304
TS0330A,TS0330B+TS0330C,racdiff,huber,fusion_shape,71,60,41,55.5803863182844,63.34046567607635,45.20899861385709,0.7134275451362753,55.33298712807704
TS0330A,TS0330B+TS0330C,racdiff,rf,temperature,71,60,41,53.759207258690985,56.46414475102242,51.38745256083087,0.7722714668225937,38.45353857461112
TS0330A,TS0330B+TS0330C,racdiff,rf,pressure_absolute,71,60,41,128.03867780908138,142.88247529330772,129.42120961248838,-0.4582429004468726,35.28249694972625
TS0330A,TS0330B+TS0330C,racdiff,rf,pressure_shape,71,60,41,119.72762603964486,127.5577884919228,135.87672400303103,-0.1622134640446273,23.16324785717935
TS0330A,TS0330B+TS0330C,racdiff,rf,fusion_absolute,71,60,41,52.66178175860316,55.87595062134432,51.23511097928679,0.776991308318074,36.28239399398882
TS0330A,TS0330B+TS0330C,racdiff,rf,fusion_shape,71,60,41,52.507229289523735,55.46173405547109,51.64882284851842,0.7802854448055441,36.88362278045064
TS0330A,TS0330D+TS0330E,real_only,huber,temperature,71,0,41,13.207852592563691,17.60751527386672,8.79231281555775,0.9778553873705444,-5.78756517377251
TS0330A,TS0330D+TS0330E,real_only,huber,pressure_absolute,71,0,41,132.2994717172479,139.90810897266377,138.41027410191538,-0.3981627045411302,75.1949670323181
TS0330A,TS0330D+TS0330E,real_only,huber,pressure_shape,71,0,41,138.6412901655926,165.25149964968782,116.97699560798868,-0.95057547228592,-70.28567402836764
TS0330A,TS0330D+TS0330E,real_only,huber,fusion_absolute,71,0,41,273.8116702471223,275.14530634984305,265.0912937339979,-4.4074953842952205,273.8116702471223
TS0330A,TS0330D+TS0330E,real_only,huber,fusion_shape,71,0,41,34.42045212972864,45.51260382536899,19.730480229113937,0.8520430720478867,-32.84743515336513
TS0330A,TS0330D+TS0330E,real_only,rf,temperature,71,0,41,22.84539535822245,54.50156114724398,4.732957870424912,0.7878271427383177,-20.716031898020383
TS0330A,TS0330D+TS0330E,real_only,rf,pressure_absolute,71,0,41,80.3221519400993,97.81579731789591,60.55206945460162,0.3165764520851748,27.379739856378503
TS0330A,TS0330D+TS0330E,real_only,rf,pressure_shape,71,0,41,101.3068822480263,133.00675584406966,58.06787802079617,-0.2636282937555783,-43.73245673814535
TS0330A,TS0330D+TS0330E,real_only,rf,fusion_absolute,71,0,41,22.820555790040217,50.96845797951484,6.317679781173069,0.8144440311579487,-15.810151525660658
TS0330A,TS0330D+TS0330E,real_only,rf,fusion_shape,71,0,41,25.816952892569123,55.75947985554369,7.473654749225773,0.7779200414146652,-24.11108639631218
TS0330A,TS0330D+TS0330E,classical_anchor_matched,huber,temperature,71,49,41,14.517478990547517,18.17941992115295,14.791810366304674,0.9763934792700008,2.3841816806493634
TS0330A,TS0330D+TS0330E,classical_anchor_matched,huber,pressure_absolute,71,49,41,464.9263869692124,487.9559029706862,453.40197229645366,-16.00721071085645,464.9263869692124
TS0330A,TS0330D+TS0330E,classical_anchor_matched,huber,pressure_shape,71,49,41,139.6599364309494,170.9762789438547,114.04115453665898,-1.0880633092546863,-70.01123980772316
TS0330A,TS0330D+TS0330E,classical_anchor_matched,huber,fusion_absolute,71,49,41,264.49007070740856,265.65890096029074,258.0541925829598,-4.04104626568651,264.49007070740856
TS0330A,TS0330D+TS0330E,classical_anchor_matched,huber,fusion_shape,71,49,41,35.25569769387825,42.41826725938303,33.708862949083084,0.8714779073684077,-27.427940656193584
TS0330A,TS0330D+TS0330E,classical_anchor_matched,rf,temperature,71,49,41,28.844520243847967,76.78819792643618,5.508710490793021,0.5788266420269683,-25.869717509419644
TS0330A,TS0330D+TS0330E,classical_anchor_matched,rf,pressure_absolute,71,49,41,107.47247808866788,127.64034635510257,82.53658809127074,-0.1637183648677902,58.62451722489953
TS0330A,TS0330D+TS0330E,classical_anchor_matched,rf,pressure_shape,71,49,41,112.96704377758763,132.23971620683926,114.6535138249011,-0.2490958261598099,-31.999815376459576
TS0330A,TS0330D+TS0330E,classical_anchor_matched,rf,fusion_absolute,71,49,41,28.783482380231195,74.53951965387219,5.048351457816011,0.6031328799957579,-21.940877980531237
TS0330A,TS0330D+TS0330E,classical_anchor_matched,rf,fusion_shape,71,49,41,29.955211778885285,76.84967113094122,6.4817079808472045,0.5781520269114657,-26.84301845842145
TS0330A,TS0330D+TS0330E,racdiff,huber,temperature,71,49,41,13.081412105898794,16.18155541211416,11.18961560922304,0.9812969485044292,-3.774627692894962
TS0330A,TS0330D+TS0330E,racdiff,huber,pressure_absolute,71,49,41,239.19069257924255,277.03573244876213,206.7520511067422,-4.48205662635236,238.0539837091097
TS0330A,TS0330D+TS0330E,racdiff,huber,pressure_shape,71,49,41,138.03127336067246,177.20149011737954,112.66522873106912,-1.2428833104928092,-82.1077216076275
TS0330A,TS0330D+TS0330E,racdiff,huber,fusion_absolute,71,49,41,246.1600619307268,247.40120533690185,238.12087459619715,-3.371953784661513,246.1600619307268
TS0330A,TS0330D+TS0330E,racdiff,huber,fusion_shape,71,49,41,20.07106317355127,25.73896477549952,11.931631261851294,0.952678980662088,-17.9903301965854
TS0330A,TS0330D+TS0330E,racdiff,rf,temperature,71,49,41,30.54131393441328,81.73303373994887,7.5796402273099375,0.5228365406136009,-28.376681053589262
TS0330A,TS0330D+TS0330E,racdiff,rf,pressure_absolute,71,49,41,112.58143593083668,123.90343804340608,115.7579954212294,-0.0965757929964152,44.65177872426404
TS0330A,TS0330D+TS0330E,racdiff,rf,pressure_shape,71,49,41,123.49729425244291,146.27682073085904,107.774789232923,-0.5283505063320684,-18.49812671149283
TS0330A,TS0330D+TS0330E,racdiff,rf,fusion_absolute,71,49,41,31.26121229305661,79.69589181610846,6.845450729196216,0.5463260844430693,-23.0872111090795
TS0330A,TS0330D+TS0330E,racdiff,rf,fusion_shape,71,49,41,32.38889977789701,82.31349075237505,8.584932351103362,0.5160349727428893,-30.03441718826402
TS0330A,TS0330F+TS0330G,real_only,huber,temperature,64,0,41,14.862326252864891,17.320531575070294,15.535755582156185,0.9785713716217492,-8.627921255568888
TS0330A,TS0330F+TS0330G,real_only,huber,pressure_absolute,64,0,41,144.73106458831057,157.37439622339787,143.7009217282839,-0.7690499431487148,104.86523868673208
TS0330A,TS0330F+TS0330G,real_only,huber,pressure_shape,64,0,41,121.56367525044912,145.8448239454303,105.86843852529302,-0.5193365345885352,-48.2061937353844
TS0330A,TS0330F+TS0330G,real_only,huber,fusion_absolute,64,0,41,237.97500829542136,238.3883201582904,239.7970666292548,-3.0592134296730285,-237.97500829542136
TS0330A,TS0330F+TS0330G,real_only,huber,fusion_shape,64,0,41,29.723180814508567,34.877098895347224,31.16079650411882,0.9131134314678696,-13.15820884724056
TS0330A,TS0330F+TS0330G,real_only,rf,temperature,64,0,41,40.77511648926525,64.53402979185014,24.803828045394425,0.7025256593796431,-39.43113552961812
TS0330A,TS0330F+TS0330G,real_only,rf,pressure_absolute,64,0,41,94.54237608032824,114.79170159599448,91.45121051162454,0.0587761414505397,-9.690578110477755
TS0330A,TS0330F+TS0330G,real_only,rf,pressure_shape,64,0,41,103.14243289942344,155.41826219034365,42.183390353075765,-0.7253453481304719,-84.81061240639526
TS0330A,TS0330F+TS0330G,real_only,rf,fusion_absolute,64,0,41,41.32825413875744,64.67307908537266,24.265522293127333,0.7012423625078926,-36.1725751749784
TS0330A,TS0330F+TS0330G,real_only,rf,fusion_shape,64,0,41,41.07307119239889,66.1468820914028,26.150140708648507,0.6874707309887576,-38.94372428370696
TS0330A,TS0330F+TS0330G,classical_anchor_matched,huber,temperature,64,13,41,13.457784685679815,16.045494163426802,12.495694946002857,0.98161015224457,-5.01576212922249
TS0330A,TS0330F+TS0330G,classical_anchor_matched,huber,pressure_absolute,64,13,41,216.080025190846,251.1063292465849,145.24994568320662,-3.5038846476923817,-216.080025190846
TS0330A,TS0330F+TS0330G,classical_anchor_matched,huber,pressure_shape,64,13,41,108.3570954101809,141.0996046154887,81.29170480046173,-0.422078379373219,-55.21482183230006
TS0330A,TS0330F+TS0330G,classical_anchor_matched,huber,fusion_absolute,64,13,41,270.2807107798454,270.6364743847025,274.5543990210494,-4.231721227038694,-270.2807107798454
TS0330A,TS0330F+TS0330G,classical_anchor_matched,huber,fusion_shape,64,13,41,38.71307418773476,44.50547536614416,42.59602741730885,0.8585187695005625,-16.925177063988617
TS0330A,TS0330F+TS0330G,classical_anchor_matched,rf,temperature,64,13,41,40.06667020982262,63.93957337557554,25.37471453179245,0.707980798912596,-38.69730171428901
TS0330A,TS0330F+TS0330G,classical_anchor_matched,rf,pressure_absolute,64,13,41,90.86973308711448,113.42420995760357,77.90241177394353,0.0810678081202043,-19.13041614721705
TS0330A,TS0330F+TS0330G,classical_anchor_matched,rf,pressure_shape,64,13,41,101.96519548161272,155.22074139381243,39.50076859880869,-0.7209626581307345,-85.31831262482105
TS0330A,TS0330F+TS0330G,classical_anchor_matched,rf,fusion_absolute,64,13,41,40.5315997788029,64.17758576232222,25.73191453607257,0.7058026939749301,-35.525179916922184
TS0330A,TS0330F+TS0330G,classical_anchor_matched,rf,fusion_shape,64,13,41,40.44587592509868,65.95639019381754,26.45302137526238,0.6892682025323307,-37.93544000851026
TS0330A,TS0330F+TS0330G,racdiff,huber,temperature,64,13,41,21.036516825834635,25.58959604000199,21.182838156260686,0.953226615076082,-14.351350862757394
TS0330A,TS0330F+TS0330G,racdiff,huber,pressure_absolute,64,13,41,207.5278640620105,243.26339341697755,150.19876657457178,-3.2269339480851738,-207.5278640620105
TS0330A,TS0330F+TS0330G,racdiff,huber,pressure_shape,64,13,41,106.59628944847678,139.3771026735123,88.90597683824274,-0.3875696903722003,-54.45133530228404
TS0330A,TS0330F+TS0330G,racdiff,huber,fusion_absolute,64,13,41,261.4187710378924,262.01621520208147,265.1450710778785,-3.903749514022073,-261.4187710378924
TS0330A,TS0330F+TS0330G,racdiff,huber,fusion_shape,64,13,41,30.35595277026659,35.568177874814644,35.59198174830158,0.9096360566635204,-10.389261518003542
TS0330A,TS0330F+TS0330G,racdiff,rf,temperature,64,13,41,33.86887251930982,50.42242020040759,24.15708534278957,0.8183985487902669,-32.48303150161608
TS0330A,TS0330F+TS0330G,racdiff,rf,pressure_absolute,64,13,41,101.15241704476249,120.73017529436248,101.0600675337488,-0.0411267437798013,-8.561247008430463
TS0330A,TS0330F+TS0330G,racdiff,rf,pressure_shape,64,13,41,102.95736083843757,156.3668511026913,45.317280538904754,-0.7464707684872081,-85.86707942276666
TS0330A,TS0330F+TS0330G,racdiff,rf,fusion_absolute,64,13,41,34.13170838491659,50.95174015119388,25.297064217420317,0.814565737177925,-29.341397943664077
TS0330A,TS0330F+TS0330G,racdiff,rf,fusion_shape,64,13,41,34.36163107676339,51.77769420477695,25.02410214971769,0.8085050380356475,-31.669430965162213
TS0330B,TS0330C+TS0330D,real_only,huber,temperature,65,0,38,30.39136660874186,34.58059987209512,32.51498696973658,0.9005556805138556,30.39136660874186
TS0330B,TS0330C+TS0330D,real_only,huber,pressure_absolute,65,0,38,125.24233945356184,154.36480064798988,88.4468780329064,-0.9815794396043352,124.54827862236128
TS0330B,TS0330C+TS0330D,real_only,huber,pressure_shape,65,0,38,84.78415035015797,94.89548300934192,85.99804032304925,0.2511307189574373,12.518839973706244
TS0330B,TS0330C+TS0330D,real_only,huber,fusion_absolute,65,0,38,69.48162091801522,72.30821700643705,60.04796494293828,0.565199294461838,69.48162091801522
TS0330B,TS0330C+TS0330D,real_only,huber,fusion_shape,65,0,38,29.37723603443307,34.06066799804453,37.36959500633694,0.9035235628142052,28.611317630239963
TS0330B,TS0330C+TS0330D,real_only,rf,temperature,65,0,38,12.06055779939336,16.59859920700183,9.054719074759989,0.9770882737507802,2.221843208031671
TS0330B,TS0330C+TS0330D,real_only,rf,pressure_absolute,65,0,38,113.61099285688488,138.0847546230805,84.63131288472897,-0.585646596693914,105.76798009759578
TS0330B,TS0330C+TS0330D,real_only,rf,pressure_shape,65,0,38,67.37134159476703,85.93076017384824,49.28824610668326,0.3859379726073051,-15.142616613486965
TS0330B,TS0330C+TS0330D,real_only,rf,fusion_absolute,65,0,38,23.460019327357514,27.75680262117938,23.12721558747762,0.9359301349904432,20.567807093927925
TS0330B,TS0330C+TS0330D,real_only,rf,fusion_shape,65,0,38,13.047486571224002,20.05319139240908,6.393001046320478,0.9665587939057824,6.188044431143881
TS0330B,TS0330C+TS0330D,classical_anchor_matched,huber,temperature,65,18,38,21.30943548921477,27.58951734392364,25.344519800485728,0.9367000830071516,20.20046042086131
TS0330B,TS0330C+TS0330D,classical_anchor_matched,huber,pressure_absolute,65,18,38,136.0021652436266,173.45909436481938,98.0453462401344,-1.5021254706265332,133.88360890234608
TS0330B,TS0330C+TS0330D,classical_anchor_matched,huber,pressure_shape,65,18,38,113.11898701474578,130.83100070231131,96.31100195991252,-0.4234304800090871,-38.72295525310155
TS0330B,TS0330C+TS0330D,classical_anchor_matched,huber,fusion_absolute,65,18,38,66.21950527370227,70.31126452484752,54.439188745118685,0.5888836471022563,66.21950527370227
TS0330B,TS0330C+TS0330D,classical_anchor_matched,huber,fusion_shape,65,18,38,35.566934050853064,39.729191935905,44.21850090145844,0.8687393959615867,35.321609771681096
TS0330B,TS0330C+TS0330D,classical_anchor_matched,rf,temperature,65,18,38,11.979819266009288,18.922582651750087,6.383979110570948,0.9702233554699828,5.436879618817023
TS0330B,TS0330C+TS0330D,classical_anchor_matched,rf,pressure_absolute,65,18,38,140.90836355709888,166.03150960597944,133.87917948873826,-1.2924293915962846,137.96226055309543
TS0330B,TS0330C+TS0330D,classical_anchor_matched,rf,pressure_shape,65,18,38,84.54370899328649,104.01912396355225,87.45829361015402,0.1002096763805451,-32.186195744348744
TS0330B,TS0330C+TS0330D,classical_anchor_matched,rf,fusion_absolute,65,18,38,26.505166110630423,31.45233264165696,22.307612686449005,0.9177339481474212,25.368749185706125
TS0330B,TS0330C+TS0330D,classical_anchor_matched,rf,fusion_shape,65,18,38,14.377287875389076,22.26091091000258,8.524757720508944,0.958790172386867,10.839412790118717
TS0330B,TS0330C+TS0330D,racdiff,huber,temperature,65,18,38,15.02186589014054,21.32769936437545,11.774078970352916,0.9621729080386936,4.451686907422554
TS0330B,TS0330C+TS0330D,racdiff,huber,pressure_absolute,65,18,38,175.92841796626533,204.70586057564373,117.33012238109823,-2.48478097771873,175.92841796626533
TS0330B,TS0330C+TS0330D,racdiff,huber,pressure_shape,65,18,38,86.57021233175098,103.3454298074532,79.74572551139462,0.1118271644805007,-12.903864694839251
TS0330B,TS0330C+TS0330D,racdiff,huber,fusion_absolute,65,18,38,69.25181572819827,72.93933544946836,59.142478664691225,0.5575761415867349,69.25181572819827
TS0330B,TS0330C+TS0330D,racdiff,huber,fusion_shape,65,18,38,26.65179081019439,32.3242896848746,30.30467752319552,0.9131093762093132,24.41536395578108
TS0330B,TS0330C+TS0330D,racdiff,rf,temperature,65,18,38,10.382971364324932,14.280836341150875,7.45181261385386,0.983040141716043,-2.9124579207203984
TS0330B,TS0330C+TS0330D,racdiff,rf,pressure_absolute,65,18,38,117.07098922017524,140.2737019146026,97.61881831887962,-0.6363170347131872,112.298315032764
TS0330B,TS0330C+TS0330D,racdiff,rf,pressure_shape,65,18,38,66.52120026019921,84.16221406248195,55.55773397133828,0.4109539627792569,-16.33076484783355
TS0330B,TS0330C+TS0330D,racdiff,rf,fusion_absolute,65,18,38,19.7762927918747,27.89583819368806,15.219350945187074,0.9352866674537516,16.466688522754453
TS0330B,TS0330C+TS0330D,racdiff,rf,fusion_shape,65,18,38,14.743088043068804,22.413876900166304,8.25616997477485,0.958221879375384,5.396484729523252
TS0330B,TS0330E+TS0330F,real_only,huber,temperature,72,0,38,70.76376730610964,72.6926424333714,73.30791658829861,0.5605637834574746,-70.76376730610964
TS0330B,TS0330E+TS0330F,real_only,huber,pressure_absolute,72,0,38,226.10700212411663,253.34453006097004,227.53128843752845,-4.337501357725126,-226.10700212411663
TS0330B,TS0330E+TS0330F,real_only,huber,pressure_shape,72,0,38,196.9271540556894,225.8301390884012,197.4096947719969,-3.241102206799961,-152.10972781402683
TS0330B,TS0330E+TS0330F,real_only,huber,fusion_absolute,72,0,38,161.29276158856274,162.55918730038198,167.11010499036908,-1.197545993833625,-161.29276158856274
TS0330B,TS0330E+TS0330F,real_only,huber,fusion_shape,72,0,38,82.81358954388183,89.02231812689776,81.64618301364217,0.3409585459798945,-82.81358954388183
TS0330B,TS0330E+TS0330F,real_only,rf,temperature,72,0,38,71.0095771765583,71.99467353922584,74.42013018296188,0.5689618916082044,-71.0095771765583
TS0330B,TS0330E+TS0330F,real_only,rf,pressure_absolute,72,0,38,115.77156166008936,129.87304171047862,106.66366351648892,-0.4026617654162936,-40.68164956077012
TS0330B,TS0330E+TS0330F,real_only,rf,pressure_shape,72,0,38,139.63746498120594,160.8960154756107,167.15337754232397,-1.152809062086122,-105.30504989672104
TS0330B,TS0330E+TS0330F,real_only,rf,fusion_absolute,72,0,38,70.7611962373473,72.20895866376411,71.69068786655866,0.5663921872681781,-70.7611962373473
TS0330B,TS0330E+TS0330F,real_only,rf,fusion_shape,72,0,38,71.06696858936108,72.19638547467119,74.74391124457455,0.5665431756906594,-71.06696858936108
TS0330B,TS0330E+TS0330F,classical_anchor_matched,huber,temperature,72,72,38,70.73696157861556,72.56102600291905,75.24113919893958,0.5621536188186314,-70.73696157861556
TS0330B,TS0330E+TS0330F,classical_anchor_matched,huber,pressure_absolute,72,72,38,250.9269392229617,292.240562813195,218.6562122307057,-6.102249516169637,-250.9269392229617
TS0330B,TS0330E+TS0330F,classical_anchor_matched,huber,pressure_shape,72,72,38,190.2562314912956,234.33892702717927,187.75632271457027,-3.5667139471226976,-140.32377491109065
TS0330B,TS0330E+TS0330F,classical_anchor_matched,huber,fusion_absolute,72,72,38,153.01191751505365,154.0927447846018,153.99382491413007,-0.9746008377205696,-153.01191751505365
TS0330B,TS0330E+TS0330F,classical_anchor_matched,huber,fusion_shape,72,72,38,83.86695718028434,89.09906615884867,76.82185736056512,0.3398217088644572,-83.86695718028434
TS0330B,TS0330E+TS0330F,classical_anchor_matched,rf,temperature,72,72,38,71.14165935628527,71.90609446605198,74.74122655046392,0.5700218996945069,-71.14165935628527
TS0330B,TS0330E+TS0330F,classical_anchor_matched,rf,pressure_absolute,72,72,38,118.62648764115514,140.18557190939055,105.48800833425832,-0.6342615770511189,84.91694655518991
TS0330B,TS0330E+TS0330F,classical_anchor_matched,rf,pressure_shape,72,72,38,135.31598084470082,165.6787461547559,136.34170847098818,-1.2826983928484648,-62.21274868503794
TS0330B,TS0330E+TS0330F,classical_anchor_matched,rf,fusion_absolute,72,72,38,72.69163758771587,73.07344452789951,74.13763142061009,0.5559477307550329,-72.69163758771587
TS0330B,TS0330E+TS0330F,classical_anchor_matched,rf,fusion_shape,72,72,38,70.62916530987002,71.36517437021895,73.86453569090861,0.5764666657642405,-70.62916530987002
TS0330B,TS0330E+TS0330F,racdiff,huber,temperature,72,72,38,69.36054886557277,71.58315015340473,71.60869952947394,0.5738754579132468,-69.36054886557277
TS0330B,TS0330E+TS0330F,racdiff,huber,pressure_absolute,72,72,38,120.57313379059038,138.42770989285768,116.58528149640632,-0.5935327847331231,-0.5744215045712772
TS0330B,TS0330E+TS0330F,racdiff,huber,pressure_shape,72,72,38,177.2939933083884,210.8911849484345,180.72464060846124,-2.6985525080040875,-124.43195083081773
TS0330B,TS0330E+TS0330F,racdiff,huber,fusion_absolute,72,72,38,133.21135403979915,134.83341759690717,136.02839625101117,-0.511854580165638,-133.21135403979915
TS0330B,TS0330E+TS0330F,racdiff,huber,fusion_shape,72,72,38,86.59091479251492,93.34801755905352,88.53834985763831,0.2753552783420583,-86.59091479251492
TS0330B,TS0330E+TS0330F,racdiff,rf,temperature,72,72,38,70.60539889883059,71.50391602872479,74.53127742202992,0.5748182752901148,-70.60539889883059
TS0330B,TS0330E+TS0330F,racdiff,rf,pressure_absolute,72,72,38,101.56198749043028,127.45129070128394,80.57602798715743,-0.3508384398437811,-51.44749315933607
TS0330B,TS0330E+TS0330F,racdiff,rf,pressure_shape,72,72,38,135.49938152559548,150.74413420020002,143.73405832338813,-0.8897126842201732,-105.8930357285734
TS0330B,TS0330E+TS0330F,racdiff,rf,fusion_absolute,72,72,38,74.39980622859342,74.74653863672417,75.76760039093858,0.5353808489063054,-74.39980622859342
TS0330B,TS0330E+TS0330F,racdiff,rf,fusion_shape,72,72,38,70.36549746400479,71.42235535283973,74.81984649189229,0.5757876860032134,-70.36549746400479
TS0330B,TS0330G+TS0330H,real_only,huber,temperature,64,0,38,93.15425232111411,93.8581289092629,91.77164879542376,0.2674138243313049,-93.15425232111411
TS0330B,TS0330G+TS0330H,real_only,huber,pressure_absolute,64,0,38,1325.8224028952557,1329.102190597957,1297.2268163245474,-145.90334413944217,1325.8224028952557
TS0330B,TS0330G+TS0330H,real_only,huber,pressure_shape,64,0,38,90.87264680062384,114.0644184324433,84.86190650035971,-0.0819702405987357,-66.86341004590268
TS0330B,TS0330G+TS0330H,real_only,huber,fusion_absolute,64,0,38,1082.0906574534115,1082.1585751628768,1082.597163110368,-96.38604864710678,1082.0906574534115
TS0330B,TS0330G+TS0330H,real_only,huber,fusion_shape,64,0,38,53.07440438641908,59.92484786547676,47.81482239320239,0.7013731763175186,-53.07440438641908
TS0330B,TS0330G+TS0330H,real_only,rf,temperature,64,0,38,90.31292467210709,92.4686445906534,95.5919457157107,0.2889438153228104,-90.31292467210709
TS0330B,TS0330G+TS0330H,real_only,rf,pressure_absolute,64,0,38,135.11075600710706,176.41311747338406,104.66866073267823,-1.5880739650757223,-124.49828568868418
TS0330B,TS0330G+TS0330H,real_only,rf,pressure_shape,64,0,38,100.1036875953939,119.66693612064118,100.58180678912916,-0.1908670478868093,-76.61894568167679
TS0330B,TS0330G+TS0330H,real_only,rf,fusion_absolute,64,0,38,67.59100120923628,77.48224404826576,66.73609886905766,0.5007485725240566,-59.94574826088298
TS0330B,TS0330G+TS0330H,real_only,rf,fusion_shape,64,0,38,75.29405078605164,81.7398085375075,78.61256387162058,0.4443745028542457,-72.52775399311922
TS0330B,TS0330G+TS0330H,classical_anchor_matched,huber,temperature,64,64,38,59.44902521380393,65.04131643629015,71.884144710725,0.6482018265377115,-56.93013520951337
TS0330B,TS0330G+TS0330H,classical_anchor_matched,huber,pressure_absolute,64,64,38,485.39109248058486,509.6266082432818,450.22133814674737,-20.598277889767772,-485.39109248058486
TS0330B,TS0330G+TS0330H,classical_anchor_matched,huber,pressure_shape,64,64,38,93.05055403866866,126.78958295846256,48.94035817541808,-0.3368481560780865,-59.66235624725902
TS0330B,TS0330G+TS0330H,classical_anchor_matched,huber,fusion_absolute,64,64,38,906.6153345629632,906.8373942509724,900.7169673873423,-67.38703509008958,906.6153345629632
TS0330B,TS0330G+TS0330H,classical_anchor_matched,huber,fusion_shape,64,64,38,52.05694417657169,59.78069289587301,45.36699994405413,0.7028081991344437,-45.09726366343274
TS0330B,TS0330G+TS0330H,classical_anchor_matched,rf,temperature,64,64,38,89.30575706833542,92.55388144257358,95.6852230980881,0.287632319408498,-89.30575706833542
TS0330B,TS0330G+TS0330H,classical_anchor_matched,rf,pressure_absolute,64,64,38,121.08254706454876,147.76831171671984,95.8665512148375,-0.8158399117877031,96.96277716436262
TS0330B,TS0330G+TS0330H,classical_anchor_matched,rf,pressure_shape,64,64,38,98.49199481259272,113.73104208876984,94.13985812910497,-0.0756549290658632,-70.84535500366022
TS0330B,TS0330G+TS0330H,classical_anchor_matched,rf,fusion_absolute,64,64,38,37.855175979903095,42.5180547916977,41.77351155900695,0.8496644436283861,-29.551589692433744
TS0330B,TS0330G+TS0330H,classical_anchor_matched,rf,fusion_shape,64,64,38,69.60575918902623,75.90921032086713,70.15346534926474,0.5208142641810486,-67.33962396809159
TS0330B,TS0330G+TS0330H,racdiff,huber,temperature,64,64,38,75.5965500375038,78.98623458515564,82.02440219470017,0.4811787494992432,-75.5965500375038
TS0330B,TS0330G+TS0330H,racdiff,huber,pressure_absolute,64,64,38,261.96994333297425,291.0836785985708,199.1562088777616,-6.046129878951834,-261.96994333297425
TS0330B,TS0330G+TS0330H,racdiff,huber,pressure_shape,64,64,38,96.0560597063447,113.09453409737256,110.54636457451276,-0.063648584080209,-61.43116639426015
TS0330B,TS0330G+TS0330H,racdiff,huber,fusion_absolute,64,64,38,836.3749637798719,836.6792677977633,829.9959476186854,-57.21473837454496,836.3749637798719
TS0330B,TS0330G+TS0330H,racdiff,huber,fusion_shape,64,64,38,55.2020082672696,62.25225683595686,53.90507391207075,0.6777260991962573,-54.85577930806969
TS0330B,TS0330G+TS0330H,racdiff,rf,temperature,64,64,38,89.08452422114836,92.083669498727,94.12082754064726,0.2948521768453357,-89.08452422114836
TS0330B,TS0330G+TS0330H,racdiff,rf,pressure_absolute,64,64,38,95.02547907509437,123.95916322750315,66.23256529743517,-0.2778274300115968,48.48058554832824
TS0330B,TS0330G+TS0330H,racdiff,rf,pressure_shape,64,64,38,97.00345371130456,119.17463897836612,91.20317083626654,-0.18108899963587,-74.09589813392567
TS0330B,TS0330G+TS0330H,racdiff,rf,fusion_absolute,64,64,38,60.11275669038808,64.49956638795145,67.78577697007158,0.6540378999446947,-60.10595622647216
TS0330B,TS0330G+TS0330H,racdiff,rf,fusion_shape,64,64,38,66.17721128185573,71.97336955696899,73.37617930111347,0.56921695129843,-65.57141144124199
TS0330C,TS0330D+TS0330E,real_only,huber,temperature,71,0,33,62.49599775306626,63.34989893708157,57.04208383046273,0.5573665777200241,-62.49599775306626
TS0330C,TS0330D+TS0330E,real_only,huber,pressure_absolute,71,0,33,27.453486784525836,37.70307995977563,23.427571189649257,0.8432144589941286,-6.2237351484628
TS0330C,TS0330D+TS0330E,real_only,huber,pressure_shape,71,0,33,107.70309970943777,119.62758206191572,101.2477043623511,-0.5783924694831304,-84.11474698244704
TS0330C,TS0330D+TS0330E,real_only,huber,fusion_absolute,71,0,33,44.31441552144384,45.60917273486607,41.808338473427625,0.770566547328068,44.31441552144384
TS0330C,TS0330D+TS0330E,real_only,huber,fusion_shape,71,0,33,88.77731196745329,95.65091985403868,90.6888119943938,-0.0090917428959997,-88.77731196745329
TS0330C,TS0330D+TS0330E,real_only,rf,temperature,71,0,33,55.05685595806401,55.42137589099717,54.069489689201646,0.6612284295237645,-55.05685595806401
TS0330C,TS0330D+TS0330E,real_only,rf,pressure_absolute,71,0,33,57.756366767792606,73.8282284139495,52.429277854644,0.3988300760210699,18.4347907452928
TS0330C,TS0330D+TS0330E,real_only,rf,pressure_shape,71,0,33,70.7114931787375,79.22880501726009,67.38071762014823,0.3076613737724613,-59.79027793314356
TS0330C,TS0330D+TS0330E,real_only,rf,fusion_absolute,71,0,33,50.74850909184768,51.16108094814228,48.90428684522686,0.7113099775240037,-50.74850909184768
TS0330C,TS0330D+TS0330E,real_only,rf,fusion_shape,71,0,33,59.81284852931128,60.63272043288483,57.39601967083036,0.5945227808354003,-59.81284852931128
TS0330C,TS0330D+TS0330E,classical_anchor_matched,huber,temperature,71,57,33,58.03725228539626,59.52983925671199,57.10749587578425,0.6091395115518419,-58.03725228539626
TS0330C,TS0330D+TS0330E,classical_anchor_matched,huber,pressure_absolute,71,57,33,149.14893800551067,175.88838287842304,190.9791847899478,-2.412138591719126,140.64717137144729
TS0330C,TS0330D+TS0330E,classical_anchor_matched,huber,pressure_shape,71,57,33,100.76863177310416,113.24282636677296,93.8738625638257,-0.4144048959781348,-78.34844943444729
TS0330C,TS0330D+TS0330E,classical_anchor_matched,huber,fusion_absolute,71,57,33,34.244157358815535,35.924235268885845,32.47343693087208,0.8576598515087211,34.244157358815535
TS0330C,TS0330D+TS0330E,classical_anchor_matched,huber,fusion_shape,71,57,33,89.31374606909083,95.22283955327246,95.68096839804474,-7.968815311798494e-05,-89.31374606909083
TS0330C,TS0330D+TS0330E,classical_anchor_matched,rf,temperature,71,57,33,55.6487495045094,56.19367508047905,55.45756811761237,0.6517210530459059,-55.6487495045094
TS0330C,TS0330D+TS0330E,classical_anchor_matched,rf,pressure_absolute,71,57,33,70.35669505389552,82.32196614109036,56.32746073750036,0.2525471202939527,-9.129519208662114
TS0330C,TS0330D+TS0330E,classical_anchor_matched,rf,pressure_shape,71,57,33,83.8702886560988,105.69378758295888,46.852588673784965,-0.2321150809152534,-72.2723657345407
TS0330C,TS0330D+TS0330E,classical_anchor_matched,rf,fusion_absolute,71,57,33,52.06828079178614,52.35198354866717,51.79489686829214,0.6977135829250092,-52.06828079178614
TS0330C,TS0330D+TS0330E,classical_anchor_matched,rf,fusion_shape,71,57,33,57.09996573831063,57.613514975780994,56.277840020095766,0.6338988483972934,-57.09996573831063
TS0330C,TS0330D+TS0330E,racdiff,huber,temperature,71,57,33,58.048094609990365,59.926868386482965,55.461120199514994,0.6039085050061561,-58.048094609990365
TS0330C,TS0330D+TS0330E,racdiff,huber,pressure_absolute,71,57,33,126.94430548529397,139.93628164069284,139.49286982300265,-1.1597973808187474,77.77889385949734
TS0330C,TS0330D+TS0330E,racdiff,huber,pressure_shape,71,57,33,104.2281529996431,114.37303790996955,110.00766645727174,-0.4427785074362502,-88.77896130017969
TS0330C,TS0330D+TS0330E,racdiff,huber,fusion_absolute,71,57,33,40.15774733186754,41.23992944892768,37.24391834580979,0.8124192888655295,40.15774733186754
TS0330C,TS0330D+TS0330E,racdiff,huber,fusion_shape,71,57,33,78.3440346724154,82.2946101251985,81.7745763943172,0.2530438026847327,-78.3440346724154
TS0330C,TS0330D+TS0330E,racdiff,rf,temperature,71,57,33,53.94522362241888,54.38614163657616,53.42333674865069,0.6737662791786334,-53.94522362241888
TS0330C,TS0330D+TS0330E,racdiff,rf,pressure_absolute,71,57,33,57.159837825457885,75.31748393097484,39.16707086395184,0.3743319795191926,0.2954905405017529
TS0330C,TS0330D+TS0330E,racdiff,rf,pressure_shape,71,57,33,81.96317558646199,92.1852613710319,89.26476631907263,0.0627070866861619,-74.94583748035006
TS0330C,TS0330D+TS0330E,racdiff,rf,fusion_absolute,71,57,33,50.34874640805966,50.72015470772243,50.38011584064009,0.7162646220321363,-50.34874640805966
TS0330C,TS0330D+TS0330E,racdiff,rf,fusion_shape,71,57,33,58.41868696967824,59.24687275570272,58.021951038810926,0.612846478162085,-58.41868696967824
TS0330C,TS0330F+TS0330G,real_only,huber,temperature,64,0,33,74.32646973541394,75.01987172757957,74.80599362359914,0.3792667844828132,-74.32646973541394
TS0330C,TS0330F+TS0330G,real_only,huber,pressure_absolute,64,0,33,44.65989785968866,50.95531024507264,38.78756889571241,0.7136275394663671,8.068584021774921
TS0330C,TS0330F+TS0330G,real_only,huber,pressure_shape,64,0,33,97.06927128565654,125.55442656988512,90.5426528985936,-0.7386669887455155,-67.9449291994885
TS0330C,TS0330F+TS0330G,real_only,huber,fusion_absolute,64,0,33,225.1493530325244,225.403887010284,223.11118749068265,-4.60370356022186,-225.1493530325244
TS0330C,TS0330F+TS0330G,real_only,huber,fusion_shape,64,0,33,81.89028302541236,84.36060383048945,82.20924111359767,0.2150685869141775,-81.89028302541236
TS0330C,TS0330F+TS0330G,real_only,rf,temperature,64,0,33,79.3392932793874,79.57482980350792,79.90662477982647,0.3016007126922148,-79.3392932793874
TS0330C,TS0330F+TS0330G,real_only,rf,pressure_absolute,64,0,33,81.68376317512194,96.40195343120996,67.527013772327,-0.0250003630904231,-36.64475809286881
TS0330C,TS0330F+TS0330G,real_only,rf,pressure_shape,64,0,33,119.21544937940898,131.21526047583873,134.01955942516474,-0.8989828582803903,-105.1393725961617
TS0330C,TS0330F+TS0330G,real_only,rf,fusion_absolute,64,0,33,77.36698132181108,78.22969000157227,80.01441877002287,0.3250127502490335,-77.36698132181108
TS0330C,TS0330F+TS0330G,real_only,rf,fusion_shape,64,0,33,79.92841030323093,80.2492894560431,81.36798673789184,0.2897115671103172,-79.92841030323093
TS0330C,TS0330F+TS0330G,classical_anchor_matched,huber,temperature,64,30,33,73.5706465006799,73.96335768152518,73.27193669869854,0.3966273956405994,-73.5706465006799
TS0330C,TS0330F+TS0330G,classical_anchor_matched,huber,pressure_absolute,64,30,33,197.3019645785205,215.7920439902608,242.3489294347112,-4.135978630458967,-197.3019645785205
TS0330C,TS0330F+TS0330G,classical_anchor_matched,huber,pressure_shape,64,30,33,96.9702165410585,109.64617054766111,99.55485834778148,-0.3259870642389841,-82.657719468163
TS0330C,TS0330F+TS0330G,classical_anchor_matched,huber,fusion_absolute,64,30,33,240.52566646546336,241.01378481821385,237.53687989557028,-5.406725493279444,-240.52566646546336
TS0330C,TS0330F+TS0330G,classical_anchor_matched,huber,fusion_shape,64,30,33,76.63307671379884,77.75384009341359,79.08682608332481,0.3331993033891032,-76.63307671379884
TS0330C,TS0330F+TS0330G,classical_anchor_matched,rf,temperature,64,30,33,78.51000240171221,78.74920851287696,80.39413258620482,0.3160178851392013,-78.51000240171221
TS0330C,TS0330F+TS0330G,classical_anchor_matched,rf,pressure_absolute,64,30,33,82.59072632628602,95.57026827863626,76.78360310905208,-0.0073907550202767,-34.78514220661012
TS0330C,TS0330F+TS0330G,classical_anchor_matched,rf,pressure_shape,64,30,33,115.67427726417796,128.11600311873576,137.89106498128723,-0.8103356899029313,-104.8545550630221
TS0330C,TS0330F+TS0330G,classical_anchor_matched,rf,fusion_absolute,64,30,33,78.25048594301367,79.10575811315448,80.16112491903709,0.3098101875010766,-78.25048594301367
TS0330C,TS0330F+TS0330G,classical_anchor_matched,rf,fusion_shape,64,30,33,78.79884392993088,79.3237831939125,78.03186858129754,0.3060004507138049,-78.79884392993088
TS0330C,TS0330F+TS0330G,racdiff,huber,temperature,64,30,33,72.5005032652172,73.88953978402185,74.64073028928345,0.3978311665998659,-72.5005032652172
TS0330C,TS0330F+TS0330G,racdiff,huber,pressure_absolute,64,30,33,207.1788922622166,227.46183853737145,255.3600137173528,-4.706494998985431,-207.1788922622166
TS0330C,TS0330F+TS0330G,racdiff,huber,pressure_shape,64,30,33,95.17555579221369,109.0713995106004,80.72797121374049,-0.3121217122648163,-76.67291136595951
TS0330C,TS0330F+TS0330G,racdiff,huber,fusion_absolute,64,30,33,231.56976361769395,232.22788453190083,228.2792099375909,-4.948138642003146,-231.56976361769395
TS0330C,TS0330F+TS0330G,racdiff,huber,fusion_shape,64,30,33,73.12626864442915,76.21519486877996,76.68663431657211,0.3593283901963856,-73.12626864442915
TS0330C,TS0330F+TS0330G,racdiff,rf,temperature,64,30,33,78.9112493644752,79.19390390897817,79.34576686164002,0.3082712040796543,-78.9112493644752
TS0330C,TS0330F+TS0330G,racdiff,rf,pressure_absolute,64,30,33,90.6494306028368,100.6680885124498,80.78314943899659,-0.1177276519945325,-30.379403601886377
TS0330C,TS0330F+TS0330G,racdiff,rf,pressure_shape,64,30,33,122.67789352449498,135.74980891641033,145.20645994984335,-1.0325011714163876,-110.26095467695282
TS0330C,TS0330F+TS0330G,racdiff,rf,fusion_absolute,64,30,33,77.94951388895507,78.86961570144479,79.02947464826286,0.3139246749014427,-77.94951388895507
TS0330C,TS0330F+TS0330G,racdiff,rf,fusion_shape,64,30,33,79.83149380760088,80.38078879743777,79.14648372964257,0.2873818520920995,-79.83149380760088
TS0330C,TS0330H+TS0330A,real_only,huber,temperature,74,0,33,94.58983041726157,95.24239858269311,98.0168777014722,-0.0004905685056524,-94.58983041726157
TS0330C,TS0330H+TS0330A,real_only,huber,pressure_absolute,74,0,33,109.10716673827378,130.6806348302721,92.18011773247804,-0.8835398881959111,-41.28581691101631
TS0330C,TS0330H+TS0330A,real_only,huber,pressure_shape,74,0,33,101.13343363159396,120.92950449142764,89.3410191270678,-0.612935116530392,-80.73818295101863
TS0330C,TS0330H+TS0330A,real_only,huber,fusion_absolute,74,0,33,84.97022172806565,86.10757203695636,87.31985245084383,0.1822227247684233,-84.97022172806565
TS0330C,TS0330H+TS0330A,real_only,huber,fusion_shape,74,0,33,80.50513744729238,85.84272904730459,84.08673373716488,0.1872455003357775,-63.98189777403465
TS0330C,TS0330H+TS0330A,real_only,rf,temperature,74,0,33,94.91290160888909,97.2247681758132,93.17966090079688,-0.0425723029603628,-94.91290160888909
TS0330C,TS0330H+TS0330A,real_only,rf,pressure_absolute,74,0,33,92.39899728868276,130.13586974870458,55.9935519211416,-0.8678688891821844,-90.41907489341804
TS0330C,TS0330H+TS0330A,real_only,rf,pressure_shape,74,0,33,108.32159251619927,122.14544251290188,97.63165559551068,-0.6455340948535975,-13.262023272644608
TS0330C,TS0330H+TS0330A,real_only,rf,fusion_absolute,74,0,33,106.85349477978792,108.51132823958308,108.43098676969232,-0.2986810687116035,-106.85349477978792
TS0330C,TS0330H+TS0330A,real_only,rf,fusion_shape,74,0,33,102.22178000349246,104.03914522936232,108.52009545463056,-0.1938393830944493,-102.22178000349246
TS0330C,TS0330H+TS0330A,classical_anchor_matched,huber,temperature,74,32,33,90.92689830560022,91.87129445282793,92.84485192812248,0.0690807267163737,-90.92689830560022
TS0330C,TS0330H+TS0330A,classical_anchor_matched,huber,pressure_absolute,74,32,33,86.41613448878635,109.10704387642704,68.54738688331292,-0.3129794511160928,-40.4654843211936
TS0330C,TS0330H+TS0330A,classical_anchor_matched,huber,pressure_shape,74,32,33,106.26647794285805,121.90694433684632,96.96178377112682,-0.6391143100235603,-65.90526375508686
TS0330C,TS0330H+TS0330A,classical_anchor_matched,huber,fusion_absolute,74,32,33,79.88046997615196,82.67669256935515,76.65577705891462,0.246091673432978,-79.88046997615196
TS0330C,TS0330H+TS0330A,classical_anchor_matched,huber,fusion_shape,74,32,33,86.05192179733959,88.73482541282658,79.88368009650264,0.1315585395906454,-78.59810442363558
TS0330C,TS0330H+TS0330A,classical_anchor_matched,rf,temperature,74,32,33,90.69634072845916,94.01217934329442,98.03243824426367,0.0251886178445861,-90.69634072845916
TS0330C,TS0330H+TS0330A,classical_anchor_matched,rf,pressure_absolute,74,32,33,106.47219053403803,145.75273071201983,65.40530291164305,-1.3430726297805773,-106.47219053403803
TS0330C,TS0330H+TS0330A,classical_anchor_matched,rf,pressure_shape,74,32,33,108.62336221073588,122.31627243578792,93.73300916959772,-0.6501401289616795,-5.794605815446909
TS0330C,TS0330H+TS0330A,classical_anchor_matched,rf,fusion_absolute,74,32,33,103.04664351602118,105.09322456997306,108.63504810674482,-0.2181528511597192,-103.04664351602118
TS0330C,TS0330H+TS0330A,classical_anchor_matched,rf,fusion_shape,74,32,33,94.65823688032148,97.57639690294369,95.06124225826647,-0.0501271947677346,-94.65823688032148
TS0330C,TS0330H+TS0330A,racdiff,huber,temperature,74,32,33,94.42103933106792,95.34546918274526,95.63793280216436,-0.0026571868027014,-94.42103933106792
TS0330C,TS0330H+TS0330A,racdiff,huber,pressure_absolute,74,32,33,87.8300103048158,110.54596390566417,72.16213162549599,-0.3478393532168093,-50.4121977465291
TS0330C,TS0330H+TS0330A,racdiff,huber,pressure_shape,74,32,33,94.6792366313128,113.97152438978196,89.45827145758301,-0.4326663645291175,-76.3709414439712
TS0330C,TS0330H+TS0330A,racdiff,huber,fusion_absolute,74,32,33,81.22284365172037,82.84837577579177,82.00920960748294,0.2429573490418971,-81.22284365172037
TS0330C,TS0330H+TS0330A,racdiff,huber,fusion_shape,74,32,33,78.6226273779496,80.18101336040168,85.77921328830661,0.2909196797609288,-75.15738146818413
TS0330C,TS0330H+TS0330A,racdiff,rf,temperature,74,32,33,91.0448500204703,94.8549389675764,102.44780370751732,0.0076331492783848,-91.0448500204703
TS0330C,TS0330H+TS0330A,racdiff,rf,pressure_absolute,74,32,33,107.75674254598572,151.53277137648192,57.23893616057677,-1.5325934707026252,-105.857193154593
TS0330C,TS0330H+TS0330A,racdiff,rf,pressure_shape,74,32,33,106.02337173251732,119.5180943610468,93.33241514417335,-0.5755045823194211,-6.065023115986429
TS0330C,TS0330H+TS0330A,racdiff,rf,fusion_absolute,74,32,33,94.77396494875345,97.4910138235094,102.65151522338068,-0.0482901959193786,-94.77396494875345
TS0330C,TS0330H+TS0330A,racdiff,rf,fusion_shape,74,32,33,90.76463830722116,94.26319104339008,95.53463302735048,0.0199761927555898,-90.76463830722116
TS0330D,TS0330A+TS0330B,real_only,huber,temperature,79,0,32,17.837130062608754,19.390958624465704,19.70469223283078,0.9558933421609188,-16.451715082607272
TS0330D,TS0330A+TS0330B,real_only,huber,pressure_absolute,79,0,32,120.6559147985746,185.94619540702723,95.78097770931484,-3.055834123611996,51.556661201324445
TS0330D,TS0330A+TS0330B,real_only,huber,pressure_shape,79,0,32,67.28265425994412,85.56351958536034,57.45858311858095,0.1412181199331261,47.487412164067536
TS0330D,TS0330A+TS0330B,real_only,huber,fusion_absolute,79,0,32,145.6945461534583,146.15326751980726,147.2364965404746,-1.5056629404394393,145.6945461534583
TS0330D,TS0330A+TS0330B,real_only,huber,fusion_shape,79,0,32,54.310026090869954,69.35625486070258,48.743395516041744,0.4357431256044929,6.43180178294086
TS0330D,TS0330A+TS0330B,real_only,rf,temperature,79,0,32,12.251473056266136,15.44904779481562,9.003253865881106,0.9720031593956534,-11.287262496926743
TS0330D,TS0330A+TS0330B,real_only,rf,pressure_absolute,79,0,32,101.95086207966754,121.4412912156923,91.49572605890135,-0.7299690902592102,-4.248364140170599
TS0330D,TS0330A+TS0330B,real_only,rf,pressure_shape,79,0,32,123.8286896097257,138.48678491286677,123.28570989959417,-1.2496878196156422,72.44734111484777
TS0330D,TS0330A+TS0330B,real_only,rf,fusion_absolute,79,0,32,11.537612506498792,13.19296945313787,11.950103324334322,0.9795830575341355,-7.756489551349108
TS0330D,TS0330A+TS0330B,real_only,rf,fusion_shape,79,0,32,13.126757101136397,15.067666466827596,13.523995032299126,0.9733683798583604,-6.712305665437936
TS0330D,TS0330A+TS0330B,classical_anchor_matched,huber,temperature,79,79,32,17.05137415059708,18.622320443494505,17.11473920407181,0.959320727058714,-15.669948269778516
TS0330D,TS0330A+TS0330B,classical_anchor_matched,huber,pressure_absolute,79,79,32,151.52364493228862,185.27581675144228,156.57148014110248,-3.0266424167117973,131.76278712660587
TS0330D,TS0330A+TS0330B,classical_anchor_matched,huber,pressure_shape,79,79,32,136.02904551956317,157.21019406306883,127.60758796631548,-1.8991253858827428,78.67733533967343
TS0330D,TS0330A+TS0330B,classical_anchor_matched,huber,fusion_absolute,79,79,32,119.71435465802642,120.66755721306916,115.1099912083872,-0.7079951501713024,119.71435465802642
TS0330D,TS0330A+TS0330B,classical_anchor_matched,huber,fusion_shape,79,79,32,19.21371484813572,22.535404732331543,15.952364439157236,0.9404288044883308,-13.929190234413609
TS0330D,TS0330A+TS0330B,classical_anchor_matched,rf,temperature,79,79,32,16.660752674725003,22.578527482744065,10.087953616196671,0.9402006007646514,-15.371004042024689
TS0330D,TS0330A+TS0330B,classical_anchor_matched,rf,pressure_absolute,79,79,32,113.49461050744809,132.26182501672992,99.26900218466088,-1.0519870387674666,17.518629443516993
TS0330D,TS0330A+TS0330B,classical_anchor_matched,rf,pressure_shape,79,79,32,117.47908133476498,131.03293208382618,112.73155594561712,-1.0140326633391763,56.81284556817944
TS0330D,TS0330A+TS0330B,classical_anchor_matched,rf,fusion_absolute,79,79,32,14.477435688485665,18.38032782330447,11.44145060990185,0.9603710927328852,-8.880027082972774
TS0330D,TS0330A+TS0330B,classical_anchor_matched,rf,fusion_shape,79,79,32,17.22958833269179,20.851573797034195,15.189062827112124,0.9489984623278288,-10.409684954882328
TS0330D,TS0330A+TS0330B,racdiff,huber,temperature,79,79,32,11.722733070439867,13.508713335875235,11.523899750731346,0.97859409652661,-1.284955523253183
TS0330D,TS0330A+TS0330B,racdiff,huber,pressure_absolute,79,79,32,172.57175283850842,202.7221944574723,175.78487342519873,-3.820678724434324,172.57175283850842
TS0330D,TS0330A+TS0330B,racdiff,huber,pressure_shape,79,79,32,152.67479418972624,204.25175901441276,130.70205280012203,-3.893698419981117,80.15976977386752
TS0330D,TS0330A+TS0330B,racdiff,huber,fusion_absolute,79,79,32,111.5951683948703,112.49155915551796,111.76213681390207,-0.4843812628089476,111.5951683948703
TS0330D,TS0330A+TS0330B,racdiff,huber,fusion_shape,79,79,32,13.6806341962381,17.318706813932735,10.60050709574702,0.9648167048549878,1.8026196302341135
TS0330D,TS0330A+TS0330B,racdiff,rf,temperature,79,79,32,17.847870984628862,20.4888055531312,14.648236084418985,0.9507576384086912,-13.244327737639484
TS0330D,TS0330A+TS0330B,racdiff,rf,pressure_absolute,79,79,32,106.21942509298194,118.22997892101311,102.77802942362672,-0.6396864792307306,75.97385360202532
TS0330D,TS0330A+TS0330B,racdiff,rf,pressure_shape,79,79,32,121.28374562918124,134.14485083521512,137.14470906467304,-1.110831686794965,56.765629078189725
TS0330D,TS0330A+TS0330B,racdiff,rf,fusion_absolute,79,79,32,15.476979466672727,18.33301262511348,14.870361569748953,0.9605748579991654,-3.8854453192337273
TS0330D,TS0330A+TS0330B,racdiff,rf,fusion_shape,79,79,32,17.832969597398645,19.62504568399484,19.16339696167873,0.9548220059405432,-9.599175710143111
TS0330D,TS0330E+TS0330F,real_only,huber,temperature,72,0,32,54.538553321558425,55.70149526317384,49.57691341575057,0.636052032425787,-54.538553321558425
TS0330D,TS0330E+TS0330F,real_only,huber,pressure_absolute,72,0,32,138.27622184792602,143.65589147191687,141.93136659711232,-1.4207641232071744,-136.98543541012546
TS0330D,TS0330E+TS0330F,real_only,huber,pressure_shape,72,0,32,108.23163209002186,150.89487628970318,68.67191058356354,-1.670881241345942,-92.93999647848936
TS0330D,TS0330E+TS0330F,real_only,huber,fusion_absolute,72,0,32,109.27849661523472,109.62004795919091,110.2177692485009,-0.4095664903013476,-109.27849661523472
TS0330D,TS0330E+TS0330F,real_only,huber,fusion_shape,72,0,32,47.69042913566896,50.24664889178347,48.68154438646788,0.7038445041648625,-47.69042913566896
TS0330D,TS0330E+TS0330F,real_only,rf,temperature,72,0,32,50.52095382608825,50.97801089541508,50.51291511432879,0.6951604142650019,-50.52095382608825
TS0330D,TS0330E+TS0330F,real_only,rf,pressure_absolute,72,0,32,52.18798772208128,67.4045736287305,41.66469371903722,0.467052630501042,-22.029508399129693
TS0330D,TS0330E+TS0330F,real_only,rf,pressure_shape,72,0,32,74.15974388092553,92.5049803356528,59.228202023049874,-0.003773720878081,-63.03485304379263
TS0330D,TS0330E+TS0330F,real_only,rf,fusion_absolute,72,0,32,51.30878322851105,51.77646619787081,49.55144535101445,0.6855363845765927,-51.30878322851105
TS0330D,TS0330E+TS0330F,real_only,rf,fusion_shape,72,0,32,48.84386088812817,49.28136109032442,49.6377511033744,0.7151140841371859,-48.84386088812817
TS0330D,TS0330E+TS0330F,classical_anchor_matched,huber,temperature,72,72,32,52.93742747147121,53.85363089217204,50.99765284598419,0.6597990124177726,-52.93742747147121
TS0330D,TS0330E+TS0330F,classical_anchor_matched,huber,pressure_absolute,72,72,32,196.0606255459528,209.0438978839721,222.0451478167157,-4.126023356715807,-196.0606255459528
TS0330D,TS0330E+TS0330F,classical_anchor_matched,huber,pressure_shape,72,72,32,133.4982911943984,154.88473398695982,130.82766285175833,-1.813991748367328,-112.32161714296936
TS0330D,TS0330E+TS0330F,classical_anchor_matched,huber,fusion_absolute,72,72,32,102.31864904189106,102.64635069532144,104.55750022529674,-0.2359264279583435,-102.31864904189106
TS0330D,TS0330E+TS0330F,classical_anchor_matched,huber,fusion_shape,72,72,32,41.963104699853446,43.66088848567706,42.91404586576351,0.776390253302687,-41.963104699853446
TS0330D,TS0330E+TS0330F,classical_anchor_matched,rf,temperature,72,72,32,50.6395994618381,51.20147661098735,49.45506212441515,0.6924819848009216,-50.6395994618381
TS0330D,TS0330E+TS0330F,classical_anchor_matched,rf,pressure_absolute,72,72,32,93.67507115018115,119.62868916431616,63.97036694966226,-0.6787123254852252,63.293240582474354
TS0330D,TS0330E+TS0330F,classical_anchor_matched,rf,pressure_shape,72,72,32,74.07681087616982,91.25256979414468,81.19314210878989,0.0232221596691406,-68.41242033076193
TS0330D,TS0330E+TS0330F,classical_anchor_matched,rf,fusion_absolute,72,72,32,50.56290594141733,51.25933848888089,49.14822858100345,0.6917865507969706,-50.56290594141733
TS0330D,TS0330E+TS0330F,classical_anchor_matched,rf,fusion_shape,72,72,32,48.53437967149125,48.95248653924468,48.85364013419832,0.7189037159222753,-48.53437967149125
TS0330D,TS0330E+TS0330F,racdiff,huber,temperature,72,72,32,45.26072694054282,47.67949047067487,42.64535146224537,0.7333332902150227,-45.26072694054282
TS0330D,TS0330E+TS0330F,racdiff,huber,pressure_absolute,72,72,32,76.74720637173499,86.28109111650612,83.01146414943653,0.1267535106170125,-42.98492011597751
TS0330D,TS0330E+TS0330F,racdiff,huber,pressure_shape,72,72,32,116.03090683080788,139.41839755895512,109.74038384175762,-1.2800573175400412,-109.36113705803558
TS0330D,TS0330E+TS0330F,racdiff,huber,fusion_absolute,72,72,32,84.17681003758103,85.97853377502632,86.35553600996295,0.1328671072874259,-84.17681003758103
TS0330D,TS0330E+TS0330F,racdiff,huber,fusion_shape,72,72,32,42.92588845278061,48.44149157966863,42.725302070846624,0.7247415844841516,-42.92588845278061
TS0330D,TS0330E+TS0330F,racdiff,rf,temperature,72,72,32,53.56701741515974,54.4077711288979,52.31906280382313,0.652761828133331,-53.56701741515974
TS0330D,TS0330E+TS0330F,racdiff,rf,pressure_absolute,72,72,32,87.92013803176333,107.39538736256785,79.71722497796762,-0.3529347408203231,36.89709338732728
TS0330D,TS0330E+TS0330F,racdiff,rf,pressure_shape,72,72,32,81.95649889007188,99.48850407603794,83.31781803311819,-0.161051256495909,-70.34769302711908
TS0330D,TS0330E+TS0330F,racdiff,rf,fusion_absolute,72,72,32,54.02312877682326,55.05244834260821,51.60564362744003,0.6444842321371945,-54.02312877682326
TS0330D,TS0330E+TS0330F,racdiff,rf,fusion_shape,72,72,32,50.81179740319927,51.371921657318126,50.91087292384664,0.6904311781417576,-50.81179740319927
TS0330D,TS0330G+TS0330H,real_only,huber,temperature,64,0,32,42.02028745160925,49.37903258629797,41.9927162962184,0.7139837254539239,-41.97862595929725
TS0330D,TS0330G+TS0330H,real_only,huber,pressure_absolute,64,0,32,776.4432209658164,777.9450779771571,770.21161008333,-69.99102814057177,776.4432209658164
TS0330D,TS0330G+TS0330H,real_only,huber,pressure_shape,64,0,32,100.67184251367097,123.37353098767444,82.55705527520792,-0.7854577604307875,-45.28502376107221
TS0330D,TS0330G+TS0330H,real_only,huber,fusion_absolute,64,0,32,679.9676963015653,680.1455082550316,681.7439014636471,-53.263682098333895,679.9676963015653
TS0330D,TS0330G+TS0330H,real_only,huber,fusion_shape,64,0,32,77.07976315134687,81.4060306042543,73.83062270307448,0.2226461587968526,-77.07976315134687
TS0330D,TS0330G+TS0330H,real_only,rf,temperature,64,0,32,43.54636258313965,47.85920695106976,43.35461706244728,0.7313192283256833,-43.54636258313965
TS0330D,TS0330G+TS0330H,real_only,rf,pressure_absolute,64,0,32,149.3174426045755,165.5963366252678,145.30718927971458,-2.216673943610222,-121.98702608267168
TS0330D,TS0330G+TS0330H,real_only,rf,pressure_shape,64,0,32,66.26909334198176,78.47665350192428,54.97396314299118,0.2775853554054474,-48.87617838036887
TS0330D,TS0330G+TS0330H,real_only,rf,fusion_absolute,64,0,32,61.622095186758486,66.61635054524139,56.2190750706107,0.4794442294410813,-50.828492968607264
TS0330D,TS0330G+TS0330H,real_only,rf,fusion_shape,64,0,32,58.41147085352714,69.88657736111398,57.36248126617312,0.427081119345863,-58.24913737085112
TS0330D,TS0330G+TS0330H,classical_anchor_matched,huber,temperature,64,64,32,23.623074746144205,31.342892911371838,13.36594768841178,0.8847651743989741,-20.737010287816112
TS0330D,TS0330G+TS0330H,classical_anchor_matched,huber,pressure_absolute,64,64,32,374.4770243093827,396.534753478117,388.52544759555946,-17.444551679091994,-368.7853427237538
TS0330D,TS0330G+TS0330H,classical_anchor_matched,huber,pressure_shape,64,64,32,191.5514179037344,269.8565035971689,148.74677053997826,-7.542232139584509,-45.11249752089539
TS0330D,TS0330G+TS0330H,classical_anchor_matched,huber,fusion_absolute,64,64,32,525.423024821908,525.8991464198162,520.9053538937185,-31.44221686175851,525.423024821908
TS0330D,TS0330G+TS0330H,classical_anchor_matched,huber,fusion_shape,64,64,32,54.976133914775744,59.65368297922776,53.682263715593336,0.5825734053000029,-54.3633984922474
TS0330D,TS0330G+TS0330H,classical_anchor_matched,rf,temperature,64,64,32,41.64763665316321,47.36909737525925,40.91785652416769,0.7367939851077757,-41.64763665316321
TS0330D,TS0330G+TS0330H,classical_anchor_matched,rf,pressure_absolute,64,64,32,117.2032686664294,143.7523654735198,107.86682519420413,-1.4240166068777862,109.72442688130376
TS0330D,TS0330G+TS0330H,classical_anchor_matched,rf,pressure_shape,64,64,32,78.73933680448346,96.57930727996632,77.74724376354533,-0.094142186601182,-45.7027927532252
TS0330D,TS0330G+TS0330H,classical_anchor_matched,rf,fusion_absolute,64,64,32,36.40211039896592,43.04110155440096,35.12387947313684,0.7826936852941828,-18.16834168681137
TS0330D,TS0330G+TS0330H,classical_anchor_matched,rf,fusion_shape,64,64,32,59.2752859145626,66.88966546180599,49.188043683651344,0.475163973270972,-59.2752859145626
TS0330D,TS0330G+TS0330H,racdiff,huber,temperature,64,64,32,44.23904336619334,47.2232901122422,44.19165916115972,0.738411845101985,-44.23904336619334
TS0330D,TS0330G+TS0330H,racdiff,huber,pressure_absolute,64,64,32,152.9148251278318,181.88279714756703,150.03289162295198,-2.8805102977594994,152.1308219951914
TS0330D,TS0330G+TS0330H,racdiff,huber,pressure_shape,64,64,32,66.53634752278975,88.26377412601887,43.86679005861399,0.0861591268195306,-34.05583734682352
TS0330D,TS0330G+TS0330H,racdiff,huber,fusion_absolute,64,64,32,586.7239157860116,586.9672828000847,584.3054879291221,-39.4141436143078,586.7239157860116
TS0330D,TS0330G+TS0330H,racdiff,huber,fusion_shape,64,64,32,74.20468663390123,77.70303355032758,74.65120909109021,0.2917582253242928,-74.20468663390123
TS0330D,TS0330G+TS0330H,racdiff,rf,temperature,64,64,32,42.59575950785738,47.38875600097005,46.12440609232584,0.736575473778505,-42.59575950785738
TS0330D,TS0330G+TS0330H,racdiff,rf,pressure_absolute,64,64,32,88.67341046747944,106.57664897160298,77.67855712834665,-0.3323849329359056,62.05967075840822
TS0330D,TS0330G+TS0330H,racdiff,rf,pressure_shape,64,64,32,61.57693068531764,82.28933119766057,40.71454729920691,0.2056851965468514,-39.90527962588894
TS0330D,TS0330G+TS0330H,racdiff,rf,fusion_absolute,64,64,32,54.91155962209227,59.913997889189545,55.46675757799253,0.5789223497498602,-47.038777116373566
TS0330D,TS0330G+TS0330H,racdiff,rf,fusion_shape,64,64,32,51.94607730065863,60.15628532754463,53.60832513901727,0.5755098547437036,-51.5460463713644
TS0330E,TS0330B+TS0330C,real_only,huber,temperature,71,0,39,85.24867209897752,90.52415138956384,73.37655006121793,0.3530560975471798,85.24867209897752
TS0330E,TS0330B+TS0330C,real_only,huber,pressure_absolute,71,0,39,228.67073168218585,245.57264189631596,215.508536941216,-3.760994330409492,228.67073168218585
TS0330E,TS0330B+TS0330C,real_only,huber,pressure_shape,71,0,39,142.16236373280626,165.23338221321825,108.1435874650233,-1.1554268311860354,82.85190338292526
TS0330E,TS0330B+TS0330C,real_only,huber,fusion_absolute,71,0,39,152.8866721480567,155.54273163736255,140.7985019490659,-0.9100166052803076,152.8866721480567
TS0330E,TS0330B+TS0330C,real_only,huber,fusion_shape,71,0,39,73.48615983856075,80.33019587558441,66.39122497442702,0.490557290790902,73.48615983856075
TS0330E,TS0330B+TS0330C,real_only,rf,temperature,71,0,39,76.08288832320561,80.21342229047364,68.35993866495232,0.492037337289068,76.08288832320561
TS0330E,TS0330B+TS0330C,real_only,rf,pressure_absolute,71,0,39,107.40761311298613,146.70730403806527,73.98338329834138,-0.6991869820311387,74.3583962265155
TS0330E,TS0330B+TS0330C,real_only,rf,pressure_shape,71,0,39,125.414167203371,149.18963006346732,102.71449048969322,-0.7571748291549809,53.824742257814265
TS0330E,TS0330B+TS0330C,real_only,rf,fusion_absolute,71,0,39,70.47006869068744,75.05142591226175,62.131001966651525,0.5553118104734289,70.47006869068744
TS0330E,TS0330B+TS0330C,real_only,rf,fusion_shape,71,0,39,72.00874479181527,77.81098712990241,66.07285837107952,0.5220091873052011,72.00874479181527
TS0330E,TS0330B+TS0330C,classical_anchor_matched,huber,temperature,71,60,39,86.38761787802204,91.01493135581003,73.9292437759209,0.3460222222804695,86.38761787802204
TS0330E,TS0330B+TS0330C,classical_anchor_matched,huber,pressure_absolute,71,60,39,188.08742110930416,221.7494991882688,209.5809665730669,-2.882066715921919,170.56515698082276
TS0330E,TS0330B+TS0330C,classical_anchor_matched,huber,pressure_shape,71,60,39,139.37009042071708,166.73688578193546,121.97797965134583,-1.19483092566941,93.68325963428424
TS0330E,TS0330B+TS0330C,classical_anchor_matched,huber,fusion_absolute,71,60,39,152.83761440082512,153.50965766722936,155.93350237466495,-0.8604118872898636,152.83761440082512
TS0330E,TS0330B+TS0330C,classical_anchor_matched,huber,fusion_shape,71,60,39,86.06317884198668,87.89075992436892,81.77916982432964,0.3901484409221162,86.06317884198668
TS0330E,TS0330B+TS0330C,classical_anchor_matched,rf,temperature,71,60,39,75.7700873938983,80.01477485131534,68.1551273853251,0.494550147084166,75.7700873938983
TS0330E,TS0330B+TS0330C,classical_anchor_matched,rf,pressure_absolute,71,60,39,108.65571753904771,143.4194595245384,75.54983703642085,-0.6238797363556778,56.63008233677732
TS0330E,TS0330B+TS0330C,classical_anchor_matched,rf,pressure_shape,71,60,39,129.4031721303393,154.7560164761691,98.7675691704036,-0.8907442300541624,61.49793553853701
TS0330E,TS0330B+TS0330C,classical_anchor_matched,rf,fusion_absolute,71,60,39,71.91676114595559,76.398185680865,63.124285615475856,0.5392092107416897,71.91676114595559
TS0330E,TS0330B+TS0330C,classical_anchor_matched,rf,fusion_shape,71,60,39,75.36683442630769,79.1931092368108,68.51873858847392,0.504877698901941,75.36683442630769
TS0330E,TS0330B+TS0330C,racdiff,huber,temperature,71,60,39,84.50782980186825,89.43718702531152,72.00854491617008,0.3684991170532153,84.50782980186825
TS0330E,TS0330B+TS0330C,racdiff,huber,pressure_absolute,71,60,39,129.79363032235125,148.58541994243208,130.2517942726505,-0.7429707199874516,66.16323286718871
TS0330E,TS0330B+TS0330C,racdiff,huber,pressure_shape,71,60,39,142.44775236378118,167.90542107652777,120.02366438201229,-1.22570261386651,96.3108718957554
TS0330E,TS0330B+TS0330C,racdiff,huber,fusion_absolute,71,60,39,126.8862449391734,129.96130768209184,122.0202423891227,-0.3334165606271333,126.8862449391734
TS0330E,TS0330B+TS0330C,racdiff,huber,fusion_shape,71,60,39,79.87342922154652,84.63365568253988,74.37221562690354,0.4345113403446414,79.87342922154652
TS0330E,TS0330B+TS0330C,racdiff,rf,temperature,71,60,39,77.27179059744518,81.19561911826321,69.30881566340474,0.4795213796419149,77.27179059744518
TS0330E,TS0330B+TS0330C,racdiff,rf,pressure_absolute,71,60,39,84.6022776541104,112.72358482508297,54.49271868614272,-0.0031532461582004,44.032090902161
TS0330E,TS0330B+TS0330C,racdiff,rf,pressure_shape,71,60,39,126.59985070351732,152.0840283283704,104.31127507031584,-0.8260174110288736,60.57539903078774
TS0330E,TS0330B+TS0330C,racdiff,rf,fusion_absolute,71,60,39,75.88354021828961,79.57375701450414,69.41288063960468,0.5001065730683075,75.88354021828961
TS0330E,TS0330B+TS0330C,racdiff,rf,fusion_shape,71,60,39,76.85771022679945,80.52115027097993,68.77969713982998,0.4881324007008419,76.85771022679945
TS0330E,TS0330F+TS0330G,real_only,huber,temperature,64,0,39,22.69020737966404,30.327825238823564,13.036169201581686,0.9273860206931326,22.02558966567482
TS0330E,TS0330F+TS0330G,real_only,huber,pressure_absolute,64,0,39,64.85515528486806,82.56322503387995,52.07953147951474,0.4618405176442776,30.613186119972816
TS0330E,TS0330F+TS0330G,real_only,huber,pressure_shape,64,0,39,71.32727130657048,91.19894721968834,59.43795145743189,0.3433750974804739,16.87389537418699
TS0330E,TS0330F+TS0330G,real_only,huber,fusion_absolute,64,0,39,56.37803181530268,62.280439467898525,63.344600602478295,0.6937747229474522,-48.84132164280531
TS0330E,TS0330F+TS0330G,real_only,huber,fusion_shape,64,0,39,24.45040297796976,37.52354750211346,13.01351274579656,0.8888407828082012,13.029599544667354
TS0330E,TS0330F+TS0330G,real_only,rf,temperature,64,0,39,17.88226743617675,25.31518427819232,13.5833814602733,0.949405898736257,7.782215812636434
TS0330E,TS0330F+TS0330G,real_only,rf,pressure_absolute,64,0,39,101.84154249451292,121.68090252959334,97.32490497796825,-0.1689139565015556,54.572687349784445
TS0330E,TS0330F+TS0330G,real_only,rf,pressure_shape,64,0,39,99.5484601329435,114.26520391786964,98.95976752123188,-0.0307793212002167,20.88099060863604
TS0330E,TS0330F+TS0330G,real_only,rf,fusion_absolute,64,0,39,21.84858953732392,33.969820754876075,13.424385245383462,0.9088987764289304,12.888418975230508
TS0330E,TS0330F+TS0330G,real_only,rf,fusion_shape,64,0,39,18.61559804647146,26.416809651123994,11.799306157477645,0.944906744852578,7.388148277865604
TS0330E,TS0330F+TS0330G,classical_anchor_matched,huber,temperature,64,64,39,25.15918974466742,32.3703720171918,16.499808412517325,0.9172757038774824,23.84917755279407
TS0330E,TS0330F+TS0330G,classical_anchor_matched,huber,pressure_absolute,64,64,39,129.15783502495117,150.9451806657168,128.06350132193734,-0.798772347406997,-6.717073288755524
TS0330E,TS0330F+TS0330G,classical_anchor_matched,huber,pressure_shape,64,64,39,89.77253347681368,108.08619534915024,76.671302513417,0.0776873629086596,7.633262705729405
TS0330E,TS0330F+TS0330G,classical_anchor_matched,huber,fusion_absolute,64,64,39,48.91823319392222,55.42758723740217,64.1819974146361,0.757456495849662,-47.4155602756842
TS0330E,TS0330F+TS0330G,classical_anchor_matched,huber,fusion_shape,64,64,39,24.915812210084177,30.66584963657112,22.946390679873616,0.9257583349949,22.96102226133143
TS0330E,TS0330F+TS0330G,classical_anchor_matched,rf,temperature,64,64,39,15.986852363959196,20.954096611910757,11.884239195831585,0.965336246847925,4.381764752844583
TS0330E,TS0330F+TS0330G,classical_anchor_matched,rf,pressure_absolute,64,64,39,130.89782305502408,155.40030375832094,104.00455625480322,-0.9065202662344568,102.14084368474109
TS0330E,TS0330F+TS0330G,classical_anchor_matched,rf,pressure_shape,64,64,39,101.1466514894007,118.76060512353932,93.96395047659053,-0.1134802108772585,2.588176353218957
TS0330E,TS0330F+TS0330G,classical_anchor_matched,rf,fusion_absolute,64,64,39,22.531014141999048,31.64389903598312,13.582416392943458,0.920947123042442,10.75102639599891
TS0330E,TS0330F+TS0330G,classical_anchor_matched,rf,fusion_shape,64,64,39,17.70616726655795,24.40499056588945,12.902485292907215,0.9529786614854452,6.652836081562603
TS0330E,TS0330F+TS0330G,racdiff,huber,temperature,64,64,39,21.468574922821592,32.687653347794125,10.489537840187552,0.9156460960760672,12.346502514975532
TS0330E,TS0330F+TS0330G,racdiff,huber,pressure_absolute,64,64,39,124.2216016535314,139.664349287998,133.63320675707092,-0.5399578145608479,28.382384161238004
TS0330E,TS0330F+TS0330G,racdiff,huber,pressure_shape,64,64,39,108.1957550118352,120.8931335277751,109.5245418067994,-0.1538277203622151,11.898700820906216
TS0330E,TS0330F+TS0330G,racdiff,huber,fusion_absolute,64,64,39,58.2798999219448,66.39789375171368,71.99767546955206,0.6519462594141783,-56.53864743552192
TS0330E,TS0330F+TS0330G,racdiff,huber,fusion_shape,64,64,39,32.49459157855677,44.52485287635716,22.106679672700125,0.8434897858738664,11.649266126157036
TS0330E,TS0330F+TS0330G,racdiff,rf,temperature,64,64,39,18.84940759047766,24.58258242738662,13.376861910595494,0.9522918355560428,7.412514748824326
TS0330E,TS0330F+TS0330G,racdiff,rf,pressure_absolute,64,64,39,95.59464461317974,113.32743619069711,90.02621961711674,-0.0139296591101742,17.98549212770421
TS0330E,TS0330F+TS0330G,racdiff,rf,pressure_shape,64,64,39,106.8659357532742,119.82245642154416,110.66593779620295,-0.1334807180629389,13.39565657040122
TS0330E,TS0330F+TS0330G,racdiff,rf,fusion_absolute,64,64,39,19.814410415653377,25.986236929703068,14.374995215157128,0.946688059946549,5.212207407225978
TS0330E,TS0330F+TS0330G,racdiff,rf,fusion_shape,64,64,39,20.27504545271417,27.15080365457145,14.887994368158331,0.9418026676931608,7.927675746375447
TS0330E,TS0330H+TS0330A,real_only,huber,temperature,74,0,39,17.79984744862901,24.23225014539433,12.390655098106322,0.9536419471337204,-2.0997662958670027
TS0330E,TS0330H+TS0330A,real_only,huber,pressure_absolute,74,0,39,163.79487970744665,185.59119421247965,174.5773319678745,-1.7192706299536575,-3.2152259937293244
TS0330E,TS0330H+TS0330A,real_only,huber,pressure_shape,74,0,39,84.97463634136496,101.13188407516483,84.67300213976341,0.1925532408203621,8.070854100554502
TS0330E,TS0330H+TS0330A,real_only,huber,fusion_absolute,74,0,39,28.78736666842138,33.72048467735104,23.789493132724004,0.9102312214432944,-9.804547158097408
TS0330E,TS0330H+TS0330A,real_only,huber,fusion_shape,74,0,39,28.31458422216625,45.22370473989471,15.208502125320138,0.8385381317127929,22.598283612686856
TS0330E,TS0330H+TS0330A,real_only,rf,temperature,74,0,39,27.73207883431959,31.4572914420744,28.630528576169752,0.9218767411304518,12.495663411571746
TS0330E,TS0330H+TS0330A,real_only,rf,pressure_absolute,74,0,39,57.63134559540895,65.69808431859435,59.18246690170139,0.6592443136503836,-7.521224327108557
TS0330E,TS0330H+TS0330A,real_only,rf,pressure_shape,74,0,39,88.86173072613981,111.55134072545148,73.39648517902788,0.0176024104089235,33.437553802284405
TS0330E,TS0330H+TS0330A,real_only,rf,fusion_absolute,74,0,39,22.691173179045386,26.911951390645825,23.01796679778204,0.942822116061458,15.084570167732696
TS0330E,TS0330H+TS0330A,real_only,rf,fusion_shape,74,0,39,25.75954894270278,29.55266396847243,26.226269018513733,0.9310505238904296,23.690743826464388
TS0330E,TS0330H+TS0330A,classical_anchor_matched,huber,temperature,74,3,39,17.500103634649715,23.1355986999056,12.619245613651742,0.95774294909539,-2.061923639325098
TS0330E,TS0330H+TS0330A,classical_anchor_matched,huber,pressure_absolute,74,3,39,78.41949886874818,103.5041656826183,63.7284834608613,0.1542278947745942,65.07017505469852
TS0330E,TS0330H+TS0330A,classical_anchor_matched,huber,pressure_shape,74,3,39,86.38410259634489,100.13689142311212,81.22381861040299,0.2083633175382893,14.415393137896809
TS0330E,TS0330H+TS0330A,classical_anchor_matched,huber,fusion_absolute,74,3,39,25.44893990596273,30.53135456424821,17.747421019411718,0.9264081289307936,-4.500393824600598
TS0330E,TS0330H+TS0330A,classical_anchor_matched,huber,fusion_shape,74,3,39,26.472177972339743,42.81269768497288,11.126219984516126,0.855295216517751,22.101640205947263
TS0330E,TS0330H+TS0330A,classical_anchor_matched,rf,temperature,74,3,39,27.07612820461856,30.73897994407641,29.808858799462485,0.92540381753463,13.04746794339346
TS0330E,TS0330H+TS0330A,classical_anchor_matched,rf,pressure_absolute,74,3,39,58.58340109781816,66.52101972192563,62.51411815433767,0.6506542248032889,-11.550012335363558
TS0330E,TS0330H+TS0330A,classical_anchor_matched,rf,pressure_shape,74,3,39,91.21408699495028,114.24649352071812,84.58580618076678,-0.030441778172354,32.88946587952232
TS0330E,TS0330H+TS0330A,classical_anchor_matched,rf,fusion_absolute,74,3,39,22.077163500377495,26.004731167280173,18.26489079390984,0.9466121494143918,17.062509514361103
TS0330E,TS0330H+TS0330A,classical_anchor_matched,rf,fusion_shape,74,3,39,24.73532470009787,28.922032679499807,24.45788592477558,0.9339617852189258,21.626635759150112
TS0330E,TS0330H+TS0330A,racdiff,huber,temperature,74,3,39,16.14718722709384,21.153286507191485,11.78022778375913,0.964674086371716,-1.100993822228723
TS0330E,TS0330H+TS0330A,racdiff,huber,pressure_absolute,74,3,39,77.09125849949864,93.8679811774792,59.426649151420406,0.3043790477424422,34.39053183969976
TS0330E,TS0330H+TS0330A,racdiff,huber,pressure_shape,74,3,39,87.34981514391501,107.68872016618258,91.92603078577685,0.0844582983442091,0.4182347908918922
TS0330E,TS0330H+TS0330A,racdiff,huber,fusion_absolute,74,3,39,26.204435921372465,31.162144484506808,20.97191098676774,0.9233358414796587,-6.200841376282511
TS0330E,TS0330H+TS0330A,racdiff,huber,fusion_shape,74,3,39,25.966164476305128,39.12702071507481,12.10181790864914,0.8791375871828807,21.21629970911262
TS0330E,TS0330H+TS0330A,racdiff,rf,temperature,74,3,39,28.66711535951662,31.97224642222704,30.58981774647032,0.9192980548526,11.67638622513713
TS0330E,TS0330H+TS0330A,racdiff,rf,pressure_absolute,74,3,39,53.83015634820106,62.01417767633562,55.07489645479171,0.6963874790467385,-11.79717416645031
TS0330E,TS0330H+TS0330A,racdiff,rf,pressure_shape,74,3,39,89.77708036135459,112.88405925616536,80.75731677666857,-0.0060114773510504,30.055092585650428
TS0330E,TS0330H+TS0330A,racdiff,rf,fusion_absolute,74,3,39,24.34752840834599,30.045809688395654,23.685126832382707,0.9287302027066966,23.821455973160976
TS0330E,TS0330H+TS0330A,racdiff,rf,fusion_shape,74,3,39,24.65225677383619,28.93007222964824,24.091089155570277,0.9339250664076476,21.48173348105892
TS0330F,TS0330A+TS0330B,real_only,huber,temperature,79,0,33,32.655832468689816,34.08737790584661,28.64936008290431,0.87184381943886,32.655832468689816
TS0330F,TS0330A+TS0330B,real_only,huber,pressure_absolute,79,0,33,102.22778252581352,166.8659854469216,50.48787611080982,-2.071057868527677,32.221778316150946
TS0330F,TS0330A+TS0330B,real_only,huber,pressure_shape,79,0,33,111.14616847607448,131.01384726564172,123.33753960252324,-0.8931575811305046,64.84004997600064
TS0330F,TS0330A+TS0330B,real_only,huber,fusion_absolute,79,0,33,308.33793708141155,308.49097886894424,309.3834978578816,-9.496325788567225,308.33793708141155
TS0330F,TS0330A+TS0330B,real_only,huber,fusion_shape,79,0,33,51.211202965814735,63.09806290973232,47.11834606021006,0.5608787860762351,33.46408392284264
TS0330F,TS0330A+TS0330B,real_only,rf,temperature,79,0,33,42.89349989967039,44.54520432358724,42.01456989329802,0.7811461073902428,42.89349989967039
TS0330F,TS0330A+TS0330B,real_only,rf,pressure_absolute,79,0,33,112.67459731851189,123.06351552291112,114.4446135846634,-0.670363530937331,1.8428942907137504
TS0330F,TS0330A+TS0330B,real_only,rf,pressure_shape,79,0,33,115.79536290556608,141.1648782579738,133.64856630839307,-1.197888621765297,64.84878009146811
TS0330F,TS0330A+TS0330B,real_only,rf,fusion_absolute,79,0,33,45.31479195032919,46.69163607688507,43.941064611353056,0.7595468069088483,45.31479195032919
TS0330F,TS0330A+TS0330B,real_only,rf,fusion_shape,79,0,33,44.71561061306215,45.50979441699436,45.05391179599695,0.7715652806458837,44.71561061306215
TS0330F,TS0330A+TS0330B,classical_anchor_matched,huber,temperature,79,79,33,28.411391990287974,30.39310587281245,26.21631628296734,0.8981168108735946,28.411391990287974
TS0330F,TS0330A+TS0330B,classical_anchor_matched,huber,pressure_absolute,79,79,33,116.611669062876,148.78912502424237,85.84361419596587,-1.4417137258879884,-11.534109541209816
TS0330F,TS0330A+TS0330B,classical_anchor_matched,huber,pressure_shape,79,79,33,118.61269890065384,146.84811514674823,92.33289880119868,-1.3784231205141144,79.4462936617682
TS0330F,TS0330A+TS0330B,classical_anchor_matched,huber,fusion_absolute,79,79,33,264.5806843445513,264.66890788893147,265.7341794657666,-6.726062473104185,264.5806843445513
TS0330F,TS0330A+TS0330B,classical_anchor_matched,huber,fusion_shape,79,79,33,35.93444693112076,39.56742588841634,37.46176035478621,0.8273255982498702,33.66403721264887
TS0330F,TS0330A+TS0330B,classical_anchor_matched,rf,temperature,79,79,33,36.97471040903666,39.75810018125906,37.950047340311016,0.8256573623217757,36.97471040903666
TS0330F,TS0330A+TS0330B,classical_anchor_matched,rf,pressure_absolute,79,79,33,126.62915592403228,146.68505008962103,107.11985096133026,-1.373143892140555,-16.667672922457353
TS0330F,TS0330A+TS0330B,classical_anchor_matched,rf,pressure_shape,79,79,33,101.7813867680126,122.7513715451625,100.46611777476728,-0.6619007030906052,63.99485001610525
TS0330F,TS0330A+TS0330B,classical_anchor_matched,rf,fusion_absolute,79,79,33,43.47689283122956,45.75484492182039,45.37155464319551,0.7690986137334537,43.47689283122956
TS0330F,TS0330A+TS0330B,classical_anchor_matched,rf,fusion_shape,79,79,33,39.88742322958999,41.499633697080775,41.63113993388896,0.8100493029554839,39.88742322958999
TS0330F,TS0330A+TS0330B,racdiff,huber,temperature,79,79,33,53.2597833135397,55.72497488824661,51.8204855893498,0.657506662391645,53.2597833135397
TS0330F,TS0330A+TS0330B,racdiff,huber,pressure_absolute,79,79,33,107.96066064346157,127.0913903295724,96.46118558535858,-0.7814950760769868,-75.63288515228666
TS0330F,TS0330A+TS0330B,racdiff,huber,pressure_shape,79,79,33,94.76035766659344,110.857037796084,94.31439404583948,-0.3554356503713709,50.232867979864224
TS0330F,TS0330A+TS0330B,racdiff,huber,fusion_absolute,79,79,33,247.08326122798204,247.4861715940465,247.27613430903372,-5.755449315743141,247.08326122798204
TS0330F,TS0330A+TS0330B,racdiff,huber,fusion_shape,79,79,33,50.45128232748332,54.21217048529345,49.70697359778296,0.6758500524281358,49.01041291569192
TS0330F,TS0330A+TS0330B,racdiff,rf,temperature,79,79,33,44.275233937579,45.60518019521994,45.56881591307194,0.7706067064129727,44.275233937579
TS0330F,TS0330A+TS0330B,racdiff,rf,pressure_absolute,79,79,33,119.83938919977932,136.68982288729217,115.89481945715256,-1.0607472379550127,25.18348906417549
TS0330F,TS0330A+TS0330B,racdiff,rf,pressure_shape,79,79,33,104.21389395739884,128.03711952920054,97.6311219612561,-0.8081071153387114,45.28616244102828
TS0330F,TS0330A+TS0330B,racdiff,rf,fusion_absolute,79,79,33,50.828151535818506,52.34108784834797,51.237939531300526,0.6978393860404853,50.828151535818506
TS0330F,TS0330A+TS0330B,racdiff,rf,fusion_shape,79,79,33,46.25524987841128,47.76132457731123,48.85803977349247,0.748403213253624,46.25524987841128
TS0330F,TS0330C+TS0330D,real_only,huber,temperature,65,0,33,73.5308190458945,75.01826516179825,73.91726726875612,0.3792933501944462,73.5308190458945
TS0330F,TS0330C+TS0330D,real_only,huber,pressure_absolute,65,0,33,133.97945182841914,142.32669831682367,124.20561068402787,-1.2342157773825533,-133.97945182841914
TS0330F,TS0330C+TS0330D,real_only,huber,pressure_shape,65,0,33,98.47792226897842,109.60518144388207,91.28030351097097,-0.3249959034687173,74.10068975232963
TS0330F,TS0330C+TS0330D,real_only,huber,fusion_absolute,65,0,33,47.35941980693932,47.61961122071614,47.65501103190877,0.749894031600127,-47.35941980693932
TS0330F,TS0330C+TS0330D,real_only,huber,fusion_shape,65,0,33,69.76555330527268,76.02465809098035,81.876551751173,0.3625277029599593,69.76555330527268
TS0330F,TS0330C+TS0330D,real_only,rf,temperature,65,0,33,67.69729975755804,68.64288519469075,70.64272251875957,0.4803111204071337,67.69729975755804
TS0330F,TS0330C+TS0330D,real_only,rf,pressure_absolute,65,0,33,54.64319300593417,68.1786163463277,38.7187257060105,0.487317219270191,-17.407542036314755
TS0330F,TS0330C+TS0330D,real_only,rf,pressure_shape,65,0,33,99.79220241113582,114.79083749471896,91.69363889909874,-0.453338617958372,50.24627465019768
TS0330F,TS0330C+TS0330D,real_only,rf,fusion_absolute,65,0,33,55.60026470097415,57.700704178272936,60.24599805325499,0.6327899222790836,54.79938635759151
TS0330F,TS0330C+TS0330D,real_only,rf,fusion_shape,65,0,33,67.60911390192203,68.93402247458378,68.01337439059176,0.4758934254090917,67.60911390192203
TS0330F,TS0330C+TS0330D,classical_anchor_matched,huber,temperature,65,47,33,79.50986605390581,81.13755407502627,76.71123866207256,0.2739004158656972,79.50986605390581
TS0330F,TS0330C+TS0330D,classical_anchor_matched,huber,pressure_absolute,65,47,33,65.50366460203415,77.47705831456706,62.13873677258101,0.3379380778307184,-6.449464326516756
TS0330F,TS0330C+TS0330D,classical_anchor_matched,huber,pressure_shape,65,47,33,97.04240181402965,108.47275334906206,96.51916642829964,-0.297757934173092,60.47290734163996
TS0330F,TS0330C+TS0330D,classical_anchor_matched,huber,fusion_absolute,65,47,33,39.30494734557933,39.879847322365386,40.36144094477501,0.8245879844450917,-39.30494734557933
TS0330F,TS0330C+TS0330D,classical_anchor_matched,huber,fusion_shape,65,47,33,73.50669172287122,75.11678555083131,76.92437409203768,0.3776619497437312,73.50669172287122
TS0330F,TS0330C+TS0330D,classical_anchor_matched,rf,temperature,65,47,33,69.79951776155909,70.78265885650147,71.44319245690451,0.447406070773101,69.79951776155909
TS0330F,TS0330C+TS0330D,classical_anchor_matched,rf,pressure_absolute,65,47,33,86.42558606003213,111.42265423312206,63.74362861361272,-0.3693023839965581,-67.78088989980508
TS0330F,TS0330C+TS0330D,classical_anchor_matched,rf,pressure_shape,65,47,33,83.38956912721744,98.63603750068027,80.36153731816029,-0.0730589939026264,25.23969208847128
TS0330F,TS0330C+TS0330D,classical_anchor_matched,rf,fusion_absolute,65,47,33,52.65744364817423,55.34661512337485,57.79471715475847,0.6621417751180114,51.59233503817365
TS0330F,TS0330C+TS0330D,classical_anchor_matched,rf,fusion_shape,65,47,33,69.38156082804824,70.71125221936597,67.45974938914532,0.448520438937974,69.38156082804824
TS0330F,TS0330C+TS0330D,racdiff,huber,temperature,65,47,33,72.62181710156413,73.2156826834265,71.03624008155754,0.4087643714231569,72.62181710156413
TS0330F,TS0330C+TS0330D,racdiff,huber,pressure_absolute,65,47,33,207.64149436065216,222.92651191894885,188.3111421520979,-4.481201985851883,-207.64149436065216
TS0330F,TS0330C+TS0330D,racdiff,huber,pressure_shape,65,47,33,96.69371620360732,113.54949670629168,82.24956988241297,-0.4220759510754679,64.73539298338898
TS0330F,TS0330C+TS0330D,racdiff,huber,fusion_absolute,65,47,33,45.08355864486896,46.35862295332978,47.52184527706629,0.7629644861462014,-45.08355864486896
TS0330F,TS0330C+TS0330D,racdiff,huber,fusion_shape,65,47,33,71.80672980817772,76.05662453105403,73.87006362803112,0.3619915083975394,71.80672980817772
TS0330F,TS0330C+TS0330D,racdiff,rf,temperature,65,47,33,67.38541732311303,68.8924219373414,69.71270235464777,0.476525813753307,67.15081264661377
TS0330F,TS0330C+TS0330D,racdiff,rf,pressure_absolute,65,47,33,48.4865150846457,57.956870547037965,40.40096668205547,0.6295221742749029,9.943563558476717
TS0330F,TS0330C+TS0330D,racdiff,rf,pressure_shape,65,47,33,93.67931559477572,103.61453044370352,92.3579754715447,-0.1841144782516686,57.44495632866903
TS0330F,TS0330C+TS0330D,racdiff,rf,fusion_absolute,65,47,33,55.42481341228796,57.67669768146842,59.93358045077815,0.6330954157334361,52.45982841869508
TS0330F,TS0330C+TS0330D,racdiff,rf,fusion_shape,65,47,33,72.60290093849271,74.02064512510206,73.91784455261978,0.3956923437241336,71.8957476954811
TS0330F,TS0330G+TS0330H,real_only,huber,temperature,64,0,33,19.46260992991773,21.47705764981224,23.528834048371493,0.9491252918733152,4.66146052683288
TS0330F,TS0330G+TS0330H,real_only,huber,pressure_absolute,64,0,33,234.69514025720684,240.69379938174663,236.71664262085983,-5.389725031439603,234.69514025720684
TS0330F,TS0330G+TS0330H,real_only,huber,pressure_shape,64,0,33,112.40155523038688,142.07608756610335,86.81946534671283,-1.2263546305439426,-10.502134326321473
TS0330F,TS0330G+TS0330H,real_only,huber,fusion_absolute,64,0,33,267.3838340363264,267.6691483662742,268.36635927487896,-6.902217866795668,267.3838340363264
TS0330F,TS0330G+TS0330H,real_only,huber,fusion_shape,64,0,33,39.3829110810383,46.04215334236542,33.86167396778103,0.7661897110007827,-15.19601486322644
TS0330F,TS0330G+TS0330H,real_only,rf,temperature,64,0,33,21.401901612145743,22.86141570701629,22.83079713839936,0.942355403104302,-0.1198158905606564
TS0330F,TS0330G+TS0330H,real_only,rf,pressure_absolute,64,0,33,98.10454011546288,113.29913120248816,95.53041273595028,-0.4158117886268728,-37.53939221246685
TS0330F,TS0330G+TS0330H,real_only,rf,pressure_shape,64,0,33,78.76688781258636,92.20326644436874,63.738246719493645,0.0623408874458629,-17.952460018285368
TS0330F,TS0330G+TS0330H,real_only,rf,fusion_absolute,64,0,33,26.04053484802352,38.145867869865725,15.297375103188187,0.8395102261354406,2.215677999595283
TS0330F,TS0330G+TS0330H,real_only,rf,fusion_shape,64,0,33,35.57186841859751,47.5525455043092,23.782290808846312,0.7505980156899528,-24.04436410117304
TS0330F,TS0330G+TS0330H,classical_anchor_matched,huber,temperature,64,64,33,22.765116195528503,26.313853732320123,25.46637150713707,0.923630266083175,6.8538267047980295
TS0330F,TS0330G+TS0330H,classical_anchor_matched,huber,pressure_absolute,64,64,33,167.84123699496325,185.22039410052,161.88668625925487,-2.7838156813039308,-93.86260916067204
TS0330F,TS0330G+TS0330H,classical_anchor_matched,huber,pressure_shape,64,64,33,156.9498709646973,206.77752902077063,129.32306750922214,-3.715839842296108,10.472704486089077
TS0330F,TS0330G+TS0330H,classical_anchor_matched,huber,fusion_absolute,64,64,33,224.6912470156311,225.4247215490581,219.8116145094816,-4.604739714419464,224.6912470156311
TS0330F,TS0330G+TS0330H,classical_anchor_matched,huber,fusion_shape,64,64,33,32.634203046121954,39.00303777050248,30.602390605017263,0.8322165068037782,-0.8885527290217302
TS0330F,TS0330G+TS0330H,classical_anchor_matched,rf,temperature,64,64,33,22.43427500426527,25.416365269192312,26.211313426889603,0.9287509215534996,-1.6711843003075908
TS0330F,TS0330G+TS0330H,classical_anchor_matched,rf,pressure_absolute,64,64,33,131.38844373570106,148.82779598096957,134.86778357907536,-1.4429831153860535,114.55512166524096
TS0330F,TS0330G+TS0330H,classical_anchor_matched,rf,pressure_shape,64,64,33,90.05400111368044,105.0718212077072,74.4731644988409,-0.2176567616444622,-4.127468839499436
TS0330F,TS0330G+TS0330H,classical_anchor_matched,rf,fusion_absolute,64,64,33,39.11834877021612,52.68475879349352,24.05967480174263,0.6938583934127426,26.266223682024343
TS0330F,TS0330G+TS0330H,classical_anchor_matched,rf,fusion_shape,64,64,33,38.44937595179173,48.0352604535368,24.18274394510624,0.7455088615275547,-21.755545319175265
TS0330F,TS0330G+TS0330H,racdiff,huber,temperature,64,64,33,15.489365637143216,17.1010372609828,15.963160806706696,0.9677449832779392,-1.4761474062611806
TS0330F,TS0330G+TS0330H,racdiff,huber,pressure_absolute,64,64,33,153.7684385510059,180.9418737690233,151.34025848151583,-2.6110253034906608,152.8917426153729
TS0330F,TS0330G+TS0330H,racdiff,huber,pressure_shape,64,64,33,94.209997856024,109.30629473009186,74.92722788610024,-0.3177793887047277,-6.072815731462046
TS0330F,TS0330G+TS0330H,racdiff,huber,fusion_absolute,64,64,33,226.31614034294145,227.34180016076968,219.97366265854305,-4.700473800066453,226.31614034294145
TS0330F,TS0330G+TS0330H,racdiff,huber,fusion_shape,64,64,33,33.97760015545183,41.17696389274498,26.948178419906185,0.8129916458714597,-12.182435745848911
TS0330F,TS0330G+TS0330H,racdiff,rf,temperature,64,64,33,20.5183883391743,23.178195366674966,21.113379250344337,0.9407468281628206,-2.6643723762333247
TS0330F,TS0330G+TS0330H,racdiff,rf,pressure_absolute,64,64,33,107.66632756352509,127.35980703095966,106.83969532750984,-0.7890280488661889,97.7012890511015
TS0330F,TS0330G+TS0330H,racdiff,rf,pressure_shape,64,64,33,76.45093622575746,91.25903903678054,63.87066139496824,0.0814471531902046,-6.602442696173618
TS0330F,TS0330G+TS0330H,racdiff,rf,fusion_absolute,64,64,33,29.273262510052405,42.5825646010466,15.84283369932325,0.8000064484721324,20.973135202999945
TS0330F,TS0330G+TS0330H,racdiff,rf,fusion_shape,64,64,33,28.30185122740289,33.72110792860015,25.65947182765686,0.8745831076786761,-7.168949525746088
TS0330G,TS0330B+TS0330C,real_only,huber,temperature,71,0,31,88.99105414522357,156.05113675977145,55.66446106662596,-2.0439946005696057,88.99105414522357
TS0330G,TS0330B+TS0330C,real_only,huber,pressure_absolute,71,0,31,536.3131672475034,560.9724062933967,467.5063105507743,-38.33625430334305,536.3131672475034
TS0330G,TS0330B+TS0330C,real_only,huber,pressure_shape,71,0,31,83.05214758534814,89.88468684091254,94.08643594795215,-0.0099070961772869,33.323875965775706
TS0330G,TS0330B+TS0330C,real_only,huber,fusion_absolute,71,0,31,164.31117803005088,171.0826644655775,152.41264691933495,-2.6586596880456668,164.31117803005088
TS0330G,TS0330B+TS0330C,real_only,huber,fusion_shape,71,0,31,118.3226872859076,237.33373339163688,65.66568729602147,-6.040912487074672,118.3226872859076
TS0330G,TS0330B+TS0330C,real_only,rf,temperature,71,0,31,62.86924702931928,63.75735800804696,60.946021323066816,0.4918749224835733,62.86924702931928
TS0330G,TS0330B+TS0330C,real_only,rf,pressure_absolute,71,0,31,60.01762790529762,65.3193274970223,57.06223732120145,0.4666731924176417,47.10668300968506
TS0330G,TS0330B+TS0330C,real_only,rf,pressure_shape,71,0,31,63.88680424343524,75.398736123246,59.0984713355287,0.2893788378683957,24.251851727470378
TS0330G,TS0330B+TS0330C,real_only,rf,fusion_absolute,71,0,31,60.09076741153204,61.48796485114276,62.211211306477765,0.5274037816129167,60.09076741153204
TS0330G,TS0330B+TS0330C,real_only,rf,fusion_shape,71,0,31,62.542376949165146,64.31861392530685,65.66221448650043,0.4828894980221847,62.542376949165146
TS0330G,TS0330B+TS0330C,classical_anchor_matched,huber,temperature,71,57,31,59.58388291418514,64.78376901264727,53.24523782842914,0.4753829193935599,59.58388291418514
TS0330G,TS0330B+TS0330C,classical_anchor_matched,huber,pressure_absolute,71,57,31,225.28947612569056,234.4416418055329,213.54680495988623,-5.870360291290287,225.28947612569056
TS0330G,TS0330B+TS0330C,classical_anchor_matched,huber,pressure_shape,71,57,31,90.3150654472714,100.9774703986302,93.94433650289932,-0.274556165918838,72.0347567072127
TS0330G,TS0330B+TS0330C,classical_anchor_matched,huber,fusion_absolute,71,57,31,154.98527880033356,155.60757541333953,149.55892433080044,-2.0267146311599835,154.98527880033356
TS0330G,TS0330B+TS0330C,classical_anchor_matched,huber,fusion_shape,71,57,31,59.40260812655307,76.64709083544112,48.84482253359573,0.2656529477663442,59.40260812655307
TS0330G,TS0330B+TS0330C,classical_anchor_matched,rf,temperature,71,57,31,61.26063180959682,61.79865402742722,61.44741840209741,0.5226158044489013,61.26063180959682
TS0330G,TS0330B+TS0330C,classical_anchor_matched,rf,pressure_absolute,71,57,31,61.078077504532,68.92649152150345,61.46201399693962,0.4061423575093399,46.5818225178056
TS0330G,TS0330B+TS0330C,classical_anchor_matched,rf,pressure_shape,71,57,31,67.73004254246459,81.94528794118,78.46263499143026,0.1606212395559717,53.29551167626905
TS0330G,TS0330B+TS0330C,classical_anchor_matched,rf,fusion_absolute,71,57,31,59.22548333737624,60.0475420251444,60.69918789151501,0.5492865959663067,59.22548333737624
TS0330G,TS0330B+TS0330C,classical_anchor_matched,rf,fusion_shape,71,57,31,60.90618234779824,61.62387385102576,61.106575582810535,0.5253122807951247,60.90618234779824
TS0330G,TS0330B+TS0330C,racdiff,huber,temperature,71,57,31,58.37728524913612,59.5101408346317,56.39979095919335,0.5573179009461532,58.37728524913612
TS0330G,TS0330B+TS0330C,racdiff,huber,pressure_absolute,71,57,31,96.67621680120828,111.54574694652048,92.20492007291114,-0.5553066771100743,86.1559866750756
TS0330G,TS0330B+TS0330C,racdiff,huber,pressure_shape,71,57,31,95.39092925095024,109.45272807045798,93.57098622594492,-0.4974874307745185,79.34622650070035
TS0330G,TS0330B+TS0330C,racdiff,huber,fusion_absolute,71,57,31,156.14689115522174,156.46236323397744,156.87979089047576,-2.060058828346346,156.14689115522174
TS0330G,TS0330B+TS0330C,racdiff,huber,fusion_shape,71,57,31,55.88065234079939,56.32728794443679,54.92625156954,0.6034045869115386,55.88065234079939
TS0330G,TS0330B+TS0330C,racdiff,rf,temperature,71,57,31,58.16395296583365,58.48975032876002,58.26560899901119,0.5723686467294495,58.16395296583365
TS0330G,TS0330B+TS0330C,racdiff,rf,pressure_absolute,71,57,31,65.88459335710053,74.31385197236355,67.21675728994177,0.3096814392202274,43.84647204050202
TS0330G,TS0330B+TS0330C,racdiff,rf,pressure_shape,71,57,31,67.79636838412073,80.16707957735936,56.081356753036175,0.1966549348215417,55.23535868613466
TS0330G,TS0330B+TS0330C,racdiff,rf,fusion_absolute,71,57,31,56.68895205386229,57.43670704726458,58.80356887980918,0.5876280935649336,56.68895205386229
TS0330G,TS0330B+TS0330C,racdiff,rf,fusion_shape,71,57,31,57.35819983919872,57.84777416613293,57.59127872693102,0.5817043862387361,57.35819983919872
TS0330G,TS0330D+TS0330E,real_only,huber,temperature,71,0,31,46.0718240615736,158.17950909646058,5.863080983058183,-2.1275945756711705,35.14801258131288
TS0330G,TS0330D+TS0330E,real_only,huber,pressure_absolute,71,0,31,99.57811117556484,112.65924146123436,99.35791099972232,-0.5865130545910997,-16.3777057816951
TS0330G,TS0330D+TS0330E,real_only,huber,pressure_shape,71,0,31,69.35126950700025,85.70247942561411,48.06620726463154,0.0818856456143151,-40.85673938238612
TS0330G,TS0330D+TS0330E,real_only,huber,fusion_absolute,71,0,31,234.4160722518368,244.1053587145053,217.57170932514387,-6.448428122491782,-225.54748070948264
TS0330G,TS0330D+TS0330E,real_only,huber,fusion_shape,71,0,31,69.01958954670721,83.6246217948414,71.73524341385507,0.1258653459193522,-41.31122084354537
TS0330G,TS0330D+TS0330E,real_only,rf,temperature,71,0,31,15.68563130065629,21.13336892940628,14.906741110291136,0.9441725908108736,11.696503969293904
TS0330G,TS0330D+TS0330E,real_only,rf,pressure_absolute,71,0,31,75.56258944593681,88.98667141616225,71.1601725867726,0.0101715582724999,-68.06378923168987
TS0330G,TS0330D+TS0330E,real_only,rf,pressure_shape,71,0,31,75.35493216456088,85.15553244108943,69.98246938594116,0.0935669296808717,-45.09952666112993
TS0330G,TS0330D+TS0330E,real_only,rf,fusion_absolute,71,0,31,19.536541364005128,25.498736780542124,17.83355352907796,0.9187268044247476,5.016339213921119
TS0330G,TS0330D+TS0330E,real_only,rf,fusion_shape,71,0,31,13.971056723497744,20.563238027261598,10.299611477420685,0.9471441562699392,7.4321986519729
TS0330G,TS0330D+TS0330E,classical_anchor_matched,huber,temperature,71,70,31,25.123042940339975,79.02970865030308,4.386697034321344,0.2192881592022814,17.5879003592215
TS0330G,TS0330D+TS0330E,classical_anchor_matched,huber,pressure_absolute,71,70,31,505.804885112969,611.1177517183346,313.1279129829492,-45.68311238902599,-505.804885112969
TS0330G,TS0330D+TS0330E,classical_anchor_matched,huber,pressure_shape,71,70,31,109.6803281777562,135.80800551389007,94.05718576784344,-1.3054767498156004,-103.52128307895356
TS0330G,TS0330D+TS0330E,classical_anchor_matched,huber,fusion_absolute,71,70,31,206.87306720988627,207.65603166422983,204.1620912288753,-4.3901283296919615,-206.87306720988627
TS0330G,TS0330D+TS0330E,classical_anchor_matched,huber,fusion_shape,71,70,31,41.81025003877092,47.89207818490409,44.70576374199243,0.713293611536275,-7.867894954670941
TS0330G,TS0330D+TS0330E,classical_anchor_matched,rf,temperature,71,70,31,14.849457317345196,17.89600024959307,12.975942566234435,0.959966647671528,10.09317305549177
TS0330G,TS0330D+TS0330E,classical_anchor_matched,rf,pressure_absolute,71,70,31,65.00198913349797,74.51456719880119,69.22653777244133,0.3059474230619585,-28.989229262799523
TS0330G,TS0330D+TS0330E,classical_anchor_matched,rf,pressure_shape,71,70,31,83.70363654830217,94.59422022372269,82.15271960435655,-0.1185082904447167,-36.21897351655856
TS0330G,TS0330D+TS0330E,classical_anchor_matched,rf,fusion_absolute,71,70,31,17.595266540348927,21.44184345615918,16.28056874755265,0.9425309197816908,1.5484187490510064
TS0330G,TS0330D+TS0330E,classical_anchor_matched,rf,fusion_shape,71,70,31,12.474140178181894,15.642439592027223,11.613202445777349,0.969414261053418,5.496842251648132
TS0330G,TS0330D+TS0330E,racdiff,huber,temperature,71,70,31,10.695877897091352,16.83404235969277,9.036620480770123,0.9645768779264464,2.4060361258427143
TS0330G,TS0330D+TS0330E,racdiff,huber,pressure_absolute,71,70,31,136.53896805492084,167.7552223622059,98.94051306172707,-2.5177267594644337,-136.53896805492084
TS0330G,TS0330D+TS0330E,racdiff,huber,pressure_shape,71,70,31,93.21786809566726,103.80444663713104,87.59722872498003,-0.3469203661859197,-89.19038691735373
TS0330G,TS0330D+TS0330E,racdiff,huber,fusion_absolute,71,70,31,135.99436786945333,137.76540588462098,137.8284145863687,-1.372413335609397,-135.99436786945333
TS0330G,TS0330D+TS0330E,racdiff,huber,fusion_shape,71,70,31,40.24603519586157,44.98392187651063,43.61667307808534,0.7470558515561574,-25.32280374238961
TS0330G,TS0330D+TS0330E,racdiff,rf,temperature,71,70,31,15.399425884826629,18.005917789161373,14.794688754529432,0.9594733663691648,12.173097100022789
TS0330G,TS0330D+TS0330E,racdiff,rf,pressure_absolute,71,70,31,66.5368497605472,73.73513765882663,69.27754207500999,0.3203911976848964,-3.442542424115123
TS0330G,TS0330D+TS0330E,racdiff,rf,pressure_shape,71,70,31,83.54619217205166,94.31292702007624,82.9433487157525,-0.1118660034955059,-35.614347728337755
TS0330G,TS0330D+TS0330E,racdiff,rf,fusion_absolute,71,70,31,16.092393799728818,20.47628885204286,13.515283328645635,0.9475902003878476,3.499599143717088
TS0330G,TS0330D+TS0330E,racdiff,rf,fusion_shape,71,70,31,13.677576394082172,16.127636459290542,11.404640923166596,0.967487418419753,7.524822951567483
TS0330G,TS0330H+TS0330A,real_only,huber,temperature,74,0,31,82.1825449237769,182.75610055915945,40.69042551095356,-3.1749739542486037,8.475650990294767
TS0330G,TS0330H+TS0330A,real_only,huber,pressure_absolute,74,0,31,345.0647258922944,430.7436205216747,181.60371094672075,-22.192507870883137,202.68271636436617
TS0330G,TS0330H+TS0330A,real_only,huber,pressure_shape,74,0,31,109.6452365186372,140.01059845761148,67.48996523309228,-1.4503709118125276,-67.80163273953532
TS0330G,TS0330H+TS0330A,real_only,huber,fusion_absolute,74,0,31,108.72876855911576,157.1758104601343,76.98390419963101,-2.088029363425511,-39.36478652822829
TS0330G,TS0330H+TS0330A,real_only,huber,fusion_shape,74,0,31,63.8103375293334,127.16616696918398,30.48693244799631,-1.021404212905337,-2.450784243432479
TS0330G,TS0330H+TS0330A,real_only,rf,temperature,74,0,31,52.61492555385361,55.20774758193153,49.325567630417424,0.6190130833673799,-52.61492555385361
TS0330G,TS0330H+TS0330A,real_only,rf,pressure_absolute,74,0,31,44.78763208133483,57.53277634825912,38.6076064970369,0.5862474638539275,-28.926637946361662
TS0330G,TS0330H+TS0330A,real_only,rf,pressure_shape,74,0,31,112.08516135211828,125.1058661048388,118.36020498804312,-0.9564346782104411,9.55829145591956
TS0330G,TS0330H+TS0330A,real_only,rf,fusion_absolute,74,0,31,48.63594143123183,53.36451365287712,52.97754552102111,0.6440285923326253,-48.63594143123183
TS0330G,TS0330H+TS0330A,real_only,rf,fusion_shape,74,0,31,42.292119080123335,47.3498819639469,44.44498189275396,0.7197485902678422,-42.292119080123335
TS0330G,TS0330H+TS0330A,classical_anchor_matched,huber,temperature,74,26,31,46.18850143200806,48.786237400569945,44.60879973679096,0.702487885894551,-35.095869390970414
TS0330G,TS0330H+TS0330A,classical_anchor_matched,huber,pressure_absolute,74,26,31,117.47653356434569,151.88970736277497,89.75510446537766,-1.8838103435650015,-63.12100772623408
TS0330G,TS0330H+TS0330A,classical_anchor_matched,huber,pressure_shape,74,26,31,121.97662623248704,154.15417103084854,80.6552420373144,-1.9704384972917364,-59.52313573631705
TS0330G,TS0330H+TS0330A,classical_anchor_matched,huber,fusion_absolute,74,26,31,85.18820320154883,92.61386894535852,79.74465358181664,-0.0721660690188756,-56.98844386451581
TS0330G,TS0330H+TS0330A,classical_anchor_matched,huber,fusion_shape,74,26,31,98.247961286342,230.4467675907951,35.092844378060306,-5.638213955932481,15.696867493228073
TS0330G,TS0330H+TS0330A,classical_anchor_matched,rf,temperature,74,26,31,50.70761112733277,56.34563060664526,61.95539200506568,0.6031462467559969,-50.70761112733277
TS0330G,TS0330H+TS0330A,classical_anchor_matched,rf,pressure_absolute,74,26,31,48.83411718781369,62.67657647943528,41.11452538212018,0.5089558547702422,-30.36094944015304
TS0330G,TS0330H+TS0330A,classical_anchor_matched,rf,pressure_shape,74,26,31,115.54261411447416,129.91753531684105,128.68471934829392,-1.1098207063105583,8.910063644929782
TS0330G,TS0330H+TS0330A,classical_anchor_matched,rf,fusion_absolute,74,26,31,51.90275496559683,55.45144781408679,53.45055971080063,0.6156421244827346,-51.90275496559683
TS0330G,TS0330H+TS0330A,classical_anchor_matched,rf,fusion_shape,74,26,31,45.38243158838766,49.63992767805876,50.77399099538769,0.6919847035790789,-45.38243158838766
TS0330G,TS0330H+TS0330A,racdiff,huber,temperature,74,26,31,45.21736932707921,48.00865575901408,46.111761249807046,0.7118961271989712,-45.21736932707921
TS0330G,TS0330H+TS0330A,racdiff,huber,pressure_absolute,74,26,31,129.91514726889085,170.3335795135892,84.84046801542524,-2.6266909673339467,-86.38508354976756
TS0330G,TS0330H+TS0330A,racdiff,huber,pressure_shape,74,26,31,106.1972002689664,138.0592970930802,61.75526272396371,-1.3825461423200225,-64.07957973805406
TS0330G,TS0330H+TS0330A,racdiff,huber,fusion_absolute,74,26,31,72.86619227653004,73.75432909797992,76.3537962629639,0.320037380800986,-67.54867117338009
TS0330G,TS0330H+TS0330A,racdiff,huber,fusion_shape,74,26,31,40.14091240545386,42.459808435365865,36.578635816194605,0.7746455878909552,-36.61212996203997
TS0330G,TS0330H+TS0330A,racdiff,rf,temperature,74,26,31,50.057996077938654,54.21343847164638,56.07341221045528,0.6326128933685264,-50.057996077938654
TS0330G,TS0330H+TS0330A,racdiff,rf,pressure_absolute,74,26,31,54.35782703269542,67.35290197989403,49.92051571568982,0.4329483355253974,-45.604810324324085
TS0330G,TS0330H+TS0330A,racdiff,rf,pressure_shape,74,26,31,115.7595654224691,129.05952476409936,122.92933200909,-1.0820450755489923,3.909309334307675
TS0330G,TS0330H+TS0330A,racdiff,rf,fusion_absolute,74,26,31,55.60189541026224,58.03119644490388,60.30603380077497,0.5790475381846577,-55.60189541026224
TS0330G,TS0330H+TS0330A,racdiff,rf,fusion_shape,74,26,31,44.935088244045694,48.09686350089347,45.76177986912632,0.7108364708653265,-44.935088244045694
TS0330H,TS0330A+TS0330B,real_only,huber,temperature,79,0,33,81.94760622486409,86.33001053490439,72.35669193231564,0.1779921036961443,81.94760622486409
TS0330H,TS0330A+TS0330B,real_only,huber,pressure_absolute,79,0,33,298.4929504077623,345.31856091514857,365.7788916834527,-12.152013510981018,298.4929504077623
TS0330H,TS0330A+TS0330B,real_only,huber,pressure_shape,79,0,33,181.31624377054405,201.9225335543386,184.7648697464064,-3.4969905521522087,180.38204221101597
TS0330H,TS0330A+TS0330B,real_only,huber,fusion_absolute,79,0,33,414.3206422738713,414.552711833389,417.6573981536884,-17.954482100699693,414.3206422738713
TS0330H,TS0330A+TS0330B,real_only,huber,fusion_shape,79,0,33,119.93780517976256,134.41503941592475,137.92375302443477,-0.9927284860772824,119.93780517976256
TS0330H,TS0330A+TS0330B,real_only,rf,temperature,79,0,33,93.2139474503472,94.92736970680544,87.01907520997122,0.0061169217163372,93.2139474503472
TS0330H,TS0330A+TS0330B,real_only,rf,pressure_absolute,79,0,33,100.02227512542667,124.3476739915034,74.58801685078305,-0.7054057912626603,48.000096540114406
TS0330H,TS0330A+TS0330B,real_only,rf,pressure_shape,79,0,33,148.30544029073317,195.3974766690383,80.11509772418458,-3.2110490846001625,147.49081471710184
TS0330H,TS0330A+TS0330B,real_only,rf,fusion_absolute,79,0,33,93.70970807216705,94.43932301128642,92.49509533685456,0.0163102819512251,93.70970807216705
TS0330H,TS0330A+TS0330B,real_only,rf,fusion_shape,79,0,33,94.5406700696136,95.83443807026872,89.86066377480978,-0.0129677129624847,94.5406700696136
TS0330H,TS0330A+TS0330B,classical_anchor_matched,huber,temperature,79,79,33,83.25566087788243,85.88163379820988,80.73979651408285,0.1865085416554129,83.25566087788243
TS0330H,TS0330A+TS0330B,classical_anchor_matched,huber,pressure_absolute,79,79,33,131.73874772625425,170.98097128583768,80.61287328115213,-2.224392937973785,123.04765013888978
TS0330H,TS0330A+TS0330B,classical_anchor_matched,huber,pressure_shape,79,79,33,189.69125466908557,237.8645922017099,152.85501016029866,-5.24039384484085,187.58376129390157
TS0330H,TS0330A+TS0330B,classical_anchor_matched,huber,fusion_absolute,79,79,33,351.6065716622356,351.7096880235782,351.0246123310242,-12.643351377856066,351.6065716622356
TS0330H,TS0330A+TS0330B,classical_anchor_matched,huber,fusion_shape,79,79,33,102.31500057934038,108.74409889981658,114.15593360558567,-0.3042588712427643,102.31500057934038
TS0330H,TS0330A+TS0330B,classical_anchor_matched,rf,temperature,79,79,33,92.2562420621043,94.9699129176859,91.59899766801936,0.005225873066932,92.2562420621043
TS0330H,TS0330A+TS0330B,classical_anchor_matched,rf,pressure_absolute,79,79,33,152.85177252508348,187.90206392686247,109.73904471292605,-2.894175342212832,79.95169902142307
TS0330H,TS0330A+TS0330B,classical_anchor_matched,rf,pressure_shape,79,79,33,136.94310582661572,182.3216580234892,69.93161752430666,-2.666307818035365,135.0976947618427
TS0330H,TS0330A+TS0330B,classical_anchor_matched,rf,fusion_absolute,79,79,33,95.72195636712034,97.56084751287614,99.4066579395908,-0.0497926563098569,95.72195636712034
TS0330H,TS0330A+TS0330B,classical_anchor_matched,rf,fusion_shape,79,79,33,93.67178533978124,95.20662719806764,92.25322714128606,0.0002607067302334,93.67178533978124
TS0330H,TS0330A+TS0330B,racdiff,huber,temperature,79,79,33,93.5557558548462,93.99766041332552,95.27204096831316,0.0254895735776944,93.5557558548462
TS0330H,TS0330A+TS0330B,racdiff,huber,pressure_absolute,79,79,33,191.6544894652681,232.94169137055684,182.2455023643655,-4.984761537865917,191.6544894652681
TS0330H,TS0330A+TS0330B,racdiff,huber,pressure_shape,79,79,33,177.7955966754922,223.18574671518115,130.29163699299556,-4.493957725689995,177.7955966754922
TS0330H,TS0330A+TS0330B,racdiff,huber,fusion_absolute,79,79,33,365.1494668951083,365.73953606794,366.0965163535502,-13.753539404424956,365.1494668951083
TS0330H,TS0330A+TS0330B,racdiff,huber,fusion_shape,79,79,33,96.05585565787148,96.54567187316664,95.2189608969361,-0.028058954129366,96.05585565787148
TS0330H,TS0330A+TS0330B,racdiff,rf,temperature,79,79,33,90.18358911061875,92.15931398101458,94.03192801455606,0.0632345423132554,90.18358911061875
TS0330H,TS0330A+TS0330B,racdiff,rf,pressure_absolute,79,79,33,142.55005322414578,191.64880840355343,66.7328989633566,-3.05102243427159,117.16056730211636
TS0330H,TS0330A+TS0330B,racdiff,rf,pressure_shape,79,79,33,143.19323574395543,185.13634851553,81.2956336961941,-2.780382892875161,141.5146740532855
TS0330H,TS0330A+TS0330B,racdiff,rf,fusion_absolute,79,79,33,95.4476842249698,97.1004106894022,104.45986575772696,-0.0399070803657408,95.4476842249698
TS0330H,TS0330A+TS0330B,racdiff,rf,fusion_shape,79,79,33,92.60651348796024,94.43537461465256,95.92120725789572,0.0163925340439976,92.60651348796024
TS0330H,TS0330C+TS0330D,real_only,huber,temperature,65,0,33,128.5059296722366,135.85306608202623,115.28214405961212,-1.0355946024328553,128.5059296722366
TS0330H,TS0330C+TS0330D,real_only,huber,pressure_absolute,65,0,33,46.81768397488074,65.18483222284904,32.56177694774141,0.5313533620967714,2.212253225752011
TS0330H,TS0330C+TS0330D,real_only,huber,pressure_shape,65,0,33,120.85715287840765,126.9307062617821,116.34309395614532,-0.7769933178601209,85.02521300101645
TS0330H,TS0330C+TS0330D,real_only,huber,fusion_absolute,65,0,33,77.42218670093402,77.81719301346128,76.89354472145055,0.3321121795455317,-77.42218670093402
TS0330H,TS0330C+TS0330D,real_only,huber,fusion_shape,65,0,33,98.25683399330146,99.37673059965992,97.1081270171082,-0.0892355598974194,98.25683399330146
TS0330H,TS0330C+TS0330D,real_only,rf,temperature,65,0,33,113.01681184082014,114.20548323987302,118.3192556188916,-0.438554477787842,113.01681184082014
TS0330H,TS0330C+TS0330D,real_only,rf,pressure_absolute,65,0,33,90.15441078564665,107.28573258077546,85.83035988318204,-0.2695106359015287,51.64434456948619
TS0330H,TS0330C+TS0330D,real_only,rf,pressure_shape,65,0,33,102.21210930451625,120.37665079567508,93.42694261161222,-0.5982212966704077,83.21170141220708
TS0330H,TS0330C+TS0330D,real_only,rf,fusion_absolute,65,0,33,102.12201814883171,105.88433721211705,109.85585843362873,-0.236561858300232,102.12201814883171
TS0330H,TS0330C+TS0330D,real_only,rf,fusion_shape,65,0,33,108.33100002001532,109.49639882572376,111.51715433677408,-0.322367216411177,108.33100002001532
TS0330H,TS0330C+TS0330D,classical_anchor_matched,huber,temperature,65,65,33,123.9754391369685,126.5820425420174,120.8266775635019,-0.7672443426718494,123.9754391369685
TS0330H,TS0330C+TS0330D,classical_anchor_matched,huber,pressure_absolute,65,65,33,185.3849836385104,210.38466559977772,177.48642641003696,-3.881806549039244,-185.3849836385104
TS0330H,TS0330C+TS0330D,classical_anchor_matched,huber,pressure_shape,65,65,33,102.27305360992167,123.37845501803442,98.58399089120088,-0.6789240751645189,76.60301254460312
TS0330H,TS0330C+TS0330D,classical_anchor_matched,huber,fusion_absolute,65,65,33,67.32488724461606,67.74899686282292,68.04644494296775,0.4937580388636711,-67.32488724461606
TS0330H,TS0330C+TS0330D,classical_anchor_matched,huber,fusion_shape,65,65,33,91.4068815374105,93.74591757414116,98.66375497894104,0.030702416251041,91.4068815374105
TS0330H,TS0330C+TS0330D,classical_anchor_matched,rf,temperature,65,65,33,117.32309469517809,118.30578995699376,122.7761004573714,-0.5437053212204612,117.32309469517809
TS0330H,TS0330C+TS0330D,classical_anchor_matched,rf,pressure_absolute,65,65,33,87.87454280006946,98.2697030824195,81.46912206190746,-0.0651031996288475,-0.8425675439358566
TS0330H,TS0330C+TS0330D,classical_anchor_matched,rf,pressure_shape,65,65,33,94.57816899839123,111.44524276815837,72.93589911877086,-0.3698577491712016,79.4413442821621
TS0330H,TS0330C+TS0330D,classical_anchor_matched,rf,fusion_absolute,65,65,33,93.05871523277408,97.2353857752724,101.86671776282036,-0.0428001495450303,93.05871523277408
TS0330H,TS0330C+TS0330D,classical_anchor_matched,rf,fusion_shape,65,65,33,110.13462834855282,111.18838575052048,114.2511033045286,-0.3635505782276544,110.13462834855282
TS0330H,TS0330C+TS0330D,racdiff,huber,temperature,65,65,33,114.01450902792128,114.7576048025093,111.0677104781251,-0.4524973608155032,114.01450902792128
TS0330H,TS0330C+TS0330D,racdiff,huber,pressure_absolute,65,65,33,129.3457991429338,153.41526624677454,143.440138274501,-1.5959095601061732,-115.12501531730416
TS0330H,TS0330C+TS0330D,racdiff,huber,pressure_shape,65,65,33,98.62178620004116,114.67968369176778,83.8263662869457,-0.4505255214263082,79.23204875597548
TS0330H,TS0330C+TS0330D,racdiff,huber,fusion_absolute,65,65,33,66.43744211158227,67.13776263749614,69.45766877420976,0.5028515036012635,-66.43744211158227
TS0330H,TS0330C+TS0330D,racdiff,huber,fusion_shape,65,65,33,93.89388339408436,95.38358296835672,96.29841082816893,-0.0034590772483162,93.89388339408436
TS0330H,TS0330C+TS0330D,racdiff,rf,temperature,65,65,33,119.2416203826826,119.98360041389245,123.1360630644068,-0.5878014033338534,119.2416203826826
TS0330H,TS0330C+TS0330D,racdiff,rf,pressure_absolute,65,65,33,85.64772393145884,99.01989274747277,79.00167421593159,-0.0814272400525162,23.785982088881383
TS0330H,TS0330C+TS0330D,racdiff,rf,pressure_shape,65,65,33,91.62943135971196,109.76677420774382,78.06669734210539,-0.3289058235206186,77.2573254694544
TS0330H,TS0330C+TS0330D,racdiff,rf,fusion_absolute,65,65,33,103.0603392956028,104.9674440834066,110.39908915360591,-0.215238854021954,103.0603392956028
TS0330H,TS0330C+TS0330D,racdiff,rf,fusion_shape,65,65,33,113.00675766926024,113.71225774550794,116.50868963005138,-0.4261557806932108,113.00675766926024
TS0330H,TS0330E+TS0330F,real_only,huber,temperature,72,0,33,35.33648642659833,38.20274863369446,33.69368570239283,0.8390312307693237,35.33648642659833
TS0330H,TS0330E+TS0330F,real_only,huber,pressure_absolute,72,0,33,116.72772683150514,134.85160978473095,135.31177524616527,-1.0056939846953823,62.77599943543812
TS0330H,TS0330E+TS0330F,real_only,huber,pressure_shape,72,0,33,136.01288658890724,182.1602979227127,107.32707843500162,-2.659821106413168,-93.09572756136022
TS0330H,TS0330E+TS0330F,real_only,huber,fusion_absolute,72,0,33,60.19951770068938,63.06511167810734,55.13499990194023,0.561337267189027,60.19951770068938
TS0330H,TS0330E+TS0330F,real_only,huber,fusion_shape,72,0,33,43.598765357183794,46.11692096521698,41.99485377219799,0.7654297078556394,43.598765357183794
TS0330H,TS0330E+TS0330F,real_only,rf,temperature,72,0,33,43.4544818478696,44.42387728579133,44.47435543470471,0.7823366428765293,43.4544818478696
TS0330H,TS0330E+TS0330F,real_only,rf,pressure_absolute,72,0,33,74.901625114709,85.00623477977118,83.02308474425769,0.2030080001072449,24.389841551298503
TS0330H,TS0330E+TS0330F,real_only,rf,pressure_shape,72,0,33,76.25333340135116,87.0249454521965,76.69315930456679,0.1647049243433642,6.087901831807741
TS0330H,TS0330E+TS0330F,real_only,rf,fusion_absolute,72,0,33,47.70161537331937,48.8849418657682,49.12432358231638,0.7364259755667404,47.70161537331937
TS0330H,TS0330E+TS0330F,real_only,rf,fusion_shape,72,0,33,44.84398654167954,45.72707426306374,44.88394024424804,0.7693787978760966,44.84398654167954
TS0330H,TS0330E+TS0330F,classical_anchor_matched,huber,temperature,72,6,33,34.982550493691456,37.58177076559207,33.20057675491279,0.8442217287265057,34.982550493691456
TS0330H,TS0330E+TS0330F,classical_anchor_matched,huber,pressure_absolute,72,6,33,198.99166083639724,279.8176311532555,147.1183461647422,-7.635799546505565,-129.361674570169
TS0330H,TS0330E+TS0330F,classical_anchor_matched,huber,pressure_shape,72,6,33,122.16469360363696,167.4190085704437,91.57998937716312,-2.0914479101218704,-86.26393524755723
TS0330H,TS0330E+TS0330F,classical_anchor_matched,huber,fusion_absolute,72,6,33,63.08542413230212,65.90293332186403,57.16368001482198,0.5209709047938234,63.08542413230212
TS0330H,TS0330E+TS0330F,classical_anchor_matched,huber,fusion_shape,72,6,33,45.39946515894479,47.52468375513314,43.66585907514644,0.7508901657038721,45.39946515894479
TS0330H,TS0330E+TS0330F,classical_anchor_matched,rf,temperature,72,6,33,44.35780746302399,45.309198000193405,44.4810211475953,0.7735745958578479,44.35780746302399
TS0330H,TS0330E+TS0330F,classical_anchor_matched,rf,pressure_absolute,72,6,33,79.20230056754868,91.37347124079096,77.65619001881583,0.0791420339063128,-6.694471609195478
TS0330H,TS0330E+TS0330F,classical_anchor_matched,rf,pressure_shape,72,6,33,86.51906089985516,99.99080908688136,94.4814730099717,-0.1027385744046374,0.0150999428164637
TS0330H,TS0330E+TS0330F,classical_anchor_matched,rf,fusion_absolute,72,6,33,48.16297605525466,49.17576040887116,48.352274579905554,0.7332806218259809,48.16297605525466
TS0330H,TS0330E+TS0330F,classical_anchor_matched,rf,fusion_shape,72,6,33,46.26458969933501,47.0792903438865,44.88627117441746,0.7555375177278283,46.26458969933501
TS0330H,TS0330E+TS0330F,racdiff,huber,temperature,72,6,33,35.70951076840595,37.71476334474768,34.03485988980083,0.8431172565080415,35.70951076840595
TS0330H,TS0330E+TS0330F,racdiff,huber,pressure_absolute,72,6,33,142.19048011188318,212.41688431563895,104.1674864568572,-3.976574047967662,-96.92287539200304
TS0330H,TS0330E+TS0330F,racdiff,huber,pressure_shape,72,6,33,145.00000587908704,194.5439543427837,101.11283270865812,-3.174340582062725,-88.82151707475022
TS0330H,TS0330E+TS0330F,racdiff,huber,fusion_absolute,72,6,33,63.89642823140768,66.9578640390316,57.52301451349149,0.5055121967772511,63.89642823140768
TS0330H,TS0330E+TS0330F,racdiff,huber,fusion_shape,72,6,33,44.2805936092572,46.77974585533972,42.842974082138426,0.758638432465871,44.2805936092572
TS0330H,TS0330E+TS0330F,racdiff,rf,temperature,72,6,33,43.12118551361696,44.30766206933825,44.422059251298094,0.783473990993654,43.12118551361696
TS0330H,TS0330E+TS0330F,racdiff,rf,pressure_absolute,72,6,33,79.77008076052186,92.24600837332578,78.52956964621774,0.0614712802652027,-8.656030642530233
TS0330H,TS0330E+TS0330F,racdiff,rf,pressure_shape,72,6,33,81.30912087499438,91.3527401682811,99.14936565732704,0.0795598402426186,5.4412049800277575
TS0330H,TS0330E+TS0330F,racdiff,rf,fusion_absolute,72,6,33,47.00798135652113,48.336113594648666,48.09594294171177,0.7423110127038848,47.00798135652113
TS0330H,TS0330E+TS0330F,racdiff,rf,fusion_shape,72,6,33,44.42769607581386,45.37625991152592,44.41471139702497,0.7729038376757555,44.42769607581386
