heldout,validation,model,seed,index,tau_true_s,tau_pred_s
TS0330A,TS0330B,cnn,2026,0,599.89,600.0
TS0330A,TS0330B,cnn,2026,1,589.89,600.0
TS0330A,TS0330B,cnn,2026,2,579.89,600.0
TS0330A,TS0330B,cnn,2026,3,569.89,600.0
TS0330A,TS0330B,cnn,2026,4,559.89,600.0
TS0330A,TS0330B,cnn,2026,5,549.89,600.0
TS0330A,TS0330B,cnn,2026,6,539.89,600.0
TS0330A,TS0330B,cnn,2026,7,529.89,600.0
TS0330A,TS0330B,cnn,2026,8,519.89,600.0
TS0330A,TS0330B,cnn,2026,9,509.89,600.0
TS0330A,TS0330B,cnn,2026,10,499.89,600.0
TS0330A,TS0330B,cnn,2026,11,489.89,600.0
TS0330A,TS0330B,cnn,2026,12,479.89,597.96044921875
TS0330A,TS0330B,cnn,2026,13,469.89,580.7123413085938
TS0330A,TS0330B,cnn,2026,14,459.89,564.0880126953125
TS0330A,TS0330B,cnn,2026,15,449.89,548.2951049804688
TS0330A,TS0330B,cnn,2026,16,439.89,533.435791015625
TS0330A,TS0330B,cnn,2026,17,429.89,519.4717407226562
TS0330A,TS0330B,cnn,2026,18,419.89,506.4151306152344
TS0330A,TS0330B,cnn,2026,19,409.89,494.3967895507813
TS0330A,TS0330B,cnn,2026,20,399.89,483.1976623535156
TS0330A,TS0330B,cnn,2026,21,389.89,472.75
TS0330A,TS0330B,cnn,2026,22,379.89,462.9944458007813
TS0330A,TS0330B,cnn,2026,23,369.89,453.9983825683594
TS0330A,TS0330B,cnn,2026,24,359.89,445.4524536132813
TS0330A,TS0330B,cnn,2026,25,349.89,437.36907958984375
TS0330A,TS0330B,cnn,2026,26,339.89,429.6193542480469
TS0330A,TS0330B,cnn,2026,27,329.89,422.3370666503906
TS0330A,TS0330B,cnn,2026,28,319.89,415.4873046875
TS0330A,TS0330B,cnn,2026,29,309.89,408.9958190917969
TS0330A,TS0330B,cnn,2026,30,299.89,402.69769287109375
TS0330A,TS0330B,cnn,2026,31,289.89,396.7028198242188
TS0330A,TS0330B,cnn,2026,32,279.89,390.8623046875
TS0330A,TS0330B,cnn,2026,33,269.89,385.2314147949219
TS0330A,TS0330B,cnn,2026,34,259.89,380.07366943359375
TS0330A,TS0330B,cnn,2026,35,249.89,375.1756286621094
TS0330A,TS0330B,cnn,2026,36,239.89,370.55322265625
TS0330A,TS0330B,cnn,2026,37,229.89,365.89501953125
TS0330A,TS0330B,cnn,2026,38,219.89,361.4482727050781
TS0330A,TS0330B,cnn,2026,39,209.89,357.00506591796875
TS0330A,TS0330B,cnn,2026,40,199.89,352.4568176269531
TS0330A,TS0330B,cnn,2027,0,599.89,600.0
TS0330A,TS0330B,cnn,2027,1,589.89,600.0
TS0330A,TS0330B,cnn,2027,2,579.89,600.0
TS0330A,TS0330B,cnn,2027,3,569.89,600.0
TS0330A,TS0330B,cnn,2027,4,559.89,600.0
TS0330A,TS0330B,cnn,2027,5,549.89,600.0
TS0330A,TS0330B,cnn,2027,6,539.89,600.0
TS0330A,TS0330B,cnn,2027,7,529.89,600.0
TS0330A,TS0330B,cnn,2027,8,519.89,600.0
TS0330A,TS0330B,cnn,2027,9,509.89,600.0
TS0330A,TS0330B,cnn,2027,10,499.89,600.0
TS0330A,TS0330B,cnn,2027,11,489.89,600.0
TS0330A,TS0330B,cnn,2027,12,479.89,600.0
TS0330A,TS0330B,cnn,2027,13,469.89,600.0
TS0330A,TS0330B,cnn,2027,14,459.89,600.0
TS0330A,TS0330B,cnn,2027,15,449.89,600.0
TS0330A,TS0330B,cnn,2027,16,439.89,600.0
TS0330A,TS0330B,cnn,2027,17,429.89,593.8837890625
TS0330A,TS0330B,cnn,2027,18,419.89,577.1058959960938
TS0330A,TS0330B,cnn,2027,19,409.89,561.7899780273438
TS0330A,TS0330B,cnn,2027,20,399.89,547.7592163085938
TS0330A,TS0330B,cnn,2027,21,389.89,534.9293823242188
TS0330A,TS0330B,cnn,2027,22,379.89,523.3067626953125
TS0330A,TS0330B,cnn,2027,23,369.89,512.9129638671875
TS0330A,TS0330B,cnn,2027,24,359.89,503.40765380859375
TS0330A,TS0330B,cnn,2027,25,349.89,494.8472290039063
TS0330A,TS0330B,cnn,2027,26,339.89,487.0612182617188
TS0330A,TS0330B,cnn,2027,27,329.89,480.1106567382813
TS0330A,TS0330B,cnn,2027,28,319.89,473.8698425292969
TS0330A,TS0330B,cnn,2027,29,309.89,468.25482177734375
TS0330A,TS0330B,cnn,2027,30,299.89,463.1405944824219
TS0330A,TS0330B,cnn,2027,31,289.89,458.4933776855469
TS0330A,TS0330B,cnn,2027,32,279.89,454.1626892089844
TS0330A,TS0330B,cnn,2027,33,269.89,450.22064208984375
TS0330A,TS0330B,cnn,2027,34,259.89,446.7256774902344
TS0330A,TS0330B,cnn,2027,35,249.89,443.4691467285156
TS0330A,TS0330B,cnn,2027,36,239.89,440.51019287109375
TS0330A,TS0330B,cnn,2027,37,229.89,437.6837463378906
TS0330A,TS0330B,cnn,2027,38,219.89,435.1466674804688
TS0330A,TS0330B,cnn,2027,39,209.89,432.7213439941406
TS0330A,TS0330B,cnn,2027,40,199.89,430.3400268554688
TS0330A,TS0330B,cnn,2028,0,599.89,600.0
TS0330A,TS0330B,cnn,2028,1,589.89,600.0
TS0330A,TS0330B,cnn,2028,2,579.89,600.0
TS0330A,TS0330B,cnn,2028,3,569.89,600.0
TS0330A,TS0330B,cnn,2028,4,559.89,600.0
TS0330A,TS0330B,cnn,2028,5,549.89,600.0
TS0330A,TS0330B,cnn,2028,6,539.89,600.0
TS0330A,TS0330B,cnn,2028,7,529.89,600.0
TS0330A,TS0330B,cnn,2028,8,519.89,600.0
TS0330A,TS0330B,cnn,2028,9,509.89,600.0
TS0330A,TS0330B,cnn,2028,10,499.89,593.8186645507812
TS0330A,TS0330B,cnn,2028,11,489.89,581.56298828125
TS0330A,TS0330B,cnn,2028,12,479.89,569.3729248046875
TS0330A,TS0330B,cnn,2028,13,469.89,557.4882202148438
TS0330A,TS0330B,cnn,2028,14,459.89,545.8543090820312
TS0330A,TS0330B,cnn,2028,15,449.89,534.59521484375
TS0330A,TS0330B,cnn,2028,16,439.89,523.7456665039062
TS0330A,TS0330B,cnn,2028,17,429.89,513.3038940429688
TS0330A,TS0330B,cnn,2028,18,419.89,503.2657775878906
TS0330A,TS0330B,cnn,2028,19,409.89,493.8441467285156
TS0330A,TS0330B,cnn,2028,20,399.89,484.82330322265625
TS0330A,TS0330B,cnn,2028,21,389.89,476.3659362792969
TS0330A,TS0330B,cnn,2028,22,379.89,468.35009765625
TS0330A,TS0330B,cnn,2028,23,369.89,460.9352111816406
TS0330A,TS0330B,cnn,2028,24,359.89,454.0353088378906
TS0330A,TS0330B,cnn,2028,25,349.89,447.5160217285156
TS0330A,TS0330B,cnn,2028,26,339.89,441.3724365234375
TS0330A,TS0330B,cnn,2028,27,329.89,435.6583251953125
TS0330A,TS0330B,cnn,2028,28,319.89,430.38482666015625
TS0330A,TS0330B,cnn,2028,29,309.89,425.5598449707031
TS0330A,TS0330B,cnn,2028,30,299.89,421.02288818359375
TS0330A,TS0330B,cnn,2028,31,289.89,416.7251892089844
TS0330A,TS0330B,cnn,2028,32,279.89,412.734130859375
TS0330A,TS0330B,cnn,2028,33,269.89,408.8561706542969
TS0330A,TS0330B,cnn,2028,34,259.89,405.3768005371094
TS0330A,TS0330B,cnn,2028,35,249.89,402.127197265625
TS0330A,TS0330B,cnn,2028,36,239.89,399.142822265625
TS0330A,TS0330B,cnn,2028,37,229.89,396.1867065429688
TS0330A,TS0330B,cnn,2028,38,219.89,393.4371948242188
TS0330A,TS0330B,cnn,2028,39,209.89,390.7471923828125
TS0330A,TS0330B,cnn,2028,40,199.89,388.0714111328125
TS0330A,TS0330B,lstm,2026,0,599.89,600.0
TS0330A,TS0330B,lstm,2026,1,589.89,600.0
TS0330A,TS0330B,lstm,2026,2,579.89,600.0
TS0330A,TS0330B,lstm,2026,3,569.89,600.0
TS0330A,TS0330B,lstm,2026,4,559.89,600.0
TS0330A,TS0330B,lstm,2026,5,549.89,600.0
TS0330A,TS0330B,lstm,2026,6,539.89,594.7219848632812
TS0330A,TS0330B,lstm,2026,7,529.89,584.5036010742188
TS0330A,TS0330B,lstm,2026,8,519.89,574.5503540039062
TS0330A,TS0330B,lstm,2026,9,509.89,564.5536499023438
TS0330A,TS0330B,lstm,2026,10,499.89,554.4600219726562
TS0330A,TS0330B,lstm,2026,11,489.89,544.3468627929688
TS0330A,TS0330B,lstm,2026,12,479.89,534.5682373046875
TS0330A,TS0330B,lstm,2026,13,469.89,525.0889282226562
TS0330A,TS0330B,lstm,2026,14,459.89,515.638427734375
TS0330A,TS0330B,lstm,2026,15,449.89,506.7427368164063
TS0330A,TS0330B,lstm,2026,16,439.89,498.5319519042969
TS0330A,TS0330B,lstm,2026,17,429.89,489.99560546875
TS0330A,TS0330B,lstm,2026,18,419.89,481.8538513183594
TS0330A,TS0330B,lstm,2026,19,409.89,474.95513916015625
TS0330A,TS0330B,lstm,2026,20,399.89,468.500732421875
TS0330A,TS0330B,lstm,2026,21,389.89,462.129150390625
TS0330A,TS0330B,lstm,2026,22,379.89,456.53271484375
TS0330A,TS0330B,lstm,2026,23,369.89,452.2293701171875
TS0330A,TS0330B,lstm,2026,24,359.89,446.5141906738281
TS0330A,TS0330B,lstm,2026,25,349.89,441.3592224121094
TS0330A,TS0330B,lstm,2026,26,339.89,435.59130859375
TS0330A,TS0330B,lstm,2026,27,329.89,431.58795166015625
TS0330A,TS0330B,lstm,2026,28,319.89,428.149658203125
TS0330A,TS0330B,lstm,2026,29,309.89,423.6537780761719
TS0330A,TS0330B,lstm,2026,30,299.89,418.8257141113281
TS0330A,TS0330B,lstm,2026,31,289.89,415.39556884765625
TS0330A,TS0330B,lstm,2026,32,279.89,411.34771728515625
TS0330A,TS0330B,lstm,2026,33,269.89,407.6916809082031
TS0330A,TS0330B,lstm,2026,34,259.89,406.92486572265625
TS0330A,TS0330B,lstm,2026,35,249.89,405.4931335449219
TS0330A,TS0330B,lstm,2026,36,239.89,402.4923706054688
TS0330A,TS0330B,lstm,2026,37,229.89,397.9256591796875
TS0330A,TS0330B,lstm,2026,38,219.89,394.441162109375
TS0330A,TS0330B,lstm,2026,39,209.89,391.2052612304688
TS0330A,TS0330B,lstm,2026,40,199.89,387.1555480957031
TS0330A,TS0330B,lstm,2027,0,599.89,600.0
TS0330A,TS0330B,lstm,2027,1,589.89,600.0
TS0330A,TS0330B,lstm,2027,2,579.89,600.0
TS0330A,TS0330B,lstm,2027,3,569.89,600.0
TS0330A,TS0330B,lstm,2027,4,559.89,600.0
TS0330A,TS0330B,lstm,2027,5,549.89,600.0
TS0330A,TS0330B,lstm,2027,6,539.89,600.0
TS0330A,TS0330B,lstm,2027,7,529.89,600.0
TS0330A,TS0330B,lstm,2027,8,519.89,600.0
TS0330A,TS0330B,lstm,2027,9,509.89,600.0
TS0330A,TS0330B,lstm,2027,10,499.89,585.8482666015625
TS0330A,TS0330B,lstm,2027,11,489.89,570.5020141601562
TS0330A,TS0330B,lstm,2027,12,479.89,555.9942016601562
TS0330A,TS0330B,lstm,2027,13,469.89,541.9146118164062
TS0330A,TS0330B,lstm,2027,14,459.89,528.0462646484375
TS0330A,TS0330B,lstm,2027,15,449.89,515.1747436523438
TS0330A,TS0330B,lstm,2027,16,439.89,503.5379028320313
TS0330A,TS0330B,lstm,2027,17,429.89,491.3089599609375
TS0330A,TS0330B,lstm,2027,18,419.89,479.9335632324219
TS0330A,TS0330B,lstm,2027,19,409.89,470.2671203613281
TS0330A,TS0330B,lstm,2027,20,399.89,461.5506591796875
TS0330A,TS0330B,lstm,2027,21,389.89,452.6451110839844
TS0330A,TS0330B,lstm,2027,22,379.89,445.2847595214844
TS0330A,TS0330B,lstm,2027,23,369.89,439.5963439941406
TS0330A,TS0330B,lstm,2027,24,359.89,431.6790771484375
TS0330A,TS0330B,lstm,2027,25,349.89,424.9576110839844
TS0330A,TS0330B,lstm,2027,26,339.89,417.380859375
TS0330A,TS0330B,lstm,2027,27,329.89,412.4146423339844
TS0330A,TS0330B,lstm,2027,28,319.89,408.046875
TS0330A,TS0330B,lstm,2027,29,309.89,402.0438232421875
TS0330A,TS0330B,lstm,2027,30,299.89,396.0866088867188
TS0330A,TS0330B,lstm,2027,31,289.89,391.9482727050781
TS0330A,TS0330B,lstm,2027,32,279.89,386.7649536132813
TS0330A,TS0330B,lstm,2027,33,269.89,382.5805358886719
TS0330A,TS0330B,lstm,2027,34,259.89,381.9581604003906
TS0330A,TS0330B,lstm,2027,35,249.89,380.0495300292969
TS0330A,TS0330B,lstm,2027,36,239.89,376.0952758789063
TS0330A,TS0330B,lstm,2027,37,229.89,370.542236328125
TS0330A,TS0330B,lstm,2027,38,219.89,366.5454711914063
TS0330A,TS0330B,lstm,2027,39,209.89,362.7561340332031
TS0330A,TS0330B,lstm,2027,40,199.89,357.7882995605469
TS0330A,TS0330B,lstm,2028,0,599.89,600.0
TS0330A,TS0330B,lstm,2028,1,589.89,600.0
TS0330A,TS0330B,lstm,2028,2,579.89,600.0
TS0330A,TS0330B,lstm,2028,3,569.89,600.0
TS0330A,TS0330B,lstm,2028,4,559.89,599.5960083007812
TS0330A,TS0330B,lstm,2028,5,549.89,592.6172485351562
TS0330A,TS0330B,lstm,2028,6,539.89,585.1303100585938
TS0330A,TS0330B,lstm,2028,7,529.89,576.8638305664062
TS0330A,TS0330B,lstm,2028,8,519.89,568.7584228515625
TS0330A,TS0330B,lstm,2028,9,509.89,560.365234375
TS0330A,TS0330B,lstm,2028,10,499.89,551.56591796875
TS0330A,TS0330B,lstm,2028,11,489.89,542.3560180664062
TS0330A,TS0330B,lstm,2028,12,479.89,533.0789184570312
TS0330A,TS0330B,lstm,2028,13,469.89,523.545654296875
TS0330A,TS0330B,lstm,2028,14,459.89,513.6010131835938
TS0330A,TS0330B,lstm,2028,15,449.89,503.8193054199219
TS0330A,TS0330B,lstm,2028,16,439.89,494.5313720703125
TS0330A,TS0330B,lstm,2028,17,429.89,484.5892333984375
TS0330A,TS0330B,lstm,2028,18,419.89,474.9760437011719
TS0330A,TS0330B,lstm,2028,19,409.89,466.5704040527344
TS0330A,TS0330B,lstm,2028,20,399.89,458.8794555664063
TS0330A,TS0330B,lstm,2028,21,389.89,451.194580078125
TS0330A,TS0330B,lstm,2028,22,379.89,444.6066589355469
TS0330A,TS0330B,lstm,2028,23,369.89,439.4850158691406
TS0330A,TS0330B,lstm,2028,24,359.89,432.8976135253906
TS0330A,TS0330B,lstm,2028,25,349.89,427.0626220703125
TS0330A,TS0330B,lstm,2028,26,339.89,420.7301025390625
TS0330A,TS0330B,lstm,2028,27,329.89,416.3640747070313
TS0330A,TS0330B,lstm,2028,28,319.89,412.69378662109375
TS0330A,TS0330B,lstm,2028,29,309.89,407.9508361816406
TS0330A,TS0330B,lstm,2028,30,299.89,403.1380920410156
TS0330A,TS0330B,lstm,2028,31,289.89,399.70263671875
TS0330A,TS0330B,lstm,2028,32,279.89,395.68646240234375
TS0330A,TS0330B,lstm,2028,33,269.89,392.3263549804688
TS0330A,TS0330B,lstm,2028,34,259.89,391.6010437011719
TS0330A,TS0330B,lstm,2028,35,249.89,390.182373046875
TS0330A,TS0330B,lstm,2028,36,239.89,387.2817687988281
TS0330A,TS0330B,lstm,2028,37,229.89,383.1352844238281
TS0330A,TS0330B,lstm,2028,38,219.89,380.01605224609375
TS0330A,TS0330B,lstm,2028,39,209.89,377.1466369628906
TS0330A,TS0330B,lstm,2028,40,199.89,373.5315856933594
TS0330A,TS0330B,gru,2026,0,599.89,600.0
TS0330A,TS0330B,gru,2026,1,589.89,600.0
TS0330A,TS0330B,gru,2026,2,579.89,600.0
TS0330A,TS0330B,gru,2026,3,569.89,600.0
TS0330A,TS0330B,gru,2026,4,559.89,600.0
TS0330A,TS0330B,gru,2026,5,549.89,600.0
TS0330A,TS0330B,gru,2026,6,539.89,600.0
TS0330A,TS0330B,gru,2026,7,529.89,600.0
TS0330A,TS0330B,gru,2026,8,519.89,600.0
TS0330A,TS0330B,gru,2026,9,509.89,598.9390258789062
TS0330A,TS0330B,gru,2026,10,499.89,582.3499755859375
TS0330A,TS0330B,gru,2026,11,489.89,565.9256591796875
TS0330A,TS0330B,gru,2026,12,479.89,550.1953125
TS0330A,TS0330B,gru,2026,13,469.89,535.0405883789062
TS0330A,TS0330B,gru,2026,14,459.89,520.0027465820312
TS0330A,TS0330B,gru,2026,15,449.89,506.0177307128906
TS0330A,TS0330B,gru,2026,16,439.89,493.18499755859375
TS0330A,TS0330B,gru,2026,17,429.89,479.6268615722656
TS0330A,TS0330B,gru,2026,18,419.89,466.8211975097656
TS0330A,TS0330B,gru,2026,19,409.89,456.0734252929688
TS0330A,TS0330B,gru,2026,20,399.89,446.0293273925781
TS0330A,TS0330B,gru,2026,21,389.89,435.9060363769531
TS0330A,TS0330B,gru,2026,22,379.89,427.2878112792969
TS0330A,TS0330B,gru,2026,23,369.89,420.7010803222656
TS0330A,TS0330B,gru,2026,24,359.89,411.3993225097656
TS0330A,TS0330B,gru,2026,25,349.89,403.4362487792969
TS0330A,TS0330B,gru,2026,26,339.89,394.2730407714844
TS0330A,TS0330B,gru,2026,27,329.89,388.3108825683594
TS0330A,TS0330B,gru,2026,28,319.89,383.0528259277344
TS0330A,TS0330B,gru,2026,29,309.89,375.8313903808594
TS0330A,TS0330B,gru,2026,30,299.89,368.3753967285156
TS0330A,TS0330B,gru,2026,31,289.89,363.2822570800781
TS0330A,TS0330B,gru,2026,32,279.89,356.88153076171875
TS0330A,TS0330B,gru,2026,33,269.89,351.4325866699219
TS0330A,TS0330B,gru,2026,34,259.89,350.7384948730469
TS0330A,TS0330B,gru,2026,35,249.89,348.3620300292969
TS0330A,TS0330B,gru,2026,36,239.89,343.37890625
TS0330A,TS0330B,gru,2026,37,229.89,336.07623291015625
TS0330A,TS0330B,gru,2026,38,219.89,330.8373718261719
TS0330A,TS0330B,gru,2026,39,209.89,325.83868408203125
TS0330A,TS0330B,gru,2026,40,199.89,319.3559265136719
TS0330A,TS0330B,gru,2027,0,599.89,600.0
TS0330A,TS0330B,gru,2027,1,589.89,600.0
TS0330A,TS0330B,gru,2027,2,579.89,600.0
TS0330A,TS0330B,gru,2027,3,569.89,600.0
TS0330A,TS0330B,gru,2027,4,559.89,600.0
TS0330A,TS0330B,gru,2027,5,549.89,600.0
TS0330A,TS0330B,gru,2027,6,539.89,592.6822509765625
TS0330A,TS0330B,gru,2027,7,529.89,577.3358154296875
TS0330A,TS0330B,gru,2027,8,519.89,563.2238159179688
TS0330A,TS0330B,gru,2027,9,509.89,549.3043823242188
TS0330A,TS0330B,gru,2027,10,499.89,535.4283447265625
TS0330A,TS0330B,gru,2027,11,489.89,521.6823120117188
TS0330A,TS0330B,gru,2027,12,479.89,508.610107421875
TS0330A,TS0330B,gru,2027,13,469.89,495.7439270019531
TS0330A,TS0330B,gru,2027,14,459.89,483.0062255859375
TS0330A,TS0330B,gru,2027,15,449.89,471.1667785644531
TS0330A,TS0330B,gru,2027,16,439.89,460.4651489257813
TS0330A,TS0330B,gru,2027,17,429.89,448.7818908691406
TS0330A,TS0330B,gru,2027,18,419.89,437.9114379882813
TS0330A,TS0330B,gru,2027,19,409.89,428.480712890625
TS0330A,TS0330B,gru,2027,20,399.89,420.0466613769531
TS0330A,TS0330B,gru,2027,21,389.89,410.9606018066406
TS0330A,TS0330B,gru,2027,22,379.89,403.7005920410156
TS0330A,TS0330B,gru,2027,23,369.89,397.9560852050781
TS0330A,TS0330B,gru,2027,24,359.89,389.43939208984375
TS0330A,TS0330B,gru,2027,25,349.89,382.4902648925781
TS0330A,TS0330B,gru,2027,26,339.89,374.309814453125
TS0330A,TS0330B,gru,2027,27,329.89,369.1313171386719
TS0330A,TS0330B,gru,2027,28,319.89,364.4173278808594
TS0330A,TS0330B,gru,2027,29,309.89,357.6299133300781
TS0330A,TS0330B,gru,2027,30,299.89,351.05401611328125
TS0330A,TS0330B,gru,2027,31,289.89,346.4852600097656
TS0330A,TS0330B,gru,2027,32,279.89,340.4453430175781
TS0330A,TS0330B,gru,2027,33,269.89,335.75958251953125
TS0330A,TS0330B,gru,2027,34,259.89,335.2792053222656
TS0330A,TS0330B,gru,2027,35,249.89,332.91424560546875
TS0330A,TS0330B,gru,2027,36,239.89,328.0360717773437
TS0330A,TS0330B,gru,2027,37,229.89,321.2687072753906
TS0330A,TS0330B,gru,2027,38,219.89,316.4634094238281
TS0330A,TS0330B,gru,2027,39,209.89,311.7718811035156
TS0330A,TS0330B,gru,2027,40,199.89,305.4405822753906
TS0330A,TS0330B,gru,2028,0,599.89,600.0
TS0330A,TS0330B,gru,2028,1,589.89,600.0
TS0330A,TS0330B,gru,2028,2,579.89,600.0
TS0330A,TS0330B,gru,2028,3,569.89,600.0
TS0330A,TS0330B,gru,2028,4,559.89,600.0
TS0330A,TS0330B,gru,2028,5,549.89,600.0
TS0330A,TS0330B,gru,2028,6,539.89,600.0
TS0330A,TS0330B,gru,2028,7,529.89,600.0
TS0330A,TS0330B,gru,2028,8,519.89,589.997314453125
TS0330A,TS0330B,gru,2028,9,509.89,575.3148193359375
TS0330A,TS0330B,gru,2028,10,499.89,560.9710693359375
TS0330A,TS0330B,gru,2028,11,489.89,547.0697631835938
TS0330A,TS0330B,gru,2028,12,479.89,534.3651733398438
TS0330A,TS0330B,gru,2028,13,469.89,521.73974609375
TS0330A,TS0330B,gru,2028,14,459.89,509.5310974121094
TS0330A,TS0330B,gru,2028,15,449.89,498.3262634277344
TS0330A,TS0330B,gru,2028,16,439.89,488.5864868164063
TS0330A,TS0330B,gru,2028,17,429.89,477.892333984375
TS0330A,TS0330B,gru,2028,18,419.89,468.3203430175781
TS0330A,TS0330B,gru,2028,19,409.89,459.7169494628906
TS0330A,TS0330B,gru,2028,20,399.89,452.6210632324219
TS0330A,TS0330B,gru,2028,21,389.89,444.49517822265625
TS0330A,TS0330B,gru,2028,22,379.89,438.5120544433594
TS0330A,TS0330B,gru,2028,23,369.89,433.6090698242188
TS0330A,TS0330B,gru,2028,24,359.89,426.2098083496094
TS0330A,TS0330B,gru,2028,25,349.89,420.4067993164063
TS0330A,TS0330B,gru,2028,26,339.89,413.69146728515625
TS0330A,TS0330B,gru,2028,27,329.89,409.4815368652344
TS0330A,TS0330B,gru,2028,28,319.89,405.5880432128906
TS0330A,TS0330B,gru,2028,29,309.89,399.7720336914063
TS0330A,TS0330B,gru,2028,30,299.89,394.6250305175781
TS0330A,TS0330B,gru,2028,31,289.89,390.9384765625
TS0330A,TS0330B,gru,2028,32,279.89,385.90142822265625
TS0330A,TS0330B,gru,2028,33,269.89,382.4729919433594
TS0330A,TS0330B,gru,2028,34,259.89,382.10748291015625
TS0330A,TS0330B,gru,2028,35,249.89,380.0894775390625
TS0330A,TS0330B,gru,2028,36,239.89,375.9817504882813
TS0330A,TS0330B,gru,2028,37,229.89,370.7388000488281
TS0330A,TS0330B,gru,2028,38,219.89,367.0155944824219
TS0330A,TS0330B,gru,2028,39,209.89,363.3522644042969
TS0330A,TS0330B,gru,2028,40,199.89,358.2151794433594
TS0330A,TS0330B,tcn,2026,0,599.89,538.127197265625
TS0330A,TS0330B,tcn,2026,1,589.89,539.4019165039062
TS0330A,TS0330B,tcn,2026,2,579.89,541.4012451171875
TS0330A,TS0330B,tcn,2026,3,569.89,544.4888916015625
TS0330A,TS0330B,tcn,2026,4,559.89,548.7415771484375
TS0330A,TS0330B,tcn,2026,5,549.89,553.5865478515625
TS0330A,TS0330B,tcn,2026,6,539.89,558.0682983398438
TS0330A,TS0330B,tcn,2026,7,529.89,562.4146118164062
TS0330A,TS0330B,tcn,2026,8,519.89,564.351318359375
TS0330A,TS0330B,tcn,2026,9,509.89,562.3154296875
TS0330A,TS0330B,tcn,2026,10,499.89,559.8102416992188
TS0330A,TS0330B,tcn,2026,11,489.89,555.9705200195312
TS0330A,TS0330B,tcn,2026,12,479.89,549.3895874023438
TS0330A,TS0330B,tcn,2026,13,469.89,541.8596801757812
TS0330A,TS0330B,tcn,2026,14,459.89,533.9948120117188
TS0330A,TS0330B,tcn,2026,15,449.89,524.90478515625
TS0330A,TS0330B,tcn,2026,16,439.89,514.33642578125
TS0330A,TS0330B,tcn,2026,17,429.89,505.3169250488281
TS0330A,TS0330B,tcn,2026,18,419.89,496.5792846679688
TS0330A,TS0330B,tcn,2026,19,409.89,487.7698364257813
TS0330A,TS0330B,tcn,2026,20,399.89,479.535888671875
TS0330A,TS0330B,tcn,2026,21,389.89,469.2083740234375
TS0330A,TS0330B,tcn,2026,22,379.89,456.7682800292969
TS0330A,TS0330B,tcn,2026,23,369.89,443.4533996582031
TS0330A,TS0330B,tcn,2026,24,359.89,432.0044250488281
TS0330A,TS0330B,tcn,2026,25,349.89,419.986572265625
TS0330A,TS0330B,tcn,2026,26,339.89,408.0206604003906
TS0330A,TS0330B,tcn,2026,27,329.89,394.0716552734375
TS0330A,TS0330B,tcn,2026,28,319.89,382.6882019042969
TS0330A,TS0330B,tcn,2026,29,309.89,371.9172058105469
TS0330A,TS0330B,tcn,2026,30,299.89,363.19244384765625
TS0330A,TS0330B,tcn,2026,31,289.89,352.97528076171875
TS0330A,TS0330B,tcn,2026,32,279.89,345.3027648925781
TS0330A,TS0330B,tcn,2026,33,269.89,336.9969482421875
TS0330A,TS0330B,tcn,2026,34,259.89,328.5354919433594
TS0330A,TS0330B,tcn,2026,35,249.89,321.1202087402344
TS0330A,TS0330B,tcn,2026,36,239.89,314.5779724121094
TS0330A,TS0330B,tcn,2026,37,229.89,307.26934814453125
TS0330A,TS0330B,tcn,2026,38,219.89,301.9748840332031
TS0330A,TS0330B,tcn,2026,39,209.89,296.4559631347656
TS0330A,TS0330B,tcn,2026,40,199.89,291.2917785644531
TS0330A,TS0330B,tcn,2027,0,599.89,585.4957885742188
TS0330A,TS0330B,tcn,2027,1,589.89,587.2197265625
TS0330A,TS0330B,tcn,2027,2,579.89,588.6719970703125
TS0330A,TS0330B,tcn,2027,3,569.89,590.0574340820312
TS0330A,TS0330B,tcn,2027,4,559.89,590.4545288085938
TS0330A,TS0330B,tcn,2027,5,549.89,589.6103515625
TS0330A,TS0330B,tcn,2027,6,539.89,584.9462280273438
TS0330A,TS0330B,tcn,2027,7,529.89,578.1753540039062
TS0330A,TS0330B,tcn,2027,8,519.89,571.5304565429688
TS0330A,TS0330B,tcn,2027,9,509.89,564.9984741210938
TS0330A,TS0330B,tcn,2027,10,499.89,555.1796264648438
TS0330A,TS0330B,tcn,2027,11,489.89,542.2002563476562
TS0330A,TS0330B,tcn,2027,12,479.89,528.4559936523438
TS0330A,TS0330B,tcn,2027,13,469.89,514.4866333007812
TS0330A,TS0330B,tcn,2027,14,459.89,503.4319763183594
TS0330A,TS0330B,tcn,2027,15,449.89,494.0049743652344
TS0330A,TS0330B,tcn,2027,16,439.89,485.5314025878906
TS0330A,TS0330B,tcn,2027,17,429.89,473.4610290527344
TS0330A,TS0330B,tcn,2027,18,419.89,456.87939453125
TS0330A,TS0330B,tcn,2027,19,409.89,439.3876037597656
TS0330A,TS0330B,tcn,2027,20,399.89,421.54046630859375
TS0330A,TS0330B,tcn,2027,21,389.89,406.3162536621094
TS0330A,TS0330B,tcn,2027,22,379.89,392.90472412109375
TS0330A,TS0330B,tcn,2027,23,369.89,380.99853515625
TS0330A,TS0330B,tcn,2027,24,359.89,369.9298095703125
TS0330A,TS0330B,tcn,2027,25,349.89,360.5378112792969
TS0330A,TS0330B,tcn,2027,26,339.89,351.773193359375
TS0330A,TS0330B,tcn,2027,27,329.89,343.96246337890625
TS0330A,TS0330B,tcn,2027,28,319.89,336.7655029296875
TS0330A,TS0330B,tcn,2027,29,309.89,330.1572265625
TS0330A,TS0330B,tcn,2027,30,299.89,324.2012023925781
TS0330A,TS0330B,tcn,2027,31,289.89,317.0081787109375
TS0330A,TS0330B,tcn,2027,32,279.89,311.41241455078125
TS0330A,TS0330B,tcn,2027,33,269.89,304.68035888671875
TS0330A,TS0330B,tcn,2027,34,259.89,299.2823181152344
TS0330A,TS0330B,tcn,2027,35,249.89,294.7528076171875
TS0330A,TS0330B,tcn,2027,36,239.89,289.2261962890625
TS0330A,TS0330B,tcn,2027,37,229.89,285.7616271972656
TS0330A,TS0330B,tcn,2027,38,219.89,282.6316833496094
TS0330A,TS0330B,tcn,2027,39,209.89,279.33111572265625
TS0330A,TS0330B,tcn,2027,40,199.89,276.2745361328125
TS0330A,TS0330B,tcn,2028,0,599.89,566.9302368164062
TS0330A,TS0330B,tcn,2028,1,589.89,566.3280029296875
TS0330A,TS0330B,tcn,2028,2,579.89,565.8038330078125
TS0330A,TS0330B,tcn,2028,3,569.89,564.7448120117188
TS0330A,TS0330B,tcn,2028,4,559.89,563.827880859375
TS0330A,TS0330B,tcn,2028,5,549.89,562.6491088867188
TS0330A,TS0330B,tcn,2028,6,539.89,558.8894653320312
TS0330A,TS0330B,tcn,2028,7,529.89,554.3826293945312
TS0330A,TS0330B,tcn,2028,8,519.89,548.1449584960938
TS0330A,TS0330B,tcn,2028,9,509.89,539.722900390625
TS0330A,TS0330B,tcn,2028,10,499.89,529.60107421875
TS0330A,TS0330B,tcn,2028,11,489.89,518.1652221679688
TS0330A,TS0330B,tcn,2028,12,479.89,506.9675903320313
TS0330A,TS0330B,tcn,2028,13,469.89,494.6424255371094
TS0330A,TS0330B,tcn,2028,14,459.89,481.1570434570313
TS0330A,TS0330B,tcn,2028,15,449.89,467.52197265625
TS0330A,TS0330B,tcn,2028,16,439.89,454.8704223632813
TS0330A,TS0330B,tcn,2028,17,429.89,442.5691833496094
TS0330A,TS0330B,tcn,2028,18,419.89,432.5125122070313
TS0330A,TS0330B,tcn,2028,19,409.89,424.8006896972656
TS0330A,TS0330B,tcn,2028,20,399.89,416.27740478515625
TS0330A,TS0330B,tcn,2028,21,389.89,408.29779052734375
TS0330A,TS0330B,tcn,2028,22,379.89,400.3349304199219
TS0330A,TS0330B,tcn,2028,23,369.89,393.6522521972656
TS0330A,TS0330B,tcn,2028,24,359.89,388.2731323242188
TS0330A,TS0330B,tcn,2028,25,349.89,381.7118225097656
TS0330A,TS0330B,tcn,2028,26,339.89,375.2269287109375
TS0330A,TS0330B,tcn,2028,27,329.89,367.6832885742188
TS0330A,TS0330B,tcn,2028,28,319.89,360.7522583007813
TS0330A,TS0330B,tcn,2028,29,309.89,354.2889099121094
TS0330A,TS0330B,tcn,2028,30,299.89,349.7431640625
TS0330A,TS0330B,tcn,2028,31,289.89,343.5780944824219
TS0330A,TS0330B,tcn,2028,32,279.89,339.087158203125
TS0330A,TS0330B,tcn,2028,33,269.89,334.0009460449219
TS0330A,TS0330B,tcn,2028,34,259.89,331.22802734375
TS0330A,TS0330B,tcn,2028,35,249.89,327.0114440917969
TS0330A,TS0330B,tcn,2028,36,239.89,322.05047607421875
TS0330A,TS0330B,tcn,2028,37,229.89,317.2351379394531
TS0330A,TS0330B,tcn,2028,38,219.89,314.6415710449219
TS0330A,TS0330B,tcn,2028,39,209.89,312.07476806640625
TS0330A,TS0330B,tcn,2028,40,199.89,308.4876403808594
TS0330A,TS0330B,transformer,2026,0,599.89,584.3519287109375
TS0330A,TS0330B,transformer,2026,1,589.89,583.837646484375
TS0330A,TS0330B,transformer,2026,2,579.89,583.0645751953125
TS0330A,TS0330B,transformer,2026,3,569.89,581.9215698242188
TS0330A,TS0330B,transformer,2026,4,559.89,580.2802734375
TS0330A,TS0330B,transformer,2026,5,549.89,578.0131225585938
TS0330A,TS0330B,transformer,2026,6,539.89,574.9783325195312
TS0330A,TS0330B,transformer,2026,7,529.89,571.0492553710938
TS0330A,TS0330B,transformer,2026,8,519.89,566.1983642578125
TS0330A,TS0330B,transformer,2026,9,509.89,560.4359130859375
TS0330A,TS0330B,transformer,2026,10,499.89,553.8049926757812
TS0330A,TS0330B,transformer,2026,11,489.89,546.3639526367188
TS0330A,TS0330B,transformer,2026,12,479.89,538.22265625
TS0330A,TS0330B,transformer,2026,13,469.89,529.5235595703125
TS0330A,TS0330B,transformer,2026,14,459.89,520.3515014648438
TS0330A,TS0330B,transformer,2026,15,449.89,510.88616943359375
TS0330A,TS0330B,transformer,2026,16,439.89,501.3015747070313
TS0330A,TS0330B,transformer,2026,17,429.89,491.63623046875
TS0330A,TS0330B,transformer,2026,18,419.89,482.05419921875
TS0330A,TS0330B,transformer,2026,19,409.89,472.7777404785156
TS0330A,TS0330B,transformer,2026,20,399.89,463.8074645996094
TS0330A,TS0330B,transformer,2026,21,389.89,455.1795349121094
TS0330A,TS0330B,transformer,2026,22,379.89,446.9791259765625
TS0330A,TS0330B,transformer,2026,23,369.89,439.3246765136719
TS0330A,TS0330B,transformer,2026,24,359.89,432.0192565917969
TS0330A,TS0330B,transformer,2026,25,349.89,425.1158142089844
TS0330A,TS0330B,transformer,2026,26,339.89,418.5444030761719
TS0330A,TS0330B,transformer,2026,27,329.89,412.444580078125
TS0330A,TS0330B,transformer,2026,28,319.89,406.7827453613281
TS0330A,TS0330B,transformer,2026,29,309.89,401.4899291992188
TS0330A,TS0330B,transformer,2026,30,299.89,396.4897766113281
TS0330A,TS0330B,transformer,2026,31,289.89,391.7989501953125
TS0330A,TS0330B,transformer,2026,32,279.89,387.3232116699219
TS0330A,TS0330B,transformer,2026,33,269.89,383.0968322753906
TS0330A,TS0330B,transformer,2026,34,259.89,379.3077087402344
TS0330A,TS0330B,transformer,2026,35,249.89,375.7379760742188
TS0330A,TS0330B,transformer,2026,36,239.89,372.4014892578125
TS0330A,TS0330B,transformer,2026,37,229.89,369.1007080078125
TS0330A,TS0330B,transformer,2026,38,219.89,366.0222778320313
TS0330A,TS0330B,transformer,2026,39,209.89,362.99456787109375
TS0330A,TS0330B,transformer,2026,40,199.89,359.9237365722656
TS0330A,TS0330B,transformer,2027,0,599.89,534.1051635742188
TS0330A,TS0330B,transformer,2027,1,589.89,534.2590942382812
TS0330A,TS0330B,transformer,2027,2,579.89,534.333740234375
TS0330A,TS0330B,transformer,2027,3,569.89,534.226806640625
TS0330A,TS0330B,transformer,2027,4,559.89,533.8060913085938
TS0330A,TS0330B,transformer,2027,5,549.89,532.9307861328125
TS0330A,TS0330B,transformer,2027,6,539.89,531.4496459960938
TS0330A,TS0330B,transformer,2027,7,529.89,529.2216186523438
TS0330A,TS0330B,transformer,2027,8,519.89,526.200927734375
TS0330A,TS0330B,transformer,2027,9,509.89,522.3486328125
TS0330A,TS0330B,transformer,2027,10,499.89,517.6581420898438
TS0330A,TS0330B,transformer,2027,11,489.89,512.1503295898438
TS0330A,TS0330B,transformer,2027,12,479.89,505.8963623046875
TS0330A,TS0330B,transformer,2027,13,469.89,498.9809265136719
TS0330A,TS0330B,transformer,2027,14,459.89,491.4422302246094
TS0330A,TS0330B,transformer,2027,15,449.89,483.4073791503906
TS0330A,TS0330B,transformer,2027,16,439.89,475.015869140625
TS0330A,TS0330B,transformer,2027,17,429.89,466.263427734375
TS0330A,TS0330B,transformer,2027,18,419.89,457.3001708984375
TS0330A,TS0330B,transformer,2027,19,409.89,448.3639831542969
TS0330A,TS0330B,transformer,2027,20,399.89,439.4920349121094
TS0330A,TS0330B,transformer,2027,21,389.89,430.7294616699219
TS0330A,TS0330B,transformer,2027,22,379.89,422.2037963867188
TS0330A,TS0330B,transformer,2027,23,369.89,414.0867004394531
TS0330A,TS0330B,transformer,2027,24,359.89,406.1580505371094
TS0330A,TS0330B,transformer,2027,25,349.89,398.5209655761719
TS0330A,TS0330B,transformer,2027,26,339.89,391.0991821289063
TS0330A,TS0330B,transformer,2027,27,329.89,384.1106567382813
TS0330A,TS0330B,transformer,2027,28,319.89,377.5425109863281
TS0330A,TS0330B,transformer,2027,29,309.89,371.3038330078125
TS0330A,TS0330B,transformer,2027,30,299.89,365.3251037597656
TS0330A,TS0330B,transformer,2027,31,289.89,359.67047119140625
TS0330A,TS0330B,transformer,2027,32,279.89,354.2226867675781
TS0330A,TS0330B,transformer,2027,33,269.89,349.0362243652344
TS0330A,TS0330B,transformer,2027,34,259.89,344.37353515625
TS0330A,TS0330B,transformer,2027,35,249.89,339.9701843261719
TS0330A,TS0330B,transformer,2027,36,239.89,335.8235168457031
TS0330A,TS0330B,transformer,2027,37,229.89,331.6882629394531
TS0330A,TS0330B,transformer,2027,38,219.89,327.80377197265625
TS0330A,TS0330B,transformer,2027,39,209.89,323.9676818847656
TS0330A,TS0330B,transformer,2027,40,199.89,320.0591735839844
TS0330A,TS0330B,transformer,2028,0,599.89,538.6329956054688
TS0330A,TS0330B,transformer,2028,1,589.89,537.1749267578125
TS0330A,TS0330B,transformer,2028,2,579.89,535.2716064453125
TS0330A,TS0330B,transformer,2028,3,569.89,532.8445434570312
TS0330A,TS0330B,transformer,2028,4,559.89,529.8352661132812
TS0330A,TS0330B,transformer,2028,5,549.89,526.21630859375
TS0330A,TS0330B,transformer,2028,6,539.89,521.9456787109375
TS0330A,TS0330B,transformer,2028,7,529.89,516.9965209960938
TS0330A,TS0330B,transformer,2028,8,519.89,511.4362182617188
TS0330A,TS0330B,transformer,2028,9,509.89,505.31146240234375
TS0330A,TS0330B,transformer,2028,10,499.89,498.6613159179688
TS0330A,TS0330B,transformer,2028,11,489.89,491.51361083984375
TS0330A,TS0330B,transformer,2028,12,479.89,483.9273071289063
TS0330A,TS0330B,transformer,2028,13,469.89,475.9754638671875
TS0330A,TS0330B,transformer,2028,14,459.89,467.6740112304688
TS0330A,TS0330B,transformer,2028,15,449.89,459.1280822753906
TS0330A,TS0330B,transformer,2028,16,439.89,450.4419555664063
TS0330A,TS0330B,transformer,2028,17,429.89,441.6014709472656
TS0330A,TS0330B,transformer,2028,18,419.89,432.7219543457031
TS0330A,TS0330B,transformer,2028,19,409.89,423.9890441894531
TS0330A,TS0330B,transformer,2028,20,399.89,415.3941650390625
TS0330A,TS0330B,transformer,2028,21,389.89,406.9666748046875
TS0330A,TS0330B,transformer,2028,22,379.89,398.798095703125
TS0330A,TS0330B,transformer,2028,23,369.89,391.0242614746094
TS0330A,TS0330B,transformer,2028,24,359.89,383.45306396484375
TS0330A,TS0330B,transformer,2028,25,349.89,376.1570434570313
TS0330A,TS0330B,transformer,2028,26,339.89,369.07318115234375
TS0330A,TS0330B,transformer,2028,27,329.89,362.3796997070313
TS0330A,TS0330B,transformer,2028,28,319.89,356.0621643066406
TS0330A,TS0330B,transformer,2028,29,309.89,350.054931640625
TS0330A,TS0330B,transformer,2028,30,299.89,344.2878723144531
TS0330A,TS0330B,transformer,2028,31,289.89,338.80340576171875
TS0330A,TS0330B,transformer,2028,32,279.89,333.4989929199219
TS0330A,TS0330B,transformer,2028,33,269.89,328.4267578125
TS0330A,TS0330B,transformer,2028,34,259.89,323.8334350585937
TS0330A,TS0330B,transformer,2028,35,249.89,319.4662780761719
TS0330A,TS0330B,transformer,2028,36,239.89,315.34326171875
TS0330A,TS0330B,transformer,2028,37,229.89,311.2239074707031
TS0330A,TS0330B,transformer,2028,38,219.89,307.34588623046875
TS0330A,TS0330B,transformer,2028,39,209.89,303.50103759765625
TS0330A,TS0330B,transformer,2028,40,199.89,299.569580078125
TS0330A,TS0330B,cnn_lstm,2026,0,599.89,599.0607299804688
TS0330A,TS0330B,cnn_lstm,2026,1,589.89,599.3201904296875
TS0330A,TS0330B,cnn_lstm,2026,2,579.89,599.23193359375
TS0330A,TS0330B,cnn_lstm,2026,3,569.89,598.7953491210938
TS0330A,TS0330B,cnn_lstm,2026,4,559.89,597.8814697265625
TS0330A,TS0330B,cnn_lstm,2026,5,549.89,596.3981323242188
TS0330A,TS0330B,cnn_lstm,2026,6,539.89,594.3360595703125
TS0330A,TS0330B,cnn_lstm,2026,7,529.89,591.478271484375
TS0330A,TS0330B,cnn_lstm,2026,8,519.89,588.3162841796875
TS0330A,TS0330B,cnn_lstm,2026,9,509.89,584.5199584960938
TS0330A,TS0330B,cnn_lstm,2026,10,499.89,580.1333618164062
TS0330A,TS0330B,cnn_lstm,2026,11,489.89,575.2028198242188
TS0330A,TS0330B,cnn_lstm,2026,12,479.89,570.233154296875
TS0330A,TS0330B,cnn_lstm,2026,13,469.89,564.4829711914062
TS0330A,TS0330B,cnn_lstm,2026,14,459.89,558.3845825195312
TS0330A,TS0330B,cnn_lstm,2026,15,449.89,552.2164916992188
TS0330A,TS0330B,cnn_lstm,2026,16,439.89,546.7222290039062
TS0330A,TS0330B,cnn_lstm,2026,17,429.89,539.9742431640625
TS0330A,TS0330B,cnn_lstm,2026,18,419.89,533.7377319335938
TS0330A,TS0330B,cnn_lstm,2026,19,409.89,527.2913818359375
TS0330A,TS0330B,cnn_lstm,2026,20,399.89,522.3409423828125
TS0330A,TS0330B,cnn_lstm,2026,21,389.89,515.577880859375
TS0330A,TS0330B,cnn_lstm,2026,22,379.89,510.9866943359375
TS0330A,TS0330B,cnn_lstm,2026,23,369.89,506.7724914550781
TS0330A,TS0330B,cnn_lstm,2026,24,359.89,499.8484191894531
TS0330A,TS0330B,cnn_lstm,2026,25,349.89,494.472900390625
TS0330A,TS0330B,cnn_lstm,2026,26,339.89,488.0502014160156
TS0330A,TS0330B,cnn_lstm,2026,27,329.89,483.888916015625
TS0330A,TS0330B,cnn_lstm,2026,28,319.89,479.79827880859375
TS0330A,TS0330B,cnn_lstm,2026,29,309.89,473.0985412597656
TS0330A,TS0330B,cnn_lstm,2026,30,299.89,467.6581726074219
TS0330A,TS0330B,cnn_lstm,2026,31,289.89,463.4314880371094
TS0330A,TS0330B,cnn_lstm,2026,32,279.89,457.1617126464844
TS0330A,TS0330B,cnn_lstm,2026,33,269.89,453.5380554199219
TS0330A,TS0330B,cnn_lstm,2026,34,259.89,453.1456604003906
TS0330A,TS0330B,cnn_lstm,2026,35,249.89,450.4163818359375
TS0330A,TS0330B,cnn_lstm,2026,36,239.89,444.8294067382813
TS0330A,TS0330B,cnn_lstm,2026,37,229.89,438.2056579589844
TS0330A,TS0330B,cnn_lstm,2026,38,219.89,433.3753967285156
TS0330A,TS0330B,cnn_lstm,2026,39,209.89,428.428466796875
TS0330A,TS0330B,cnn_lstm,2026,40,199.89,420.8857421875
TS0330A,TS0330B,cnn_lstm,2027,0,599.89,592.05712890625
TS0330A,TS0330B,cnn_lstm,2027,1,589.89,590.3363647460938
TS0330A,TS0330B,cnn_lstm,2027,2,579.89,587.8380126953125
TS0330A,TS0330B,cnn_lstm,2027,3,569.89,584.1973266601562
TS0330A,TS0330B,cnn_lstm,2027,4,559.89,579.3456420898438
TS0330A,TS0330B,cnn_lstm,2027,5,549.89,573.3710327148438
TS0330A,TS0330B,cnn_lstm,2027,6,539.89,566.103515625
TS0330A,TS0330B,cnn_lstm,2027,7,529.89,557.0820922851562
TS0330A,TS0330B,cnn_lstm,2027,8,519.89,547.4205932617188
TS0330A,TS0330B,cnn_lstm,2027,9,509.89,536.6045532226562
TS0330A,TS0330B,cnn_lstm,2027,10,499.89,524.6141357421875
TS0330A,TS0330B,cnn_lstm,2027,11,489.89,511.6695556640625
TS0330A,TS0330B,cnn_lstm,2027,12,479.89,498.4448547363281
TS0330A,TS0330B,cnn_lstm,2027,13,469.89,484.96282958984375
TS0330A,TS0330B,cnn_lstm,2027,14,459.89,471.15576171875
TS0330A,TS0330B,cnn_lstm,2027,15,449.89,457.9265441894531
TS0330A,TS0330B,cnn_lstm,2027,16,439.89,445.7698974609375
TS0330A,TS0330B,cnn_lstm,2027,17,429.89,432.3025817871094
TS0330A,TS0330B,cnn_lstm,2027,18,419.89,419.406005859375
TS0330A,TS0330B,cnn_lstm,2027,19,409.89,407.830810546875
TS0330A,TS0330B,cnn_lstm,2027,20,399.89,397.4485778808594
TS0330A,TS0330B,cnn_lstm,2027,21,389.89,385.9482116699219
TS0330A,TS0330B,cnn_lstm,2027,22,379.89,376.6393737792969
TS0330A,TS0330B,cnn_lstm,2027,23,369.89,369.0733947753906
TS0330A,TS0330B,cnn_lstm,2027,24,359.89,357.8373718261719
TS0330A,TS0330B,cnn_lstm,2027,25,349.89,348.4752502441406
TS0330A,TS0330B,cnn_lstm,2027,26,339.89,337.3453674316406
TS0330A,TS0330B,cnn_lstm,2027,27,329.89,330.052978515625
TS0330A,TS0330B,cnn_lstm,2027,28,319.89,323.4556579589844
TS0330A,TS0330B,cnn_lstm,2027,29,309.89,313.9110107421875
TS0330A,TS0330B,cnn_lstm,2027,30,299.89,304.5337829589844
TS0330A,TS0330B,cnn_lstm,2027,31,289.89,297.77618408203125
TS0330A,TS0330B,cnn_lstm,2027,32,279.89,288.9454040527344
TS0330A,TS0330B,cnn_lstm,2027,33,269.89,281.97021484375
TS0330A,TS0330B,cnn_lstm,2027,34,259.89,281.0216369628906
TS0330A,TS0330B,cnn_lstm,2027,35,249.89,277.4849548339844
TS0330A,TS0330B,cnn_lstm,2027,36,239.89,270.182861328125
TS0330A,TS0330B,cnn_lstm,2027,37,229.89,259.9068603515625
TS0330A,TS0330B,cnn_lstm,2027,38,219.89,252.2841339111328
TS0330A,TS0330B,cnn_lstm,2027,39,209.89,244.87744140625
TS0330A,TS0330B,cnn_lstm,2027,40,199.89,234.95970153808597
TS0330A,TS0330B,cnn_lstm,2028,0,599.89,600.0
TS0330A,TS0330B,cnn_lstm,2028,1,589.89,600.0
TS0330A,TS0330B,cnn_lstm,2028,2,579.89,600.0
TS0330A,TS0330B,cnn_lstm,2028,3,569.89,600.0
TS0330A,TS0330B,cnn_lstm,2028,4,559.89,600.0
TS0330A,TS0330B,cnn_lstm,2028,5,549.89,600.0
TS0330A,TS0330B,cnn_lstm,2028,6,539.89,600.0
TS0330A,TS0330B,cnn_lstm,2028,7,529.89,600.0
TS0330A,TS0330B,cnn_lstm,2028,8,519.89,594.8002319335938
TS0330A,TS0330B,cnn_lstm,2028,9,509.89,587.5281982421875
TS0330A,TS0330B,cnn_lstm,2028,10,499.89,579.6298828125
TS0330A,TS0330B,cnn_lstm,2028,11,489.89,571.138916015625
TS0330A,TS0330B,cnn_lstm,2028,12,479.89,562.5503540039062
TS0330A,TS0330B,cnn_lstm,2028,13,469.89,553.0870971679688
TS0330A,TS0330B,cnn_lstm,2028,14,459.89,543.0189208984375
TS0330A,TS0330B,cnn_lstm,2028,15,449.89,532.88134765625
TS0330A,TS0330B,cnn_lstm,2028,16,439.89,523.4981079101562
TS0330A,TS0330B,cnn_lstm,2028,17,429.89,512.0177612304688
TS0330A,TS0330B,cnn_lstm,2028,18,419.89,500.7808837890625
TS0330A,TS0330B,cnn_lstm,2028,19,409.89,489.6975402832031
TS0330A,TS0330B,cnn_lstm,2028,20,399.89,480.1343688964844
TS0330A,TS0330B,cnn_lstm,2028,21,389.89,468.0743713378906
TS0330A,TS0330B,cnn_lstm,2028,22,379.89,458.8549499511719
TS0330A,TS0330B,cnn_lstm,2028,23,369.89,450.7378540039063
TS0330A,TS0330B,cnn_lstm,2028,24,359.89,437.7989501953125
TS0330A,TS0330B,cnn_lstm,2028,25,349.89,427.2545776367188
TS0330A,TS0330B,cnn_lstm,2028,26,339.89,414.1351318359375
TS0330A,TS0330B,cnn_lstm,2028,27,329.89,405.47119140625
TS0330A,TS0330B,cnn_lstm,2028,28,319.89,397.24072265625
TS0330A,TS0330B,cnn_lstm,2028,29,309.89,384.7603759765625
TS0330A,TS0330B,cnn_lstm,2028,30,299.89,373.0919799804688
TS0330A,TS0330B,cnn_lstm,2028,31,289.89,364.4130859375
TS0330A,TS0330B,cnn_lstm,2028,32,279.89,352.5993957519531
TS0330A,TS0330B,cnn_lstm,2028,33,269.89,343.9879455566406
TS0330A,TS0330B,cnn_lstm,2028,34,259.89,342.8777160644531
TS0330A,TS0330B,cnn_lstm,2028,35,249.89,337.98272705078125
TS0330A,TS0330B,cnn_lstm,2028,36,239.89,328.1054382324219
TS0330A,TS0330B,cnn_lstm,2028,37,229.89,314.8966979980469
TS0330A,TS0330B,cnn_lstm,2028,38,219.89,305.2396850585937
TS0330A,TS0330B,cnn_lstm,2028,39,209.89,295.7708740234375
TS0330A,TS0330B,cnn_lstm,2028,40,199.89,282.8524169921875
TS0330A,TS0330B,attention_gru,2026,0,599.89,600.0
TS0330A,TS0330B,attention_gru,2026,1,589.89,600.0
TS0330A,TS0330B,attention_gru,2026,2,579.89,600.0
TS0330A,TS0330B,attention_gru,2026,3,569.89,600.0
TS0330A,TS0330B,attention_gru,2026,4,559.89,600.0
TS0330A,TS0330B,attention_gru,2026,5,549.89,600.0
TS0330A,TS0330B,attention_gru,2026,6,539.89,600.0
TS0330A,TS0330B,attention_gru,2026,7,529.89,600.0
TS0330A,TS0330B,attention_gru,2026,8,519.89,598.3078002929688
TS0330A,TS0330B,attention_gru,2026,9,509.89,587.97314453125
TS0330A,TS0330B,attention_gru,2026,10,499.89,577.0072631835938
TS0330A,TS0330B,attention_gru,2026,11,489.89,565.5177612304688
TS0330A,TS0330B,attention_gru,2026,12,479.89,553.6561889648438
TS0330A,TS0330B,attention_gru,2026,13,469.89,541.6397705078125
TS0330A,TS0330B,attention_gru,2026,14,459.89,529.51220703125
TS0330A,TS0330B,attention_gru,2026,15,449.89,517.4533081054688
TS0330A,TS0330B,attention_gru,2026,16,439.89,505.6045227050781
TS0330A,TS0330B,attention_gru,2026,17,429.89,494.03131103515625
TS0330A,TS0330B,attention_gru,2026,18,419.89,482.7967224121094
TS0330A,TS0330B,attention_gru,2026,19,409.89,472.1208190917969
TS0330A,TS0330B,attention_gru,2026,20,399.89,461.881591796875
TS0330A,TS0330B,attention_gru,2026,21,389.89,452.2033081054688
TS0330A,TS0330B,attention_gru,2026,22,379.89,443.0030212402344
TS0330A,TS0330B,attention_gru,2026,23,369.89,434.4249877929688
TS0330A,TS0330B,attention_gru,2026,24,359.89,426.404541015625
TS0330A,TS0330B,attention_gru,2026,25,349.89,418.7766418457031
TS0330A,TS0330B,attention_gru,2026,26,339.89,411.5653381347656
TS0330A,TS0330B,attention_gru,2026,27,329.89,404.7795715332031
TS0330A,TS0330B,attention_gru,2026,28,319.89,398.4617004394531
TS0330A,TS0330B,attention_gru,2026,29,309.89,392.6338195800781
TS0330A,TS0330B,attention_gru,2026,30,299.89,387.1291198730469
TS0330A,TS0330B,attention_gru,2026,31,289.89,381.8760070800781
TS0330A,TS0330B,attention_gru,2026,32,279.89,376.9326477050781
TS0330A,TS0330B,attention_gru,2026,33,269.89,372.171875
TS0330A,TS0330B,attention_gru,2026,34,259.89,367.8022766113281
TS0330A,TS0330B,attention_gru,2026,35,249.89,363.7198791503906
TS0330A,TS0330B,attention_gru,2026,36,239.89,359.9790954589844
TS0330A,TS0330B,attention_gru,2026,37,229.89,356.3130187988281
TS0330A,TS0330B,attention_gru,2026,38,219.89,352.861083984375
TS0330A,TS0330B,attention_gru,2026,39,209.89,349.4626770019531
TS0330A,TS0330B,attention_gru,2026,40,199.89,346.0623474121094
TS0330A,TS0330B,attention_gru,2027,0,599.89,600.0
TS0330A,TS0330B,attention_gru,2027,1,589.89,600.0
TS0330A,TS0330B,attention_gru,2027,2,579.89,600.0
TS0330A,TS0330B,attention_gru,2027,3,569.89,600.0
TS0330A,TS0330B,attention_gru,2027,4,559.89,600.0
TS0330A,TS0330B,attention_gru,2027,5,549.89,600.0
TS0330A,TS0330B,attention_gru,2027,6,539.89,600.0
TS0330A,TS0330B,attention_gru,2027,7,529.89,600.0
TS0330A,TS0330B,attention_gru,2027,8,519.89,591.8115234375
TS0330A,TS0330B,attention_gru,2027,9,509.89,580.2796020507812
TS0330A,TS0330B,attention_gru,2027,10,499.89,568.2416381835938
TS0330A,TS0330B,attention_gru,2027,11,489.89,555.8265991210938
TS0330A,TS0330B,attention_gru,2027,12,479.89,543.1915893554688
TS0330A,TS0330B,attention_gru,2027,13,469.89,530.5609130859375
TS0330A,TS0330B,attention_gru,2027,14,459.89,517.969482421875
TS0330A,TS0330B,attention_gru,2027,15,449.89,505.5950317382813
TS0330A,TS0330B,attention_gru,2027,16,439.89,493.56243896484375
TS0330A,TS0330B,attention_gru,2027,17,429.89,481.893310546875
TS0330A,TS0330B,attention_gru,2027,18,419.89,470.6505126953125
TS0330A,TS0330B,attention_gru,2027,19,409.89,460.0368347167969
TS0330A,TS0330B,attention_gru,2027,20,399.89,449.9099426269531
TS0330A,TS0330B,attention_gru,2027,21,389.89,440.3539123535156
TS0330A,TS0330B,attention_gru,2027,22,379.89,431.30615234375
TS0330A,TS0330B,attention_gru,2027,23,369.89,422.9027404785156
TS0330A,TS0330B,attention_gru,2027,24,359.89,414.99896240234375
TS0330A,TS0330B,attention_gru,2027,25,349.89,407.5030822753906
TS0330A,TS0330B,attention_gru,2027,26,339.89,400.3957214355469
TS0330A,TS0330B,attention_gru,2027,27,329.89,393.740478515625
TS0330A,TS0330B,attention_gru,2027,28,319.89,387.5472412109375
TS0330A,TS0330B,attention_gru,2027,29,309.89,381.7990417480469
TS0330A,TS0330B,attention_gru,2027,30,299.89,376.3416748046875
TS0330A,TS0330B,attention_gru,2027,31,289.89,371.16546630859375
TS0330A,TS0330B,attention_gru,2027,32,279.89,366.25732421875
TS0330A,TS0330B,attention_gru,2027,33,269.89,361.544189453125
TS0330A,TS0330B,attention_gru,2027,34,259.89,357.2565002441406
TS0330A,TS0330B,attention_gru,2027,35,249.89,353.23541259765625
TS0330A,TS0330B,attention_gru,2027,36,239.89,349.5143737792969
TS0330A,TS0330B,attention_gru,2027,37,229.89,345.8300170898437
TS0330A,TS0330B,attention_gru,2027,38,219.89,342.3617248535156
TS0330A,TS0330B,attention_gru,2027,39,209.89,338.9385986328125
TS0330A,TS0330B,attention_gru,2027,40,199.89,335.4872436523437
TS0330A,TS0330B,attention_gru,2028,0,599.89,600.0
TS0330A,TS0330B,attention_gru,2028,1,589.89,600.0
TS0330A,TS0330B,attention_gru,2028,2,579.89,600.0
TS0330A,TS0330B,attention_gru,2028,3,569.89,600.0
TS0330A,TS0330B,attention_gru,2028,4,559.89,600.0
TS0330A,TS0330B,attention_gru,2028,5,549.89,600.0
TS0330A,TS0330B,attention_gru,2028,6,539.89,600.0
TS0330A,TS0330B,attention_gru,2028,7,529.89,590.7991943359375
TS0330A,TS0330B,attention_gru,2028,8,519.89,580.426025390625
TS0330A,TS0330B,attention_gru,2028,9,509.89,569.27783203125
TS0330A,TS0330B,attention_gru,2028,10,499.89,557.5700073242188
TS0330A,TS0330B,attention_gru,2028,11,489.89,545.4132080078125
TS0330A,TS0330B,attention_gru,2028,12,479.89,532.959716796875
TS0330A,TS0330B,attention_gru,2028,13,469.89,520.4227294921875
TS0330A,TS0330B,attention_gru,2028,14,459.89,507.8248901367188
TS0330A,TS0330B,attention_gru,2028,15,449.89,495.3420715332031
TS0330A,TS0330B,attention_gru,2028,16,439.89,483.1052856445313
TS0330A,TS0330B,attention_gru,2028,17,429.89,471.15185546875
TS0330A,TS0330B,attention_gru,2028,18,419.89,459.5475158691406
TS0330A,TS0330B,attention_gru,2028,19,409.89,448.5224304199219
TS0330A,TS0330B,attention_gru,2028,20,399.89,437.9446716308594
TS0330A,TS0330B,attention_gru,2028,21,389.89,427.9295654296875
TS0330A,TS0330B,attention_gru,2028,22,379.89,418.4068298339844
TS0330A,TS0330B,attention_gru,2028,23,369.89,409.533203125
TS0330A,TS0330B,attention_gru,2028,24,359.89,401.1926879882813
TS0330A,TS0330B,attention_gru,2028,25,349.89,393.2628173828125
TS0330A,TS0330B,attention_gru,2028,26,339.89,385.744140625
TS0330A,TS0330B,attention_gru,2028,27,329.89,378.686279296875
TS0330A,TS0330B,attention_gru,2028,28,319.89,372.11767578125
TS0330A,TS0330B,attention_gru,2028,29,309.89,366.0374755859375
TS0330A,TS0330B,attention_gru,2028,30,299.89,360.2722473144531
TS0330A,TS0330B,attention_gru,2028,31,289.89,354.7968444824219
TS0330A,TS0330B,attention_gru,2028,32,279.89,349.6224060058594
TS0330A,TS0330B,attention_gru,2028,33,269.89,344.6533203125
TS0330A,TS0330B,attention_gru,2028,34,259.89,340.1134338378906
TS0330A,TS0330B,attention_gru,2028,35,249.89,335.8710021972656
TS0330A,TS0330B,attention_gru,2028,36,239.89,331.9682922363281
TS0330A,TS0330B,attention_gru,2028,37,229.89,328.1271667480469
TS0330A,TS0330B,attention_gru,2028,38,219.89,324.50848388671875
TS0330A,TS0330B,attention_gru,2028,39,209.89,320.943115234375
TS0330A,TS0330B,attention_gru,2028,40,199.89,317.3668518066406
TS0330A,TS0330B,tcn_transformer,2026,0,599.89,600.0
TS0330A,TS0330B,tcn_transformer,2026,1,589.89,600.0
TS0330A,TS0330B,tcn_transformer,2026,2,579.89,600.0
TS0330A,TS0330B,tcn_transformer,2026,3,569.89,600.0
TS0330A,TS0330B,tcn_transformer,2026,4,559.89,600.0
TS0330A,TS0330B,tcn_transformer,2026,5,549.89,598.9655151367188
TS0330A,TS0330B,tcn_transformer,2026,6,539.89,594.5384521484375
TS0330A,TS0330B,tcn_transformer,2026,7,529.89,588.7744140625
TS0330A,TS0330B,tcn_transformer,2026,8,519.89,581.6577758789062
TS0330A,TS0330B,tcn_transformer,2026,9,509.89,573.3230590820312
TS0330A,TS0330B,tcn_transformer,2026,10,499.89,564.0570678710938
TS0330A,TS0330B,tcn_transformer,2026,11,489.89,554.0735473632812
TS0330A,TS0330B,tcn_transformer,2026,12,479.89,543.7305297851562
TS0330A,TS0330B,tcn_transformer,2026,13,469.89,533.2788696289062
TS0330A,TS0330B,tcn_transformer,2026,14,459.89,522.7969360351562
TS0330A,TS0330B,tcn_transformer,2026,15,449.89,512.3868408203125
TS0330A,TS0330B,tcn_transformer,2026,16,439.89,502.1393432617188
TS0330A,TS0330B,tcn_transformer,2026,17,429.89,491.996826171875
TS0330A,TS0330B,tcn_transformer,2026,18,419.89,482.0345153808594
TS0330A,TS0330B,tcn_transformer,2026,19,409.89,472.43206787109375
TS0330A,TS0330B,tcn_transformer,2026,20,399.89,463.2243041992188
TS0330A,TS0330B,tcn_transformer,2026,21,389.89,454.550537109375
TS0330A,TS0330B,tcn_transformer,2026,22,379.89,446.3288879394531
TS0330A,TS0330B,tcn_transformer,2026,23,369.89,438.6390075683594
TS0330A,TS0330B,tcn_transformer,2026,24,359.89,431.5773010253906
TS0330A,TS0330B,tcn_transformer,2026,25,349.89,424.766357421875
TS0330A,TS0330B,tcn_transformer,2026,26,339.89,418.3502807617188
TS0330A,TS0330B,tcn_transformer,2026,27,329.89,412.13092041015625
TS0330A,TS0330B,tcn_transformer,2026,28,319.89,406.2760009765625
TS0330A,TS0330B,tcn_transformer,2026,29,309.89,400.78033447265625
TS0330A,TS0330B,tcn_transformer,2026,30,299.89,395.5302734375
TS0330A,TS0330B,tcn_transformer,2026,31,289.89,390.30767822265625
TS0330A,TS0330B,tcn_transformer,2026,32,279.89,385.3683471679688
TS0330A,TS0330B,tcn_transformer,2026,33,269.89,380.4469604492188
TS0330A,TS0330B,tcn_transformer,2026,34,259.89,375.6077575683594
TS0330A,TS0330B,tcn_transformer,2026,35,249.89,371.0579528808594
TS0330A,TS0330B,tcn_transformer,2026,36,239.89,366.8631896972656
TS0330A,TS0330B,tcn_transformer,2026,37,229.89,362.82177734375
TS0330A,TS0330B,tcn_transformer,2026,38,219.89,358.8698425292969
TS0330A,TS0330B,tcn_transformer,2026,39,209.89,354.91290283203125
TS0330A,TS0330B,tcn_transformer,2026,40,199.89,350.94366455078125
TS0330A,TS0330B,tcn_transformer,2027,0,599.89,600.0
TS0330A,TS0330B,tcn_transformer,2027,1,589.89,600.0
TS0330A,TS0330B,tcn_transformer,2027,2,579.89,600.0
TS0330A,TS0330B,tcn_transformer,2027,3,569.89,600.0
TS0330A,TS0330B,tcn_transformer,2027,4,559.89,600.0
TS0330A,TS0330B,tcn_transformer,2027,5,549.89,600.0
TS0330A,TS0330B,tcn_transformer,2027,6,539.89,600.0
TS0330A,TS0330B,tcn_transformer,2027,7,529.89,600.0
TS0330A,TS0330B,tcn_transformer,2027,8,519.89,600.0
TS0330A,TS0330B,tcn_transformer,2027,9,509.89,600.0
TS0330A,TS0330B,tcn_transformer,2027,10,499.89,600.0
TS0330A,TS0330B,tcn_transformer,2027,11,489.89,600.0
TS0330A,TS0330B,tcn_transformer,2027,12,479.89,592.4075317382812
TS0330A,TS0330B,tcn_transformer,2027,13,469.89,577.671875
TS0330A,TS0330B,tcn_transformer,2027,14,459.89,561.1067504882812
TS0330A,TS0330B,tcn_transformer,2027,15,449.89,543.4017944335938
TS0330A,TS0330B,tcn_transformer,2027,16,439.89,525.3446044921875
TS0330A,TS0330B,tcn_transformer,2027,17,429.89,507.6322326660156
TS0330A,TS0330B,tcn_transformer,2027,18,419.89,490.6764831542969
TS0330A,TS0330B,tcn_transformer,2027,19,409.89,475.0675048828125
TS0330A,TS0330B,tcn_transformer,2027,20,399.89,460.69732666015625
TS0330A,TS0330B,tcn_transformer,2027,21,389.89,447.7442321777344
TS0330A,TS0330B,tcn_transformer,2027,22,379.89,435.7807922363281
TS0330A,TS0330B,tcn_transformer,2027,23,369.89,424.94769287109375
TS0330A,TS0330B,tcn_transformer,2027,24,359.89,414.9099731445313
TS0330A,TS0330B,tcn_transformer,2027,25,349.89,405.2054748535156
TS0330A,TS0330B,tcn_transformer,2027,26,339.89,395.7896118164063
TS0330A,TS0330B,tcn_transformer,2027,27,329.89,386.5658874511719
TS0330A,TS0330B,tcn_transformer,2027,28,319.89,377.6152648925781
TS0330A,TS0330B,tcn_transformer,2027,29,309.89,368.8999633789063
TS0330A,TS0330B,tcn_transformer,2027,30,299.89,360.04742431640625
TS0330A,TS0330B,tcn_transformer,2027,31,289.89,351.3173828125
TS0330A,TS0330B,tcn_transformer,2027,32,279.89,342.59747314453125
TS0330A,TS0330B,tcn_transformer,2027,33,269.89,333.97271728515625
TS0330A,TS0330B,tcn_transformer,2027,34,259.89,325.7657165527344
TS0330A,TS0330B,tcn_transformer,2027,35,249.89,317.76544189453125
TS0330A,TS0330B,tcn_transformer,2027,36,239.89,310.2420959472656
TS0330A,TS0330B,tcn_transformer,2027,37,229.89,302.6441650390625
TS0330A,TS0330B,tcn_transformer,2027,38,219.89,295.5167541503906
TS0330A,TS0330B,tcn_transformer,2027,39,209.89,288.4071960449219
TS0330A,TS0330B,tcn_transformer,2027,40,199.89,281.07257080078125
TS0330A,TS0330B,tcn_transformer,2028,0,599.89,600.0
TS0330A,TS0330B,tcn_transformer,2028,1,589.89,600.0
TS0330A,TS0330B,tcn_transformer,2028,2,579.89,600.0
TS0330A,TS0330B,tcn_transformer,2028,3,569.89,600.0
TS0330A,TS0330B,tcn_transformer,2028,4,559.89,600.0
TS0330A,TS0330B,tcn_transformer,2028,5,549.89,600.0
TS0330A,TS0330B,tcn_transformer,2028,6,539.89,600.0
TS0330A,TS0330B,tcn_transformer,2028,7,529.89,600.0
TS0330A,TS0330B,tcn_transformer,2028,8,519.89,598.3499145507812
TS0330A,TS0330B,tcn_transformer,2028,9,509.89,594.093505859375
TS0330A,TS0330B,tcn_transformer,2028,10,499.89,588.9515991210938
TS0330A,TS0330B,tcn_transformer,2028,11,489.89,582.8562622070312
TS0330A,TS0330B,tcn_transformer,2028,12,479.89,576.2078857421875
TS0330A,TS0330B,tcn_transformer,2028,13,469.89,568.8673706054688
TS0330A,TS0330B,tcn_transformer,2028,14,459.89,560.8305053710938
TS0330A,TS0330B,tcn_transformer,2028,15,449.89,552.14697265625
TS0330A,TS0330B,tcn_transformer,2028,16,439.89,542.8724365234375
TS0330A,TS0330B,tcn_transformer,2028,17,429.89,532.6952514648438
TS0330A,TS0330B,tcn_transformer,2028,18,419.89,521.70166015625
TS0330A,TS0330B,tcn_transformer,2028,19,409.89,510.0225524902344
TS0330A,TS0330B,tcn_transformer,2028,20,399.89,497.6163940429688
TS0330A,TS0330B,tcn_transformer,2028,21,389.89,484.6569519042969
TS0330A,TS0330B,tcn_transformer,2028,22,379.89,471.1455078125
TS0330A,TS0330B,tcn_transformer,2028,23,369.89,457.4537048339844
TS0330A,TS0330B,tcn_transformer,2028,24,359.89,443.5725708007813
TS0330A,TS0330B,tcn_transformer,2028,25,349.89,429.3107604980469
TS0330A,TS0330B,tcn_transformer,2028,26,339.89,414.8678894042969
TS0330A,TS0330B,tcn_transformer,2028,27,329.89,400.65032958984375
TS0330A,TS0330B,tcn_transformer,2028,28,319.89,386.81884765625
TS0330A,TS0330B,tcn_transformer,2028,29,309.89,373.4651794433594
TS0330A,TS0330B,tcn_transformer,2028,30,299.89,360.5677795410156
TS0330A,TS0330B,tcn_transformer,2028,31,289.89,348.1271667480469
TS0330A,TS0330B,tcn_transformer,2028,32,279.89,336.1376953125
TS0330A,TS0330B,tcn_transformer,2028,33,269.89,324.7040710449219
TS0330A,TS0330B,tcn_transformer,2028,34,259.89,314.285400390625
TS0330A,TS0330B,tcn_transformer,2028,35,249.89,304.3758850097656
TS0330A,TS0330B,tcn_transformer,2028,36,239.89,295.2568054199219
TS0330A,TS0330B,tcn_transformer,2028,37,229.89,286.2883605957031
TS0330A,TS0330B,tcn_transformer,2028,38,219.89,278.0375671386719
TS0330A,TS0330B,tcn_transformer,2028,39,209.89,269.9594421386719
TS0330A,TS0330B,tcn_transformer,2028,40,199.89,261.7882995605469
TS0330A,TS0330B,lath_net,2026,0,599.89,572.5953369140625
TS0330A,TS0330B,lath_net,2026,1,589.89,572.6760864257812
TS0330A,TS0330B,lath_net,2026,2,579.89,572.6295166015625
TS0330A,TS0330B,lath_net,2026,3,569.89,572.3814086914062
TS0330A,TS0330B,lath_net,2026,4,559.89,571.8322143554688
TS0330A,TS0330B,lath_net,2026,5,549.89,570.8306274414062
TS0330A,TS0330B,lath_net,2026,6,539.89,569.2008666992188
TS0330A,TS0330B,lath_net,2026,7,529.89,566.1145629882812
TS0330A,TS0330B,lath_net,2026,8,519.89,561.6105346679688
TS0330A,TS0330B,lath_net,2026,9,509.89,555.9715576171875
TS0330A,TS0330B,lath_net,2026,10,499.89,549.264892578125
TS0330A,TS0330B,lath_net,2026,11,489.89,541.3381958007812
TS0330A,TS0330B,lath_net,2026,12,479.89,532.168212890625
TS0330A,TS0330B,lath_net,2026,13,469.89,522.288330078125
TS0330A,TS0330B,lath_net,2026,14,459.89,511.60009765625
TS0330A,TS0330B,lath_net,2026,15,449.89,500.27001953125
TS0330A,TS0330B,lath_net,2026,16,439.89,488.58782958984375
TS0330A,TS0330B,lath_net,2026,17,429.89,476.8832092285156
TS0330A,TS0330B,lath_net,2026,18,419.89,465.5845031738281
TS0330A,TS0330B,lath_net,2026,19,409.89,455.0513610839844
TS0330A,TS0330B,lath_net,2026,20,399.89,444.4851379394531
TS0330A,TS0330B,lath_net,2026,21,389.89,434.4134826660156
TS0330A,TS0330B,lath_net,2026,22,379.89,425.020751953125
TS0330A,TS0330B,lath_net,2026,23,369.89,416.2823486328125
TS0330A,TS0330B,lath_net,2026,24,359.89,407.8884582519531
TS0330A,TS0330B,lath_net,2026,25,349.89,399.86468505859375
TS0330A,TS0330B,lath_net,2026,26,339.89,391.9576721191406
TS0330A,TS0330B,lath_net,2026,27,329.89,384.16741943359375
TS0330A,TS0330B,lath_net,2026,28,319.89,376.756591796875
TS0330A,TS0330B,lath_net,2026,29,309.89,369.7214050292969
TS0330A,TS0330B,lath_net,2026,30,299.89,362.9856262207031
TS0330A,TS0330B,lath_net,2026,31,289.89,356.4450988769531
TS0330A,TS0330B,lath_net,2026,32,279.89,350.7052917480469
TS0330A,TS0330B,lath_net,2026,33,269.89,344.8683166503906
TS0330A,TS0330B,lath_net,2026,34,259.89,338.9888000488281
TS0330A,TS0330B,lath_net,2026,35,249.89,332.6219482421875
TS0330A,TS0330B,lath_net,2026,36,239.89,327.1665344238281
TS0330A,TS0330B,lath_net,2026,37,229.89,321.3155212402344
TS0330A,TS0330B,lath_net,2026,38,219.89,315.64129638671875
TS0330A,TS0330B,lath_net,2026,39,209.89,310.09991455078125
TS0330A,TS0330B,lath_net,2026,40,199.89,304.63818359375
TS0330A,TS0330B,lath_net,2027,0,599.89,562.2257080078125
TS0330A,TS0330B,lath_net,2027,1,589.89,562.607177734375
TS0330A,TS0330B,lath_net,2027,2,579.89,563.0011596679688
TS0330A,TS0330B,lath_net,2027,3,569.89,563.397705078125
TS0330A,TS0330B,lath_net,2027,4,559.89,563.707275390625
TS0330A,TS0330B,lath_net,2027,5,549.89,563.6786499023438
TS0330A,TS0330B,lath_net,2027,6,539.89,562.9153442382812
TS0330A,TS0330B,lath_net,2027,7,529.89,561.03173828125
TS0330A,TS0330B,lath_net,2027,8,519.89,557.062255859375
TS0330A,TS0330B,lath_net,2027,9,509.89,551.486572265625
TS0330A,TS0330B,lath_net,2027,10,499.89,545.0252685546875
TS0330A,TS0330B,lath_net,2027,11,489.89,537.7711181640625
TS0330A,TS0330B,lath_net,2027,12,479.89,529.2202758789062
TS0330A,TS0330B,lath_net,2027,13,469.89,519.9005737304688
TS0330A,TS0330B,lath_net,2027,14,459.89,510.0132751464844
TS0330A,TS0330B,lath_net,2027,15,449.89,499.6527099609375
TS0330A,TS0330B,lath_net,2027,16,439.89,488.8635559082031
TS0330A,TS0330B,lath_net,2027,17,429.89,477.9962463378906
TS0330A,TS0330B,lath_net,2027,18,419.89,466.7491455078125
TS0330A,TS0330B,lath_net,2027,19,409.89,456.1908874511719
TS0330A,TS0330B,lath_net,2027,20,399.89,445.6445007324219
TS0330A,TS0330B,lath_net,2027,21,389.89,434.9974670410156
TS0330A,TS0330B,lath_net,2027,22,379.89,424.2674865722656
TS0330A,TS0330B,lath_net,2027,23,369.89,413.4696350097656
TS0330A,TS0330B,lath_net,2027,24,359.89,402.4324645996094
TS0330A,TS0330B,lath_net,2027,25,349.89,391.2693176269531
TS0330A,TS0330B,lath_net,2027,26,339.89,380.65228271484375
TS0330A,TS0330B,lath_net,2027,27,329.89,369.8352355957031
TS0330A,TS0330B,lath_net,2027,28,319.89,358.453857421875
TS0330A,TS0330B,lath_net,2027,29,309.89,347.4822082519531
TS0330A,TS0330B,lath_net,2027,30,299.89,338.3800964355469
TS0330A,TS0330B,lath_net,2027,31,289.89,328.6637268066406
TS0330A,TS0330B,lath_net,2027,32,279.89,320.0073547363281
TS0330A,TS0330B,lath_net,2027,33,269.89,312.7931213378906
TS0330A,TS0330B,lath_net,2027,34,259.89,306.912109375
TS0330A,TS0330B,lath_net,2027,35,249.89,299.5466613769531
TS0330A,TS0330B,lath_net,2027,36,239.89,292.7984619140625
TS0330A,TS0330B,lath_net,2027,37,229.89,284.990234375
TS0330A,TS0330B,lath_net,2027,38,219.89,280.3083801269531
TS0330A,TS0330B,lath_net,2027,39,209.89,275.7232666015625
TS0330A,TS0330B,lath_net,2027,40,199.89,269.9736633300781
TS0330A,TS0330B,lath_net,2028,0,599.89,542.5643310546875
TS0330A,TS0330B,lath_net,2028,1,589.89,545.1452026367188
TS0330A,TS0330B,lath_net,2028,2,579.89,548.2605590820312
TS0330A,TS0330B,lath_net,2028,3,569.89,551.8961791992188
TS0330A,TS0330B,lath_net,2028,4,559.89,556.1360473632812
TS0330A,TS0330B,lath_net,2028,5,549.89,560.5931396484375
TS0330A,TS0330B,lath_net,2028,6,539.89,565.0540161132812
TS0330A,TS0330B,lath_net,2028,7,529.89,569.3825073242188
TS0330A,TS0330B,lath_net,2028,8,519.89,571.635498046875
TS0330A,TS0330B,lath_net,2028,9,509.89,572.1680297851562
TS0330A,TS0330B,lath_net,2028,10,499.89,571.5088500976562
TS0330A,TS0330B,lath_net,2028,11,489.89,569.7620849609375
TS0330A,TS0330B,lath_net,2028,12,479.89,566.1201782226562
TS0330A,TS0330B,lath_net,2028,13,469.89,561.164794921875
TS0330A,TS0330B,lath_net,2028,14,459.89,554.3006591796875
TS0330A,TS0330B,lath_net,2028,15,449.89,545.9384155273438
TS0330A,TS0330B,lath_net,2028,16,439.89,536.0078125
TS0330A,TS0330B,lath_net,2028,17,429.89,524.513427734375
TS0330A,TS0330B,lath_net,2028,18,419.89,512.30029296875
TS0330A,TS0330B,lath_net,2028,19,409.89,500.04107666015625
TS0330A,TS0330B,lath_net,2028,20,399.89,487.866455078125
TS0330A,TS0330B,lath_net,2028,21,389.89,476.0238342285156
TS0330A,TS0330B,lath_net,2028,22,379.89,464.3437805175781
TS0330A,TS0330B,lath_net,2028,23,369.89,452.72467041015625
TS0330A,TS0330B,lath_net,2028,24,359.89,441.9554748535156
TS0330A,TS0330B,lath_net,2028,25,349.89,431.3499145507813
TS0330A,TS0330B,lath_net,2028,26,339.89,420.90966796875
TS0330A,TS0330B,lath_net,2028,27,329.89,410.4305114746094
TS0330A,TS0330B,lath_net,2028,28,319.89,400.1682739257813
TS0330A,TS0330B,lath_net,2028,29,309.89,389.6940307617188
TS0330A,TS0330B,lath_net,2028,30,299.89,379.8150329589844
TS0330A,TS0330B,lath_net,2028,31,289.89,369.1581115722656
TS0330A,TS0330B,lath_net,2028,32,279.89,359.7452697753906
TS0330A,TS0330B,lath_net,2028,33,269.89,349.3960876464844
TS0330A,TS0330B,lath_net,2028,34,259.89,339.7496643066406
TS0330A,TS0330B,lath_net,2028,35,249.89,331.7090759277344
TS0330A,TS0330B,lath_net,2028,36,239.89,325.07733154296875
TS0330A,TS0330B,lath_net,2028,37,229.89,317.2328491210937
TS0330A,TS0330B,lath_net,2028,38,219.89,309.7080078125
TS0330A,TS0330B,lath_net,2028,39,209.89,302.3228759765625
TS0330A,TS0330B,lath_net,2028,40,199.89,295.193359375
TS0330B,TS0330C,cnn,2126,0,593.36,544.2281494140625
TS0330B,TS0330C,cnn,2126,1,583.36,534.7075805664062
TS0330B,TS0330C,cnn,2126,2,573.36,525.2575073242188
TS0330B,TS0330C,cnn,2126,3,563.36,516.2232666015625
TS0330B,TS0330C,cnn,2126,4,553.36,507.7091979980469
TS0330B,TS0330C,cnn,2126,5,543.36,499.8392028808594
TS0330B,TS0330C,cnn,2126,6,533.36,492.4820556640625
TS0330B,TS0330C,cnn,2126,7,523.36,485.59320068359375
TS0330B,TS0330C,cnn,2126,8,513.36,478.96575927734375
TS0330B,TS0330C,cnn,2126,9,503.36,472.4870300292969
TS0330B,TS0330C,cnn,2126,10,493.36,465.9512634277344
TS0330B,TS0330C,cnn,2126,11,483.36,459.0787353515625
TS0330B,TS0330C,cnn,2126,12,473.36,451.9689331054688
TS0330B,TS0330C,cnn,2126,13,463.36,444.3930969238281
TS0330B,TS0330C,cnn,2126,14,453.36,436.3811950683594
TS0330B,TS0330C,cnn,2126,15,443.36,427.9578552246094
TS0330B,TS0330C,cnn,2126,16,433.36,419.06884765625
TS0330B,TS0330C,cnn,2126,17,423.36,409.9124145507813
TS0330B,TS0330C,cnn,2126,18,413.36,400.4331359863281
TS0330B,TS0330C,cnn,2126,19,403.36,390.7630920410156
TS0330B,TS0330C,cnn,2126,20,393.36,381.0242309570313
TS0330B,TS0330C,cnn,2126,21,383.36,371.0816955566406
TS0330B,TS0330C,cnn,2126,22,373.36,361.3209838867188
TS0330B,TS0330C,cnn,2126,23,363.36,351.8952331542969
TS0330B,TS0330C,cnn,2126,24,353.36,342.6597595214844
TS0330B,TS0330C,cnn,2126,25,343.36,333.309326171875
TS0330B,TS0330C,cnn,2126,26,333.36,324.1473999023437
TS0330B,TS0330C,cnn,2126,27,323.36,315.1634826660156
TS0330B,TS0330C,cnn,2126,28,313.36,306.6387939453125
TS0330B,TS0330C,cnn,2126,29,303.36,298.7108154296875
TS0330B,TS0330C,cnn,2126,30,293.36,291.4542541503906
TS0330B,TS0330C,cnn,2126,31,283.36,284.4083251953125
TS0330B,TS0330C,cnn,2126,32,273.36,277.32342529296875
TS0330B,TS0330C,cnn,2126,33,263.36,270.0855712890625
TS0330B,TS0330C,cnn,2126,34,253.36,263.1644592285156
TS0330B,TS0330C,cnn,2126,35,243.36,257.1938781738281
TS0330B,TS0330C,cnn,2126,36,233.36,251.42369079589844
TS0330B,TS0330C,cnn,2126,37,223.36,245.7199859619141
TS0330B,TS0330C,cnn,2127,0,593.36,538.6139526367188
TS0330B,TS0330C,cnn,2127,1,583.36,537.2704467773438
TS0330B,TS0330C,cnn,2127,2,573.36,535.00439453125
TS0330B,TS0330C,cnn,2127,3,563.36,531.7819213867188
TS0330B,TS0330C,cnn,2127,4,553.36,527.5427856445312
TS0330B,TS0330C,cnn,2127,5,543.36,522.1406860351562
TS0330B,TS0330C,cnn,2127,6,533.36,515.654296875
TS0330B,TS0330C,cnn,2127,7,523.36,508.0528259277344
TS0330B,TS0330C,cnn,2127,8,513.36,499.2791137695313
TS0330B,TS0330C,cnn,2127,9,503.36,489.6077270507813
TS0330B,TS0330C,cnn,2127,10,493.36,479.1258544921875
TS0330B,TS0330C,cnn,2127,11,483.36,467.73382568359375
TS0330B,TS0330C,cnn,2127,12,473.36,455.9148864746094
TS0330B,TS0330C,cnn,2127,13,463.36,443.6444396972656
TS0330B,TS0330C,cnn,2127,14,453.36,431.2634582519531
TS0330B,TS0330C,cnn,2127,15,443.36,418.7928161621094
TS0330B,TS0330C,cnn,2127,16,433.36,406.4362182617188
TS0330B,TS0330C,cnn,2127,17,423.36,394.27935791015625
TS0330B,TS0330C,cnn,2127,18,413.36,382.4518127441406
TS0330B,TS0330C,cnn,2127,19,403.36,370.8959655761719
TS0330B,TS0330C,cnn,2127,20,393.36,359.8511962890625
TS0330B,TS0330C,cnn,2127,21,383.36,349.10382080078125
TS0330B,TS0330C,cnn,2127,22,373.36,338.8868713378906
TS0330B,TS0330C,cnn,2127,23,363.36,329.4073181152344
TS0330B,TS0330C,cnn,2127,24,353.36,320.4228515625
TS0330B,TS0330C,cnn,2127,25,343.36,311.7609558105469
TS0330B,TS0330C,cnn,2127,26,333.36,303.4383544921875
TS0330B,TS0330C,cnn,2127,27,323.36,295.5140380859375
TS0330B,TS0330C,cnn,2127,28,313.36,288.13848876953125
TS0330B,TS0330C,cnn,2127,29,303.36,281.36187744140625
TS0330B,TS0330C,cnn,2127,30,293.36,275.3021545410156
TS0330B,TS0330C,cnn,2127,31,283.36,269.589599609375
TS0330B,TS0330C,cnn,2127,32,273.36,264.0100402832031
TS0330B,TS0330C,cnn,2127,33,263.36,258.4449157714844
TS0330B,TS0330C,cnn,2127,34,253.36,253.095458984375
TS0330B,TS0330C,cnn,2127,35,243.36,248.46224975585935
TS0330B,TS0330C,cnn,2127,36,233.36,244.1574859619141
TS0330B,TS0330C,cnn,2127,37,223.36,240.0185089111328
TS0330B,TS0330C,cnn,2128,0,593.36,542.2343139648438
TS0330B,TS0330C,cnn,2128,1,583.36,532.6759643554688
TS0330B,TS0330C,cnn,2128,2,573.36,523.1655883789062
TS0330B,TS0330C,cnn,2128,3,563.36,514.021484375
TS0330B,TS0330C,cnn,2128,4,553.36,505.3523559570313
TS0330B,TS0330C,cnn,2128,5,543.36,497.301513671875
TS0330B,TS0330C,cnn,2128,6,533.36,489.731201171875
TS0330B,TS0330C,cnn,2128,7,523.36,482.6047668457031
TS0330B,TS0330C,cnn,2128,8,513.36,475.75775146484375
TS0330B,TS0330C,cnn,2128,9,503.36,469.0226440429688
TS0330B,TS0330C,cnn,2128,10,493.36,462.2166442871094
TS0330B,TS0330C,cnn,2128,11,483.36,455.0960083007813
TS0330B,TS0330C,cnn,2128,12,473.36,447.6961364746094
TS0330B,TS0330C,cnn,2128,13,463.36,439.8251647949219
TS0330B,TS0330C,cnn,2128,14,453.36,431.5116882324219
TS0330B,TS0330C,cnn,2128,15,443.36,422.7861633300781
TS0330B,TS0330C,cnn,2128,16,433.36,413.5774536132813
TS0330B,TS0330C,cnn,2128,17,423.36,404.0889587402344
TS0330B,TS0330C,cnn,2128,18,413.36,394.2610168457031
TS0330B,TS0330C,cnn,2128,19,403.36,384.2341918945313
TS0330B,TS0330C,cnn,2128,20,393.36,374.1312255859375
TS0330B,TS0330C,cnn,2128,21,383.36,363.8111877441406
TS0330B,TS0330C,cnn,2128,22,373.36,353.7178649902344
TS0330B,TS0330C,cnn,2128,23,363.36,343.9735717773437
TS0330B,TS0330C,cnn,2128,24,353.36,334.4862670898437
TS0330B,TS0330C,cnn,2128,25,343.36,324.9058532714844
TS0330B,TS0330C,cnn,2128,26,333.36,315.61529541015625
TS0330B,TS0330C,cnn,2128,27,323.36,306.55438232421875
TS0330B,TS0330C,cnn,2128,28,313.36,298.0369567871094
TS0330B,TS0330C,cnn,2128,29,303.36,290.1703796386719
TS0330B,TS0330C,cnn,2128,30,293.36,283.0346069335937
TS0330B,TS0330C,cnn,2128,31,283.36,276.1547546386719
TS0330B,TS0330C,cnn,2128,32,273.36,269.3453369140625
TS0330B,TS0330C,cnn,2128,33,263.36,262.5060729980469
TS0330B,TS0330C,cnn,2128,34,253.36,256.06304931640625
TS0330B,TS0330C,cnn,2128,35,243.36,250.53021240234372
TS0330B,TS0330C,cnn,2128,36,233.36,245.21212768554688
TS0330B,TS0330C,cnn,2128,37,223.36,240.06158447265625
TS0330B,TS0330C,lstm,2126,0,593.36,554.5712280273438
TS0330B,TS0330C,lstm,2126,1,583.36,547.5171508789062
TS0330B,TS0330C,lstm,2126,2,573.36,540.1718139648438
TS0330B,TS0330C,lstm,2126,3,563.36,532.5767211914062
TS0330B,TS0330C,lstm,2126,4,553.36,524.7571411132812
TS0330B,TS0330C,lstm,2126,5,543.36,516.7151489257812
TS0330B,TS0330C,lstm,2126,6,533.36,508.5374145507813
TS0330B,TS0330C,lstm,2126,7,523.36,500.3462524414063
TS0330B,TS0330C,lstm,2126,8,513.36,492.099365234375
TS0330B,TS0330C,lstm,2126,9,503.36,483.3476867675781
TS0330B,TS0330C,lstm,2126,10,493.36,474.2798461914063
TS0330B,TS0330C,lstm,2126,11,483.36,464.2603454589844
TS0330B,TS0330C,lstm,2126,12,473.36,455.1850280761719
TS0330B,TS0330C,lstm,2126,13,463.36,445.5913391113281
TS0330B,TS0330C,lstm,2126,14,453.36,435.47265625
TS0330B,TS0330C,lstm,2126,15,443.36,426.1413269042969
TS0330B,TS0330C,lstm,2126,16,433.36,415.16253662109375
TS0330B,TS0330C,lstm,2126,17,423.36,405.5403747558594
TS0330B,TS0330C,lstm,2126,18,413.36,394.1676330566406
TS0330B,TS0330C,lstm,2126,19,403.36,383.6246337890625
TS0330B,TS0330C,lstm,2126,20,393.36,372.982421875
TS0330B,TS0330C,lstm,2126,21,383.36,360.70208740234375
TS0330B,TS0330C,lstm,2126,22,373.36,350.8305053710937
TS0330B,TS0330C,lstm,2126,23,363.36,341.8644104003906
TS0330B,TS0330C,lstm,2126,24,353.36,332.8133544921875
TS0330B,TS0330C,lstm,2126,25,343.36,320.05096435546875
TS0330B,TS0330C,lstm,2126,26,333.36,309.1055908203125
TS0330B,TS0330C,lstm,2126,27,323.36,300.03533935546875
TS0330B,TS0330C,lstm,2126,28,313.36,292.5055236816406
TS0330B,TS0330C,lstm,2126,29,303.36,289.4739074707031
TS0330B,TS0330C,lstm,2126,30,293.36,285.5949401855469
TS0330B,TS0330C,lstm,2126,31,283.36,279.59228515625
TS0330B,TS0330C,lstm,2126,32,273.36,269.3006286621094
TS0330B,TS0330C,lstm,2126,33,263.36,257.6337280273437
TS0330B,TS0330C,lstm,2126,34,253.36,252.8453063964844
TS0330B,TS0330C,lstm,2126,35,243.36,255.2642517089844
TS0330B,TS0330C,lstm,2126,36,233.36,251.0582733154297
TS0330B,TS0330C,lstm,2126,37,223.36,241.9003448486328
TS0330B,TS0330C,lstm,2127,0,593.36,533.736572265625
TS0330B,TS0330C,lstm,2127,1,583.36,526.950439453125
TS0330B,TS0330C,lstm,2127,2,573.36,519.7860717773438
TS0330B,TS0330C,lstm,2127,3,563.36,512.3541259765625
TS0330B,TS0330C,lstm,2127,4,553.36,504.7320861816406
TS0330B,TS0330C,lstm,2127,5,543.36,497.0038146972656
TS0330B,TS0330C,lstm,2127,6,533.36,489.3120422363281
TS0330B,TS0330C,lstm,2127,7,523.36,481.8323974609375
TS0330B,TS0330C,lstm,2127,8,513.36,474.53118896484375
TS0330B,TS0330C,lstm,2127,9,503.36,467.1015625
TS0330B,TS0330C,lstm,2127,10,493.36,459.81158447265625
TS0330B,TS0330C,lstm,2127,11,483.36,452.2019958496094
TS0330B,TS0330C,lstm,2127,12,473.36,445.85931396484375
TS0330B,TS0330C,lstm,2127,13,463.36,439.5372009277344
TS0330B,TS0330C,lstm,2127,14,453.36,433.2477722167969
TS0330B,TS0330C,lstm,2127,15,443.36,428.0837707519531
TS0330B,TS0330C,lstm,2127,16,433.36,422.1419982910156
TS0330B,TS0330C,lstm,2127,17,423.36,417.69287109375
TS0330B,TS0330C,lstm,2127,18,413.36,412.3156127929688
TS0330B,TS0330C,lstm,2127,19,403.36,408.13671875
TS0330B,TS0330C,lstm,2127,20,393.36,403.8450622558594
TS0330B,TS0330C,lstm,2127,21,383.36,399.2940673828125
TS0330B,TS0330C,lstm,2127,22,373.36,396.1480712890625
TS0330B,TS0330C,lstm,2127,23,363.36,393.21728515625
TS0330B,TS0330C,lstm,2127,24,353.36,390.1373901367188
TS0330B,TS0330C,lstm,2127,25,343.36,385.5306701660156
TS0330B,TS0330C,lstm,2127,26,333.36,382.3002624511719
TS0330B,TS0330C,lstm,2127,27,323.36,379.60455322265625
TS0330B,TS0330C,lstm,2127,28,313.36,377.4319458007813
TS0330B,TS0330C,lstm,2127,29,303.36,376.89849853515625
TS0330B,TS0330C,lstm,2127,30,293.36,375.4275207519531
TS0330B,TS0330C,lstm,2127,31,283.36,373.2176513671875
TS0330B,TS0330C,lstm,2127,32,273.36,369.1656188964844
TS0330B,TS0330C,lstm,2127,33,263.36,365.2880554199219
TS0330B,TS0330C,lstm,2127,34,253.36,364.3723754882813
TS0330B,TS0330C,lstm,2127,35,243.36,365.7916564941406
TS0330B,TS0330C,lstm,2127,36,233.36,363.49652099609375
TS0330B,TS0330C,lstm,2127,37,223.36,359.8124694824219
TS0330B,TS0330C,lstm,2128,0,593.36,564.7249755859375
TS0330B,TS0330C,lstm,2128,1,583.36,556.1050415039062
TS0330B,TS0330C,lstm,2128,2,573.36,547.1282958984375
TS0330B,TS0330C,lstm,2128,3,563.36,537.8916015625
TS0330B,TS0330C,lstm,2128,4,553.36,528.4796752929688
TS0330B,TS0330C,lstm,2128,5,543.36,518.9869995117188
TS0330B,TS0330C,lstm,2128,6,533.36,509.5832214355469
TS0330B,TS0330C,lstm,2128,7,523.36,500.4748229980469
TS0330B,TS0330C,lstm,2128,8,513.36,491.66156005859375
TS0330B,TS0330C,lstm,2128,9,503.36,482.8031921386719
TS0330B,TS0330C,lstm,2128,10,493.36,474.17620849609375
TS0330B,TS0330C,lstm,2128,11,483.36,465.2498168945313
TS0330B,TS0330C,lstm,2128,12,473.36,457.78314208984375
TS0330B,TS0330C,lstm,2128,13,463.36,450.4669189453125
TS0330B,TS0330C,lstm,2128,14,453.36,443.313232421875
TS0330B,TS0330C,lstm,2128,15,443.36,437.3818054199219
TS0330B,TS0330C,lstm,2128,16,433.36,430.7704162597656
TS0330B,TS0330C,lstm,2128,17,423.36,425.7398071289063
TS0330B,TS0330C,lstm,2128,18,413.36,419.8743591308594
TS0330B,TS0330C,lstm,2128,19,403.36,415.2406311035156
TS0330B,TS0330C,lstm,2128,20,393.36,410.62017822265625
TS0330B,TS0330C,lstm,2128,21,383.36,405.71722412109375
TS0330B,TS0330C,lstm,2128,22,373.36,402.3255615234375
TS0330B,TS0330C,lstm,2128,23,363.36,399.2204895019531
TS0330B,TS0330C,lstm,2128,24,353.36,396.00335693359375
TS0330B,TS0330C,lstm,2128,25,343.36,391.2566833496094
TS0330B,TS0330C,lstm,2128,26,333.36,387.8856201171875
TS0330B,TS0330C,lstm,2128,27,323.36,385.1168518066406
TS0330B,TS0330C,lstm,2128,28,313.36,382.8858947753906
TS0330B,TS0330C,lstm,2128,29,303.36,382.3142700195313
TS0330B,TS0330C,lstm,2128,30,293.36,380.8638916015625
TS0330B,TS0330C,lstm,2128,31,283.36,378.6594848632813
TS0330B,TS0330C,lstm,2128,32,273.36,374.6723327636719
TS0330B,TS0330C,lstm,2128,33,263.36,370.8127746582031
TS0330B,TS0330C,lstm,2128,34,253.36,369.85638427734375
TS0330B,TS0330C,lstm,2128,35,243.36,371.2225341796875
TS0330B,TS0330C,lstm,2128,36,233.36,369.0481567382813
TS0330B,TS0330C,lstm,2128,37,223.36,365.4793090820313
TS0330B,TS0330C,gru,2126,0,593.36,510.6268005371094
TS0330B,TS0330C,gru,2126,1,583.36,502.3502807617188
TS0330B,TS0330C,gru,2126,2,573.36,494.1458129882813
TS0330B,TS0330C,gru,2126,3,563.36,486.1528015136719
TS0330B,TS0330C,gru,2126,4,553.36,478.40179443359375
TS0330B,TS0330C,gru,2126,5,543.36,470.8744201660156
TS0330B,TS0330C,gru,2126,6,533.36,463.6903381347656
TS0330B,TS0330C,gru,2126,7,523.36,456.98345947265625
TS0330B,TS0330C,gru,2126,8,513.36,450.6824645996094
TS0330B,TS0330C,gru,2126,9,503.36,444.28509521484375
TS0330B,TS0330C,gru,2126,10,493.36,437.9890747070313
TS0330B,TS0330C,gru,2126,11,483.36,431.6363830566406
TS0330B,TS0330C,gru,2126,12,473.36,426.4549255371094
TS0330B,TS0330C,gru,2126,13,463.36,421.4671325683594
TS0330B,TS0330C,gru,2126,14,453.36,416.1212768554688
TS0330B,TS0330C,gru,2126,15,443.36,412.2513732910156
TS0330B,TS0330C,gru,2126,16,433.36,407.1642761230469
TS0330B,TS0330C,gru,2126,17,423.36,403.82623291015625
TS0330B,TS0330C,gru,2126,18,413.36,399.148193359375
TS0330B,TS0330C,gru,2126,19,403.36,396.0082702636719
TS0330B,TS0330C,gru,2126,20,393.36,392.2552490234375
TS0330B,TS0330C,gru,2126,21,383.36,388.6461791992188
TS0330B,TS0330C,gru,2126,22,373.36,386.1228942871094
TS0330B,TS0330C,gru,2126,23,363.36,383.7054748535156
TS0330B,TS0330C,gru,2126,24,353.36,381.0597839355469
TS0330B,TS0330C,gru,2126,25,343.36,377.01458740234375
TS0330B,TS0330C,gru,2126,26,333.36,374.5308227539063
TS0330B,TS0330C,gru,2126,27,323.36,372.2733154296875
TS0330B,TS0330C,gru,2126,28,313.36,370.5676879882813
TS0330B,TS0330C,gru,2126,29,303.36,370.3310852050781
TS0330B,TS0330C,gru,2126,30,293.36,368.874267578125
TS0330B,TS0330C,gru,2126,31,283.36,366.8880615234375
TS0330B,TS0330C,gru,2126,32,273.36,362.9989318847656
TS0330B,TS0330C,gru,2126,33,263.36,359.892578125
TS0330B,TS0330C,gru,2126,34,253.36,359.5702819824219
TS0330B,TS0330C,gru,2126,35,243.36,360.9816589355469
TS0330B,TS0330C,gru,2126,36,233.36,358.3175964355469
TS0330B,TS0330C,gru,2126,37,223.36,354.9879455566406
TS0330B,TS0330C,gru,2127,0,593.36,600.0
TS0330B,TS0330C,gru,2127,1,583.36,586.0148315429688
TS0330B,TS0330C,gru,2127,2,573.36,570.4474487304688
TS0330B,TS0330C,gru,2127,3,563.36,555.0587768554688
TS0330B,TS0330C,gru,2127,4,553.36,539.990966796875
TS0330B,TS0330C,gru,2127,5,543.36,525.3003540039062
TS0330B,TS0330C,gru,2127,6,533.36,511.2048034667969
TS0330B,TS0330C,gru,2127,7,523.36,497.9330749511719
TS0330B,TS0330C,gru,2127,8,513.36,485.2326354980469
TS0330B,TS0330C,gru,2127,9,503.36,472.4867248535156
TS0330B,TS0330C,gru,2127,10,493.36,460.2493286132813
TS0330B,TS0330C,gru,2127,11,483.36,447.6669921875
TS0330B,TS0330C,gru,2127,12,473.36,437.578369140625
TS0330B,TS0330C,gru,2127,13,463.36,427.33984375
TS0330B,TS0330C,gru,2127,14,453.36,417.2005310058594
TS0330B,TS0330C,gru,2127,15,443.36,409.2013854980469
TS0330B,TS0330C,gru,2127,16,433.36,399.5841979980469
TS0330B,TS0330C,gru,2127,17,423.36,392.7786865234375
TS0330B,TS0330C,gru,2127,18,413.36,384.1029968261719
TS0330B,TS0330C,gru,2127,19,403.36,377.694091796875
TS0330B,TS0330C,gru,2127,20,393.36,370.8899841308594
TS0330B,TS0330C,gru,2127,21,383.36,363.6884460449219
TS0330B,TS0330C,gru,2127,22,373.36,358.8478088378906
TS0330B,TS0330C,gru,2127,23,363.36,354.25494384765625
TS0330B,TS0330C,gru,2127,24,353.36,349.4175109863281
TS0330B,TS0330C,gru,2127,25,343.36,341.932861328125
TS0330B,TS0330C,gru,2127,26,333.36,337.04107666015625
TS0330B,TS0330C,gru,2127,27,323.36,332.8292236328125
TS0330B,TS0330C,gru,2127,28,313.36,329.44207763671875
TS0330B,TS0330C,gru,2127,29,303.36,328.8418884277344
TS0330B,TS0330C,gru,2127,30,293.36,326.3944396972656
TS0330B,TS0330C,gru,2127,31,283.36,322.8260192871094
TS0330B,TS0330C,gru,2127,32,273.36,316.1875915527344
TS0330B,TS0330C,gru,2127,33,263.36,310.0955505371094
TS0330B,TS0330C,gru,2127,34,253.36,308.9745178222656
TS0330B,TS0330C,gru,2127,35,243.36,311.53436279296875
TS0330B,TS0330C,gru,2127,36,233.36,307.3851013183594
TS0330B,TS0330C,gru,2127,37,223.36,301.41656494140625
TS0330B,TS0330C,gru,2128,0,593.36,545.9527587890625
TS0330B,TS0330C,gru,2128,1,583.36,534.5869750976562
TS0330B,TS0330C,gru,2128,2,573.36,523.1752319335938
TS0330B,TS0330C,gru,2128,3,563.36,511.9811401367188
TS0330B,TS0330C,gru,2128,4,553.36,501.1015930175781
TS0330B,TS0330C,gru,2128,5,543.36,490.5660400390625
TS0330B,TS0330C,gru,2128,6,533.36,480.5230102539063
TS0330B,TS0330C,gru,2128,7,523.36,471.1207885742188
TS0330B,TS0330C,gru,2128,8,513.36,462.1009826660156
TS0330B,TS0330C,gru,2128,9,503.36,453.0322265625
TS0330B,TS0330C,gru,2128,10,493.36,444.3678894042969
TS0330B,TS0330C,gru,2128,11,483.36,435.48577880859375
TS0330B,TS0330C,gru,2128,12,473.36,428.4482727050781
TS0330B,TS0330C,gru,2128,13,463.36,421.1993103027344
TS0330B,TS0330C,gru,2128,14,453.36,414.008056640625
TS0330B,TS0330C,gru,2128,15,443.36,408.4278259277344
TS0330B,TS0330C,gru,2128,16,433.36,401.5851135253906
TS0330B,TS0330C,gru,2128,17,423.36,396.8486328125
TS0330B,TS0330C,gru,2128,18,413.36,390.6661071777344
TS0330B,TS0330C,gru,2128,19,403.36,386.2043762207031
TS0330B,TS0330C,gru,2128,20,393.36,381.3716125488281
TS0330B,TS0330C,gru,2128,21,383.36,376.3002624511719
TS0330B,TS0330C,gru,2128,22,373.36,372.9044799804688
TS0330B,TS0330C,gru,2128,23,363.36,369.6461181640625
TS0330B,TS0330C,gru,2128,24,353.36,366.2140502929688
TS0330B,TS0330C,gru,2128,25,343.36,360.8378601074219
TS0330B,TS0330C,gru,2128,26,333.36,357.420166015625
TS0330B,TS0330C,gru,2128,27,323.36,354.4353942871094
TS0330B,TS0330C,gru,2128,28,313.36,352.0335998535156
TS0330B,TS0330C,gru,2128,29,303.36,351.6524658203125
TS0330B,TS0330C,gru,2128,30,293.36,349.86297607421875
TS0330B,TS0330C,gru,2128,31,283.36,347.3038024902344
TS0330B,TS0330C,gru,2128,32,273.36,342.4961242675781
TS0330B,TS0330C,gru,2128,33,263.36,338.1778869628906
TS0330B,TS0330C,gru,2128,34,253.36,337.46734619140625
TS0330B,TS0330C,gru,2128,35,243.36,339.3800048828125
TS0330B,TS0330C,gru,2128,36,233.36,336.2552490234375
TS0330B,TS0330C,gru,2128,37,223.36,331.9667358398437
TS0330B,TS0330C,tcn,2126,0,593.36,587.1708984375
TS0330B,TS0330C,tcn,2126,1,583.36,577.6796875
TS0330B,TS0330C,tcn,2126,2,573.36,566.3390502929688
TS0330B,TS0330C,tcn,2126,3,563.36,554.59228515625
TS0330B,TS0330C,tcn,2126,4,553.36,541.786865234375
TS0330B,TS0330C,tcn,2126,5,543.36,529.0985107421875
TS0330B,TS0330C,tcn,2126,6,533.36,516.2882080078125
TS0330B,TS0330C,tcn,2126,7,523.36,506.46142578125
TS0330B,TS0330C,tcn,2126,8,513.36,498.7104187011719
TS0330B,TS0330C,tcn,2126,9,503.36,492.1777648925781
TS0330B,TS0330C,tcn,2126,10,493.36,484.58782958984375
TS0330B,TS0330C,tcn,2126,11,483.36,477.097900390625
TS0330B,TS0330C,tcn,2126,12,473.36,468.2244262695313
TS0330B,TS0330C,tcn,2126,13,463.36,458.9989929199219
TS0330B,TS0330C,tcn,2126,14,453.36,450.2948303222656
TS0330B,TS0330C,tcn,2126,15,443.36,442.8175354003906
TS0330B,TS0330C,tcn,2126,16,433.36,435.9934997558594
TS0330B,TS0330C,tcn,2126,17,423.36,427.77435302734375
TS0330B,TS0330C,tcn,2126,18,413.36,418.9644775390625
TS0330B,TS0330C,tcn,2126,19,403.36,409.639404296875
TS0330B,TS0330C,tcn,2126,20,393.36,400.71429443359375
TS0330B,TS0330C,tcn,2126,21,383.36,391.8600463867188
TS0330B,TS0330C,tcn,2126,22,373.36,382.4740905761719
TS0330B,TS0330C,tcn,2126,23,363.36,373.1448364257813
TS0330B,TS0330C,tcn,2126,24,353.36,364.3133544921875
TS0330B,TS0330C,tcn,2126,25,343.36,355.6792907714844
TS0330B,TS0330C,tcn,2126,26,333.36,346.5802917480469
TS0330B,TS0330C,tcn,2126,27,323.36,338.2245483398437
TS0330B,TS0330C,tcn,2126,28,313.36,330.4608764648437
TS0330B,TS0330C,tcn,2126,29,303.36,321.8667297363281
TS0330B,TS0330C,tcn,2126,30,293.36,314.4020690917969
TS0330B,TS0330C,tcn,2126,31,283.36,307.1578369140625
TS0330B,TS0330C,tcn,2126,32,273.36,299.2886657714844
TS0330B,TS0330C,tcn,2126,33,263.36,292.8080444335937
TS0330B,TS0330C,tcn,2126,34,253.36,287.0339050292969
TS0330B,TS0330C,tcn,2126,35,243.36,281.7323608398437
TS0330B,TS0330C,tcn,2126,36,233.36,275.30133056640625
TS0330B,TS0330C,tcn,2126,37,223.36,269.9848937988281
TS0330B,TS0330C,tcn,2127,0,593.36,582.6040649414062
TS0330B,TS0330C,tcn,2127,1,583.36,576.3121337890625
TS0330B,TS0330C,tcn,2127,2,573.36,567.5023193359375
TS0330B,TS0330C,tcn,2127,3,563.36,557.566650390625
TS0330B,TS0330C,tcn,2127,4,553.36,545.6622924804688
TS0330B,TS0330C,tcn,2127,5,543.36,534.0341796875
TS0330B,TS0330C,tcn,2127,6,533.36,522.4909057617188
TS0330B,TS0330C,tcn,2127,7,523.36,510.8292236328125
TS0330B,TS0330C,tcn,2127,8,513.36,498.6843566894531
TS0330B,TS0330C,tcn,2127,9,503.36,486.4546813964844
TS0330B,TS0330C,tcn,2127,10,493.36,477.1382751464844
TS0330B,TS0330C,tcn,2127,11,483.36,467.0612487792969
TS0330B,TS0330C,tcn,2127,12,473.36,457.26275634765625
TS0330B,TS0330C,tcn,2127,13,463.36,447.8621215820313
TS0330B,TS0330C,tcn,2127,14,453.36,439.3885803222656
TS0330B,TS0330C,tcn,2127,15,443.36,429.5145263671875
TS0330B,TS0330C,tcn,2127,16,433.36,421.1779479980469
TS0330B,TS0330C,tcn,2127,17,423.36,411.1703186035156
TS0330B,TS0330C,tcn,2127,18,413.36,402.4822387695313
TS0330B,TS0330C,tcn,2127,19,403.36,392.2010192871094
TS0330B,TS0330C,tcn,2127,20,393.36,381.7069091796875
TS0330B,TS0330C,tcn,2127,21,383.36,372.975830078125
TS0330B,TS0330C,tcn,2127,22,373.36,359.8683776855469
TS0330B,TS0330C,tcn,2127,23,363.36,351.5292053222656
TS0330B,TS0330C,tcn,2127,24,353.36,340.1075134277344
TS0330B,TS0330C,tcn,2127,25,343.36,331.65203857421875
TS0330B,TS0330C,tcn,2127,26,333.36,322.5111999511719
TS0330B,TS0330C,tcn,2127,27,323.36,313.4922180175781
TS0330B,TS0330C,tcn,2127,28,313.36,305.44012451171875
TS0330B,TS0330C,tcn,2127,29,303.36,297.5345764160156
TS0330B,TS0330C,tcn,2127,30,293.36,288.5872802734375
TS0330B,TS0330C,tcn,2127,31,283.36,283.06268310546875
TS0330B,TS0330C,tcn,2127,32,273.36,274.0179748535156
TS0330B,TS0330C,tcn,2127,33,263.36,269.2646179199219
TS0330B,TS0330C,tcn,2127,34,253.36,263.9895324707031
TS0330B,TS0330C,tcn,2127,35,243.36,259.696044921875
TS0330B,TS0330C,tcn,2127,36,233.36,252.3655242919922
TS0330B,TS0330C,tcn,2127,37,223.36,247.04351806640625
TS0330B,TS0330C,tcn,2128,0,593.36,573.5745239257812
TS0330B,TS0330C,tcn,2128,1,583.36,571.590087890625
TS0330B,TS0330C,tcn,2128,2,573.36,568.51513671875
TS0330B,TS0330C,tcn,2128,3,563.36,562.3195190429688
TS0330B,TS0330C,tcn,2128,4,553.36,552.2340087890625
TS0330B,TS0330C,tcn,2128,5,543.36,537.7095336914062
TS0330B,TS0330C,tcn,2128,6,533.36,518.8845825195312
TS0330B,TS0330C,tcn,2128,7,523.36,498.8227233886719
TS0330B,TS0330C,tcn,2128,8,513.36,485.9520568847656
TS0330B,TS0330C,tcn,2128,9,503.36,473.42193603515625
TS0330B,TS0330C,tcn,2128,10,493.36,459.5470275878906
TS0330B,TS0330C,tcn,2128,11,483.36,447.187255859375
TS0330B,TS0330C,tcn,2128,12,473.36,432.2342529296875
TS0330B,TS0330C,tcn,2128,13,463.36,417.3439025878906
TS0330B,TS0330C,tcn,2128,14,453.36,407.289794921875
TS0330B,TS0330C,tcn,2128,15,443.36,396.0523986816406
TS0330B,TS0330C,tcn,2128,16,433.36,388.3350830078125
TS0330B,TS0330C,tcn,2128,17,423.36,377.6772155761719
TS0330B,TS0330C,tcn,2128,18,413.36,368.2288208007813
TS0330B,TS0330C,tcn,2128,19,403.36,357.37115478515625
TS0330B,TS0330C,tcn,2128,20,393.36,346.947021484375
TS0330B,TS0330C,tcn,2128,21,383.36,334.9175720214844
TS0330B,TS0330C,tcn,2128,22,373.36,322.7489318847656
TS0330B,TS0330C,tcn,2128,23,363.36,312.15155029296875
TS0330B,TS0330C,tcn,2128,24,353.36,303.0651550292969
TS0330B,TS0330C,tcn,2128,25,343.36,294.0713195800781
TS0330B,TS0330C,tcn,2128,26,333.36,286.5614624023437
TS0330B,TS0330C,tcn,2128,27,323.36,275.86199951171875
TS0330B,TS0330C,tcn,2128,28,313.36,268.4621887207031
TS0330B,TS0330C,tcn,2128,29,303.36,255.7040863037109
TS0330B,TS0330C,tcn,2128,30,293.36,250.6138153076172
TS0330B,TS0330C,tcn,2128,31,283.36,242.1297912597656
TS0330B,TS0330C,tcn,2128,32,273.36,235.86968994140625
TS0330B,TS0330C,tcn,2128,33,263.36,229.3865966796875
TS0330B,TS0330C,tcn,2128,34,253.36,222.5958251953125
TS0330B,TS0330C,tcn,2128,35,243.36,214.84963989257807
TS0330B,TS0330C,tcn,2128,36,233.36,205.6427154541016
TS0330B,TS0330C,tcn,2128,37,223.36,201.581298828125
TS0330B,TS0330C,transformer,2126,0,593.36,590.9703369140625
TS0330B,TS0330C,transformer,2126,1,583.36,587.507080078125
TS0330B,TS0330C,transformer,2126,2,573.36,582.546875
TS0330B,TS0330C,transformer,2126,3,563.36,576.024169921875
TS0330B,TS0330C,transformer,2126,4,553.36,567.9476318359375
TS0330B,TS0330C,transformer,2126,5,543.36,558.4459228515625
TS0330B,TS0330C,transformer,2126,6,533.36,547.690185546875
TS0330B,TS0330C,transformer,2126,7,523.36,535.9608154296875
TS0330B,TS0330C,transformer,2126,8,513.36,523.5013427734375
TS0330B,TS0330C,transformer,2126,9,503.36,510.5768737792969
TS0330B,TS0330C,transformer,2126,10,493.36,497.4229431152344
TS0330B,TS0330C,transformer,2126,11,483.36,484.140625
TS0330B,TS0330C,transformer,2126,12,473.36,471.1880187988281
TS0330B,TS0330C,transformer,2126,13,463.36,458.5982055664063
TS0330B,TS0330C,transformer,2126,14,453.36,446.4980773925781
TS0330B,TS0330C,transformer,2126,15,443.36,435.0849609375
TS0330B,TS0330C,transformer,2126,16,433.36,424.265380859375
TS0330B,TS0330C,transformer,2126,17,423.36,414.26507568359375
TS0330B,TS0330C,transformer,2126,18,413.36,404.9065246582031
TS0330B,TS0330C,transformer,2126,19,403.36,396.2956237792969
TS0330B,TS0330C,transformer,2126,20,393.36,388.3542785644531
TS0330B,TS0330C,transformer,2126,21,383.36,380.9933166503906
TS0330B,TS0330C,transformer,2126,22,373.36,374.3274841308594
TS0330B,TS0330C,transformer,2126,23,363.36,368.3626098632813
TS0330B,TS0330C,transformer,2126,24,353.36,362.8851623535156
TS0330B,TS0330C,transformer,2126,25,343.36,357.7103271484375
TS0330B,TS0330C,transformer,2126,26,333.36,352.957763671875
TS0330B,TS0330C,transformer,2126,27,323.36,348.55670166015625
TS0330B,TS0330C,transformer,2126,28,313.36,344.6001892089844
TS0330B,TS0330C,transformer,2126,29,303.36,341.0912780761719
TS0330B,TS0330C,transformer,2126,30,293.36,337.9804992675781
TS0330B,TS0330C,transformer,2126,31,283.36,335.07818603515625
TS0330B,TS0330C,transformer,2126,32,273.36,332.2170104980469
TS0330B,TS0330C,transformer,2126,33,263.36,329.44464111328125
TS0330B,TS0330C,transformer,2126,34,253.36,326.9104309082031
TS0330B,TS0330C,transformer,2126,35,243.36,324.791259765625
TS0330B,TS0330C,transformer,2126,36,233.36,322.7326965332031
TS0330B,TS0330C,transformer,2126,37,223.36,320.74920654296875
TS0330B,TS0330C,transformer,2127,0,593.36,551.6248168945312
TS0330B,TS0330C,transformer,2127,1,583.36,550.9047241210938
TS0330B,TS0330C,transformer,2127,2,573.36,549.6319580078125
TS0330B,TS0330C,transformer,2127,3,563.36,547.649658203125
TS0330B,TS0330C,transformer,2127,4,553.36,544.8204345703125
TS0330B,TS0330C,transformer,2127,5,543.36,541.0161743164062
TS0330B,TS0330C,transformer,2127,6,533.36,536.1485595703125
TS0330B,TS0330C,transformer,2127,7,523.36,530.17578125
TS0330B,TS0330C,transformer,2127,8,513.36,523.0870361328125
TS0330B,TS0330C,transformer,2127,9,503.36,514.8980102539062
TS0330B,TS0330C,transformer,2127,10,493.36,505.681396484375
TS0330B,TS0330C,transformer,2127,11,483.36,495.4383850097656
TS0330B,TS0330C,transformer,2127,12,473.36,484.5251770019531
TS0330B,TS0330C,transformer,2127,13,463.36,473.0074768066406
TS0330B,TS0330C,transformer,2127,14,453.36,461.0514831542969
TS0330B,TS0330C,transformer,2127,15,443.36,448.9287109375
TS0330B,TS0330C,transformer,2127,16,433.36,436.62493896484375
TS0330B,TS0330C,transformer,2127,17,423.36,424.5003356933594
TS0330B,TS0330C,transformer,2127,18,413.36,412.4638366699219
TS0330B,TS0330C,transformer,2127,19,403.36,400.74945068359375
TS0330B,TS0330C,transformer,2127,20,393.36,389.37249755859375
TS0330B,TS0330C,transformer,2127,21,383.36,378.3226013183594
TS0330B,TS0330C,transformer,2127,22,373.36,367.8546447753906
TS0330B,TS0330C,transformer,2127,23,363.36,358.1180114746094
TS0330B,TS0330C,transformer,2127,24,353.36,348.8522644042969
TS0330B,TS0330C,transformer,2127,25,343.36,339.8504638671875
TS0330B,TS0330C,transformer,2127,26,333.36,331.34112548828125
TS0330B,TS0330C,transformer,2127,27,323.36,323.2344055175781
TS0330B,TS0330C,transformer,2127,28,313.36,315.7740478515625
TS0330B,TS0330C,transformer,2127,29,303.36,308.9659729003906
TS0330B,TS0330C,transformer,2127,30,293.36,302.8208312988281
TS0330B,TS0330C,transformer,2127,31,283.36,297.0
TS0330B,TS0330C,transformer,2127,32,273.36,291.2213439941406
TS0330B,TS0330C,transformer,2127,33,263.36,285.6018371582031
TS0330B,TS0330C,transformer,2127,34,253.36,280.36480712890625
TS0330B,TS0330C,transformer,2127,35,243.36,275.8687744140625
TS0330B,TS0330C,transformer,2127,36,233.36,271.4723815917969
TS0330B,TS0330C,transformer,2127,37,223.36,267.2647705078125
TS0330B,TS0330C,transformer,2128,0,593.36,586.6969604492188
TS0330B,TS0330C,transformer,2128,1,583.36,577.3369750976562
TS0330B,TS0330C,transformer,2128,2,573.36,568.1260986328125
TS0330B,TS0330C,transformer,2128,3,563.36,559.3512573242188
TS0330B,TS0330C,transformer,2128,4,553.36,551.2596435546875
TS0330B,TS0330C,transformer,2128,5,543.36,543.8886108398438
TS0330B,TS0330C,transformer,2128,6,533.36,537.2979125976562
TS0330B,TS0330C,transformer,2128,7,523.36,531.4020385742188
TS0330B,TS0330C,transformer,2128,8,513.36,526.0181884765625
TS0330B,TS0330C,transformer,2128,9,503.36,520.7420654296875
TS0330B,TS0330C,transformer,2128,10,493.36,515.4148559570312
TS0330B,TS0330C,transformer,2128,11,483.36,509.62408447265625
TS0330B,TS0330C,transformer,2128,12,473.36,503.4740295410156
TS0330B,TS0330C,transformer,2128,13,463.36,496.6672058105469
TS0330B,TS0330C,transformer,2128,14,453.36,489.0803527832031
TS0330B,TS0330C,transformer,2128,15,443.36,480.7394714355469
TS0330B,TS0330C,transformer,2128,16,433.36,471.4948425292969
TS0330B,TS0330C,transformer,2128,17,423.36,461.5767822265625
TS0330B,TS0330C,transformer,2128,18,413.36,450.9505004882813
TS0330B,TS0330C,transformer,2128,19,403.36,439.8054504394531
TS0330B,TS0330C,transformer,2128,20,393.36,428.22216796875
TS0330B,TS0330C,transformer,2128,21,383.36,416.3903503417969
TS0330B,TS0330C,transformer,2128,22,373.36,404.4898376464844
TS0330B,TS0330C,transformer,2128,23,363.36,393.1133117675781
TS0330B,TS0330C,transformer,2128,24,353.36,381.7947998046875
TS0330B,TS0330C,transformer,2128,25,343.36,370.7177734375
TS0330B,TS0330C,transformer,2128,26,333.36,360.03076171875
TS0330B,TS0330C,transformer,2128,27,323.36,349.51251220703125
TS0330B,TS0330C,transformer,2128,28,313.36,339.7635192871094
TS0330B,TS0330C,transformer,2128,29,303.36,330.36688232421875
TS0330B,TS0330C,transformer,2128,30,293.36,321.8223571777344
TS0330B,TS0330C,transformer,2128,31,283.36,313.6307067871094
TS0330B,TS0330C,transformer,2128,32,273.36,305.6204833984375
TS0330B,TS0330C,transformer,2128,33,263.36,298.2117614746094
TS0330B,TS0330C,transformer,2128,34,253.36,291.0760192871094
TS0330B,TS0330C,transformer,2128,35,243.36,284.4913024902344
TS0330B,TS0330C,transformer,2128,36,233.36,278.0080261230469
TS0330B,TS0330C,transformer,2128,37,223.36,272.2809143066406
TS0330B,TS0330C,cnn_lstm,2126,0,593.36,557.87548828125
TS0330B,TS0330C,cnn_lstm,2126,1,583.36,551.1431884765625
TS0330B,TS0330C,cnn_lstm,2126,2,573.36,543.9129638671875
TS0330B,TS0330C,cnn_lstm,2126,3,563.36,536.3460083007812
TS0330B,TS0330C,cnn_lstm,2126,4,553.36,528.4138793945312
TS0330B,TS0330C,cnn_lstm,2126,5,543.36,520.163818359375
TS0330B,TS0330C,cnn_lstm,2126,6,533.36,511.7206726074219
TS0330B,TS0330C,cnn_lstm,2126,7,523.36,503.3639831542969
TS0330B,TS0330C,cnn_lstm,2126,8,513.36,495.1149597167969
TS0330B,TS0330C,cnn_lstm,2126,9,503.36,486.1407775878906
TS0330B,TS0330C,cnn_lstm,2126,10,493.36,476.6064758300781
TS0330B,TS0330C,cnn_lstm,2126,11,483.36,466.45062255859375
TS0330B,TS0330C,cnn_lstm,2126,12,473.36,457.4598083496094
TS0330B,TS0330C,cnn_lstm,2126,13,463.36,448.5792846679688
TS0330B,TS0330C,cnn_lstm,2126,14,453.36,438.2886657714844
TS0330B,TS0330C,cnn_lstm,2126,15,443.36,430.3110046386719
TS0330B,TS0330C,cnn_lstm,2126,16,433.36,419.49853515625
TS0330B,TS0330C,cnn_lstm,2126,17,423.36,411.6954345703125
TS0330B,TS0330C,cnn_lstm,2126,18,413.36,400.64752197265625
TS0330B,TS0330C,cnn_lstm,2126,19,403.36,392.4095764160156
TS0330B,TS0330C,cnn_lstm,2126,20,393.36,382.5518493652344
TS0330B,TS0330C,cnn_lstm,2126,21,383.36,372.30084228515625
TS0330B,TS0330C,cnn_lstm,2126,22,373.36,364.656494140625
TS0330B,TS0330C,cnn_lstm,2126,23,363.36,357.2298889160156
TS0330B,TS0330C,cnn_lstm,2126,24,353.36,348.9891967773437
TS0330B,TS0330C,cnn_lstm,2126,25,343.36,336.3030700683594
TS0330B,TS0330C,cnn_lstm,2126,26,333.36,327.2249450683594
TS0330B,TS0330C,cnn_lstm,2126,27,323.36,319.1449584960937
TS0330B,TS0330C,cnn_lstm,2126,28,313.36,312.7072448730469
TS0330B,TS0330C,cnn_lstm,2126,29,303.36,311.0976257324219
TS0330B,TS0330C,cnn_lstm,2126,30,293.36,306.3296203613281
TS0330B,TS0330C,cnn_lstm,2126,31,283.36,299.345947265625
TS0330B,TS0330C,cnn_lstm,2126,32,273.36,285.95758056640625
TS0330B,TS0330C,cnn_lstm,2126,33,263.36,273.5496826171875
TS0330B,TS0330C,cnn_lstm,2126,34,253.36,270.6744689941406
TS0330B,TS0330C,cnn_lstm,2126,35,243.36,275.07598876953125
TS0330B,TS0330C,cnn_lstm,2126,36,233.36,266.9615783691406
TS0330B,TS0330C,cnn_lstm,2126,37,223.36,254.60499572753903
TS0330B,TS0330C,cnn_lstm,2127,0,593.36,565.9435424804688
TS0330B,TS0330C,cnn_lstm,2127,1,583.36,558.1153564453125
TS0330B,TS0330C,cnn_lstm,2127,2,573.36,550.4342651367188
TS0330B,TS0330C,cnn_lstm,2127,3,563.36,543.0189208984375
TS0330B,TS0330C,cnn_lstm,2127,4,553.36,535.7522583007812
TS0330B,TS0330C,cnn_lstm,2127,5,543.36,528.5631713867188
TS0330B,TS0330C,cnn_lstm,2127,6,533.36,521.5343627929688
TS0330B,TS0330C,cnn_lstm,2127,7,523.36,514.92822265625
TS0330B,TS0330C,cnn_lstm,2127,8,513.36,508.7106323242188
TS0330B,TS0330C,cnn_lstm,2127,9,503.36,501.9251708984375
TS0330B,TS0330C,cnn_lstm,2127,10,493.36,494.7338562011719
TS0330B,TS0330C,cnn_lstm,2127,11,483.36,487.3177795410156
TS0330B,TS0330C,cnn_lstm,2127,12,473.36,480.771240234375
TS0330B,TS0330C,cnn_lstm,2127,13,463.36,474.5153503417969
TS0330B,TS0330C,cnn_lstm,2127,14,453.36,466.958984375
TS0330B,TS0330C,cnn_lstm,2127,15,443.36,461.5216674804688
TS0330B,TS0330C,cnn_lstm,2127,16,433.36,453.619384765625
TS0330B,TS0330C,cnn_lstm,2127,17,423.36,448.17877197265625
TS0330B,TS0330C,cnn_lstm,2127,18,413.36,440.0686950683594
TS0330B,TS0330C,cnn_lstm,2127,19,403.36,434.2606201171875
TS0330B,TS0330C,cnn_lstm,2127,20,393.36,427.0305786132813
TS0330B,TS0330C,cnn_lstm,2127,21,383.36,419.5163269042969
TS0330B,TS0330C,cnn_lstm,2127,22,373.36,413.7712707519531
TS0330B,TS0330C,cnn_lstm,2127,23,363.36,408.18658447265625
TS0330B,TS0330C,cnn_lstm,2127,24,353.36,401.9978637695313
TS0330B,TS0330C,cnn_lstm,2127,25,343.36,391.8941650390625
TS0330B,TS0330C,cnn_lstm,2127,26,333.36,384.656494140625
TS0330B,TS0330C,cnn_lstm,2127,27,323.36,377.9627075195313
TS0330B,TS0330C,cnn_lstm,2127,28,313.36,372.2953796386719
TS0330B,TS0330C,cnn_lstm,2127,29,303.36,370.9928588867188
TS0330B,TS0330C,cnn_lstm,2127,30,293.36,366.9576416015625
TS0330B,TS0330C,cnn_lstm,2127,31,283.36,360.79827880859375
TS0330B,TS0330C,cnn_lstm,2127,32,273.36,348.834228515625
TS0330B,TS0330C,cnn_lstm,2127,33,263.36,336.14093017578125
TS0330B,TS0330C,cnn_lstm,2127,34,253.36,332.0165405273437
TS0330B,TS0330C,cnn_lstm,2127,35,243.36,336.398681640625
TS0330B,TS0330C,cnn_lstm,2127,36,233.36,329.0387878417969
TS0330B,TS0330C,cnn_lstm,2127,37,223.36,316.03631591796875
TS0330B,TS0330C,cnn_lstm,2128,0,593.36,551.6804809570312
TS0330B,TS0330C,cnn_lstm,2128,1,583.36,542.6357421875
TS0330B,TS0330C,cnn_lstm,2128,2,573.36,533.7833251953125
TS0330B,TS0330C,cnn_lstm,2128,3,563.36,525.2329711914062
TS0330B,TS0330C,cnn_lstm,2128,4,553.36,516.8922729492188
TS0330B,TS0330C,cnn_lstm,2128,5,543.36,508.6988525390625
TS0330B,TS0330C,cnn_lstm,2128,6,533.36,500.7449951171875
TS0330B,TS0330C,cnn_lstm,2128,7,523.36,493.2491760253906
TS0330B,TS0330C,cnn_lstm,2128,8,513.36,486.2913208007813
TS0330B,TS0330C,cnn_lstm,2128,9,503.36,478.94818115234375
TS0330B,TS0330C,cnn_lstm,2128,10,493.36,471.2420959472656
TS0330B,TS0330C,cnn_lstm,2128,11,483.36,463.331298828125
TS0330B,TS0330C,cnn_lstm,2128,12,473.36,456.33111572265625
TS0330B,TS0330C,cnn_lstm,2128,13,463.36,449.98736572265625
TS0330B,TS0330C,cnn_lstm,2128,14,453.36,442.28070068359375
TS0330B,TS0330C,cnn_lstm,2128,15,443.36,436.7356567382813
TS0330B,TS0330C,cnn_lstm,2128,16,433.36,428.7936096191406
TS0330B,TS0330C,cnn_lstm,2128,17,423.36,423.37738037109375
TS0330B,TS0330C,cnn_lstm,2128,18,413.36,415.27197265625
TS0330B,TS0330C,cnn_lstm,2128,19,403.36,409.5667114257813
TS0330B,TS0330C,cnn_lstm,2128,20,393.36,402.2088623046875
TS0330B,TS0330C,cnn_lstm,2128,21,383.36,394.9954833984375
TS0330B,TS0330C,cnn_lstm,2128,22,373.36,389.364990234375
TS0330B,TS0330C,cnn_lstm,2128,23,363.36,383.9238586425781
TS0330B,TS0330C,cnn_lstm,2128,24,353.36,377.6543884277344
TS0330B,TS0330C,cnn_lstm,2128,25,343.36,368.0256958007813
TS0330B,TS0330C,cnn_lstm,2128,26,333.36,361.021484375
TS0330B,TS0330C,cnn_lstm,2128,27,323.36,354.4858703613281
TS0330B,TS0330C,cnn_lstm,2128,28,313.36,349.2983703613281
TS0330B,TS0330C,cnn_lstm,2128,29,303.36,347.9045715332031
TS0330B,TS0330C,cnn_lstm,2128,30,293.36,343.8739929199219
TS0330B,TS0330C,cnn_lstm,2128,31,283.36,337.8994140625
TS0330B,TS0330C,cnn_lstm,2128,32,273.36,326.0120544433594
TS0330B,TS0330C,cnn_lstm,2128,33,263.36,314.6596374511719
TS0330B,TS0330C,cnn_lstm,2128,34,253.36,311.2899475097656
TS0330B,TS0330C,cnn_lstm,2128,35,243.36,314.58502197265625
TS0330B,TS0330C,cnn_lstm,2128,36,233.36,307.306884765625
TS0330B,TS0330C,cnn_lstm,2128,37,223.36,295.3270568847656
TS0330B,TS0330C,attention_gru,2126,0,593.36,588.6577758789062
TS0330B,TS0330C,attention_gru,2126,1,583.36,579.6292114257812
TS0330B,TS0330C,attention_gru,2126,2,573.36,569.7866821289062
TS0330B,TS0330C,attention_gru,2126,3,563.36,559.3594360351562
TS0330B,TS0330C,attention_gru,2126,4,553.36,548.4888916015625
TS0330B,TS0330C,attention_gru,2126,5,543.36,537.348876953125
TS0330B,TS0330C,attention_gru,2126,6,533.36,526.0454711914062
TS0330B,TS0330C,attention_gru,2126,7,523.36,514.733154296875
TS0330B,TS0330C,attention_gru,2126,8,513.36,503.46478271484375
TS0330B,TS0330C,attention_gru,2126,9,503.36,492.4195251464844
TS0330B,TS0330C,attention_gru,2126,10,493.36,481.631591796875
TS0330B,TS0330C,attention_gru,2126,11,483.36,471.0636291503906
TS0330B,TS0330C,attention_gru,2126,12,473.36,460.955078125
TS0330B,TS0330C,attention_gru,2126,13,463.36,451.2222290039063
TS0330B,TS0330C,attention_gru,2126,14,453.36,441.9435729980469
TS0330B,TS0330C,attention_gru,2126,15,443.36,433.0941467285156
TS0330B,TS0330C,attention_gru,2126,16,433.36,424.6884460449219
TS0330B,TS0330C,attention_gru,2126,17,423.36,416.7296752929688
TS0330B,TS0330C,attention_gru,2126,18,413.36,409.20452880859375
TS0330B,TS0330C,attention_gru,2126,19,403.36,402.0535583496094
TS0330B,TS0330C,attention_gru,2126,20,393.36,395.3340148925781
TS0330B,TS0330C,attention_gru,2126,21,383.36,388.9273986816406
TS0330B,TS0330C,attention_gru,2126,22,373.36,382.9305419921875
TS0330B,TS0330C,attention_gru,2126,23,363.36,377.4305114746094
TS0330B,TS0330C,attention_gru,2126,24,353.36,372.2584533691406
TS0330B,TS0330C,attention_gru,2126,25,343.36,367.3109436035156
TS0330B,TS0330C,attention_gru,2126,26,333.36,362.6032104492188
TS0330B,TS0330C,attention_gru,2126,27,323.36,358.12872314453125
TS0330B,TS0330C,attention_gru,2126,28,313.36,353.9959411621094
TS0330B,TS0330C,attention_gru,2126,29,303.36,350.1899108886719
TS0330B,TS0330C,attention_gru,2126,30,293.36,346.7987670898437
TS0330B,TS0330C,attention_gru,2126,31,283.36,343.6004943847656
TS0330B,TS0330C,attention_gru,2126,32,273.36,340.484130859375
TS0330B,TS0330C,attention_gru,2126,33,263.36,337.38897705078125
TS0330B,TS0330C,attention_gru,2126,34,253.36,334.4071044921875
TS0330B,TS0330C,attention_gru,2126,35,243.36,331.80584716796875
TS0330B,TS0330C,attention_gru,2126,36,233.36,329.3963623046875
TS0330B,TS0330C,attention_gru,2126,37,223.36,327.091064453125
TS0330B,TS0330C,attention_gru,2127,0,593.36,560.5284423828125
TS0330B,TS0330C,attention_gru,2127,1,583.36,553.6219482421875
TS0330B,TS0330C,attention_gru,2127,2,573.36,545.859375
TS0330B,TS0330C,attention_gru,2127,3,563.36,537.4352416992188
TS0330B,TS0330C,attention_gru,2127,4,553.36,528.4618530273438
TS0330B,TS0330C,attention_gru,2127,5,543.36,519.0449829101562
TS0330B,TS0330C,attention_gru,2127,6,533.36,509.321533203125
TS0330B,TS0330C,attention_gru,2127,7,523.36,499.4190673828125
TS0330B,TS0330C,attention_gru,2127,8,513.36,489.3743896484375
TS0330B,TS0330C,attention_gru,2127,9,503.36,479.41546630859375
TS0330B,TS0330C,attention_gru,2127,10,493.36,469.5750122070313
TS0330B,TS0330C,attention_gru,2127,11,483.36,459.8001098632813
TS0330B,TS0330C,attention_gru,2127,12,473.36,450.3663635253906
TS0330B,TS0330C,attention_gru,2127,13,463.36,441.2259826660156
TS0330B,TS0330C,attention_gru,2127,14,453.36,432.4686279296875
TS0330B,TS0330C,attention_gru,2127,15,443.36,424.0755920410156
TS0330B,TS0330C,attention_gru,2127,16,433.36,416.09368896484375
TS0330B,TS0330C,attention_gru,2127,17,423.36,408.5116882324219
TS0330B,TS0330C,attention_gru,2127,18,413.36,401.3538513183594
TS0330B,TS0330C,attention_gru,2127,19,403.36,394.54302978515625
TS0330B,TS0330C,attention_gru,2127,20,393.36,388.1556701660156
TS0330B,TS0330C,attention_gru,2127,21,383.36,382.0891418457031
TS0330B,TS0330C,attention_gru,2127,22,373.36,376.3873596191406
TS0330B,TS0330C,attention_gru,2127,23,363.36,371.183349609375
TS0330B,TS0330C,attention_gru,2127,24,353.36,366.2957458496094
TS0330B,TS0330C,attention_gru,2127,25,343.36,361.6637268066406
TS0330B,TS0330C,attention_gru,2127,26,333.36,357.24139404296875
TS0330B,TS0330C,attention_gru,2127,27,323.36,353.050048828125
TS0330B,TS0330C,attention_gru,2127,28,313.36,349.188232421875
TS0330B,TS0330C,attention_gru,2127,29,303.36,345.6278381347656
TS0330B,TS0330C,attention_gru,2127,30,293.36,342.4735717773437
TS0330B,TS0330C,attention_gru,2127,31,283.36,339.5267028808594
TS0330B,TS0330C,attention_gru,2127,32,273.36,336.662841796875
TS0330B,TS0330C,attention_gru,2127,33,263.36,333.8420715332031
TS0330B,TS0330C,attention_gru,2127,34,253.36,331.0987243652344
TS0330B,TS0330C,attention_gru,2127,35,243.36,328.685791015625
TS0330B,TS0330C,attention_gru,2127,36,233.36,326.4837646484375
TS0330B,TS0330C,attention_gru,2127,37,223.36,324.40313720703125
TS0330B,TS0330C,attention_gru,2128,0,593.36,575.9995727539062
TS0330B,TS0330C,attention_gru,2128,1,583.36,567.9935302734375
TS0330B,TS0330C,attention_gru,2128,2,573.36,559.142578125
TS0330B,TS0330C,attention_gru,2128,3,563.36,549.6435546875
TS0330B,TS0330C,attention_gru,2128,4,553.36,539.6126098632812
TS0330B,TS0330C,attention_gru,2128,5,543.36,529.1986083984375
TS0330B,TS0330C,attention_gru,2128,6,533.36,518.5012817382812
TS0330B,TS0330C,attention_gru,2128,7,523.36,507.6682434082031
TS0330B,TS0330C,attention_gru,2128,8,513.36,496.7472229003906
TS0330B,TS0330C,attention_gru,2128,9,503.36,485.9342651367188
TS0330B,TS0330C,attention_gru,2128,10,493.36,475.2656555175781
TS0330B,TS0330C,attention_gru,2128,11,483.36,464.7083435058594
TS0330B,TS0330C,attention_gru,2128,12,473.36,454.5166015625
TS0330B,TS0330C,attention_gru,2128,13,463.36,444.6275939941406
TS0330B,TS0330C,attention_gru,2128,14,453.36,435.1323852539063
TS0330B,TS0330C,attention_gru,2128,15,443.36,426.0078125
TS0330B,TS0330C,attention_gru,2128,16,433.36,417.299072265625
TS0330B,TS0330C,attention_gru,2128,17,423.36,409.0003356933594
TS0330B,TS0330C,attention_gru,2128,18,413.36,401.1266174316406
TS0330B,TS0330C,attention_gru,2128,19,403.36,393.6056823730469
TS0330B,TS0330C,attention_gru,2128,20,393.36,386.5163269042969
TS0330B,TS0330C,attention_gru,2128,21,383.36,379.7413940429688
TS0330B,TS0330C,attention_gru,2128,22,373.36,373.3701477050781
TS0330B,TS0330C,attention_gru,2128,23,363.36,367.51666259765625
TS0330B,TS0330C,attention_gru,2128,24,353.36,362.0000915527344
TS0330B,TS0330C,attention_gru,2128,25,343.36,356.72918701171875
TS0330B,TS0330C,attention_gru,2128,26,333.36,351.6924743652344
TS0330B,TS0330C,attention_gru,2128,27,323.36,346.8993225097656
TS0330B,TS0330C,attention_gru,2128,28,313.36,342.4653015136719
TS0330B,TS0330C,attention_gru,2128,29,303.36,338.36700439453125
TS0330B,TS0330C,attention_gru,2128,30,293.36,334.7196655273437
TS0330B,TS0330C,attention_gru,2128,31,283.36,331.2853088378906
TS0330B,TS0330C,attention_gru,2128,32,273.36,327.946533203125
TS0330B,TS0330C,attention_gru,2128,33,263.36,324.63116455078125
TS0330B,TS0330C,attention_gru,2128,34,253.36,321.41143798828125
TS0330B,TS0330C,attention_gru,2128,35,243.36,318.58404541015625
TS0330B,TS0330C,attention_gru,2128,36,233.36,315.9929504394531
TS0330B,TS0330C,attention_gru,2128,37,223.36,313.5233764648437
TS0330B,TS0330C,tcn_transformer,2126,0,593.36,591.8630981445312
TS0330B,TS0330C,tcn_transformer,2126,1,583.36,583.6109619140625
TS0330B,TS0330C,tcn_transformer,2126,2,573.36,575.1383666992188
TS0330B,TS0330C,tcn_transformer,2126,3,563.36,566.6942138671875
TS0330B,TS0330C,tcn_transformer,2126,4,553.36,558.355712890625
TS0330B,TS0330C,tcn_transformer,2126,5,543.36,550.127197265625
TS0330B,TS0330C,tcn_transformer,2126,6,533.36,541.9461059570312
TS0330B,TS0330C,tcn_transformer,2126,7,523.36,533.6739501953125
TS0330B,TS0330C,tcn_transformer,2126,8,513.36,525.0790405273438
TS0330B,TS0330C,tcn_transformer,2126,9,503.36,515.8143310546875
TS0330B,TS0330C,tcn_transformer,2126,10,493.36,505.47076416015625
TS0330B,TS0330C,tcn_transformer,2126,11,483.36,493.240966796875
TS0330B,TS0330C,tcn_transformer,2126,12,473.36,479.55377197265625
TS0330B,TS0330C,tcn_transformer,2126,13,463.36,464.611572265625
TS0330B,TS0330C,tcn_transformer,2126,14,453.36,449.2033386230469
TS0330B,TS0330C,tcn_transformer,2126,15,443.36,433.9143676757813
TS0330B,TS0330C,tcn_transformer,2126,16,433.36,418.93170166015625
TS0330B,TS0330C,tcn_transformer,2126,17,423.36,404.8967590332031
TS0330B,TS0330C,tcn_transformer,2126,18,413.36,392.0681762695313
TS0330B,TS0330C,tcn_transformer,2126,19,403.36,380.8757934570313
TS0330B,TS0330C,tcn_transformer,2126,20,393.36,370.384765625
TS0330B,TS0330C,tcn_transformer,2126,21,383.36,359.61981201171875
TS0330B,TS0330C,tcn_transformer,2126,22,373.36,347.87506103515625
TS0330B,TS0330C,tcn_transformer,2126,23,363.36,334.8725891113281
TS0330B,TS0330C,tcn_transformer,2126,24,353.36,321.44287109375
TS0330B,TS0330C,tcn_transformer,2126,25,343.36,308.6992492675781
TS0330B,TS0330C,tcn_transformer,2126,26,333.36,297.86346435546875
TS0330B,TS0330C,tcn_transformer,2126,27,323.36,288.313232421875
TS0330B,TS0330C,tcn_transformer,2126,28,313.36,280.170166015625
TS0330B,TS0330C,tcn_transformer,2126,29,303.36,272.6676025390625
TS0330B,TS0330C,tcn_transformer,2126,30,293.36,265.81512451171875
TS0330B,TS0330C,tcn_transformer,2126,31,283.36,259.7660827636719
TS0330B,TS0330C,tcn_transformer,2126,32,273.36,254.7300720214844
TS0330B,TS0330C,tcn_transformer,2126,33,263.36,251.0672149658203
TS0330B,TS0330C,tcn_transformer,2126,34,253.36,248.003662109375
TS0330B,TS0330C,tcn_transformer,2126,35,243.36,244.73948669433597
TS0330B,TS0330C,tcn_transformer,2126,36,233.36,241.62815856933597
TS0330B,TS0330C,tcn_transformer,2126,37,223.36,239.69517517089844
TS0330B,TS0330C,tcn_transformer,2127,0,593.36,581.6641235351562
TS0330B,TS0330C,tcn_transformer,2127,1,583.36,573.2871704101562
TS0330B,TS0330C,tcn_transformer,2127,2,573.36,563.921875
TS0330B,TS0330C,tcn_transformer,2127,3,563.36,553.7295532226562
TS0330B,TS0330C,tcn_transformer,2127,4,553.36,542.9335327148438
TS0330B,TS0330C,tcn_transformer,2127,5,543.36,531.7452392578125
TS0330B,TS0330C,tcn_transformer,2127,6,533.36,520.3941650390625
TS0330B,TS0330C,tcn_transformer,2127,7,523.36,509.1090698242188
TS0330B,TS0330C,tcn_transformer,2127,8,513.36,498.039794921875
TS0330B,TS0330C,tcn_transformer,2127,9,503.36,487.3110656738281
TS0330B,TS0330C,tcn_transformer,2127,10,493.36,476.9973754882813
TS0330B,TS0330C,tcn_transformer,2127,11,483.36,467.1222534179688
TS0330B,TS0330C,tcn_transformer,2127,12,473.36,457.7937622070313
TS0330B,TS0330C,tcn_transformer,2127,13,463.36,448.8820495605469
TS0330B,TS0330C,tcn_transformer,2127,14,453.36,440.3612060546875
TS0330B,TS0330C,tcn_transformer,2127,15,443.36,432.1686401367188
TS0330B,TS0330C,tcn_transformer,2127,16,433.36,424.1532287597656
TS0330B,TS0330C,tcn_transformer,2127,17,423.36,416.3047790527344
TS0330B,TS0330C,tcn_transformer,2127,18,413.36,408.4352722167969
TS0330B,TS0330C,tcn_transformer,2127,19,403.36,400.4662780761719
TS0330B,TS0330C,tcn_transformer,2127,20,393.36,392.3545837402344
TS0330B,TS0330C,tcn_transformer,2127,21,383.36,383.9493103027344
TS0330B,TS0330C,tcn_transformer,2127,22,373.36,375.41546630859375
TS0330B,TS0330C,tcn_transformer,2127,23,363.36,366.9808044433594
TS0330B,TS0330C,tcn_transformer,2127,24,353.36,358.4478454589844
TS0330B,TS0330C,tcn_transformer,2127,25,343.36,349.8199462890625
TS0330B,TS0330C,tcn_transformer,2127,26,333.36,341.232421875
TS0330B,TS0330C,tcn_transformer,2127,27,323.36,332.64874267578125
TS0330B,TS0330C,tcn_transformer,2127,28,313.36,324.5245666503906
TS0330B,TS0330C,tcn_transformer,2127,29,303.36,316.6785888671875
TS0330B,TS0330C,tcn_transformer,2127,30,293.36,309.5828552246094
TS0330B,TS0330C,tcn_transformer,2127,31,283.36,302.8241271972656
TS0330B,TS0330C,tcn_transformer,2127,32,273.36,296.2669982910156
TS0330B,TS0330C,tcn_transformer,2127,33,263.36,290.03240966796875
TS0330B,TS0330C,tcn_transformer,2127,34,253.36,283.9358215332031
TS0330B,TS0330C,tcn_transformer,2127,35,243.36,278.3825988769531
TS0330B,TS0330C,tcn_transformer,2127,36,233.36,273.2165222167969
TS0330B,TS0330C,tcn_transformer,2127,37,223.36,268.5824890136719
TS0330B,TS0330C,tcn_transformer,2128,0,593.36,583.5197143554688
TS0330B,TS0330C,tcn_transformer,2128,1,583.36,573.0878295898438
TS0330B,TS0330C,tcn_transformer,2128,2,573.36,562.1900634765625
TS0330B,TS0330C,tcn_transformer,2128,3,563.36,551.0545654296875
TS0330B,TS0330C,tcn_transformer,2128,4,553.36,540.1314697265625
TS0330B,TS0330C,tcn_transformer,2128,5,543.36,529.784912109375
TS0330B,TS0330C,tcn_transformer,2128,6,533.36,520.1764526367188
TS0330B,TS0330C,tcn_transformer,2128,7,523.36,511.1656799316406
TS0330B,TS0330C,tcn_transformer,2128,8,513.36,502.6489868164063
TS0330B,TS0330C,tcn_transformer,2128,9,503.36,494.3507080078125
TS0330B,TS0330C,tcn_transformer,2128,10,493.36,486.1336059570313
TS0330B,TS0330C,tcn_transformer,2128,11,483.36,478.1452331542969
TS0330B,TS0330C,tcn_transformer,2128,12,473.36,470.0060119628906
TS0330B,TS0330C,tcn_transformer,2128,13,463.36,461.8348083496094
TS0330B,TS0330C,tcn_transformer,2128,14,453.36,453.5117492675781
TS0330B,TS0330C,tcn_transformer,2128,15,443.36,445.06585693359375
TS0330B,TS0330C,tcn_transformer,2128,16,433.36,436.5296630859375
TS0330B,TS0330C,tcn_transformer,2128,17,423.36,427.8308715820313
TS0330B,TS0330C,tcn_transformer,2128,18,413.36,419.01849365234375
TS0330B,TS0330C,tcn_transformer,2128,19,403.36,410.09759521484375
TS0330B,TS0330C,tcn_transformer,2128,20,393.36,400.9444580078125
TS0330B,TS0330C,tcn_transformer,2128,21,383.36,391.9107055664063
TS0330B,TS0330C,tcn_transformer,2128,22,373.36,382.5901794433594
TS0330B,TS0330C,tcn_transformer,2128,23,363.36,373.3291015625
TS0330B,TS0330C,tcn_transformer,2128,24,353.36,363.760009765625
TS0330B,TS0330C,tcn_transformer,2128,25,343.36,354.6010437011719
TS0330B,TS0330C,tcn_transformer,2128,26,333.36,345.71826171875
TS0330B,TS0330C,tcn_transformer,2128,27,323.36,336.7607727050781
TS0330B,TS0330C,tcn_transformer,2128,28,313.36,328.2790222167969
TS0330B,TS0330C,tcn_transformer,2128,29,303.36,319.1971740722656
TS0330B,TS0330C,tcn_transformer,2128,30,293.36,310.2434997558594
TS0330B,TS0330C,tcn_transformer,2128,31,283.36,301.4276428222656
TS0330B,TS0330C,tcn_transformer,2128,32,273.36,292.7557678222656
TS0330B,TS0330C,tcn_transformer,2128,33,263.36,286.2221984863281
TS0330B,TS0330C,tcn_transformer,2128,34,253.36,280.0509033203125
TS0330B,TS0330C,tcn_transformer,2128,35,243.36,273.4064636230469
TS0330B,TS0330C,tcn_transformer,2128,36,233.36,266.02325439453125
TS0330B,TS0330C,tcn_transformer,2128,37,223.36,260.9033203125
TS0330B,TS0330C,lath_net,2126,0,593.36,600.0
TS0330B,TS0330C,lath_net,2126,1,583.36,599.4906005859375
TS0330B,TS0330C,lath_net,2126,2,573.36,587.615478515625
TS0330B,TS0330C,lath_net,2126,3,563.36,574.61962890625
TS0330B,TS0330C,lath_net,2126,4,553.36,560.9434814453125
TS0330B,TS0330C,lath_net,2126,5,543.36,547.4647827148438
TS0330B,TS0330C,lath_net,2126,6,533.36,534.1653442382812
TS0330B,TS0330C,lath_net,2126,7,523.36,521.1600341796875
TS0330B,TS0330C,lath_net,2126,8,513.36,509.1385498046875
TS0330B,TS0330C,lath_net,2126,9,503.36,498.3577270507813
TS0330B,TS0330C,lath_net,2126,10,493.36,488.1336669921875
TS0330B,TS0330C,lath_net,2126,11,483.36,478.58935546875
TS0330B,TS0330C,lath_net,2126,12,473.36,469.3973693847656
TS0330B,TS0330C,lath_net,2126,13,463.36,460.2366943359375
TS0330B,TS0330C,lath_net,2126,14,453.36,450.98583984375
TS0330B,TS0330C,lath_net,2126,15,443.36,441.9610595703125
TS0330B,TS0330C,lath_net,2126,16,433.36,433.1420593261719
TS0330B,TS0330C,lath_net,2126,17,423.36,424.7283325195313
TS0330B,TS0330C,lath_net,2126,18,413.36,416.6415710449219
TS0330B,TS0330C,lath_net,2126,19,403.36,408.6714172363281
TS0330B,TS0330C,lath_net,2126,20,393.36,400.8440856933594
TS0330B,TS0330C,lath_net,2126,21,383.36,392.8609619140625
TS0330B,TS0330C,lath_net,2126,22,373.36,384.5887451171875
TS0330B,TS0330C,lath_net,2126,23,363.36,376.9149169921875
TS0330B,TS0330C,lath_net,2126,24,353.36,368.3591003417969
TS0330B,TS0330C,lath_net,2126,25,343.36,360.0663452148437
TS0330B,TS0330C,lath_net,2126,26,333.36,352.3192443847656
TS0330B,TS0330C,lath_net,2126,27,323.36,342.9352722167969
TS0330B,TS0330C,lath_net,2126,28,313.36,334.8913879394531
TS0330B,TS0330C,lath_net,2126,29,303.36,324.8268127441406
TS0330B,TS0330C,lath_net,2126,30,293.36,315.9750671386719
TS0330B,TS0330C,lath_net,2126,31,283.36,306.2548828125
TS0330B,TS0330C,lath_net,2126,32,273.36,296.6214599609375
TS0330B,TS0330C,lath_net,2126,33,263.36,290.1751708984375
TS0330B,TS0330C,lath_net,2126,34,253.36,283.2054748535156
TS0330B,TS0330C,lath_net,2126,35,243.36,274.2723693847656
TS0330B,TS0330C,lath_net,2126,36,233.36,263.3308410644531
TS0330B,TS0330C,lath_net,2126,37,223.36,256.7242736816406
TS0330B,TS0330C,lath_net,2127,0,593.36,600.0
TS0330B,TS0330C,lath_net,2127,1,583.36,597.1324462890625
TS0330B,TS0330C,lath_net,2127,2,573.36,586.8471069335938
TS0330B,TS0330C,lath_net,2127,3,563.36,575.7972412109375
TS0330B,TS0330C,lath_net,2127,4,553.36,564.1912841796875
TS0330B,TS0330C,lath_net,2127,5,543.36,552.2734375
TS0330B,TS0330C,lath_net,2127,6,533.36,540.038330078125
TS0330B,TS0330C,lath_net,2127,7,523.36,528.0880737304688
TS0330B,TS0330C,lath_net,2127,8,513.36,515.983642578125
TS0330B,TS0330C,lath_net,2127,9,503.36,504.246826171875
TS0330B,TS0330C,lath_net,2127,10,493.36,492.7546691894531
TS0330B,TS0330C,lath_net,2127,11,483.36,482.4079895019531
TS0330B,TS0330C,lath_net,2127,12,473.36,472.7561950683594
TS0330B,TS0330C,lath_net,2127,13,463.36,463.5939025878906
TS0330B,TS0330C,lath_net,2127,14,453.36,454.1004638671875
TS0330B,TS0330C,lath_net,2127,15,443.36,445.5880737304688
TS0330B,TS0330C,lath_net,2127,16,433.36,436.5550537109375
TS0330B,TS0330C,lath_net,2127,17,423.36,427.7118225097656
TS0330B,TS0330C,lath_net,2127,18,413.36,418.1030578613281
TS0330B,TS0330C,lath_net,2127,19,403.36,408.5948181152344
TS0330B,TS0330C,lath_net,2127,20,393.36,398.2053527832031
TS0330B,TS0330C,lath_net,2127,21,383.36,387.711669921875
TS0330B,TS0330C,lath_net,2127,22,373.36,376.5327453613281
TS0330B,TS0330C,lath_net,2127,23,363.36,365.751220703125
TS0330B,TS0330C,lath_net,2127,24,353.36,354.0234375
TS0330B,TS0330C,lath_net,2127,25,343.36,342.7168884277344
TS0330B,TS0330C,lath_net,2127,26,333.36,334.0171203613281
TS0330B,TS0330C,lath_net,2127,27,323.36,324.31280517578125
TS0330B,TS0330C,lath_net,2127,28,313.36,316.4567565917969
TS0330B,TS0330C,lath_net,2127,29,303.36,306.581787109375
TS0330B,TS0330C,lath_net,2127,30,293.36,298.529052734375
TS0330B,TS0330C,lath_net,2127,31,283.36,289.9094543457031
TS0330B,TS0330C,lath_net,2127,32,273.36,282.2098083496094
TS0330B,TS0330C,lath_net,2127,33,263.36,278.3094787597656
TS0330B,TS0330C,lath_net,2127,34,253.36,275.69354248046875
TS0330B,TS0330C,lath_net,2127,35,243.36,271.3556823730469
TS0330B,TS0330C,lath_net,2127,36,233.36,264.0093078613281
TS0330B,TS0330C,lath_net,2127,37,223.36,258.29998779296875
TS0330B,TS0330C,lath_net,2128,0,593.36,546.9739379882812
TS0330B,TS0330C,lath_net,2128,1,583.36,542.7960205078125
TS0330B,TS0330C,lath_net,2128,2,573.36,538.1239624023438
TS0330B,TS0330C,lath_net,2128,3,563.36,533.1595458984375
TS0330B,TS0330C,lath_net,2128,4,553.36,527.8169555664062
TS0330B,TS0330C,lath_net,2128,5,543.36,522.4337768554688
TS0330B,TS0330C,lath_net,2128,6,533.36,516.7387084960938
TS0330B,TS0330C,lath_net,2128,7,523.36,510.227294921875
TS0330B,TS0330C,lath_net,2128,8,513.36,503.3181457519531
TS0330B,TS0330C,lath_net,2128,9,503.36,496.39788818359375
TS0330B,TS0330C,lath_net,2128,10,493.36,489.08447265625
TS0330B,TS0330C,lath_net,2128,11,483.36,481.7234191894531
TS0330B,TS0330C,lath_net,2128,12,473.36,475.1671752929688
TS0330B,TS0330C,lath_net,2128,13,463.36,468.3587951660156
TS0330B,TS0330C,lath_net,2128,14,453.36,461.13232421875
TS0330B,TS0330C,lath_net,2128,15,443.36,453.78814697265625
TS0330B,TS0330C,lath_net,2128,16,433.36,445.7825927734375
TS0330B,TS0330C,lath_net,2128,17,423.36,436.8018493652344
TS0330B,TS0330C,lath_net,2128,18,413.36,426.9665222167969
TS0330B,TS0330C,lath_net,2128,19,403.36,416.7409973144531
TS0330B,TS0330C,lath_net,2128,20,393.36,405.9440612792969
TS0330B,TS0330C,lath_net,2128,21,383.36,394.169677734375
TS0330B,TS0330C,lath_net,2128,22,373.36,381.5816040039063
TS0330B,TS0330C,lath_net,2128,23,363.36,369.8657531738281
TS0330B,TS0330C,lath_net,2128,24,353.36,357.1820983886719
TS0330B,TS0330C,lath_net,2128,25,343.36,344.50152587890625
TS0330B,TS0330C,lath_net,2128,26,333.36,332.4388122558594
TS0330B,TS0330C,lath_net,2128,27,323.36,319.1337280273437
TS0330B,TS0330C,lath_net,2128,28,313.36,308.2192077636719
TS0330B,TS0330C,lath_net,2128,29,303.36,296.3677673339844
TS0330B,TS0330C,lath_net,2128,30,293.36,286.52008056640625
TS0330B,TS0330C,lath_net,2128,31,283.36,276.8379211425781
TS0330B,TS0330C,lath_net,2128,32,273.36,268.2805480957031
TS0330B,TS0330C,lath_net,2128,33,263.36,262.9061279296875
TS0330B,TS0330C,lath_net,2128,34,253.36,257.1870422363281
TS0330B,TS0330C,lath_net,2128,35,243.36,251.0936737060547
TS0330B,TS0330C,lath_net,2128,36,233.36,244.904541015625
TS0330B,TS0330C,lath_net,2128,37,223.36,241.2222900390625
TS0330C,TS0330D,cnn,2226,0,593.94,551.9475708007812
TS0330C,TS0330D,cnn,2226,1,583.94,545.7909545898438
TS0330C,TS0330D,cnn,2226,2,573.94,539.0416870117188
TS0330C,TS0330D,cnn,2226,3,563.94,531.7828369140625
TS0330C,TS0330D,cnn,2226,4,553.94,524.0560302734375
TS0330C,TS0330D,cnn,2226,5,543.94,515.9230346679688
TS0330C,TS0330D,cnn,2226,6,533.94,507.3194580078125
TS0330C,TS0330D,cnn,2226,7,523.94,498.0516052246094
TS0330C,TS0330D,cnn,2226,8,513.94,488.2223510742188
TS0330C,TS0330D,cnn,2226,9,503.94000000000005,477.6500854492188
TS0330C,TS0330D,cnn,2226,10,493.94000000000005,466.3215637207031
TS0330C,TS0330D,cnn,2226,11,483.94000000000005,454.2456970214844
TS0330C,TS0330D,cnn,2226,12,473.94000000000005,441.5756530761719
TS0330C,TS0330D,cnn,2226,13,463.94000000000005,428.437744140625
TS0330C,TS0330D,cnn,2226,14,453.94000000000005,414.8391723632813
TS0330C,TS0330D,cnn,2226,15,443.94000000000005,400.9034729003906
TS0330C,TS0330D,cnn,2226,16,433.94000000000005,387.0144958496094
TS0330C,TS0330D,cnn,2226,17,423.94000000000005,373.3883056640625
TS0330C,TS0330D,cnn,2226,18,413.94000000000005,360.0817565917969
TS0330C,TS0330D,cnn,2226,19,403.94000000000005,346.9313659667969
TS0330C,TS0330D,cnn,2226,20,393.94000000000005,334.15460205078125
TS0330C,TS0330D,cnn,2226,21,383.94000000000005,321.7418518066406
TS0330C,TS0330D,cnn,2226,22,373.94000000000005,309.6324462890625
TS0330C,TS0330D,cnn,2226,23,363.94000000000005,298.1209411621094
TS0330C,TS0330D,cnn,2226,24,353.94000000000005,287.22760009765625
TS0330C,TS0330D,cnn,2226,25,343.94000000000005,276.7676696777344
TS0330C,TS0330D,cnn,2226,26,333.94000000000005,266.543212890625
TS0330C,TS0330D,cnn,2226,27,323.94000000000005,256.7677307128906
TS0330C,TS0330D,cnn,2226,28,313.94000000000005,247.27085876464844
TS0330C,TS0330D,cnn,2226,29,303.94000000000005,238.61448669433597
TS0330C,TS0330D,cnn,2226,30,293.94000000000005,230.99989318847656
TS0330C,TS0330D,cnn,2226,31,283.94000000000005,223.8987274169922
TS0330C,TS0330D,cnn,2226,32,273.94000000000005,216.83026123046875
TS0330C,TS0330D,cnn,2227,0,593.94,549.6677856445312
TS0330C,TS0330D,cnn,2227,1,583.94,543.6712036132812
TS0330C,TS0330D,cnn,2227,2,573.94,536.9638061523438
TS0330C,TS0330D,cnn,2227,3,563.94,529.553955078125
TS0330C,TS0330D,cnn,2227,4,553.94,521.5355224609375
TS0330C,TS0330D,cnn,2227,5,543.94,512.9224243164062
TS0330C,TS0330D,cnn,2227,6,533.94,503.7606506347656
TS0330C,TS0330D,cnn,2227,7,523.94,493.843505859375
TS0330C,TS0330D,cnn,2227,8,513.94,483.364501953125
TS0330C,TS0330D,cnn,2227,9,503.94000000000005,472.2107238769531
TS0330C,TS0330D,cnn,2227,10,493.94000000000005,460.4112854003906
TS0330C,TS0330D,cnn,2227,11,483.94000000000005,448.0082702636719
TS0330C,TS0330D,cnn,2227,12,473.94000000000005,435.1917114257813
TS0330C,TS0330D,cnn,2227,13,463.94000000000005,422.0767517089844
TS0330C,TS0330D,cnn,2227,14,453.94000000000005,408.6881408691406
TS0330C,TS0330D,cnn,2227,15,443.94000000000005,395.154541015625
TS0330C,TS0330D,cnn,2227,16,433.94000000000005,381.8183288574219
TS0330C,TS0330D,cnn,2227,17,423.94000000000005,368.8650817871094
TS0330C,TS0330D,cnn,2227,18,413.94000000000005,356.3514709472656
TS0330C,TS0330D,cnn,2227,19,403.94000000000005,344.1406555175781
TS0330C,TS0330D,cnn,2227,20,393.94000000000005,332.3846740722656
TS0330C,TS0330D,cnn,2227,21,383.94000000000005,321.0745849609375
TS0330C,TS0330D,cnn,2227,22,373.94000000000005,310.131591796875
TS0330C,TS0330D,cnn,2227,23,363.94000000000005,299.8070983886719
TS0330C,TS0330D,cnn,2227,24,353.94000000000005,290.0722045898437
TS0330C,TS0330D,cnn,2227,25,343.94000000000005,280.7470092773437
TS0330C,TS0330D,cnn,2227,26,333.94000000000005,271.646484375
TS0330C,TS0330D,cnn,2227,27,323.94000000000005,262.9577331542969
TS0330C,TS0330D,cnn,2227,28,313.94000000000005,254.5172882080078
TS0330C,TS0330D,cnn,2227,29,303.94000000000005,246.8407440185547
TS0330C,TS0330D,cnn,2227,30,293.94000000000005,240.0505828857422
TS0330C,TS0330D,cnn,2227,31,283.94000000000005,233.71682739257807
TS0330C,TS0330D,cnn,2227,32,273.94000000000005,227.3764495849609
TS0330C,TS0330D,cnn,2228,0,593.94,553.1652221679688
TS0330C,TS0330D,cnn,2228,1,583.94,547.7120971679688
TS0330C,TS0330D,cnn,2228,2,573.94,541.1447143554688
TS0330C,TS0330D,cnn,2228,3,563.94,533.4102172851562
TS0330C,TS0330D,cnn,2228,4,553.94,524.5652465820312
TS0330C,TS0330D,cnn,2228,5,543.94,514.7731323242188
TS0330C,TS0330D,cnn,2228,6,533.94,503.9907531738281
TS0330C,TS0330D,cnn,2228,7,523.94,492.2441101074219
TS0330C,TS0330D,cnn,2228,8,513.94,479.8831481933594
TS0330C,TS0330D,cnn,2228,9,503.94000000000005,466.8966674804688
TS0330C,TS0330D,cnn,2228,10,493.94000000000005,453.6188659667969
TS0330C,TS0330D,cnn,2228,11,483.94000000000005,440.1545715332031
TS0330C,TS0330D,cnn,2228,12,473.94000000000005,426.8306274414063
TS0330C,TS0330D,cnn,2228,13,463.94000000000005,413.8073120117188
TS0330C,TS0330D,cnn,2228,14,453.94000000000005,401.0982971191406
TS0330C,TS0330D,cnn,2228,15,443.94000000000005,388.7826843261719
TS0330C,TS0330D,cnn,2228,16,433.94000000000005,377.0923767089844
TS0330C,TS0330D,cnn,2228,17,423.94000000000005,366.0392150878906
TS0330C,TS0330D,cnn,2228,18,413.94000000000005,355.5879821777344
TS0330C,TS0330D,cnn,2228,19,403.94000000000005,345.6063537597656
TS0330C,TS0330D,cnn,2228,20,393.94000000000005,336.1302490234375
TS0330C,TS0330D,cnn,2228,21,383.94000000000005,327.10369873046875
TS0330C,TS0330D,cnn,2228,22,373.94000000000005,318.4740295410156
TS0330C,TS0330D,cnn,2228,23,363.94000000000005,310.3785400390625
TS0330C,TS0330D,cnn,2228,24,353.94000000000005,302.8119812011719
TS0330C,TS0330D,cnn,2228,25,343.94000000000005,295.5921630859375
TS0330C,TS0330D,cnn,2228,26,333.94000000000005,288.5848083496094
TS0330C,TS0330D,cnn,2228,27,323.94000000000005,281.9612731933594
TS0330C,TS0330D,cnn,2228,28,313.94000000000005,275.5516052246094
TS0330C,TS0330D,cnn,2228,29,303.94000000000005,269.7775573730469
TS0330C,TS0330D,cnn,2228,30,293.94000000000005,264.6792907714844
TS0330C,TS0330D,cnn,2228,31,283.94000000000005,259.93096923828125
TS0330C,TS0330D,cnn,2228,32,273.94000000000005,255.1943359375
TS0330C,TS0330D,lstm,2226,0,593.94,572.2570190429688
TS0330C,TS0330D,lstm,2226,1,583.94,558.9320678710938
TS0330C,TS0330D,lstm,2226,2,573.94,544.7469482421875
TS0330C,TS0330D,lstm,2226,3,563.94,529.3719482421875
TS0330C,TS0330D,lstm,2226,4,553.94,513.1083984375
TS0330C,TS0330D,lstm,2226,5,543.94,497.507080078125
TS0330C,TS0330D,lstm,2226,6,533.94,481.6258239746094
TS0330C,TS0330D,lstm,2226,7,523.94,464.7809753417969
TS0330C,TS0330D,lstm,2226,8,513.94,450.67919921875
TS0330C,TS0330D,lstm,2226,9,503.94000000000005,435.8670349121094
TS0330C,TS0330D,lstm,2226,10,493.94000000000005,422.3942260742188
TS0330C,TS0330D,lstm,2226,11,483.94000000000005,409.7714538574219
TS0330C,TS0330D,lstm,2226,12,473.94000000000005,398.5161743164063
TS0330C,TS0330D,lstm,2226,13,463.94000000000005,388.8520812988281
TS0330C,TS0330D,lstm,2226,14,453.94000000000005,378.8183898925781
TS0330C,TS0330D,lstm,2226,15,443.94000000000005,369.1773986816406
TS0330C,TS0330D,lstm,2226,16,433.94000000000005,362.113037109375
TS0330C,TS0330D,lstm,2226,17,423.94000000000005,356.6839904785156
TS0330C,TS0330D,lstm,2226,18,413.94000000000005,351.0302429199219
TS0330C,TS0330D,lstm,2226,19,403.94000000000005,344.02008056640625
TS0330C,TS0330D,lstm,2226,20,393.94000000000005,339.287353515625
TS0330C,TS0330D,lstm,2226,21,383.94000000000005,333.2823181152344
TS0330C,TS0330D,lstm,2226,22,373.94000000000005,328.1182861328125
TS0330C,TS0330D,lstm,2226,23,363.94000000000005,324.3604431152344
TS0330C,TS0330D,lstm,2226,24,353.94000000000005,320.8808898925781
TS0330C,TS0330D,lstm,2226,25,343.94000000000005,317.3551025390625
TS0330C,TS0330D,lstm,2226,26,333.94000000000005,312.0303955078125
TS0330C,TS0330D,lstm,2226,27,323.94000000000005,307.9886779785156
TS0330C,TS0330D,lstm,2226,28,313.94000000000005,305.0634460449219
TS0330C,TS0330D,lstm,2226,29,303.94000000000005,305.45904541015625
TS0330C,TS0330D,lstm,2226,30,293.94000000000005,305.5350036621094
TS0330C,TS0330D,lstm,2226,31,283.94000000000005,303.2106628417969
TS0330C,TS0330D,lstm,2226,32,273.94000000000005,299.798828125
TS0330C,TS0330D,lstm,2227,0,593.94,560.2620239257812
TS0330C,TS0330D,lstm,2227,1,583.94,548.8509521484375
TS0330C,TS0330D,lstm,2227,2,573.94,536.8751831054688
TS0330C,TS0330D,lstm,2227,3,563.94,523.9530029296875
TS0330C,TS0330D,lstm,2227,4,553.94,510.41217041015625
TS0330C,TS0330D,lstm,2227,5,543.94,497.73876953125
TS0330C,TS0330D,lstm,2227,6,533.94,484.5237426757813
TS0330C,TS0330D,lstm,2227,7,523.94,470.3267822265625
TS0330C,TS0330D,lstm,2227,8,513.94,458.85101318359375
TS0330C,TS0330D,lstm,2227,9,503.94000000000005,445.90667724609375
TS0330C,TS0330D,lstm,2227,10,493.94000000000005,434.4742431640625
TS0330C,TS0330D,lstm,2227,11,483.94000000000005,423.3150939941406
TS0330C,TS0330D,lstm,2227,12,473.94000000000005,413.0567932128906
TS0330C,TS0330D,lstm,2227,13,463.94000000000005,404.45404052734375
TS0330C,TS0330D,lstm,2227,14,453.94000000000005,394.9715881347656
TS0330C,TS0330D,lstm,2227,15,443.94000000000005,385.7260437011719
TS0330C,TS0330D,lstm,2227,16,433.94000000000005,379.2170104980469
TS0330C,TS0330D,lstm,2227,17,423.94000000000005,373.9775695800781
TS0330C,TS0330D,lstm,2227,18,413.94000000000005,368.1861877441406
TS0330C,TS0330D,lstm,2227,19,403.94000000000005,361.1715698242188
TS0330C,TS0330D,lstm,2227,20,393.94000000000005,356.513427734375
TS0330C,TS0330D,lstm,2227,21,383.94000000000005,350.0625305175781
TS0330C,TS0330D,lstm,2227,22,373.94000000000005,344.91656494140625
TS0330C,TS0330D,lstm,2227,23,363.94000000000005,341.0322265625
TS0330C,TS0330D,lstm,2227,24,353.94000000000005,337.3507995605469
TS0330C,TS0330D,lstm,2227,25,343.94000000000005,333.5169677734375
TS0330C,TS0330D,lstm,2227,26,333.94000000000005,327.57879638671875
TS0330C,TS0330D,lstm,2227,27,323.94000000000005,323.3759155273437
TS0330C,TS0330D,lstm,2227,28,313.94000000000005,320.26318359375
TS0330C,TS0330D,lstm,2227,29,303.94000000000005,321.1558837890625
TS0330C,TS0330D,lstm,2227,30,293.94000000000005,320.9115600585937
TS0330C,TS0330D,lstm,2227,31,283.94000000000005,318.18121337890625
TS0330C,TS0330D,lstm,2227,32,273.94000000000005,314.1776428222656
TS0330C,TS0330D,lstm,2228,0,593.94,557.9606323242188
TS0330C,TS0330D,lstm,2228,1,583.94,550.4261474609375
TS0330C,TS0330D,lstm,2228,2,573.94,542.1714477539062
TS0330C,TS0330D,lstm,2228,3,563.94,532.7500610351562
TS0330C,TS0330D,lstm,2228,4,553.94,522.2098388671875
TS0330C,TS0330D,lstm,2228,5,543.94,511.5950317382813
TS0330C,TS0330D,lstm,2228,6,533.94,499.6648254394531
TS0330C,TS0330D,lstm,2228,7,523.94,485.79296875
TS0330C,TS0330D,lstm,2228,8,513.94,473.3168640136719
TS0330C,TS0330D,lstm,2228,9,503.94000000000005,458.4212646484375
TS0330C,TS0330D,lstm,2228,10,493.94000000000005,443.88763427734375
TS0330C,TS0330D,lstm,2228,11,483.94000000000005,428.7232971191406
TS0330C,TS0330D,lstm,2228,12,473.94000000000005,413.8027648925781
TS0330C,TS0330D,lstm,2228,13,463.94000000000005,400.1672058105469
TS0330C,TS0330D,lstm,2228,14,453.94000000000005,384.9688720703125
TS0330C,TS0330D,lstm,2228,15,443.94000000000005,369.3143005371094
TS0330C,TS0330D,lstm,2228,16,433.94000000000005,357.0941467285156
TS0330C,TS0330D,lstm,2228,17,423.94000000000005,347.2281799316406
TS0330C,TS0330D,lstm,2228,18,413.94000000000005,336.7591857910156
TS0330C,TS0330D,lstm,2228,19,403.94000000000005,323.8409423828125
TS0330C,TS0330D,lstm,2228,20,393.94000000000005,314.4580078125
TS0330C,TS0330D,lstm,2228,21,383.94000000000005,302.6517028808594
TS0330C,TS0330D,lstm,2228,22,373.94000000000005,292.37213134765625
TS0330C,TS0330D,lstm,2228,23,363.94000000000005,284.6107788085937
TS0330C,TS0330D,lstm,2228,24,353.94000000000005,277.48809814453125
TS0330C,TS0330D,lstm,2228,25,343.94000000000005,270.24176025390625
TS0330C,TS0330D,lstm,2228,26,333.94000000000005,259.49267578125
TS0330C,TS0330D,lstm,2228,27,323.94000000000005,251.2116851806641
TS0330C,TS0330D,lstm,2228,28,313.94000000000005,245.18487548828125
TS0330C,TS0330D,lstm,2228,29,303.94000000000005,246.0272979736328
TS0330C,TS0330D,lstm,2228,30,293.94000000000005,245.9452667236328
TS0330C,TS0330D,lstm,2228,31,283.94000000000005,241.37335205078125
TS0330C,TS0330D,lstm,2228,32,273.94000000000005,234.3815460205078
TS0330C,TS0330D,gru,2226,0,593.94,600.0
TS0330C,TS0330D,gru,2226,1,583.94,583.878173828125
TS0330C,TS0330D,gru,2226,2,573.94,564.1917724609375
TS0330C,TS0330D,gru,2226,3,563.94,543.8036499023438
TS0330C,TS0330D,gru,2226,4,553.94,523.1769409179688
TS0330C,TS0330D,gru,2226,5,543.94,504.8045349121094
TS0330C,TS0330D,gru,2226,6,533.94,485.8646240234375
TS0330C,TS0330D,gru,2226,7,523.94,465.93896484375
TS0330C,TS0330D,gru,2226,8,513.94,450.7028503417969
TS0330C,TS0330D,gru,2226,9,503.94000000000005,432.9398498535156
TS0330C,TS0330D,gru,2226,10,493.94000000000005,418.0945434570313
TS0330C,TS0330D,gru,2226,11,483.94000000000005,403.3497009277344
TS0330C,TS0330D,gru,2226,12,473.94000000000005,389.6636962890625
TS0330C,TS0330D,gru,2226,13,463.94000000000005,378.6903381347656
TS0330C,TS0330D,gru,2226,14,453.94000000000005,366.1034851074219
TS0330C,TS0330D,gru,2226,15,443.94000000000005,353.8028259277344
TS0330C,TS0330D,gru,2226,16,433.94000000000005,345.5619812011719
TS0330C,TS0330D,gru,2226,17,423.94000000000005,338.6447448730469
TS0330C,TS0330D,gru,2226,18,413.94000000000005,330.6217041015625
TS0330C,TS0330D,gru,2226,19,403.94000000000005,321.3177795410156
TS0330C,TS0330D,gru,2226,20,393.94000000000005,315.1664733886719
TS0330C,TS0330D,gru,2226,21,383.94000000000005,305.9925842285156
TS0330C,TS0330D,gru,2226,22,373.94000000000005,299.2727966308594
TS0330C,TS0330D,gru,2226,23,363.94000000000005,293.9566650390625
TS0330C,TS0330D,gru,2226,24,353.94000000000005,288.8349609375
TS0330C,TS0330D,gru,2226,25,343.94000000000005,283.3585510253906
TS0330C,TS0330D,gru,2226,26,333.94000000000005,274.7527770996094
TS0330C,TS0330D,gru,2226,27,323.94000000000005,269.0514831542969
TS0330C,TS0330D,gru,2226,28,313.94000000000005,264.7183837890625
TS0330C,TS0330D,gru,2226,29,303.94000000000005,266.6690979003906
TS0330C,TS0330D,gru,2226,30,293.94000000000005,265.8161926269531
TS0330C,TS0330D,gru,2226,31,283.94000000000005,261.7269287109375
TS0330C,TS0330D,gru,2226,32,273.94000000000005,255.6221923828125
TS0330C,TS0330D,gru,2227,0,593.94,549.1918334960938
TS0330C,TS0330D,gru,2227,1,583.94,542.3883056640625
TS0330C,TS0330D,gru,2227,2,573.94,534.8142700195312
TS0330C,TS0330D,gru,2227,3,563.94,526.1282348632812
TS0330C,TS0330D,gru,2227,4,553.94,516.4153442382812
TS0330C,TS0330D,gru,2227,5,543.94,506.5791320800781
TS0330C,TS0330D,gru,2227,6,533.94,495.7256774902344
TS0330C,TS0330D,gru,2227,7,523.94,483.2427368164063
TS0330C,TS0330D,gru,2227,8,513.94,471.88958740234375
TS0330C,TS0330D,gru,2227,9,503.94000000000005,458.7811584472656
TS0330C,TS0330D,gru,2227,10,493.94000000000005,445.7265625
TS0330C,TS0330D,gru,2227,11,483.94000000000005,432.2584838867188
TS0330C,TS0330D,gru,2227,12,473.94000000000005,419.0213317871094
TS0330C,TS0330D,gru,2227,13,463.94000000000005,406.5437927246094
TS0330C,TS0330D,gru,2227,14,453.94000000000005,392.7101135253906
TS0330C,TS0330D,gru,2227,15,443.94000000000005,378.1227416992188
TS0330C,TS0330D,gru,2227,16,433.94000000000005,366.0581665039063
TS0330C,TS0330D,gru,2227,17,423.94000000000005,356.22137451171875
TS0330C,TS0330D,gru,2227,18,413.94000000000005,345.8443298339844
TS0330C,TS0330D,gru,2227,19,403.94000000000005,332.382568359375
TS0330C,TS0330D,gru,2227,20,393.94000000000005,321.90802001953125
TS0330C,TS0330D,gru,2227,21,383.94000000000005,309.11065673828125
TS0330C,TS0330D,gru,2227,22,373.94000000000005,296.64453125
TS0330C,TS0330D,gru,2227,23,363.94000000000005,286.8884582519531
TS0330C,TS0330D,gru,2227,24,353.94000000000005,277.8108825683594
TS0330C,TS0330D,gru,2227,25,343.94000000000005,268.4698791503906
TS0330C,TS0330D,gru,2227,26,333.94000000000005,254.5789031982422
TS0330C,TS0330D,gru,2227,27,323.94000000000005,242.12823486328125
TS0330C,TS0330D,gru,2227,28,313.94000000000005,232.6318359375
TS0330C,TS0330D,gru,2227,29,303.94000000000005,231.8228912353516
TS0330C,TS0330D,gru,2227,30,293.94000000000005,232.4325256347656
TS0330C,TS0330D,gru,2227,31,283.94000000000005,226.46383666992188
TS0330C,TS0330D,gru,2227,32,273.94000000000005,216.45550537109372
TS0330C,TS0330D,gru,2228,0,593.94,565.1471557617188
TS0330C,TS0330D,gru,2228,1,583.94,548.408203125
TS0330C,TS0330D,gru,2228,2,573.94,531.7435302734375
TS0330C,TS0330D,gru,2228,3,563.94,514.56201171875
TS0330C,TS0330D,gru,2228,4,553.94,497.20404052734375
TS0330C,TS0330D,gru,2228,5,543.94,481.9308471679688
TS0330C,TS0330D,gru,2228,6,533.94,466.0883483886719
TS0330C,TS0330D,gru,2228,7,523.94,449.3966369628906
TS0330C,TS0330D,gru,2228,8,513.94,436.9651184082031
TS0330C,TS0330D,gru,2228,9,503.94000000000005,422.1184387207031
TS0330C,TS0330D,gru,2228,10,493.94000000000005,409.9709777832031
TS0330C,TS0330D,gru,2228,11,483.94000000000005,397.769775390625
TS0330C,TS0330D,gru,2228,12,473.94000000000005,386.4317932128906
TS0330C,TS0330D,gru,2228,13,463.94000000000005,377.556884765625
TS0330C,TS0330D,gru,2228,14,453.94000000000005,367.1126708984375
TS0330C,TS0330D,gru,2228,15,443.94000000000005,356.9541931152344
TS0330C,TS0330D,gru,2228,16,433.94000000000005,350.3514404296875
TS0330C,TS0330D,gru,2228,17,423.94000000000005,344.69482421875
TS0330C,TS0330D,gru,2228,18,413.94000000000005,338.0284423828125
TS0330C,TS0330D,gru,2228,19,403.94000000000005,330.3741149902344
TS0330C,TS0330D,gru,2228,20,393.94000000000005,325.41217041015625
TS0330C,TS0330D,gru,2228,21,383.94000000000005,317.7186584472656
TS0330C,TS0330D,gru,2228,22,373.94000000000005,312.3297119140625
TS0330C,TS0330D,gru,2228,23,363.94000000000005,307.9925537109375
TS0330C,TS0330D,gru,2228,24,353.94000000000005,303.7886657714844
TS0330C,TS0330D,gru,2228,25,343.94000000000005,299.27252197265625
TS0330C,TS0330D,gru,2228,26,333.94000000000005,292.0672302246094
TS0330C,TS0330D,gru,2228,27,323.94000000000005,287.5108947753906
TS0330C,TS0330D,gru,2228,28,313.94000000000005,283.978759765625
TS0330C,TS0330D,gru,2228,29,303.94000000000005,285.8402099609375
TS0330C,TS0330D,gru,2228,30,293.94000000000005,284.9696044921875
TS0330C,TS0330D,gru,2228,31,283.94000000000005,281.5234375
TS0330C,TS0330D,gru,2228,32,273.94000000000005,276.4092102050781
TS0330C,TS0330D,tcn,2226,0,593.94,600.0
TS0330C,TS0330D,tcn,2226,1,583.94,588.0059204101562
TS0330C,TS0330D,tcn,2226,2,573.94,579.2181396484375
TS0330C,TS0330D,tcn,2226,3,563.94,564.4585571289062
TS0330C,TS0330D,tcn,2226,4,553.94,551.2626953125
TS0330C,TS0330D,tcn,2226,5,543.94,535.9212646484375
TS0330C,TS0330D,tcn,2226,6,533.94,543.398193359375
TS0330C,TS0330D,tcn,2226,7,523.94,546.2161865234375
TS0330C,TS0330D,tcn,2226,8,513.94,540.04541015625
TS0330C,TS0330D,tcn,2226,9,503.94000000000005,530.856201171875
TS0330C,TS0330D,tcn,2226,10,493.94000000000005,527.9813232421875
TS0330C,TS0330D,tcn,2226,11,483.94000000000005,526.12158203125
TS0330C,TS0330D,tcn,2226,12,473.94000000000005,517.486328125
TS0330C,TS0330D,tcn,2226,13,463.94000000000005,507.1883544921875
TS0330C,TS0330D,tcn,2226,14,453.94000000000005,494.4401245117188
TS0330C,TS0330D,tcn,2226,15,443.94000000000005,479.301025390625
TS0330C,TS0330D,tcn,2226,16,433.94000000000005,462.7394104003906
TS0330C,TS0330D,tcn,2226,17,423.94000000000005,447.0382080078125
TS0330C,TS0330D,tcn,2226,18,413.94000000000005,430.3019409179688
TS0330C,TS0330D,tcn,2226,19,403.94000000000005,416.2060546875
TS0330C,TS0330D,tcn,2226,20,393.94000000000005,401.6894836425781
TS0330C,TS0330D,tcn,2226,21,383.94000000000005,388.1485900878906
TS0330C,TS0330D,tcn,2226,22,373.94000000000005,372.4709167480469
TS0330C,TS0330D,tcn,2226,23,363.94000000000005,359.36016845703125
TS0330C,TS0330D,tcn,2226,24,353.94000000000005,345.7131652832031
TS0330C,TS0330D,tcn,2226,25,343.94000000000005,329.5793151855469
TS0330C,TS0330D,tcn,2226,26,333.94000000000005,318.3810119628906
TS0330C,TS0330D,tcn,2226,27,323.94000000000005,309.31842041015625
TS0330C,TS0330D,tcn,2226,28,313.94000000000005,300.3050537109375
TS0330C,TS0330D,tcn,2226,29,303.94000000000005,289.0703125
TS0330C,TS0330D,tcn,2226,30,293.94000000000005,272.7021789550781
TS0330C,TS0330D,tcn,2226,31,283.94000000000005,263.2539978027344
TS0330C,TS0330D,tcn,2226,32,273.94000000000005,255.5558319091797
TS0330C,TS0330D,tcn,2227,0,593.94,600.0
TS0330C,TS0330D,tcn,2227,1,583.94,600.0
TS0330C,TS0330D,tcn,2227,2,573.94,587.043212890625
TS0330C,TS0330D,tcn,2227,3,563.94,573.4647827148438
TS0330C,TS0330D,tcn,2227,4,553.94,557.1148681640625
TS0330C,TS0330D,tcn,2227,5,543.94,546.0985717773438
TS0330C,TS0330D,tcn,2227,6,533.94,542.9474487304688
TS0330C,TS0330D,tcn,2227,7,523.94,542.4808959960938
TS0330C,TS0330D,tcn,2227,8,513.94,536.2987670898438
TS0330C,TS0330D,tcn,2227,9,503.94000000000005,528.3587036132812
TS0330C,TS0330D,tcn,2227,10,493.94000000000005,519.6846313476562
TS0330C,TS0330D,tcn,2227,11,483.94000000000005,505.0718078613281
TS0330C,TS0330D,tcn,2227,12,473.94000000000005,488.3629150390625
TS0330C,TS0330D,tcn,2227,13,463.94000000000005,467.95556640625
TS0330C,TS0330D,tcn,2227,14,453.94000000000005,454.9027099609375
TS0330C,TS0330D,tcn,2227,15,443.94000000000005,440.4436950683594
TS0330C,TS0330D,tcn,2227,16,433.94000000000005,427.0046691894531
TS0330C,TS0330D,tcn,2227,17,423.94000000000005,415.244873046875
TS0330C,TS0330D,tcn,2227,18,413.94000000000005,402.18408203125
TS0330C,TS0330D,tcn,2227,19,403.94000000000005,389.8214721679688
TS0330C,TS0330D,tcn,2227,20,393.94000000000005,378.1397705078125
TS0330C,TS0330D,tcn,2227,21,383.94000000000005,365.8707580566406
TS0330C,TS0330D,tcn,2227,22,373.94000000000005,354.7961730957031
TS0330C,TS0330D,tcn,2227,23,363.94000000000005,344.38494873046875
TS0330C,TS0330D,tcn,2227,24,353.94000000000005,332.8329467773437
TS0330C,TS0330D,tcn,2227,25,343.94000000000005,321.8353881835937
TS0330C,TS0330D,tcn,2227,26,333.94000000000005,312.2890014648437
TS0330C,TS0330D,tcn,2227,27,323.94000000000005,303.4646301269531
TS0330C,TS0330D,tcn,2227,28,313.94000000000005,295.5374755859375
TS0330C,TS0330D,tcn,2227,29,303.94000000000005,291.1026916503906
TS0330C,TS0330D,tcn,2227,30,293.94000000000005,282.4466552734375
TS0330C,TS0330D,tcn,2227,31,283.94000000000005,270.8656311035156
TS0330C,TS0330D,tcn,2227,32,273.94000000000005,261.8743896484375
TS0330C,TS0330D,tcn,2228,0,593.94,568.9020385742188
TS0330C,TS0330D,tcn,2228,1,583.94,566.8671264648438
TS0330C,TS0330D,tcn,2228,2,573.94,561.5277709960938
TS0330C,TS0330D,tcn,2228,3,563.94,556.4014892578125
TS0330C,TS0330D,tcn,2228,4,553.94,547.891845703125
TS0330C,TS0330D,tcn,2228,5,543.94,537.9690551757812
TS0330C,TS0330D,tcn,2228,6,533.94,538.6868896484375
TS0330C,TS0330D,tcn,2228,7,523.94,539.4512939453125
TS0330C,TS0330D,tcn,2228,8,513.94,544.9534301757812
TS0330C,TS0330D,tcn,2228,9,503.94000000000005,558.23486328125
TS0330C,TS0330D,tcn,2228,10,493.94000000000005,560.2869262695312
TS0330C,TS0330D,tcn,2228,11,483.94000000000005,556.9688720703125
TS0330C,TS0330D,tcn,2228,12,473.94000000000005,553.6646728515625
TS0330C,TS0330D,tcn,2228,13,463.94000000000005,537.91845703125
TS0330C,TS0330D,tcn,2228,14,453.94000000000005,512.8492431640625
TS0330C,TS0330D,tcn,2228,15,443.94000000000005,479.61822509765625
TS0330C,TS0330D,tcn,2228,16,433.94000000000005,454.18695068359375
TS0330C,TS0330D,tcn,2228,17,423.94000000000005,435.5478210449219
TS0330C,TS0330D,tcn,2228,18,413.94000000000005,419.1569213867188
TS0330C,TS0330D,tcn,2228,19,403.94000000000005,402.6560668945313
TS0330C,TS0330D,tcn,2228,20,393.94000000000005,389.0517578125
TS0330C,TS0330D,tcn,2228,21,383.94000000000005,376.8076171875
TS0330C,TS0330D,tcn,2228,22,373.94000000000005,363.9484252929688
TS0330C,TS0330D,tcn,2228,23,363.94000000000005,353.7624206542969
TS0330C,TS0330D,tcn,2228,24,353.94000000000005,340.5399475097656
TS0330C,TS0330D,tcn,2228,25,343.94000000000005,325.2737731933594
TS0330C,TS0330D,tcn,2228,26,333.94000000000005,315.1673278808594
TS0330C,TS0330D,tcn,2228,27,323.94000000000005,306.94677734375
TS0330C,TS0330D,tcn,2228,28,313.94000000000005,298.4381103515625
TS0330C,TS0330D,tcn,2228,29,303.94000000000005,284.0673828125
TS0330C,TS0330D,tcn,2228,30,293.94000000000005,270.9407043457031
TS0330C,TS0330D,tcn,2228,31,283.94000000000005,259.4876403808594
TS0330C,TS0330D,tcn,2228,32,273.94000000000005,251.9130859375
TS0330C,TS0330D,transformer,2226,0,593.94,472.74224853515625
TS0330C,TS0330D,transformer,2226,1,583.94,481.944580078125
TS0330C,TS0330D,transformer,2226,2,573.94,490.2578430175781
TS0330C,TS0330D,transformer,2226,3,563.94,496.7932434082031
TS0330C,TS0330D,transformer,2226,4,553.94,500.7702026367188
TS0330C,TS0330D,transformer,2226,5,543.94,501.92913818359375
TS0330C,TS0330D,transformer,2226,6,533.94,500.0553588867188
TS0330C,TS0330D,transformer,2226,7,523.94,495.1997985839844
TS0330C,TS0330D,transformer,2226,8,513.94,488.10546875
TS0330C,TS0330D,transformer,2226,9,503.94000000000005,478.78662109375
TS0330C,TS0330D,transformer,2226,10,493.94000000000005,467.8781433105469
TS0330C,TS0330D,transformer,2226,11,483.94000000000005,455.6562194824219
TS0330C,TS0330D,transformer,2226,12,473.94000000000005,442.5208129882813
TS0330C,TS0330D,transformer,2226,13,463.94000000000005,428.8674926757813
TS0330C,TS0330D,transformer,2226,14,453.94000000000005,414.7685546875
TS0330C,TS0330D,transformer,2226,15,443.94000000000005,400.5588073730469
TS0330C,TS0330D,transformer,2226,16,433.94000000000005,386.85443115234375
TS0330C,TS0330D,transformer,2226,17,423.94000000000005,373.89849853515625
TS0330C,TS0330D,transformer,2226,18,413.94000000000005,361.7393798828125
TS0330C,TS0330D,transformer,2226,19,403.94000000000005,350.3282470703125
TS0330C,TS0330D,transformer,2226,20,393.94000000000005,339.79718017578125
TS0330C,TS0330D,transformer,2226,21,383.94000000000005,330.0474548339844
TS0330C,TS0330D,transformer,2226,22,373.94000000000005,321.0635681152344
TS0330C,TS0330D,transformer,2226,23,363.94000000000005,312.9495544433594
TS0330C,TS0330D,transformer,2226,24,353.94000000000005,305.56768798828125
TS0330C,TS0330D,transformer,2226,25,343.94000000000005,298.75128173828125
TS0330C,TS0330D,transformer,2226,26,333.94000000000005,292.34881591796875
TS0330C,TS0330D,transformer,2226,27,323.94000000000005,286.4964599609375
TS0330C,TS0330D,transformer,2226,28,313.94000000000005,281.0252990722656
TS0330C,TS0330D,transformer,2226,29,303.94000000000005,276.2216796875
TS0330C,TS0330D,transformer,2226,30,293.94000000000005,271.9743957519531
TS0330C,TS0330D,transformer,2226,31,283.94000000000005,268.143310546875
TS0330C,TS0330D,transformer,2226,32,273.94000000000005,264.3725891113281
TS0330C,TS0330D,transformer,2227,0,593.94,549.5498657226562
TS0330C,TS0330D,transformer,2227,1,583.94,545.3845825195312
TS0330C,TS0330D,transformer,2227,2,573.94,540.5557861328125
TS0330C,TS0330D,transformer,2227,3,563.94,534.9922485351562
TS0330C,TS0330D,transformer,2227,4,553.94,528.7025756835938
TS0330C,TS0330D,transformer,2227,5,543.94,521.7550048828125
TS0330C,TS0330D,transformer,2227,6,533.94,514.0921630859375
TS0330C,TS0330D,transformer,2227,7,523.94,505.60205078125
TS0330C,TS0330D,transformer,2227,8,513.94,496.4793090820313
TS0330C,TS0330D,transformer,2227,9,503.94000000000005,486.5273132324219
TS0330C,TS0330D,transformer,2227,10,493.94000000000005,475.8453674316406
TS0330C,TS0330D,transformer,2227,11,483.94000000000005,464.3655395507813
TS0330C,TS0330D,transformer,2227,12,473.94000000000005,452.1961669921875
TS0330C,TS0330D,transformer,2227,13,463.94000000000005,439.4537658691406
TS0330C,TS0330D,transformer,2227,14,453.94000000000005,426.1148071289063
TS0330C,TS0330D,transformer,2227,15,443.94000000000005,412.400390625
TS0330C,TS0330D,transformer,2227,16,433.94000000000005,398.6988525390625
TS0330C,TS0330D,transformer,2227,17,423.94000000000005,385.1313171386719
TS0330C,TS0330D,transformer,2227,18,413.94000000000005,371.9139709472656
TS0330C,TS0330D,transformer,2227,19,403.94000000000005,359.2304992675781
TS0330C,TS0330D,transformer,2227,20,393.94000000000005,347.0330810546875
TS0330C,TS0330D,transformer,2227,21,383.94000000000005,335.55596923828125
TS0330C,TS0330D,transformer,2227,22,373.94000000000005,324.734130859375
TS0330C,TS0330D,transformer,2227,23,363.94000000000005,314.76446533203125
TS0330C,TS0330D,transformer,2227,24,353.94000000000005,305.5117492675781
TS0330C,TS0330D,transformer,2227,25,343.94000000000005,296.80859375
TS0330C,TS0330D,transformer,2227,26,333.94000000000005,288.6323547363281
TS0330C,TS0330D,transformer,2227,27,323.94000000000005,281.1225280761719
TS0330C,TS0330D,transformer,2227,28,313.94000000000005,273.9819030761719
TS0330C,TS0330D,transformer,2227,29,303.94000000000005,267.4939270019531
TS0330C,TS0330D,transformer,2227,30,293.94000000000005,261.63311767578125
TS0330C,TS0330D,transformer,2227,31,283.94000000000005,256.3525085449219
TS0330C,TS0330D,transformer,2227,32,273.94000000000005,251.1288604736328
TS0330C,TS0330D,transformer,2228,0,593.94,536.1753540039062
TS0330C,TS0330D,transformer,2228,1,583.94,535.1915893554688
TS0330C,TS0330D,transformer,2228,2,573.94,533.5995483398438
TS0330C,TS0330D,transformer,2228,3,563.94,531.1980590820312
TS0330C,TS0330D,transformer,2228,4,553.94,527.7775268554688
TS0330C,TS0330D,transformer,2228,5,543.94,523.1846313476562
TS0330C,TS0330D,transformer,2228,6,533.94,517.2203979492188
TS0330C,TS0330D,transformer,2228,7,523.94,509.7066955566406
TS0330C,TS0330D,transformer,2228,8,513.94,500.6677856445313
TS0330C,TS0330D,transformer,2228,9,503.94000000000005,490.0449523925781
TS0330C,TS0330D,transformer,2228,10,493.94000000000005,478.01373291015625
TS0330C,TS0330D,transformer,2228,11,483.94000000000005,464.7381286621094
TS0330C,TS0330D,transformer,2228,12,473.94000000000005,450.5662536621094
TS0330C,TS0330D,transformer,2228,13,463.94000000000005,435.871337890625
TS0330C,TS0330D,transformer,2228,14,453.94000000000005,420.9617919921875
TS0330C,TS0330D,transformer,2228,15,443.94000000000005,406.326171875
TS0330C,TS0330D,transformer,2228,16,433.94000000000005,392.4768371582031
TS0330C,TS0330D,transformer,2228,17,423.94000000000005,379.5898742675781
TS0330C,TS0330D,transformer,2228,18,413.94000000000005,367.9045104980469
TS0330C,TS0330D,transformer,2228,19,403.94000000000005,357.5165100097656
TS0330C,TS0330D,transformer,2228,20,393.94000000000005,348.154296875
TS0330C,TS0330D,transformer,2228,21,383.94000000000005,339.9072570800781
TS0330C,TS0330D,transformer,2228,22,373.94000000000005,332.5477905273437
TS0330C,TS0330D,transformer,2228,23,363.94000000000005,326.08135986328125
TS0330C,TS0330D,transformer,2228,24,353.94000000000005,320.3167724609375
TS0330C,TS0330D,transformer,2228,25,343.94000000000005,315.0799560546875
TS0330C,TS0330D,transformer,2228,26,333.94000000000005,310.3073425292969
TS0330C,TS0330D,transformer,2228,27,323.94000000000005,306.0296630859375
TS0330C,TS0330D,transformer,2228,28,313.94000000000005,302.0477294921875
TS0330C,TS0330D,transformer,2228,29,303.94000000000005,298.5055236816406
TS0330C,TS0330D,transformer,2228,30,293.94000000000005,295.364990234375
TS0330C,TS0330D,transformer,2228,31,283.94000000000005,292.5731506347656
TS0330C,TS0330D,transformer,2228,32,273.94000000000005,289.8456726074219
TS0330C,TS0330D,cnn_lstm,2226,0,593.94,556.2732543945312
TS0330C,TS0330D,cnn_lstm,2226,1,583.94,547.8753051757812
TS0330C,TS0330D,cnn_lstm,2226,2,573.94,539.0449829101562
TS0330C,TS0330D,cnn_lstm,2226,3,563.94,529.1427001953125
TS0330C,TS0330D,cnn_lstm,2226,4,553.94,518.1661987304688
TS0330C,TS0330D,cnn_lstm,2226,5,543.94,508.0174560546875
TS0330C,TS0330D,cnn_lstm,2226,6,533.94,496.3401794433594
TS0330C,TS0330D,cnn_lstm,2226,7,523.94,482.8994140625
TS0330C,TS0330D,cnn_lstm,2226,8,513.94,472.3116760253906
TS0330C,TS0330D,cnn_lstm,2226,9,503.94000000000005,458.0509033203125
TS0330C,TS0330D,cnn_lstm,2226,10,493.94000000000005,445.7111511230469
TS0330C,TS0330D,cnn_lstm,2226,11,483.94000000000005,432.0096740722656
TS0330C,TS0330D,cnn_lstm,2226,12,473.94000000000005,417.85162353515625
TS0330C,TS0330D,cnn_lstm,2226,13,463.94000000000005,406.0151977539063
TS0330C,TS0330D,cnn_lstm,2226,14,453.94000000000005,390.9874572753906
TS0330C,TS0330D,cnn_lstm,2226,15,443.94000000000005,374.9031066894531
TS0330C,TS0330D,cnn_lstm,2226,16,433.94000000000005,363.2283325195313
TS0330C,TS0330D,cnn_lstm,2226,17,423.94000000000005,352.7247619628906
TS0330C,TS0330D,cnn_lstm,2226,18,413.94000000000005,339.9533996582031
TS0330C,TS0330D,cnn_lstm,2226,19,403.94000000000005,324.51446533203125
TS0330C,TS0330D,cnn_lstm,2226,20,393.94000000000005,313.1086120605469
TS0330C,TS0330D,cnn_lstm,2226,21,383.94000000000005,296.3154296875
TS0330C,TS0330D,cnn_lstm,2226,22,373.94000000000005,282.7900085449219
TS0330C,TS0330D,cnn_lstm,2226,23,363.94000000000005,271.6417541503906
TS0330C,TS0330D,cnn_lstm,2226,24,353.94000000000005,260.9696960449219
TS0330C,TS0330D,cnn_lstm,2226,25,343.94000000000005,249.5970001220703
TS0330C,TS0330D,cnn_lstm,2226,26,333.94000000000005,232.34066772460935
TS0330C,TS0330D,cnn_lstm,2226,27,323.94000000000005,219.90122985839844
TS0330C,TS0330D,cnn_lstm,2226,28,313.94000000000005,210.5658721923828
TS0330C,TS0330D,cnn_lstm,2226,29,303.94000000000005,213.15444946289065
TS0330C,TS0330D,cnn_lstm,2226,30,293.94000000000005,211.67578125
TS0330C,TS0330D,cnn_lstm,2226,31,283.94000000000005,204.1289520263672
TS0330C,TS0330D,cnn_lstm,2226,32,273.94000000000005,192.4112091064453
TS0330C,TS0330D,cnn_lstm,2227,0,593.94,544.5322265625
TS0330C,TS0330D,cnn_lstm,2227,1,583.94,538.9791259765625
TS0330C,TS0330D,cnn_lstm,2227,2,573.94,532.0361328125
TS0330C,TS0330D,cnn_lstm,2227,3,563.94,523.2084350585938
TS0330C,TS0330D,cnn_lstm,2227,4,553.94,512.5271606445312
TS0330C,TS0330D,cnn_lstm,2227,5,543.94,501.9820251464844
TS0330C,TS0330D,cnn_lstm,2227,6,533.94,489.4151306152344
TS0330C,TS0330D,cnn_lstm,2227,7,523.94,474.538818359375
TS0330C,TS0330D,cnn_lstm,2227,8,513.94,462.6468200683594
TS0330C,TS0330D,cnn_lstm,2227,9,503.94000000000005,446.9041137695313
TS0330C,TS0330D,cnn_lstm,2227,10,493.94000000000005,433.1802368164063
TS0330C,TS0330D,cnn_lstm,2227,11,483.94000000000005,418.3512878417969
TS0330C,TS0330D,cnn_lstm,2227,12,473.94000000000005,403.653076171875
TS0330C,TS0330D,cnn_lstm,2227,13,463.94000000000005,391.6222229003906
TS0330C,TS0330D,cnn_lstm,2227,14,453.94000000000005,376.8361206054688
TS0330C,TS0330D,cnn_lstm,2227,15,443.94000000000005,361.734375
TS0330C,TS0330D,cnn_lstm,2227,16,433.94000000000005,351.36456298828125
TS0330C,TS0330D,cnn_lstm,2227,17,423.94000000000005,342.3372802734375
TS0330C,TS0330D,cnn_lstm,2227,18,413.94000000000005,331.6160583496094
TS0330C,TS0330D,cnn_lstm,2227,19,403.94000000000005,318.9150390625
TS0330C,TS0330D,cnn_lstm,2227,20,393.94000000000005,310.2753295898437
TS0330C,TS0330D,cnn_lstm,2227,21,383.94000000000005,297.19195556640625
TS0330C,TS0330D,cnn_lstm,2227,22,373.94000000000005,287.4252624511719
TS0330C,TS0330D,cnn_lstm,2227,23,363.94000000000005,279.5530090332031
TS0330C,TS0330D,cnn_lstm,2227,24,353.94000000000005,271.9400634765625
TS0330C,TS0330D,cnn_lstm,2227,25,343.94000000000005,263.7732238769531
TS0330C,TS0330D,cnn_lstm,2227,26,333.94000000000005,250.8758087158203
TS0330C,TS0330D,cnn_lstm,2227,27,323.94000000000005,242.16586303710935
TS0330C,TS0330D,cnn_lstm,2227,28,313.94000000000005,235.49380493164065
TS0330C,TS0330D,cnn_lstm,2227,29,303.94000000000005,238.2647705078125
TS0330C,TS0330D,cnn_lstm,2227,30,293.94000000000005,237.02980041503903
TS0330C,TS0330D,cnn_lstm,2227,31,283.94000000000005,230.9568328857422
TS0330C,TS0330D,cnn_lstm,2227,32,273.94000000000005,221.7773284912109
TS0330C,TS0330D,cnn_lstm,2228,0,593.94,487.2277526855469
TS0330C,TS0330D,cnn_lstm,2228,1,583.94,481.3699035644531
TS0330C,TS0330D,cnn_lstm,2228,2,573.94,475.2454223632813
TS0330C,TS0330D,cnn_lstm,2228,3,563.94,468.3974609375
TS0330C,TS0330D,cnn_lstm,2228,4,553.94,461.1361999511719
TS0330C,TS0330D,cnn_lstm,2228,5,543.94,454.55706787109375
TS0330C,TS0330D,cnn_lstm,2228,6,533.94,447.0727233886719
TS0330C,TS0330D,cnn_lstm,2228,7,523.94,438.7306213378906
TS0330C,TS0330D,cnn_lstm,2228,8,513.94,432.07806396484375
TS0330C,TS0330D,cnn_lstm,2228,9,503.94000000000005,423.3172912597656
TS0330C,TS0330D,cnn_lstm,2228,10,493.94000000000005,416.0192260742188
TS0330C,TS0330D,cnn_lstm,2228,11,483.94000000000005,408.09368896484375
TS0330C,TS0330D,cnn_lstm,2228,12,473.94000000000005,399.9666748046875
TS0330C,TS0330D,cnn_lstm,2228,13,463.94000000000005,393.5103454589844
TS0330C,TS0330D,cnn_lstm,2228,14,453.94000000000005,385.5644226074219
TS0330C,TS0330D,cnn_lstm,2228,15,443.94000000000005,377.3063354492188
TS0330C,TS0330D,cnn_lstm,2228,16,433.94000000000005,371.8387451171875
TS0330C,TS0330D,cnn_lstm,2228,17,423.94000000000005,366.95404052734375
TS0330C,TS0330D,cnn_lstm,2228,18,413.94000000000005,360.8168029785156
TS0330C,TS0330D,cnn_lstm,2228,19,403.94000000000005,354.1415405273437
TS0330C,TS0330D,cnn_lstm,2228,20,393.94000000000005,349.4671936035156
TS0330C,TS0330D,cnn_lstm,2228,21,383.94000000000005,341.9899597167969
TS0330C,TS0330D,cnn_lstm,2228,22,373.94000000000005,336.9270324707031
TS0330C,TS0330D,cnn_lstm,2228,23,363.94000000000005,332.5915222167969
TS0330C,TS0330D,cnn_lstm,2228,24,353.94000000000005,328.37213134765625
TS0330C,TS0330D,cnn_lstm,2228,25,343.94000000000005,323.64385986328125
TS0330C,TS0330D,cnn_lstm,2228,26,333.94000000000005,316.2673034667969
TS0330C,TS0330D,cnn_lstm,2228,27,323.94000000000005,311.5657958984375
TS0330C,TS0330D,cnn_lstm,2228,28,313.94000000000005,307.8915100097656
TS0330C,TS0330D,cnn_lstm,2228,29,303.94000000000005,309.9480285644531
TS0330C,TS0330D,cnn_lstm,2228,30,293.94000000000005,308.5545349121094
TS0330C,TS0330D,cnn_lstm,2228,31,283.94000000000005,304.9019775390625
TS0330C,TS0330D,cnn_lstm,2228,32,273.94000000000005,299.1435546875
TS0330C,TS0330D,attention_gru,2226,0,593.94,545.109619140625
TS0330C,TS0330D,attention_gru,2226,1,583.94,538.2101440429688
TS0330C,TS0330D,attention_gru,2226,2,573.94,530.3974609375
TS0330C,TS0330D,attention_gru,2226,3,563.94,521.6906127929688
TS0330C,TS0330D,attention_gru,2226,4,553.94,512.3106079101562
TS0330C,TS0330D,attention_gru,2226,5,543.94,502.3383483886719
TS0330C,TS0330D,attention_gru,2226,6,533.94,492.0181274414063
TS0330C,TS0330D,attention_gru,2226,7,523.94,481.302978515625
TS0330C,TS0330D,attention_gru,2226,8,513.94,470.45159912109375
TS0330C,TS0330D,attention_gru,2226,9,503.94000000000005,459.5730285644531
TS0330C,TS0330D,attention_gru,2226,10,493.94000000000005,448.7369384765625
TS0330C,TS0330D,attention_gru,2226,11,483.94000000000005,438.0391845703125
TS0330C,TS0330D,attention_gru,2226,12,473.94000000000005,427.626953125
TS0330C,TS0330D,attention_gru,2226,13,463.94000000000005,417.5721435546875
TS0330C,TS0330D,attention_gru,2226,14,453.94000000000005,407.9071350097656
TS0330C,TS0330D,attention_gru,2226,15,443.94000000000005,398.692626953125
TS0330C,TS0330D,attention_gru,2226,16,433.94000000000005,390.0065002441406
TS0330C,TS0330D,attention_gru,2226,17,423.94000000000005,381.8865661621094
TS0330C,TS0330D,attention_gru,2226,18,413.94000000000005,374.3694458007813
TS0330C,TS0330D,attention_gru,2226,19,403.94000000000005,367.3853759765625
TS0330C,TS0330D,attention_gru,2226,20,393.94000000000005,360.8160095214844
TS0330C,TS0330D,attention_gru,2226,21,383.94000000000005,354.7720947265625
TS0330C,TS0330D,attention_gru,2226,22,373.94000000000005,349.0753173828125
TS0330C,TS0330D,attention_gru,2226,23,363.94000000000005,343.84765625
TS0330C,TS0330D,attention_gru,2226,24,353.94000000000005,339.01177978515625
TS0330C,TS0330D,attention_gru,2226,25,343.94000000000005,334.48541259765625
TS0330C,TS0330D,attention_gru,2226,26,333.94000000000005,330.24365234375
TS0330C,TS0330D,attention_gru,2226,27,323.94000000000005,326.2541809082031
TS0330C,TS0330D,attention_gru,2226,28,313.94000000000005,322.44293212890625
TS0330C,TS0330D,attention_gru,2226,29,303.94000000000005,318.8929138183594
TS0330C,TS0330D,attention_gru,2226,30,293.94000000000005,315.7674255371094
TS0330C,TS0330D,attention_gru,2226,31,283.94000000000005,312.99542236328125
TS0330C,TS0330D,attention_gru,2226,32,273.94000000000005,310.2753295898437
TS0330C,TS0330D,attention_gru,2227,0,593.94,583.1132202148438
TS0330C,TS0330D,attention_gru,2227,1,583.94,572.6394653320312
TS0330C,TS0330D,attention_gru,2227,2,573.94,560.8917236328125
TS0330C,TS0330D,attention_gru,2227,3,563.94,547.9930419921875
TS0330C,TS0330D,attention_gru,2227,4,553.94,534.2393798828125
TS0330C,TS0330D,attention_gru,2227,5,543.94,519.8248291015625
TS0330C,TS0330D,attention_gru,2227,6,533.94,505.02685546875
TS0330C,TS0330D,attention_gru,2227,7,523.94,489.8247985839844
TS0330C,TS0330D,attention_gru,2227,8,513.94,474.5709228515625
TS0330C,TS0330D,attention_gru,2227,9,503.94000000000005,459.3607177734375
TS0330C,TS0330D,attention_gru,2227,10,493.94000000000005,444.3280334472656
TS0330C,TS0330D,attention_gru,2227,11,483.94000000000005,429.5402221679688
TS0330C,TS0330D,attention_gru,2227,12,473.94000000000005,415.2212829589844
TS0330C,TS0330D,attention_gru,2227,13,463.94000000000005,401.4397888183594
TS0330C,TS0330D,attention_gru,2227,14,453.94000000000005,388.2177734375
TS0330C,TS0330D,attention_gru,2227,15,443.94000000000005,375.63677978515625
TS0330C,TS0330D,attention_gru,2227,16,433.94000000000005,363.812744140625
TS0330C,TS0330D,attention_gru,2227,17,423.94000000000005,352.758056640625
TS0330C,TS0330D,attention_gru,2227,18,413.94000000000005,342.51397705078125
TS0330C,TS0330D,attention_gru,2227,19,403.94000000000005,332.9681396484375
TS0330C,TS0330D,attention_gru,2227,20,393.94000000000005,324.0141296386719
TS0330C,TS0330D,attention_gru,2227,21,383.94000000000005,315.7427673339844
TS0330C,TS0330D,attention_gru,2227,22,373.94000000000005,307.9532165527344
TS0330C,TS0330D,attention_gru,2227,23,363.94000000000005,300.792724609375
TS0330C,TS0330D,attention_gru,2227,24,353.94000000000005,294.1636657714844
TS0330C,TS0330D,attention_gru,2227,25,343.94000000000005,287.9445495605469
TS0330C,TS0330D,attention_gru,2227,26,333.94000000000005,282.06884765625
TS0330C,TS0330D,attention_gru,2227,27,323.94000000000005,276.55206298828125
TS0330C,TS0330D,attention_gru,2227,28,313.94000000000005,271.267333984375
TS0330C,TS0330D,attention_gru,2227,29,303.94000000000005,266.4031677246094
TS0330C,TS0330D,attention_gru,2227,30,293.94000000000005,262.1161193847656
TS0330C,TS0330D,attention_gru,2227,31,283.94000000000005,258.2304077148437
TS0330C,TS0330D,attention_gru,2227,32,273.94000000000005,254.40182495117188
TS0330C,TS0330D,attention_gru,2228,0,593.94,597.2290649414062
TS0330C,TS0330D,attention_gru,2228,1,583.94,587.7107543945312
TS0330C,TS0330D,attention_gru,2228,2,573.94,576.9273071289062
TS0330C,TS0330D,attention_gru,2228,3,563.94,564.9667358398438
TS0330C,TS0330D,attention_gru,2228,4,553.94,552.0655517578125
TS0330C,TS0330D,attention_gru,2228,5,543.94,538.3924560546875
TS0330C,TS0330D,attention_gru,2228,6,533.94,524.193359375
TS0330C,TS0330D,attention_gru,2228,7,523.94,509.46624755859375
TS0330C,TS0330D,attention_gru,2228,8,513.94,494.5270080566406
TS0330C,TS0330D,attention_gru,2228,9,503.94000000000005,479.5159912109375
TS0330C,TS0330D,attention_gru,2228,10,493.94000000000005,464.5693054199219
TS0330C,TS0330D,attention_gru,2228,11,483.94000000000005,449.78460693359375
TS0330C,TS0330D,attention_gru,2228,12,473.94000000000005,435.4101867675781
TS0330C,TS0330D,attention_gru,2228,13,463.94000000000005,421.5304260253906
TS0330C,TS0330D,attention_gru,2228,14,453.94000000000005,408.2127990722656
TS0330C,TS0330D,attention_gru,2228,15,443.94000000000005,395.5523376464844
TS0330C,TS0330D,attention_gru,2228,16,433.94000000000005,383.660400390625
TS0330C,TS0330D,attention_gru,2228,17,423.94000000000005,372.554931640625
TS0330C,TS0330D,attention_gru,2228,18,413.94000000000005,362.2994689941406
TS0330C,TS0330D,attention_gru,2228,19,403.94000000000005,352.799560546875
TS0330C,TS0330D,attention_gru,2228,20,393.94000000000005,343.9135131835937
TS0330C,TS0330D,attention_gru,2228,21,383.94000000000005,335.7619323730469
TS0330C,TS0330D,attention_gru,2228,22,373.94000000000005,328.12109375
TS0330C,TS0330D,attention_gru,2228,23,363.94000000000005,321.12109375
TS0330C,TS0330D,attention_gru,2228,24,353.94000000000005,314.6720886230469
TS0330C,TS0330D,attention_gru,2228,25,343.94000000000005,308.6492004394531
TS0330C,TS0330D,attention_gru,2228,26,333.94000000000005,303.0057067871094
TS0330C,TS0330D,attention_gru,2228,27,323.94000000000005,297.7291564941406
TS0330C,TS0330D,attention_gru,2228,28,313.94000000000005,292.6828308105469
TS0330C,TS0330D,attention_gru,2228,29,303.94000000000005,288.024658203125
TS0330C,TS0330D,attention_gru,2228,30,293.94000000000005,283.9355163574219
TS0330C,TS0330D,attention_gru,2228,31,283.94000000000005,280.256591796875
TS0330C,TS0330D,attention_gru,2228,32,273.94000000000005,276.65478515625
TS0330C,TS0330D,tcn_transformer,2226,0,593.94,592.7681274414062
TS0330C,TS0330D,tcn_transformer,2226,1,583.94,596.2161254882812
TS0330C,TS0330D,tcn_transformer,2226,2,573.94,598.4701538085938
TS0330C,TS0330D,tcn_transformer,2226,3,563.94,598.8861083984375
TS0330C,TS0330D,tcn_transformer,2226,4,553.94,596.41162109375
TS0330C,TS0330D,tcn_transformer,2226,5,543.94,590.9440307617188
TS0330C,TS0330D,tcn_transformer,2226,6,533.94,583.3262329101562
TS0330C,TS0330D,tcn_transformer,2226,7,523.94,575.4691162109375
TS0330C,TS0330D,tcn_transformer,2226,8,513.94,568.7867431640625
TS0330C,TS0330D,tcn_transformer,2226,9,503.94000000000005,561.9566650390625
TS0330C,TS0330D,tcn_transformer,2226,10,493.94000000000005,550.779296875
TS0330C,TS0330D,tcn_transformer,2226,11,483.94000000000005,532.498291015625
TS0330C,TS0330D,tcn_transformer,2226,12,473.94000000000005,509.8485107421875
TS0330C,TS0330D,tcn_transformer,2226,13,463.94000000000005,484.9454650878906
TS0330C,TS0330D,tcn_transformer,2226,14,453.94000000000005,458.7344970703125
TS0330C,TS0330D,tcn_transformer,2226,15,443.94000000000005,432.3948669433594
TS0330C,TS0330D,tcn_transformer,2226,16,433.94000000000005,407.1252136230469
TS0330C,TS0330D,tcn_transformer,2226,17,423.94000000000005,383.6648864746094
TS0330C,TS0330D,tcn_transformer,2226,18,413.94000000000005,362.3450622558594
TS0330C,TS0330D,tcn_transformer,2226,19,403.94000000000005,343.0320739746094
TS0330C,TS0330D,tcn_transformer,2226,20,393.94000000000005,325.3153381347656
TS0330C,TS0330D,tcn_transformer,2226,21,383.94000000000005,309.5030517578125
TS0330C,TS0330D,tcn_transformer,2226,22,373.94000000000005,295.20318603515625
TS0330C,TS0330D,tcn_transformer,2226,23,363.94000000000005,282.49639892578125
TS0330C,TS0330D,tcn_transformer,2226,24,353.94000000000005,271.14453125
TS0330C,TS0330D,tcn_transformer,2226,25,343.94000000000005,260.9352111816406
TS0330C,TS0330D,tcn_transformer,2226,26,333.94000000000005,251.8819732666016
TS0330C,TS0330D,tcn_transformer,2226,27,323.94000000000005,243.73919677734372
TS0330C,TS0330D,tcn_transformer,2226,28,313.94000000000005,236.1826629638672
TS0330C,TS0330D,tcn_transformer,2226,29,303.94000000000005,229.19407653808597
TS0330C,TS0330D,tcn_transformer,2226,30,293.94000000000005,223.15493774414065
TS0330C,TS0330D,tcn_transformer,2226,31,283.94000000000005,217.90866088867188
TS0330C,TS0330D,tcn_transformer,2226,32,273.94000000000005,212.82342529296875
TS0330C,TS0330D,tcn_transformer,2227,0,593.94,558.7368774414062
TS0330C,TS0330D,tcn_transformer,2227,1,583.94,551.4328002929688
TS0330C,TS0330D,tcn_transformer,2227,2,573.94,542.6762084960938
TS0330C,TS0330D,tcn_transformer,2227,3,563.94,532.86572265625
TS0330C,TS0330D,tcn_transformer,2227,4,553.94,522.593994140625
TS0330C,TS0330D,tcn_transformer,2227,5,543.94,512.390380859375
TS0330C,TS0330D,tcn_transformer,2227,6,533.94,502.379638671875
TS0330C,TS0330D,tcn_transformer,2227,7,523.94,492.3453979492188
TS0330C,TS0330D,tcn_transformer,2227,8,513.94,482.1708068847656
TS0330C,TS0330D,tcn_transformer,2227,9,503.94000000000005,471.7352294921875
TS0330C,TS0330D,tcn_transformer,2227,10,493.94000000000005,461.1583251953125
TS0330C,TS0330D,tcn_transformer,2227,11,483.94000000000005,450.4928894042969
TS0330C,TS0330D,tcn_transformer,2227,12,473.94000000000005,439.6598205566406
TS0330C,TS0330D,tcn_transformer,2227,13,463.94000000000005,428.6570129394531
TS0330C,TS0330D,tcn_transformer,2227,14,453.94000000000005,417.2464294433594
TS0330C,TS0330D,tcn_transformer,2227,15,443.94000000000005,405.5461730957031
TS0330C,TS0330D,tcn_transformer,2227,16,433.94000000000005,393.7262878417969
TS0330C,TS0330D,tcn_transformer,2227,17,423.94000000000005,381.786376953125
TS0330C,TS0330D,tcn_transformer,2227,18,413.94000000000005,369.9419860839844
TS0330C,TS0330D,tcn_transformer,2227,19,403.94000000000005,358.2158203125
TS0330C,TS0330D,tcn_transformer,2227,20,393.94000000000005,346.6282653808594
TS0330C,TS0330D,tcn_transformer,2227,21,383.94000000000005,335.4908142089844
TS0330C,TS0330D,tcn_transformer,2227,22,373.94000000000005,324.7590026855469
TS0330C,TS0330D,tcn_transformer,2227,23,363.94000000000005,314.7582702636719
TS0330C,TS0330D,tcn_transformer,2227,24,353.94000000000005,305.3651428222656
TS0330C,TS0330D,tcn_transformer,2227,25,343.94000000000005,296.5385131835937
TS0330C,TS0330D,tcn_transformer,2227,26,333.94000000000005,288.3536376953125
TS0330C,TS0330D,tcn_transformer,2227,27,323.94000000000005,280.8334045410156
TS0330C,TS0330D,tcn_transformer,2227,28,313.94000000000005,273.7316589355469
TS0330C,TS0330D,tcn_transformer,2227,29,303.94000000000005,267.23858642578125
TS0330C,TS0330D,tcn_transformer,2227,30,293.94000000000005,261.531494140625
TS0330C,TS0330D,tcn_transformer,2227,31,283.94000000000005,256.5414123535156
TS0330C,TS0330D,tcn_transformer,2227,32,273.94000000000005,251.70851135253903
TS0330C,TS0330D,tcn_transformer,2228,0,593.94,574.0095825195312
TS0330C,TS0330D,tcn_transformer,2228,1,583.94,568.1638793945312
TS0330C,TS0330D,tcn_transformer,2228,2,573.94,561.4091796875
TS0330C,TS0330D,tcn_transformer,2228,3,563.94,553.7955932617188
TS0330C,TS0330D,tcn_transformer,2228,4,553.94,545.4271850585938
TS0330C,TS0330D,tcn_transformer,2228,5,543.94,536.6356201171875
TS0330C,TS0330D,tcn_transformer,2228,6,533.94,527.9212646484375
TS0330C,TS0330D,tcn_transformer,2228,7,523.94,519.8397216796875
TS0330C,TS0330D,tcn_transformer,2228,8,513.94,512.670166015625
TS0330C,TS0330D,tcn_transformer,2228,9,503.94000000000005,506.1712646484375
TS0330C,TS0330D,tcn_transformer,2228,10,493.94000000000005,499.2614135742188
TS0330C,TS0330D,tcn_transformer,2228,11,483.94000000000005,490.7909851074219
TS0330C,TS0330D,tcn_transformer,2228,12,473.94000000000005,480.3005981445313
TS0330C,TS0330D,tcn_transformer,2228,13,463.94000000000005,467.891845703125
TS0330C,TS0330D,tcn_transformer,2228,14,453.94000000000005,454.3643493652344
TS0330C,TS0330D,tcn_transformer,2228,15,443.94000000000005,440.5894775390625
TS0330C,TS0330D,tcn_transformer,2228,16,433.94000000000005,427.3927917480469
TS0330C,TS0330D,tcn_transformer,2228,17,423.94000000000005,415.0559997558594
TS0330C,TS0330D,tcn_transformer,2228,18,413.94000000000005,403.6831970214844
TS0330C,TS0330D,tcn_transformer,2228,19,403.94000000000005,393.2770385742188
TS0330C,TS0330D,tcn_transformer,2228,20,393.94000000000005,383.069580078125
TS0330C,TS0330D,tcn_transformer,2228,21,383.94000000000005,373.5389404296875
TS0330C,TS0330D,tcn_transformer,2228,22,373.94000000000005,364.1550903320313
TS0330C,TS0330D,tcn_transformer,2228,23,363.94000000000005,355.2146911621094
TS0330C,TS0330D,tcn_transformer,2228,24,353.94000000000005,346.72076416015625
TS0330C,TS0330D,tcn_transformer,2228,25,343.94000000000005,338.338134765625
TS0330C,TS0330D,tcn_transformer,2228,26,333.94000000000005,330.41192626953125
TS0330C,TS0330D,tcn_transformer,2228,27,323.94000000000005,323.1276550292969
TS0330C,TS0330D,tcn_transformer,2228,28,313.94000000000005,316.15673828125
TS0330C,TS0330D,tcn_transformer,2228,29,303.94000000000005,309.4349365234375
TS0330C,TS0330D,tcn_transformer,2228,30,293.94000000000005,303.2657775878906
TS0330C,TS0330D,tcn_transformer,2228,31,283.94000000000005,298.0801086425781
TS0330C,TS0330D,tcn_transformer,2228,32,273.94000000000005,292.765625
TS0330C,TS0330D,lath_net,2226,0,593.94,557.1321411132812
TS0330C,TS0330D,lath_net,2226,1,583.94,554.2699584960938
TS0330C,TS0330D,lath_net,2226,2,573.94,550.3048706054688
TS0330C,TS0330D,lath_net,2226,3,563.94,545.4505004882812
TS0330C,TS0330D,lath_net,2226,4,553.94,539.872802734375
TS0330C,TS0330D,lath_net,2226,5,543.94,533.5230712890625
TS0330C,TS0330D,lath_net,2226,6,533.94,526.4442138671875
TS0330C,TS0330D,lath_net,2226,7,523.94,518.6575927734375
TS0330C,TS0330D,lath_net,2226,8,513.94,510.0346374511719
TS0330C,TS0330D,lath_net,2226,9,503.94000000000005,500.4156494140625
TS0330C,TS0330D,lath_net,2226,10,493.94000000000005,488.5032653808594
TS0330C,TS0330D,lath_net,2226,11,483.94000000000005,476.6075744628906
TS0330C,TS0330D,lath_net,2226,12,473.94000000000005,467.3841552734375
TS0330C,TS0330D,lath_net,2226,13,463.94000000000005,458.2308654785156
TS0330C,TS0330D,lath_net,2226,14,453.94000000000005,447.2066345214844
TS0330C,TS0330D,lath_net,2226,15,443.94000000000005,435.7791442871094
TS0330C,TS0330D,lath_net,2226,16,433.94000000000005,423.830810546875
TS0330C,TS0330D,lath_net,2226,17,423.94000000000005,410.7326049804688
TS0330C,TS0330D,lath_net,2226,18,413.94000000000005,397.5345458984375
TS0330C,TS0330D,lath_net,2226,19,403.94000000000005,385.1344604492188
TS0330C,TS0330D,lath_net,2226,20,393.94000000000005,372.96527099609375
TS0330C,TS0330D,lath_net,2226,21,383.94000000000005,360.7093811035156
TS0330C,TS0330D,lath_net,2226,22,373.94000000000005,348.843017578125
TS0330C,TS0330D,lath_net,2226,23,363.94000000000005,337.3626708984375
TS0330C,TS0330D,lath_net,2226,24,353.94000000000005,326.6718139648437
TS0330C,TS0330D,lath_net,2226,25,343.94000000000005,315.42938232421875
TS0330C,TS0330D,lath_net,2226,26,333.94000000000005,304.3468322753906
TS0330C,TS0330D,lath_net,2226,27,323.94000000000005,296.7496643066406
TS0330C,TS0330D,lath_net,2226,28,313.94000000000005,289.6051025390625
TS0330C,TS0330D,lath_net,2226,29,303.94000000000005,280.0661926269531
TS0330C,TS0330D,lath_net,2226,30,293.94000000000005,265.82501220703125
TS0330C,TS0330D,lath_net,2226,31,283.94000000000005,249.4852752685547
TS0330C,TS0330D,lath_net,2226,32,273.94000000000005,233.814697265625
TS0330C,TS0330D,lath_net,2227,0,593.94,600.0
TS0330C,TS0330D,lath_net,2227,1,583.94,600.0
TS0330C,TS0330D,lath_net,2227,2,573.94,595.2195434570312
TS0330C,TS0330D,lath_net,2227,3,563.94,581.2902221679688
TS0330C,TS0330D,lath_net,2227,4,553.94,566.5408935546875
TS0330C,TS0330D,lath_net,2227,5,543.94,551.3729248046875
TS0330C,TS0330D,lath_net,2227,6,533.94,537.4342041015625
TS0330C,TS0330D,lath_net,2227,7,523.94,523.9959106445312
TS0330C,TS0330D,lath_net,2227,8,513.94,511.0667114257813
TS0330C,TS0330D,lath_net,2227,9,503.94000000000005,499.59716796875
TS0330C,TS0330D,lath_net,2227,10,493.94000000000005,489.1568908691406
TS0330C,TS0330D,lath_net,2227,11,483.94000000000005,478.4846801757813
TS0330C,TS0330D,lath_net,2227,12,473.94000000000005,467.8742370605469
TS0330C,TS0330D,lath_net,2227,13,463.94000000000005,456.9534301757813
TS0330C,TS0330D,lath_net,2227,14,453.94000000000005,445.1397399902344
TS0330C,TS0330D,lath_net,2227,15,443.94000000000005,435.28228759765625
TS0330C,TS0330D,lath_net,2227,16,433.94000000000005,424.4478454589844
TS0330C,TS0330D,lath_net,2227,17,423.94000000000005,411.4319152832031
TS0330C,TS0330D,lath_net,2227,18,413.94000000000005,397.2373352050781
TS0330C,TS0330D,lath_net,2227,19,403.94000000000005,383.77978515625
TS0330C,TS0330D,lath_net,2227,20,393.94000000000005,368.9233703613281
TS0330C,TS0330D,lath_net,2227,21,383.94000000000005,354.9788818359375
TS0330C,TS0330D,lath_net,2227,22,373.94000000000005,342.11846923828125
TS0330C,TS0330D,lath_net,2227,23,363.94000000000005,329.5223693847656
TS0330C,TS0330D,lath_net,2227,24,353.94000000000005,316.37225341796875
TS0330C,TS0330D,lath_net,2227,25,343.94000000000005,302.68682861328125
TS0330C,TS0330D,lath_net,2227,26,333.94000000000005,290.6005249023437
TS0330C,TS0330D,lath_net,2227,27,323.94000000000005,281.4456481933594
TS0330C,TS0330D,lath_net,2227,28,313.94000000000005,273.5263061523437
TS0330C,TS0330D,lath_net,2227,29,303.94000000000005,264.55487060546875
TS0330C,TS0330D,lath_net,2227,30,293.94000000000005,255.1282196044922
TS0330C,TS0330D,lath_net,2227,31,283.94000000000005,247.2772674560547
TS0330C,TS0330D,lath_net,2227,32,273.94000000000005,240.38157653808597
TS0330C,TS0330D,lath_net,2228,0,593.94,587.2775268554688
TS0330C,TS0330D,lath_net,2228,1,583.94,580.2842407226562
TS0330C,TS0330D,lath_net,2228,2,573.94,573.1456298828125
TS0330C,TS0330D,lath_net,2228,3,563.94,565.837890625
TS0330C,TS0330D,lath_net,2228,4,553.94,555.3855590820312
TS0330C,TS0330D,lath_net,2228,5,543.94,544.9007568359375
TS0330C,TS0330D,lath_net,2228,6,533.94,534.4315185546875
TS0330C,TS0330D,lath_net,2228,7,523.94,524.0684814453125
TS0330C,TS0330D,lath_net,2228,8,513.94,513.6696166992188
TS0330C,TS0330D,lath_net,2228,9,503.94000000000005,502.851806640625
TS0330C,TS0330D,lath_net,2228,10,493.94000000000005,493.4532165527344
TS0330C,TS0330D,lath_net,2228,11,483.94000000000005,483.96978759765625
TS0330C,TS0330D,lath_net,2228,12,473.94000000000005,474.0469055175781
TS0330C,TS0330D,lath_net,2228,13,463.94000000000005,464.3652038574219
TS0330C,TS0330D,lath_net,2228,14,453.94000000000005,454.73834228515625
TS0330C,TS0330D,lath_net,2228,15,443.94000000000005,445.0671691894531
TS0330C,TS0330D,lath_net,2228,16,433.94000000000005,434.79888916015625
TS0330C,TS0330D,lath_net,2228,17,423.94000000000005,424.1390075683594
TS0330C,TS0330D,lath_net,2228,18,413.94000000000005,413.3445739746094
TS0330C,TS0330D,lath_net,2228,19,403.94000000000005,403.2789306640625
TS0330C,TS0330D,lath_net,2228,20,393.94000000000005,394.0976257324219
TS0330C,TS0330D,lath_net,2228,21,383.94000000000005,383.5146789550781
TS0330C,TS0330D,lath_net,2228,22,373.94000000000005,374.4430236816406
TS0330C,TS0330D,lath_net,2228,23,363.94000000000005,362.81842041015625
TS0330C,TS0330D,lath_net,2228,24,353.94000000000005,348.96026611328125
TS0330C,TS0330D,lath_net,2228,25,343.94000000000005,334.9315795898437
TS0330C,TS0330D,lath_net,2228,26,333.94000000000005,322.15283203125
TS0330C,TS0330D,lath_net,2228,27,323.94000000000005,314.4661865234375
TS0330C,TS0330D,lath_net,2228,28,313.94000000000005,305.0557861328125
TS0330C,TS0330D,lath_net,2228,29,303.94000000000005,291.94757080078125
TS0330C,TS0330D,lath_net,2228,30,293.94000000000005,276.77069091796875
TS0330C,TS0330D,lath_net,2228,31,283.94000000000005,261.59210205078125
TS0330C,TS0330D,lath_net,2228,32,273.94000000000005,248.2261199951172
TS0330D,TS0330E,cnn,2326,0,543.01,544.58056640625
TS0330D,TS0330E,cnn,2326,1,533.01,536.1998901367188
TS0330D,TS0330E,cnn,2326,2,523.01,526.6541137695312
TS0330D,TS0330E,cnn,2326,3,513.01,516.0283813476562
TS0330D,TS0330E,cnn,2326,4,503.01,504.40338134765625
TS0330D,TS0330E,cnn,2326,5,493.01,491.7978210449219
TS0330D,TS0330E,cnn,2326,6,483.01,478.1979675292969
TS0330D,TS0330E,cnn,2326,7,473.01,463.7762145996094
TS0330D,TS0330E,cnn,2326,8,463.01,448.5326232910156
TS0330D,TS0330E,cnn,2326,9,453.01,432.7377624511719
TS0330D,TS0330E,cnn,2326,10,443.01,416.6318054199219
TS0330D,TS0330E,cnn,2326,11,433.01,400.4613037109375
TS0330D,TS0330E,cnn,2326,12,423.01,384.4669799804688
TS0330D,TS0330E,cnn,2326,13,413.01,368.7180786132813
TS0330D,TS0330E,cnn,2326,14,403.01,353.3773193359375
TS0330D,TS0330E,cnn,2326,15,393.01,338.861083984375
TS0330D,TS0330E,cnn,2326,16,383.01,325.16473388671875
TS0330D,TS0330E,cnn,2326,17,373.01,312.6093444824219
TS0330D,TS0330E,cnn,2326,18,363.01,300.9423828125
TS0330D,TS0330E,cnn,2326,19,353.01,290.3941345214844
TS0330D,TS0330E,cnn,2326,20,343.01,280.8231201171875
TS0330D,TS0330E,cnn,2326,21,333.01,271.96600341796875
TS0330D,TS0330E,cnn,2326,22,323.01,263.92138671875
TS0330D,TS0330E,cnn,2326,23,313.01,256.4880065917969
TS0330D,TS0330E,cnn,2326,24,303.01,249.60714721679688
TS0330D,TS0330E,cnn,2326,25,293.01,243.2041473388672
TS0330D,TS0330E,cnn,2326,26,283.01,237.2958068847656
TS0330D,TS0330E,cnn,2326,27,273.01,231.7958984375
TS0330D,TS0330E,cnn,2326,28,263.01,226.535400390625
TS0330D,TS0330E,cnn,2326,29,253.01,221.75277709960935
TS0330D,TS0330E,cnn,2326,30,243.01,217.560302734375
TS0330D,TS0330E,cnn,2326,31,233.01,213.5418243408203
TS0330D,TS0330E,cnn,2327,0,543.01,530.2544555664062
TS0330D,TS0330E,cnn,2327,1,533.01,521.9255981445312
TS0330D,TS0330E,cnn,2327,2,523.01,511.9273681640625
TS0330D,TS0330E,cnn,2327,3,513.01,500.29888916015625
TS0330D,TS0330E,cnn,2327,4,503.01,487.1361083984375
TS0330D,TS0330E,cnn,2327,5,493.01,472.6385192871094
TS0330D,TS0330E,cnn,2327,6,483.01,457.1128234863281
TS0330D,TS0330E,cnn,2327,7,473.01,440.9011535644531
TS0330D,TS0330E,cnn,2327,8,463.01,424.3197021484375
TS0330D,TS0330E,cnn,2327,9,453.01,407.8224182128906
TS0330D,TS0330E,cnn,2327,10,443.01,391.8305358886719
TS0330D,TS0330E,cnn,2327,11,433.01,376.6833801269531
TS0330D,TS0330E,cnn,2327,12,423.01,362.6941223144531
TS0330D,TS0330E,cnn,2327,13,413.01,349.9559326171875
TS0330D,TS0330E,cnn,2327,14,403.01,338.46148681640625
TS0330D,TS0330E,cnn,2327,15,393.01,328.3627014160156
TS0330D,TS0330E,cnn,2327,16,383.01,319.5036315917969
TS0330D,TS0330E,cnn,2327,17,373.01,311.80047607421875
TS0330D,TS0330E,cnn,2327,18,363.01,304.855712890625
TS0330D,TS0330E,cnn,2327,19,353.01,298.6799011230469
TS0330D,TS0330E,cnn,2327,20,343.01,292.94921875
TS0330D,TS0330E,cnn,2327,21,333.01,287.47711181640625
TS0330D,TS0330E,cnn,2327,22,323.01,282.35369873046875
TS0330D,TS0330E,cnn,2327,23,313.01,277.39404296875
TS0330D,TS0330E,cnn,2327,24,303.01,272.5682678222656
TS0330D,TS0330E,cnn,2327,25,293.01,267.8212585449219
TS0330D,TS0330E,cnn,2327,26,283.01,263.1833190917969
TS0330D,TS0330E,cnn,2327,27,273.01,258.6531677246094
TS0330D,TS0330E,cnn,2327,28,263.01,254.0741729736328
TS0330D,TS0330E,cnn,2327,29,253.01,249.85202026367188
TS0330D,TS0330E,cnn,2327,30,243.01,245.95306396484372
TS0330D,TS0330E,cnn,2327,31,233.01,242.0838165283203
TS0330D,TS0330E,cnn,2328,0,543.01,551.5805053710938
TS0330D,TS0330E,cnn,2328,1,533.01,538.3533935546875
TS0330D,TS0330E,cnn,2328,2,523.01,523.848876953125
TS0330D,TS0330E,cnn,2328,3,513.01,508.4253845214844
TS0330D,TS0330E,cnn,2328,4,503.01,492.4820556640625
TS0330D,TS0330E,cnn,2328,5,493.01,476.2918395996094
TS0330D,TS0330E,cnn,2328,6,483.01,460.0322570800781
TS0330D,TS0330E,cnn,2328,7,473.01,444.0746154785156
TS0330D,TS0330E,cnn,2328,8,463.01,428.5372619628906
TS0330D,TS0330E,cnn,2328,9,453.01,413.6906127929688
TS0330D,TS0330E,cnn,2328,10,443.01,399.7200317382813
TS0330D,TS0330E,cnn,2328,11,433.01,386.7599182128906
TS0330D,TS0330E,cnn,2328,12,423.01,374.8428649902344
TS0330D,TS0330E,cnn,2328,13,413.01,363.9040222167969
TS0330D,TS0330E,cnn,2328,14,403.01,353.8489074707031
TS0330D,TS0330E,cnn,2328,15,393.01,344.7987060546875
TS0330D,TS0330E,cnn,2328,16,383.01,336.5981750488281
TS0330D,TS0330E,cnn,2328,17,373.01,329.2958679199219
TS0330D,TS0330E,cnn,2328,18,363.01,322.6382141113281
TS0330D,TS0330E,cnn,2328,19,353.01,316.67047119140625
TS0330D,TS0330E,cnn,2328,20,343.01,311.28936767578125
TS0330D,TS0330E,cnn,2328,21,333.01,306.2930603027344
TS0330D,TS0330E,cnn,2328,22,323.01,301.7112731933594
TS0330D,TS0330E,cnn,2328,23,313.01,297.455810546875
TS0330D,TS0330E,cnn,2328,24,303.01,293.43634033203125
TS0330D,TS0330E,cnn,2328,25,293.01,289.62567138671875
TS0330D,TS0330E,cnn,2328,26,283.01,286.0775146484375
TS0330D,TS0330E,cnn,2328,27,273.01,282.6923522949219
TS0330D,TS0330E,cnn,2328,28,263.01,279.4096069335937
TS0330D,TS0330E,cnn,2328,29,253.01,276.3571472167969
TS0330D,TS0330E,cnn,2328,30,243.01,273.6508483886719
TS0330D,TS0330E,cnn,2328,31,233.01,271.012939453125
TS0330D,TS0330E,lstm,2326,0,543.01,573.4896240234375
TS0330D,TS0330E,lstm,2326,1,533.01,550.7515258789062
TS0330D,TS0330E,lstm,2326,2,523.01,528.8451538085938
TS0330D,TS0330E,lstm,2326,3,513.01,505.9197082519531
TS0330D,TS0330E,lstm,2326,4,503.01,483.1861572265625
TS0330D,TS0330E,lstm,2326,5,493.01,461.7687683105469
TS0330D,TS0330E,lstm,2326,6,483.01,442.0809020996094
TS0330D,TS0330E,lstm,2326,7,473.01,423.7042541503906
TS0330D,TS0330E,lstm,2326,8,463.01,407.5529479980469
TS0330D,TS0330E,lstm,2326,9,453.01,393.1018981933594
TS0330D,TS0330E,lstm,2326,10,443.01,380.30859375
TS0330D,TS0330E,lstm,2326,11,433.01,370.7386779785156
TS0330D,TS0330E,lstm,2326,12,423.01,360.3243713378906
TS0330D,TS0330E,lstm,2326,13,413.01,350.19354248046875
TS0330D,TS0330E,lstm,2326,14,403.01,342.4400634765625
TS0330D,TS0330E,lstm,2326,15,393.01,334.57830810546875
TS0330D,TS0330E,lstm,2326,16,383.01,328.2000427246094
TS0330D,TS0330E,lstm,2326,17,373.01,322.4666748046875
TS0330D,TS0330E,lstm,2326,18,363.01,315.9774475097656
TS0330D,TS0330E,lstm,2326,19,353.01,311.89361572265625
TS0330D,TS0330E,lstm,2326,20,343.01,306.025146484375
TS0330D,TS0330E,lstm,2326,21,333.01,301.36920166015625
TS0330D,TS0330E,lstm,2326,22,323.01,297.97674560546875
TS0330D,TS0330E,lstm,2326,23,313.01,294.6983947753906
TS0330D,TS0330E,lstm,2326,24,303.01,289.4319152832031
TS0330D,TS0330E,lstm,2326,25,293.01,285.4257202148437
TS0330D,TS0330E,lstm,2326,26,283.01,282.426513671875
TS0330D,TS0330E,lstm,2326,27,273.01,278.3321838378906
TS0330D,TS0330E,lstm,2326,28,263.01,275.3379821777344
TS0330D,TS0330E,lstm,2326,29,253.01,274.993896484375
TS0330D,TS0330E,lstm,2326,30,243.01,273.33355712890625
TS0330D,TS0330E,lstm,2326,31,233.01,270.5886535644531
TS0330D,TS0330E,lstm,2327,0,543.01,560.3464965820312
TS0330D,TS0330E,lstm,2327,1,533.01,548.2721557617188
TS0330D,TS0330E,lstm,2327,2,523.01,535.0944213867188
TS0330D,TS0330E,lstm,2327,3,513.01,519.9512329101562
TS0330D,TS0330E,lstm,2327,4,503.01,502.8038940429688
TS0330D,TS0330E,lstm,2327,5,493.01,484.2742309570313
TS0330D,TS0330E,lstm,2327,6,483.01,465.0502014160156
TS0330D,TS0330E,lstm,2327,7,473.01,445.5449523925781
TS0330D,TS0330E,lstm,2327,8,463.01,426.3687133789063
TS0330D,TS0330E,lstm,2327,9,453.01,408.5863952636719
TS0330D,TS0330E,lstm,2327,10,443.01,392.4410705566406
TS0330D,TS0330E,lstm,2327,11,433.01,378.8179626464844
TS0330D,TS0330E,lstm,2327,12,423.01,365.8663330078125
TS0330D,TS0330E,lstm,2327,13,413.01,352.6838684082031
TS0330D,TS0330E,lstm,2327,14,403.01,341.38494873046875
TS0330D,TS0330E,lstm,2327,15,393.01,331.4070129394531
TS0330D,TS0330E,lstm,2327,16,383.01,322.2491149902344
TS0330D,TS0330E,lstm,2327,17,373.01,314.80694580078125
TS0330D,TS0330E,lstm,2327,18,363.01,306.3128356933594
TS0330D,TS0330E,lstm,2327,19,353.01,300.3994140625
TS0330D,TS0330E,lstm,2327,20,343.01,293.5478820800781
TS0330D,TS0330E,lstm,2327,21,333.01,287.0400085449219
TS0330D,TS0330E,lstm,2327,22,323.01,282.3874206542969
TS0330D,TS0330E,lstm,2327,23,313.01,278.194580078125
TS0330D,TS0330E,lstm,2327,24,303.01,272.2675170898437
TS0330D,TS0330E,lstm,2327,25,293.01,266.7626037597656
TS0330D,TS0330E,lstm,2327,26,283.01,262.78814697265625
TS0330D,TS0330E,lstm,2327,27,273.01,258.1089782714844
TS0330D,TS0330E,lstm,2327,28,263.01,253.8668975830078
TS0330D,TS0330E,lstm,2327,29,253.01,252.88999938964844
TS0330D,TS0330E,lstm,2327,30,243.01,251.22027587890625
TS0330D,TS0330E,lstm,2327,31,233.01,248.2292938232422
TS0330D,TS0330E,lstm,2328,0,543.01,551.4551391601562
TS0330D,TS0330E,lstm,2328,1,533.01,529.4893188476562
TS0330D,TS0330E,lstm,2328,2,523.01,508.4031372070313
TS0330D,TS0330E,lstm,2328,3,513.01,486.5137023925781
TS0330D,TS0330E,lstm,2328,4,503.01,464.8584289550781
TS0330D,TS0330E,lstm,2328,5,493.01,444.5305786132813
TS0330D,TS0330E,lstm,2328,6,483.01,425.9118957519531
TS0330D,TS0330E,lstm,2328,7,473.01,408.6485595703125
TS0330D,TS0330E,lstm,2328,8,463.01,393.4628601074219
TS0330D,TS0330E,lstm,2328,9,453.01,379.9993591308594
TS0330D,TS0330E,lstm,2328,10,443.01,368.156494140625
TS0330D,TS0330E,lstm,2328,11,433.01,359.2104797363281
TS0330D,TS0330E,lstm,2328,12,423.01,349.7277526855469
TS0330D,TS0330E,lstm,2328,13,413.01,340.4632568359375
TS0330D,TS0330E,lstm,2328,14,403.01,333.3060607910156
TS0330D,TS0330E,lstm,2328,15,393.01,326.2236633300781
TS0330D,TS0330E,lstm,2328,16,383.01,320.3876037597656
TS0330D,TS0330E,lstm,2328,17,373.01,315.22882080078125
TS0330D,TS0330E,lstm,2328,18,363.01,309.4047546386719
TS0330D,TS0330E,lstm,2328,19,353.01,305.68817138671875
TS0330D,TS0330E,lstm,2328,20,343.01,300.51690673828125
TS0330D,TS0330E,lstm,2328,21,333.01,296.3207397460937
TS0330D,TS0330E,lstm,2328,22,323.01,293.27734375
TS0330D,TS0330E,lstm,2328,23,313.01,290.3664855957031
TS0330D,TS0330E,lstm,2328,24,303.01,285.76617431640625
TS0330D,TS0330E,lstm,2328,25,293.01,282.18292236328125
TS0330D,TS0330E,lstm,2328,26,283.01,279.5140075683594
TS0330D,TS0330E,lstm,2328,27,273.01,275.9428100585937
TS0330D,TS0330E,lstm,2328,28,263.01,273.2725524902344
TS0330D,TS0330E,lstm,2328,29,253.01,272.8806457519531
TS0330D,TS0330E,lstm,2328,30,243.01,271.43560791015625
TS0330D,TS0330E,lstm,2328,31,233.01,269.0559997558594
TS0330D,TS0330E,gru,2326,0,543.01,543.1409912109375
TS0330D,TS0330E,gru,2326,1,533.01,526.81103515625
TS0330D,TS0330E,gru,2326,2,523.01,510.96533203125
TS0330D,TS0330E,gru,2326,3,513.01,493.7673645019531
TS0330D,TS0330E,gru,2326,4,503.01,476.35650634765625
TS0330D,TS0330E,gru,2326,5,493.01,459.5024719238281
TS0330D,TS0330E,gru,2326,6,483.01,443.438232421875
TS0330D,TS0330E,gru,2326,7,473.01,427.7815551757813
TS0330D,TS0330E,gru,2326,8,463.01,413.5447387695313
TS0330D,TS0330E,gru,2326,9,453.01,400.1636352539063
TS0330D,TS0330E,gru,2326,10,443.01,387.83831787109375
TS0330D,TS0330E,gru,2326,11,433.01,378.4635620117188
TS0330D,TS0330E,gru,2326,12,423.01,367.6684265136719
TS0330D,TS0330E,gru,2326,13,413.01,356.9075622558594
TS0330D,TS0330E,gru,2326,14,403.01,348.48388671875
TS0330D,TS0330E,gru,2326,15,393.01,339.5835266113281
TS0330D,TS0330E,gru,2326,16,383.01,332.2398986816406
TS0330D,TS0330E,gru,2326,17,373.01,325.4506225585937
TS0330D,TS0330E,gru,2326,18,363.01,317.55694580078125
TS0330D,TS0330E,gru,2326,19,353.01,312.5213623046875
TS0330D,TS0330E,gru,2326,20,343.01,305.0772705078125
TS0330D,TS0330E,gru,2326,21,333.01,299.0627746582031
TS0330D,TS0330E,gru,2326,22,323.01,294.6082763671875
TS0330D,TS0330E,gru,2326,23,313.01,290.2398986816406
TS0330D,TS0330E,gru,2326,24,303.01,283.0725402832031
TS0330D,TS0330E,gru,2326,25,293.01,277.50494384765625
TS0330D,TS0330E,gru,2326,26,283.01,273.2792663574219
TS0330D,TS0330E,gru,2326,27,273.01,267.42340087890625
TS0330D,TS0330E,gru,2326,28,263.01,263.0528869628906
TS0330D,TS0330E,gru,2326,29,253.01,262.5717163085937
TS0330D,TS0330E,gru,2326,30,243.01,260.1249084472656
TS0330D,TS0330E,gru,2326,31,233.01,256.04571533203125
TS0330D,TS0330E,gru,2327,0,543.01,542.0167846679688
TS0330D,TS0330E,gru,2327,1,533.01,526.2550659179688
TS0330D,TS0330E,gru,2327,2,523.01,510.7983093261719
TS0330D,TS0330E,gru,2327,3,513.01,494.1607360839844
TS0330D,TS0330E,gru,2327,4,503.01,477.1148071289063
TS0330D,TS0330E,gru,2327,5,493.01,460.4888000488281
TS0330D,TS0330E,gru,2327,6,483.01,444.5555725097656
TS0330D,TS0330E,gru,2327,7,473.01,429.0840148925781
TS0330D,TS0330E,gru,2327,8,463.01,414.6853637695313
TS0330D,TS0330E,gru,2327,9,453.01,401.2370910644531
TS0330D,TS0330E,gru,2327,10,443.01,388.8829040527344
TS0330D,TS0330E,gru,2327,11,433.01,379.1368713378906
TS0330D,TS0330E,gru,2327,12,423.01,368.3770446777344
TS0330D,TS0330E,gru,2327,13,413.01,357.457275390625
TS0330D,TS0330E,gru,2327,14,403.01,348.5564270019531
TS0330D,TS0330E,gru,2327,15,393.01,339.6130676269531
TS0330D,TS0330E,gru,2327,16,383.01,331.8105773925781
TS0330D,TS0330E,gru,2327,17,373.01,324.9203186035156
TS0330D,TS0330E,gru,2327,18,363.01,316.6661376953125
TS0330D,TS0330E,gru,2327,19,353.01,311.3081359863281
TS0330D,TS0330E,gru,2327,20,343.01,303.82208251953125
TS0330D,TS0330E,gru,2327,21,333.01,297.331298828125
TS0330D,TS0330E,gru,2327,22,323.01,292.6044311523437
TS0330D,TS0330E,gru,2327,23,313.01,288.0361022949219
TS0330D,TS0330E,gru,2327,24,303.01,280.78228759765625
TS0330D,TS0330E,gru,2327,25,293.01,274.7095947265625
TS0330D,TS0330E,gru,2327,26,283.01,270.1980285644531
TS0330D,TS0330E,gru,2327,27,273.01,264.1954345703125
TS0330D,TS0330E,gru,2327,28,263.01,259.2622375488281
TS0330D,TS0330E,gru,2327,29,253.01,258.6282958984375
TS0330D,TS0330E,gru,2327,30,243.01,256.2481689453125
TS0330D,TS0330E,gru,2327,31,233.01,252.0792388916016
TS0330D,TS0330E,gru,2328,0,543.01,526.53955078125
TS0330D,TS0330E,gru,2328,1,533.01,508.8371276855469
TS0330D,TS0330E,gru,2328,2,523.01,491.7558898925781
TS0330D,TS0330E,gru,2328,3,513.01,473.3805236816406
TS0330D,TS0330E,gru,2328,4,503.01,454.9050903320313
TS0330D,TS0330E,gru,2328,5,493.01,437.1599731445313
TS0330D,TS0330E,gru,2328,6,483.01,420.3837585449219
TS0330D,TS0330E,gru,2328,7,473.01,404.1319580078125
TS0330D,TS0330E,gru,2328,8,463.01,389.498779296875
TS0330D,TS0330E,gru,2328,9,453.01,375.8017578125
TS0330D,TS0330E,gru,2328,10,443.01,363.2322998046875
TS0330D,TS0330E,gru,2328,11,433.01,353.7986145019531
TS0330D,TS0330E,gru,2328,12,423.01,342.8340148925781
TS0330D,TS0330E,gru,2328,13,413.01,332.01348876953125
TS0330D,TS0330E,gru,2328,14,403.01,323.6763000488281
TS0330D,TS0330E,gru,2328,15,393.01,314.71697998046875
TS0330D,TS0330E,gru,2328,16,383.01,307.5067749023437
TS0330D,TS0330E,gru,2328,17,373.01,300.7170104980469
TS0330D,TS0330E,gru,2328,18,363.01,292.9511108398437
TS0330D,TS0330E,gru,2328,19,353.01,288.0195617675781
TS0330D,TS0330E,gru,2328,20,343.01,280.5788269042969
TS0330D,TS0330E,gru,2328,21,333.01,274.7566833496094
TS0330D,TS0330E,gru,2328,22,323.01,270.3998107910156
TS0330D,TS0330E,gru,2328,23,313.01,266.1136474609375
TS0330D,TS0330E,gru,2328,24,303.01,259.0001220703125
TS0330D,TS0330E,gru,2328,25,293.01,253.65765380859372
TS0330D,TS0330E,gru,2328,26,283.01,249.55453491210935
TS0330D,TS0330E,gru,2328,27,273.01,243.7769317626953
TS0330D,TS0330E,gru,2328,28,263.01,239.6726531982422
TS0330D,TS0330E,gru,2328,29,253.01,239.31593322753903
TS0330D,TS0330E,gru,2328,30,243.01,236.8970947265625
TS0330D,TS0330E,gru,2328,31,233.01,232.88351440429688
TS0330D,TS0330E,tcn,2326,0,543.01,581.3583374023438
TS0330D,TS0330E,tcn,2326,1,533.01,566.9002075195312
TS0330D,TS0330E,tcn,2326,2,523.01,553.673583984375
TS0330D,TS0330E,tcn,2326,3,513.01,543.5831909179688
TS0330D,TS0330E,tcn,2326,4,503.01,533.0878295898438
TS0330D,TS0330E,tcn,2326,5,493.01,519.087646484375
TS0330D,TS0330E,tcn,2326,6,483.01,504.9851989746094
TS0330D,TS0330E,tcn,2326,7,473.01,489.98931884765625
TS0330D,TS0330E,tcn,2326,8,463.01,477.0057067871094
TS0330D,TS0330E,tcn,2326,9,453.01,463.01123046875
TS0330D,TS0330E,tcn,2326,10,443.01,445.9590148925781
TS0330D,TS0330E,tcn,2326,11,433.01,435.811767578125
TS0330D,TS0330E,tcn,2326,12,423.01,428.4817504882813
TS0330D,TS0330E,tcn,2326,13,413.01,422.7986145019531
TS0330D,TS0330E,tcn,2326,14,403.01,414.783447265625
TS0330D,TS0330E,tcn,2326,15,393.01,400.1058349609375
TS0330D,TS0330E,tcn,2326,16,383.01,382.2604064941406
TS0330D,TS0330E,tcn,2326,17,373.01,362.3951110839844
TS0330D,TS0330E,tcn,2326,18,363.01,345.4298400878906
TS0330D,TS0330E,tcn,2326,19,353.01,331.51202392578125
TS0330D,TS0330E,tcn,2326,20,343.01,319.7811889648437
TS0330D,TS0330E,tcn,2326,21,333.01,310.1119384765625
TS0330D,TS0330E,tcn,2326,22,323.01,300.7305908203125
TS0330D,TS0330E,tcn,2326,23,313.01,290.3949279785156
TS0330D,TS0330E,tcn,2326,24,303.01,281.4491577148437
TS0330D,TS0330E,tcn,2326,25,293.01,275.2085876464844
TS0330D,TS0330E,tcn,2326,26,283.01,268.75
TS0330D,TS0330E,tcn,2326,27,273.01,264.1612243652344
TS0330D,TS0330E,tcn,2326,28,263.01,259.2619934082031
TS0330D,TS0330E,tcn,2326,29,253.01,255.15011596679688
TS0330D,TS0330E,tcn,2326,30,243.01,252.7779693603516
TS0330D,TS0330E,tcn,2326,31,233.01,248.30023193359372
TS0330D,TS0330E,tcn,2327,0,543.01,555.7196655273438
TS0330D,TS0330E,tcn,2327,1,533.01,554.561279296875
TS0330D,TS0330E,tcn,2327,2,523.01,555.462158203125
TS0330D,TS0330E,tcn,2327,3,513.01,554.8236694335938
TS0330D,TS0330E,tcn,2327,4,503.01,552.4627075195312
TS0330D,TS0330E,tcn,2327,5,493.01,549.811767578125
TS0330D,TS0330E,tcn,2327,6,483.01,546.3023681640625
TS0330D,TS0330E,tcn,2327,7,473.01,538.1535034179688
TS0330D,TS0330E,tcn,2327,8,463.01,531.4120483398438
TS0330D,TS0330E,tcn,2327,9,453.01,520.8526000976562
TS0330D,TS0330E,tcn,2327,10,443.01,504.3836059570313
TS0330D,TS0330E,tcn,2327,11,433.01,491.2051086425781
TS0330D,TS0330E,tcn,2327,12,423.01,482.11334228515625
TS0330D,TS0330E,tcn,2327,13,413.01,472.7793273925781
TS0330D,TS0330E,tcn,2327,14,403.01,465.0710754394531
TS0330D,TS0330E,tcn,2327,15,393.01,459.06494140625
TS0330D,TS0330E,tcn,2327,16,383.01,456.6552429199219
TS0330D,TS0330E,tcn,2327,17,373.01,450.5915832519531
TS0330D,TS0330E,tcn,2327,18,363.01,446.63427734375
TS0330D,TS0330E,tcn,2327,19,353.01,440.8296813964844
TS0330D,TS0330E,tcn,2327,20,343.01,431.3360595703125
TS0330D,TS0330E,tcn,2327,21,333.01,426.9909973144531
TS0330D,TS0330E,tcn,2327,22,323.01,419.4962463378906
TS0330D,TS0330E,tcn,2327,23,313.01,408.9598693847656
TS0330D,TS0330E,tcn,2327,24,303.01,399.4443664550781
TS0330D,TS0330E,tcn,2327,25,293.01,392.2985229492188
TS0330D,TS0330E,tcn,2327,26,283.01,385.0538024902344
TS0330D,TS0330E,tcn,2327,27,273.01,377.9219055175781
TS0330D,TS0330E,tcn,2327,28,263.01,371.4217224121094
TS0330D,TS0330E,tcn,2327,29,253.01,362.9316711425781
TS0330D,TS0330E,tcn,2327,30,243.01,352.7291564941406
TS0330D,TS0330E,tcn,2327,31,233.01,343.02703857421875
TS0330D,TS0330E,tcn,2328,0,543.01,587.8463134765625
TS0330D,TS0330E,tcn,2328,1,533.01,581.064453125
TS0330D,TS0330E,tcn,2328,2,523.01,579.5693969726562
TS0330D,TS0330E,tcn,2328,3,513.01,581.9347534179688
TS0330D,TS0330E,tcn,2328,4,503.01,583.27734375
TS0330D,TS0330E,tcn,2328,5,493.01,583.0418090820312
TS0330D,TS0330E,tcn,2328,6,483.01,581.869140625
TS0330D,TS0330E,tcn,2328,7,473.01,580.539306640625
TS0330D,TS0330E,tcn,2328,8,463.01,579.925537109375
TS0330D,TS0330E,tcn,2328,9,453.01,575.1295166015625
TS0330D,TS0330E,tcn,2328,10,443.01,566.7666015625
TS0330D,TS0330E,tcn,2328,11,433.01,552.4395751953125
TS0330D,TS0330E,tcn,2328,12,423.01,528.7842407226562
TS0330D,TS0330E,tcn,2328,13,413.01,506.03363037109375
TS0330D,TS0330E,tcn,2328,14,403.01,489.3477783203125
TS0330D,TS0330E,tcn,2328,15,393.01,474.5972595214844
TS0330D,TS0330E,tcn,2328,16,383.01,458.074462890625
TS0330D,TS0330E,tcn,2328,17,373.01,441.8026123046875
TS0330D,TS0330E,tcn,2328,18,363.01,428.7896423339844
TS0330D,TS0330E,tcn,2328,19,353.01,416.390380859375
TS0330D,TS0330E,tcn,2328,20,343.01,405.9928894042969
TS0330D,TS0330E,tcn,2328,21,333.01,396.2250061035156
TS0330D,TS0330E,tcn,2328,22,323.01,389.1796569824219
TS0330D,TS0330E,tcn,2328,23,313.01,382.1419677734375
TS0330D,TS0330E,tcn,2328,24,303.01,375.9127807617188
TS0330D,TS0330E,tcn,2328,25,293.01,367.3019104003906
TS0330D,TS0330E,tcn,2328,26,283.01,361.2716369628906
TS0330D,TS0330E,tcn,2328,27,273.01,354.02410888671875
TS0330D,TS0330E,tcn,2328,28,263.01,348.4340515136719
TS0330D,TS0330E,tcn,2328,29,253.01,343.2940368652344
TS0330D,TS0330E,tcn,2328,30,243.01,338.0999450683594
TS0330D,TS0330E,tcn,2328,31,233.01,335.0365295410156
TS0330D,TS0330E,transformer,2326,0,543.01,584.1387329101562
TS0330D,TS0330E,transformer,2326,1,533.01,581.1080322265625
TS0330D,TS0330E,transformer,2326,2,523.01,576.5626831054688
TS0330D,TS0330E,transformer,2326,3,513.01,570.0521850585938
TS0330D,TS0330E,transformer,2326,4,503.01,561.267822265625
TS0330D,TS0330E,transformer,2326,5,493.01,550.08837890625
TS0330D,TS0330E,transformer,2326,6,483.01,536.6029052734375
TS0330D,TS0330E,transformer,2326,7,473.01,521.0584716796875
TS0330D,TS0330E,transformer,2326,8,463.01,503.8797607421875
TS0330D,TS0330E,transformer,2326,9,453.01,485.5698852539063
TS0330D,TS0330E,transformer,2326,10,443.01,466.6509399414063
TS0330D,TS0330E,transformer,2326,11,433.01,447.7182312011719
TS0330D,TS0330E,transformer,2326,12,423.01,428.8425903320313
TS0330D,TS0330E,transformer,2326,13,413.01,410.18792724609375
TS0330D,TS0330E,transformer,2326,14,403.01,392.13421630859375
TS0330D,TS0330E,transformer,2326,15,393.01,374.9080505371094
TS0330D,TS0330E,transformer,2326,16,383.01,358.7151794433594
TS0330D,TS0330E,transformer,2326,17,373.01,343.759033203125
TS0330D,TS0330E,transformer,2326,18,363.01,329.82159423828125
TS0330D,TS0330E,transformer,2326,19,353.01,317.2646179199219
TS0330D,TS0330E,transformer,2326,20,343.01,305.7299194335937
TS0330D,TS0330E,transformer,2326,21,333.01,295.1739196777344
TS0330D,TS0330E,transformer,2326,22,323.01,285.63482666015625
TS0330D,TS0330E,transformer,2326,23,313.01,276.8741760253906
TS0330D,TS0330E,transformer,2326,24,303.01,268.6706848144531
TS0330D,TS0330E,transformer,2326,25,293.01,261.1434326171875
TS0330D,TS0330E,transformer,2326,26,283.01,254.23390197753903
TS0330D,TS0330E,transformer,2326,27,273.01,247.74703979492188
TS0330D,TS0330E,transformer,2326,28,263.01,241.6746826171875
TS0330D,TS0330E,transformer,2326,29,253.01,236.25942993164065
TS0330D,TS0330E,transformer,2326,30,243.01,231.4556427001953
TS0330D,TS0330E,transformer,2326,31,233.01,226.82699584960935
TS0330D,TS0330E,transformer,2327,0,543.01,565.994140625
TS0330D,TS0330E,transformer,2327,1,533.01,556.52392578125
TS0330D,TS0330E,transformer,2327,2,523.01,546.4154663085938
TS0330D,TS0330E,transformer,2327,3,513.01,535.3397216796875
TS0330D,TS0330E,transformer,2327,4,503.01,523.8088989257812
TS0330D,TS0330E,transformer,2327,5,493.01,512.3916015625
TS0330D,TS0330E,transformer,2327,6,483.01,501.47705078125
TS0330D,TS0330E,transformer,2327,7,473.01,491.0170593261719
TS0330D,TS0330E,transformer,2327,8,463.01,481.2035217285156
TS0330D,TS0330E,transformer,2327,9,453.01,471.9119262695313
TS0330D,TS0330E,transformer,2327,10,443.01,462.9990234375
TS0330D,TS0330E,transformer,2327,11,433.01,454.3815002441406
TS0330D,TS0330E,transformer,2327,12,423.01,445.5532531738281
TS0330D,TS0330E,transformer,2327,13,413.01,436.2599792480469
TS0330D,TS0330E,transformer,2327,14,403.01,426.4759826660156
TS0330D,TS0330E,transformer,2327,15,393.01,416.1064147949219
TS0330D,TS0330E,transformer,2327,16,383.01,405.2142028808594
TS0330D,TS0330E,transformer,2327,17,373.01,393.99261474609375
TS0330D,TS0330E,transformer,2327,18,363.01,382.4188232421875
TS0330D,TS0330E,transformer,2327,19,353.01,370.9752807617188
TS0330D,TS0330E,transformer,2327,20,343.01,359.55908203125
TS0330D,TS0330E,transformer,2327,21,333.01,348.2874755859375
TS0330D,TS0330E,transformer,2327,22,323.01,337.3544006347656
TS0330D,TS0330E,transformer,2327,23,313.01,326.6214599609375
TS0330D,TS0330E,transformer,2327,24,303.01,315.9779968261719
TS0330D,TS0330E,transformer,2327,25,293.01,305.7084350585937
TS0330D,TS0330E,transformer,2327,26,283.01,295.8182983398437
TS0330D,TS0330E,transformer,2327,27,273.01,286.1305236816406
TS0330D,TS0330E,transformer,2327,28,263.01,276.69586181640625
TS0330D,TS0330E,transformer,2327,29,253.01,267.92144775390625
TS0330D,TS0330E,transformer,2327,30,243.01,259.8945007324219
TS0330D,TS0330E,transformer,2327,31,233.01,251.92694091796875
TS0330D,TS0330E,transformer,2328,0,543.01,546.20947265625
TS0330D,TS0330E,transformer,2328,1,533.01,549.0674438476562
TS0330D,TS0330E,transformer,2328,2,523.01,551.7423095703125
TS0330D,TS0330E,transformer,2328,3,513.01,553.6527709960938
TS0330D,TS0330E,transformer,2328,4,503.01,553.8798217773438
TS0330D,TS0330E,transformer,2328,5,493.01,551.385009765625
TS0330D,TS0330E,transformer,2328,6,483.01,544.9784545898438
TS0330D,TS0330E,transformer,2328,7,473.01,533.460205078125
TS0330D,TS0330E,transformer,2328,8,463.01,516.1822509765625
TS0330D,TS0330E,transformer,2328,9,453.01,493.3639526367188
TS0330D,TS0330E,transformer,2328,10,443.01,466.2167053222656
TS0330D,TS0330E,transformer,2328,11,433.01,436.7458190917969
TS0330D,TS0330E,transformer,2328,12,423.01,406.6701354980469
TS0330D,TS0330E,transformer,2328,13,413.01,377.5881652832031
TS0330D,TS0330E,transformer,2328,14,403.01,350.6726989746094
TS0330D,TS0330E,transformer,2328,15,393.01,326.7123718261719
TS0330D,TS0330E,transformer,2328,16,383.01,305.99298095703125
TS0330D,TS0330E,transformer,2328,17,373.01,288.47442626953125
TS0330D,TS0330E,transformer,2328,18,363.01,273.6343994140625
TS0330D,TS0330E,transformer,2328,19,353.01,261.3272705078125
TS0330D,TS0330E,transformer,2328,20,343.01,250.9368896484375
TS0330D,TS0330E,transformer,2328,21,333.01,242.09371948242188
TS0330D,TS0330E,transformer,2328,22,323.01,234.555908203125
TS0330D,TS0330E,transformer,2328,23,313.01,227.96226501464844
TS0330D,TS0330E,transformer,2328,24,303.01,222.11798095703125
TS0330D,TS0330E,transformer,2328,25,293.01,217.02239990234372
TS0330D,TS0330E,transformer,2328,26,283.01,212.5196990966797
TS0330D,TS0330E,transformer,2328,27,273.01,208.45166015625
TS0330D,TS0330E,transformer,2328,28,263.01,204.76519775390625
TS0330D,TS0330E,transformer,2328,29,253.01,201.5232391357422
TS0330D,TS0330E,transformer,2328,30,243.01,198.7189483642578
TS0330D,TS0330E,transformer,2328,31,233.01,196.0677795410156
TS0330D,TS0330E,cnn_lstm,2326,0,543.01,535.4298706054688
TS0330D,TS0330E,cnn_lstm,2326,1,533.01,525.88720703125
TS0330D,TS0330E,cnn_lstm,2326,2,523.01,515.3093872070312
TS0330D,TS0330E,cnn_lstm,2326,3,513.01,501.9397888183594
TS0330D,TS0330E,cnn_lstm,2326,4,503.01,487.1292114257813
TS0330D,TS0330E,cnn_lstm,2326,5,493.01,471.58978271484375
TS0330D,TS0330E,cnn_lstm,2326,6,483.01,455.5177612304688
TS0330D,TS0330E,cnn_lstm,2326,7,473.01,438.7737121582031
TS0330D,TS0330E,cnn_lstm,2326,8,463.01,422.6233825683594
TS0330D,TS0330E,cnn_lstm,2326,9,453.01,406.6020812988281
TS0330D,TS0330E,cnn_lstm,2326,10,443.01,391.2591857910156
TS0330D,TS0330E,cnn_lstm,2326,11,433.01,379.3644104003906
TS0330D,TS0330E,cnn_lstm,2326,12,423.01,365.2501220703125
TS0330D,TS0330E,cnn_lstm,2326,13,413.01,351.07012939453125
TS0330D,TS0330E,cnn_lstm,2326,14,403.01,339.5032958984375
TS0330D,TS0330E,cnn_lstm,2326,15,393.01,327.5031433105469
TS0330D,TS0330E,cnn_lstm,2326,16,383.01,317.2042236328125
TS0330D,TS0330E,cnn_lstm,2326,17,373.01,308.0127258300781
TS0330D,TS0330E,cnn_lstm,2326,18,363.01,297.009521484375
TS0330D,TS0330E,cnn_lstm,2326,19,353.01,289.9246826171875
TS0330D,TS0330E,cnn_lstm,2326,20,343.01,280.0828857421875
TS0330D,TS0330E,cnn_lstm,2326,21,333.01,271.62744140625
TS0330D,TS0330E,cnn_lstm,2326,22,323.01,265.51080322265625
TS0330D,TS0330E,cnn_lstm,2326,23,313.01,259.6790771484375
TS0330D,TS0330E,cnn_lstm,2326,24,303.01,250.5526885986328
TS0330D,TS0330E,cnn_lstm,2326,25,293.01,242.97657775878903
TS0330D,TS0330E,cnn_lstm,2326,26,283.01,237.4315490722656
TS0330D,TS0330E,cnn_lstm,2326,27,273.01,230.24053955078125
TS0330D,TS0330E,cnn_lstm,2326,28,263.01,224.27622985839844
TS0330D,TS0330E,cnn_lstm,2326,29,253.01,223.5351409912109
TS0330D,TS0330E,cnn_lstm,2326,30,243.01,220.7413024902344
TS0330D,TS0330E,cnn_lstm,2326,31,233.01,215.97373962402344
TS0330D,TS0330E,cnn_lstm,2327,0,543.01,544.2455444335938
TS0330D,TS0330E,cnn_lstm,2327,1,533.01,530.5790405273438
TS0330D,TS0330E,cnn_lstm,2327,2,523.01,516.2093505859375
TS0330D,TS0330E,cnn_lstm,2327,3,513.01,498.9997253417969
TS0330D,TS0330E,cnn_lstm,2327,4,503.01,480.55181884765625
TS0330D,TS0330E,cnn_lstm,2327,5,493.01,461.6458740234375
TS0330D,TS0330E,cnn_lstm,2327,6,483.01,442.7420043945313
TS0330D,TS0330E,cnn_lstm,2327,7,473.01,423.5956115722656
TS0330D,TS0330E,cnn_lstm,2327,8,463.01,406.036376953125
TS0330D,TS0330E,cnn_lstm,2327,9,453.01,389.3987426757813
TS0330D,TS0330E,cnn_lstm,2327,10,443.01,374.0755004882813
TS0330D,TS0330E,cnn_lstm,2327,11,433.01,362.4034423828125
TS0330D,TS0330E,cnn_lstm,2327,12,423.01,349.5113525390625
TS0330D,TS0330E,cnn_lstm,2327,13,413.01,336.9229736328125
TS0330D,TS0330E,cnn_lstm,2327,14,403.01,327.0993957519531
TS0330D,TS0330E,cnn_lstm,2327,15,393.01,317.1620483398437
TS0330D,TS0330E,cnn_lstm,2327,16,383.01,309.067138671875
TS0330D,TS0330E,cnn_lstm,2327,17,373.01,301.7685546875
TS0330D,TS0330E,cnn_lstm,2327,18,363.01,293.71368408203125
TS0330D,TS0330E,cnn_lstm,2327,19,353.01,288.4093933105469
TS0330D,TS0330E,cnn_lstm,2327,20,343.01,281.2206420898437
TS0330D,TS0330E,cnn_lstm,2327,21,333.01,275.35321044921875
TS0330D,TS0330E,cnn_lstm,2327,22,323.01,271.02850341796875
TS0330D,TS0330E,cnn_lstm,2327,23,313.01,266.9586181640625
TS0330D,TS0330E,cnn_lstm,2327,24,303.01,260.6512451171875
TS0330D,TS0330E,cnn_lstm,2327,25,293.01,255.64419555664065
TS0330D,TS0330E,cnn_lstm,2327,26,283.01,251.88645935058597
TS0330D,TS0330E,cnn_lstm,2327,27,273.01,246.9887542724609
TS0330D,TS0330E,cnn_lstm,2327,28,263.01,243.25814819335935
TS0330D,TS0330E,cnn_lstm,2327,29,253.01,242.682373046875
TS0330D,TS0330E,cnn_lstm,2327,30,243.01,240.7700653076172
TS0330D,TS0330E,cnn_lstm,2327,31,233.01,237.5587158203125
TS0330D,TS0330E,cnn_lstm,2328,0,543.01,559.6130981445312
TS0330D,TS0330E,cnn_lstm,2328,1,533.01,545.7859497070312
TS0330D,TS0330E,cnn_lstm,2328,2,523.01,531.9012451171875
TS0330D,TS0330E,cnn_lstm,2328,3,513.01,515.9458618164062
TS0330D,TS0330E,cnn_lstm,2328,4,503.01,499.6358642578125
TS0330D,TS0330E,cnn_lstm,2328,5,493.01,483.3266906738281
TS0330D,TS0330E,cnn_lstm,2328,6,483.01,467.162109375
TS0330D,TS0330E,cnn_lstm,2328,7,473.01,450.9169006347656
TS0330D,TS0330E,cnn_lstm,2328,8,463.01,435.6096496582031
TS0330D,TS0330E,cnn_lstm,2328,9,453.01,420.6997680664063
TS0330D,TS0330E,cnn_lstm,2328,10,443.01,406.6131591796875
TS0330D,TS0330E,cnn_lstm,2328,11,433.01,395.6473083496094
TS0330D,TS0330E,cnn_lstm,2328,12,423.01,382.9486389160156
TS0330D,TS0330E,cnn_lstm,2328,13,413.01,370.1306457519531
TS0330D,TS0330E,cnn_lstm,2328,14,403.01,359.7391357421875
TS0330D,TS0330E,cnn_lstm,2328,15,393.01,348.79443359375
TS0330D,TS0330E,cnn_lstm,2328,16,383.01,339.5712280273437
TS0330D,TS0330E,cnn_lstm,2328,17,373.01,331.0649108886719
TS0330D,TS0330E,cnn_lstm,2328,18,363.01,321.1867370605469
TS0330D,TS0330E,cnn_lstm,2328,19,353.01,314.5774230957031
TS0330D,TS0330E,cnn_lstm,2328,20,343.01,305.3906555175781
TS0330D,TS0330E,cnn_lstm,2328,21,333.01,297.619873046875
TS0330D,TS0330E,cnn_lstm,2328,22,323.01,291.7982482910156
TS0330D,TS0330E,cnn_lstm,2328,23,313.01,286.2577514648437
TS0330D,TS0330E,cnn_lstm,2328,24,303.01,277.43023681640625
TS0330D,TS0330E,cnn_lstm,2328,25,293.01,270.2276306152344
TS0330D,TS0330E,cnn_lstm,2328,26,283.01,264.7499694824219
TS0330D,TS0330E,cnn_lstm,2328,27,273.01,257.559814453125
TS0330D,TS0330E,cnn_lstm,2328,28,263.01,251.79969787597656
TS0330D,TS0330E,cnn_lstm,2328,29,253.01,250.8653564453125
TS0330D,TS0330E,cnn_lstm,2328,30,243.01,247.9474029541016
TS0330D,TS0330E,cnn_lstm,2328,31,233.01,243.06979370117188
TS0330D,TS0330E,attention_gru,2326,0,543.01,543.5537109375
TS0330D,TS0330E,attention_gru,2326,1,533.01,532.6229248046875
TS0330D,TS0330E,attention_gru,2326,2,523.01,520.5153198242188
TS0330D,TS0330E,attention_gru,2326,3,513.01,507.4893798828125
TS0330D,TS0330E,attention_gru,2326,4,503.01,493.8846435546875
TS0330D,TS0330E,attention_gru,2326,5,493.01,479.8477783203125
TS0330D,TS0330E,attention_gru,2326,6,483.01,465.4759216308594
TS0330D,TS0330E,attention_gru,2326,7,473.01,451.0610046386719
TS0330D,TS0330E,attention_gru,2326,8,463.01,436.68994140625
TS0330D,TS0330E,attention_gru,2326,9,453.01,422.5653076171875
TS0330D,TS0330E,attention_gru,2326,10,443.01,408.8742370605469
TS0330D,TS0330E,attention_gru,2326,11,433.01,395.76165771484375
TS0330D,TS0330E,attention_gru,2326,12,423.01,383.2935791015625
TS0330D,TS0330E,attention_gru,2326,13,413.01,371.4724426269531
TS0330D,TS0330E,attention_gru,2326,14,403.01,360.2745056152344
TS0330D,TS0330E,attention_gru,2326,15,393.01,349.8711853027344
TS0330D,TS0330E,attention_gru,2326,16,383.01,340.2243347167969
TS0330D,TS0330E,attention_gru,2326,17,373.01,331.4215087890625
TS0330D,TS0330E,attention_gru,2326,18,363.01,323.2848205566406
TS0330D,TS0330E,attention_gru,2326,19,353.01,315.8989562988281
TS0330D,TS0330E,attention_gru,2326,20,343.01,309.1402893066406
TS0330D,TS0330E,attention_gru,2326,21,333.01,302.8517150878906
TS0330D,TS0330E,attention_gru,2326,22,323.01,297.0626220703125
TS0330D,TS0330E,attention_gru,2326,23,313.01,291.6441650390625
TS0330D,TS0330E,attention_gru,2326,24,303.01,286.54443359375
TS0330D,TS0330E,attention_gru,2326,25,293.01,281.7510070800781
TS0330D,TS0330E,attention_gru,2326,26,283.01,277.2539978027344
TS0330D,TS0330E,attention_gru,2326,27,273.01,272.989990234375
TS0330D,TS0330E,attention_gru,2326,28,263.01,268.8782958984375
TS0330D,TS0330E,attention_gru,2326,29,253.01,265.071044921875
TS0330D,TS0330E,attention_gru,2326,30,243.01,261.6728515625
TS0330D,TS0330E,attention_gru,2326,31,233.01,258.36895751953125
TS0330D,TS0330E,attention_gru,2327,0,543.01,534.9603881835938
TS0330D,TS0330E,attention_gru,2327,1,533.01,524.3174438476562
TS0330D,TS0330E,attention_gru,2327,2,523.01,512.4539794921875
TS0330D,TS0330E,attention_gru,2327,3,513.01,499.5564880371094
TS0330D,TS0330E,attention_gru,2327,4,503.01,485.9190673828125
TS0330D,TS0330E,attention_gru,2327,5,493.01,471.6980590820313
TS0330D,TS0330E,attention_gru,2327,6,483.01,456.9802856445313
TS0330D,TS0330E,attention_gru,2327,7,473.01,442.0758361816406
TS0330D,TS0330E,attention_gru,2327,8,463.01,427.0783996582031
TS0330D,TS0330E,attention_gru,2327,9,453.01,412.2172546386719
TS0330D,TS0330E,attention_gru,2327,10,443.01,397.7027893066406
TS0330D,TS0330E,attention_gru,2327,11,433.01,383.7096557617188
TS0330D,TS0330E,attention_gru,2327,12,423.01,370.32568359375
TS0330D,TS0330E,attention_gru,2327,13,413.01,357.5398864746094
TS0330D,TS0330E,attention_gru,2327,14,403.01,345.3555908203125
TS0330D,TS0330E,attention_gru,2327,15,393.01,333.9702453613281
TS0330D,TS0330E,attention_gru,2327,16,383.01,323.3306884765625
TS0330D,TS0330E,attention_gru,2327,17,373.01,313.5704650878906
TS0330D,TS0330E,attention_gru,2327,18,363.01,304.4914855957031
TS0330D,TS0330E,attention_gru,2327,19,353.01,296.1980895996094
TS0330D,TS0330E,attention_gru,2327,20,343.01,288.5887145996094
TS0330D,TS0330E,attention_gru,2327,21,333.01,281.4747009277344
TS0330D,TS0330E,attention_gru,2327,22,323.01,274.9037475585937
TS0330D,TS0330E,attention_gru,2327,23,313.01,268.7590637207031
TS0330D,TS0330E,attention_gru,2327,24,303.01,262.9535827636719
TS0330D,TS0330E,attention_gru,2327,25,293.01,257.46759033203125
TS0330D,TS0330E,attention_gru,2327,26,283.01,252.3211212158203
TS0330D,TS0330E,attention_gru,2327,27,273.01,247.42681884765625
TS0330D,TS0330E,attention_gru,2327,28,263.01,242.7062225341797
TS0330D,TS0330E,attention_gru,2327,29,253.01,238.33872985839844
TS0330D,TS0330E,attention_gru,2327,30,243.01,234.4535217285156
TS0330D,TS0330E,attention_gru,2327,31,233.01,230.67868041992188
TS0330D,TS0330E,attention_gru,2328,0,543.01,536.5398559570312
TS0330D,TS0330E,attention_gru,2328,1,533.01,525.55712890625
TS0330D,TS0330E,attention_gru,2328,2,523.01,513.4266357421875
TS0330D,TS0330E,attention_gru,2328,3,513.01,500.375244140625
TS0330D,TS0330E,attention_gru,2328,4,503.01,486.7319641113281
TS0330D,TS0330E,attention_gru,2328,5,493.01,472.6570739746094
TS0330D,TS0330E,attention_gru,2328,6,483.01,458.2477416992188
TS0330D,TS0330E,attention_gru,2328,7,473.01,443.796875
TS0330D,TS0330E,attention_gru,2328,8,463.01,429.3956298828125
TS0330D,TS0330E,attention_gru,2328,9,453.01,415.2492370605469
TS0330D,TS0330E,attention_gru,2328,10,443.01,401.542236328125
TS0330D,TS0330E,attention_gru,2328,11,433.01,388.42877197265625
TS0330D,TS0330E,attention_gru,2328,12,423.01,375.9563598632813
TS0330D,TS0330E,attention_gru,2328,13,413.01,364.1055908203125
TS0330D,TS0330E,attention_gru,2328,14,403.01,352.87384033203125
TS0330D,TS0330E,attention_gru,2328,15,393.01,342.4191589355469
TS0330D,TS0330E,attention_gru,2328,16,383.01,332.6925048828125
TS0330D,TS0330E,attention_gru,2328,17,373.01,323.7967834472656
TS0330D,TS0330E,attention_gru,2328,18,363.01,315.5360412597656
TS0330D,TS0330E,attention_gru,2328,19,353.01,308.0182800292969
TS0330D,TS0330E,attention_gru,2328,20,343.01,301.1155700683594
TS0330D,TS0330E,attention_gru,2328,21,333.01,294.6741027832031
TS0330D,TS0330E,attention_gru,2328,22,323.01,288.73779296875
TS0330D,TS0330E,attention_gru,2328,23,313.01,283.1863708496094
TS0330D,TS0330E,attention_gru,2328,24,303.01,277.9333190917969
TS0330D,TS0330E,attention_gru,2328,25,293.01,272.9789733886719
TS0330D,TS0330E,attention_gru,2328,26,283.01,268.3348388671875
TS0330D,TS0330E,attention_gru,2328,27,273.01,263.9140319824219
TS0330D,TS0330E,attention_gru,2328,28,263.01,259.6531677246094
TS0330D,TS0330E,attention_gru,2328,29,253.01,255.7271728515625
TS0330D,TS0330E,attention_gru,2328,30,243.01,252.2195281982422
TS0330D,TS0330E,attention_gru,2328,31,233.01,248.80274963378903
TS0330D,TS0330E,tcn_transformer,2326,0,543.01,533.644287109375
TS0330D,TS0330E,tcn_transformer,2326,1,533.01,524.2210693359375
TS0330D,TS0330E,tcn_transformer,2326,2,523.01,513.9287109375
TS0330D,TS0330E,tcn_transformer,2326,3,513.01,503.1471252441406
TS0330D,TS0330E,tcn_transformer,2326,4,503.01,492.1146240234375
TS0330D,TS0330E,tcn_transformer,2326,5,493.01,480.8783264160156
TS0330D,TS0330E,tcn_transformer,2326,6,483.01,469.6933898925781
TS0330D,TS0330E,tcn_transformer,2326,7,473.01,459.0437622070313
TS0330D,TS0330E,tcn_transformer,2326,8,463.01,449.3307800292969
TS0330D,TS0330E,tcn_transformer,2326,9,453.01,441.0856018066406
TS0330D,TS0330E,tcn_transformer,2326,10,443.01,434.7381286621094
TS0330D,TS0330E,tcn_transformer,2326,11,433.01,430.2637023925781
TS0330D,TS0330E,tcn_transformer,2326,12,423.01,427.0188293457031
TS0330D,TS0330E,tcn_transformer,2326,13,413.01,423.7212219238281
TS0330D,TS0330E,tcn_transformer,2326,14,403.01,418.8654174804688
TS0330D,TS0330E,tcn_transformer,2326,15,393.01,411.0745544433594
TS0330D,TS0330E,tcn_transformer,2326,16,383.01,399.4839477539063
TS0330D,TS0330E,tcn_transformer,2326,17,373.01,384.7778015136719
TS0330D,TS0330E,tcn_transformer,2326,18,363.01,367.5841979980469
TS0330D,TS0330E,tcn_transformer,2326,19,353.01,350.0523681640625
TS0330D,TS0330E,tcn_transformer,2326,20,343.01,332.9940795898437
TS0330D,TS0330E,tcn_transformer,2326,21,333.01,316.9848937988281
TS0330D,TS0330E,tcn_transformer,2326,22,323.01,302.7651672363281
TS0330D,TS0330E,tcn_transformer,2326,23,313.01,289.7421569824219
TS0330D,TS0330E,tcn_transformer,2326,24,303.01,277.90008544921875
TS0330D,TS0330E,tcn_transformer,2326,25,293.01,267.2506103515625
TS0330D,TS0330E,tcn_transformer,2326,26,283.01,257.6461181640625
TS0330D,TS0330E,tcn_transformer,2326,27,273.01,248.93251037597656
TS0330D,TS0330E,tcn_transformer,2326,28,263.01,240.7726593017578
TS0330D,TS0330E,tcn_transformer,2326,29,253.01,233.70181274414065
TS0330D,TS0330E,tcn_transformer,2326,30,243.01,227.5693206787109
TS0330D,TS0330E,tcn_transformer,2326,31,233.01,221.59063720703125
TS0330D,TS0330E,tcn_transformer,2327,0,543.01,550.9932250976562
TS0330D,TS0330E,tcn_transformer,2327,1,533.01,550.203125
TS0330D,TS0330E,tcn_transformer,2327,2,523.01,547.8377075195312
TS0330D,TS0330E,tcn_transformer,2327,3,513.01,543.3712158203125
TS0330D,TS0330E,tcn_transformer,2327,4,503.01,536.0873413085938
TS0330D,TS0330E,tcn_transformer,2327,5,493.01,525.8750610351562
TS0330D,TS0330E,tcn_transformer,2327,6,483.01,513.2587280273438
TS0330D,TS0330E,tcn_transformer,2327,7,473.01,498.775390625
TS0330D,TS0330E,tcn_transformer,2327,8,463.01,483.4480285644531
TS0330D,TS0330E,tcn_transformer,2327,9,453.01,468.2476196289063
TS0330D,TS0330E,tcn_transformer,2327,10,443.01,453.7022705078125
TS0330D,TS0330E,tcn_transformer,2327,11,433.01,440.2577819824219
TS0330D,TS0330E,tcn_transformer,2327,12,423.01,427.9509887695313
TS0330D,TS0330E,tcn_transformer,2327,13,413.01,416.1195373535156
TS0330D,TS0330E,tcn_transformer,2327,14,403.01,404.4068908691406
TS0330D,TS0330E,tcn_transformer,2327,15,393.01,392.3723754882813
TS0330D,TS0330E,tcn_transformer,2327,16,383.01,379.4371032714844
TS0330D,TS0330E,tcn_transformer,2327,17,373.01,365.7571716308594
TS0330D,TS0330E,tcn_transformer,2327,18,363.01,351.53973388671875
TS0330D,TS0330E,tcn_transformer,2327,19,353.01,337.3217468261719
TS0330D,TS0330E,tcn_transformer,2327,20,343.01,323.9407958984375
TS0330D,TS0330E,tcn_transformer,2327,21,333.01,311.4983215332031
TS0330D,TS0330E,tcn_transformer,2327,22,323.01,300.0711364746094
TS0330D,TS0330E,tcn_transformer,2327,23,313.01,289.3460998535156
TS0330D,TS0330E,tcn_transformer,2327,24,303.01,279.18170166015625
TS0330D,TS0330E,tcn_transformer,2327,25,293.01,270.1236877441406
TS0330D,TS0330E,tcn_transformer,2327,26,283.01,262.0331420898437
TS0330D,TS0330E,tcn_transformer,2327,27,273.01,254.8636016845703
TS0330D,TS0330E,tcn_transformer,2327,28,263.01,248.64002990722656
TS0330D,TS0330E,tcn_transformer,2327,29,253.01,243.0461883544922
TS0330D,TS0330E,tcn_transformer,2327,30,243.01,238.5133209228516
TS0330D,TS0330E,tcn_transformer,2327,31,233.01,234.28118896484372
TS0330D,TS0330E,tcn_transformer,2328,0,543.01,555.8074340820312
TS0330D,TS0330E,tcn_transformer,2328,1,533.01,550.572265625
TS0330D,TS0330E,tcn_transformer,2328,2,523.01,544.5125122070312
TS0330D,TS0330E,tcn_transformer,2328,3,513.01,537.7343139648438
TS0330D,TS0330E,tcn_transformer,2328,4,503.01,530.4423217773438
TS0330D,TS0330E,tcn_transformer,2328,5,493.01,522.6260375976562
TS0330D,TS0330E,tcn_transformer,2328,6,483.01,514.4556884765625
TS0330D,TS0330E,tcn_transformer,2328,7,473.01,505.64837646484375
TS0330D,TS0330E,tcn_transformer,2328,8,463.01,495.93267822265625
TS0330D,TS0330E,tcn_transformer,2328,9,453.01,485.0681762695313
TS0330D,TS0330E,tcn_transformer,2328,10,443.01,473.0912170410156
TS0330D,TS0330E,tcn_transformer,2328,11,433.01,460.5662536621094
TS0330D,TS0330E,tcn_transformer,2328,12,423.01,447.9509582519531
TS0330D,TS0330E,tcn_transformer,2328,13,413.01,434.6864929199219
TS0330D,TS0330E,tcn_transformer,2328,14,403.01,420.8025207519531
TS0330D,TS0330E,tcn_transformer,2328,15,393.01,406.9566650390625
TS0330D,TS0330E,tcn_transformer,2328,16,383.01,393.526123046875
TS0330D,TS0330E,tcn_transformer,2328,17,373.01,380.09088134765625
TS0330D,TS0330E,tcn_transformer,2328,18,363.01,366.4097290039063
TS0330D,TS0330E,tcn_transformer,2328,19,353.01,352.5570983886719
TS0330D,TS0330E,tcn_transformer,2328,20,343.01,338.6805725097656
TS0330D,TS0330E,tcn_transformer,2328,21,333.01,325.38543701171875
TS0330D,TS0330E,tcn_transformer,2328,22,323.01,312.9883728027344
TS0330D,TS0330E,tcn_transformer,2328,23,313.01,300.6702880859375
TS0330D,TS0330E,tcn_transformer,2328,24,303.01,289.2458801269531
TS0330D,TS0330E,tcn_transformer,2328,25,293.01,279.8028259277344
TS0330D,TS0330E,tcn_transformer,2328,26,283.01,271.4142761230469
TS0330D,TS0330E,tcn_transformer,2328,27,273.01,264.0911560058594
TS0330D,TS0330E,tcn_transformer,2328,28,263.01,258.0902709960937
TS0330D,TS0330E,tcn_transformer,2328,29,253.01,251.9229431152344
TS0330D,TS0330E,tcn_transformer,2328,30,243.01,247.48843383789065
TS0330D,TS0330E,tcn_transformer,2328,31,233.01,242.65597534179688
TS0330D,TS0330E,lath_net,2326,0,543.01,569.6055908203125
TS0330D,TS0330E,lath_net,2326,1,533.01,565.1296997070312
TS0330D,TS0330E,lath_net,2326,2,523.01,558.0878295898438
TS0330D,TS0330E,lath_net,2326,3,513.01,548.67333984375
TS0330D,TS0330E,lath_net,2326,4,503.01,538.3184814453125
TS0330D,TS0330E,lath_net,2326,5,493.01,527.1919555664062
TS0330D,TS0330E,lath_net,2326,6,483.01,514.6703491210938
TS0330D,TS0330E,lath_net,2326,7,473.01,501.7334899902344
TS0330D,TS0330E,lath_net,2326,8,463.01,488.7628479003906
TS0330D,TS0330E,lath_net,2326,9,453.01,476.0048522949219
TS0330D,TS0330E,lath_net,2326,10,443.01,463.9564514160156
TS0330D,TS0330E,lath_net,2326,11,433.01,451.9927978515625
TS0330D,TS0330E,lath_net,2326,12,423.01,440.4570007324219
TS0330D,TS0330E,lath_net,2326,13,413.01,429.2844848632813
TS0330D,TS0330E,lath_net,2326,14,403.01,417.8836669921875
TS0330D,TS0330E,lath_net,2326,15,393.01,406.1077575683594
TS0330D,TS0330E,lath_net,2326,16,383.01,394.0701904296875
TS0330D,TS0330E,lath_net,2326,17,373.01,381.682373046875
TS0330D,TS0330E,lath_net,2326,18,363.01,369.0965881347656
TS0330D,TS0330E,lath_net,2326,19,353.01,356.04278564453125
TS0330D,TS0330E,lath_net,2326,20,343.01,342.94781494140625
TS0330D,TS0330E,lath_net,2326,21,333.01,330.2856140136719
TS0330D,TS0330E,lath_net,2326,22,323.01,318.49005126953125
TS0330D,TS0330E,lath_net,2326,23,313.01,305.1999816894531
TS0330D,TS0330E,lath_net,2326,24,303.01,290.26739501953125
TS0330D,TS0330E,lath_net,2326,25,293.01,276.4857482910156
TS0330D,TS0330E,lath_net,2326,26,283.01,263.91571044921875
TS0330D,TS0330E,lath_net,2326,27,273.01,251.28094482421875
TS0330D,TS0330E,lath_net,2326,28,263.01,242.1114196777344
TS0330D,TS0330E,lath_net,2326,29,253.01,229.4604949951172
TS0330D,TS0330E,lath_net,2326,30,243.01,221.9727325439453
TS0330D,TS0330E,lath_net,2326,31,233.01,213.54200744628903
TS0330D,TS0330E,lath_net,2327,0,543.01,563.7853393554688
TS0330D,TS0330E,lath_net,2327,1,533.01,560.4041137695312
TS0330D,TS0330E,lath_net,2327,2,523.01,554.5333862304688
TS0330D,TS0330E,lath_net,2327,3,513.01,546.190673828125
TS0330D,TS0330E,lath_net,2327,4,503.01,536.7211303710938
TS0330D,TS0330E,lath_net,2327,5,493.01,526.12060546875
TS0330D,TS0330E,lath_net,2327,6,483.01,514.0020751953125
TS0330D,TS0330E,lath_net,2327,7,473.01,501.4139709472656
TS0330D,TS0330E,lath_net,2327,8,463.01,488.3360290527344
TS0330D,TS0330E,lath_net,2327,9,453.01,474.380859375
TS0330D,TS0330E,lath_net,2327,10,443.01,460.1379699707031
TS0330D,TS0330E,lath_net,2327,11,433.01,445.6469421386719
TS0330D,TS0330E,lath_net,2327,12,423.01,431.30413818359375
TS0330D,TS0330E,lath_net,2327,13,413.01,418.0689697265625
TS0330D,TS0330E,lath_net,2327,14,403.01,403.2203063964844
TS0330D,TS0330E,lath_net,2327,15,393.01,387.4924926757813
TS0330D,TS0330E,lath_net,2327,16,383.01,372.488525390625
TS0330D,TS0330E,lath_net,2327,17,373.01,357.5834655761719
TS0330D,TS0330E,lath_net,2327,18,363.01,341.46173095703125
TS0330D,TS0330E,lath_net,2327,19,353.01,325.6558532714844
TS0330D,TS0330E,lath_net,2327,20,343.01,309.8325500488281
TS0330D,TS0330E,lath_net,2327,21,333.01,295.2790222167969
TS0330D,TS0330E,lath_net,2327,22,323.01,281.353515625
TS0330D,TS0330E,lath_net,2327,23,313.01,265.2976379394531
TS0330D,TS0330E,lath_net,2327,24,303.01,249.4965057373047
TS0330D,TS0330E,lath_net,2327,25,293.01,237.06382751464844
TS0330D,TS0330E,lath_net,2327,26,283.01,223.90805053710935
TS0330D,TS0330E,lath_net,2327,27,273.01,212.72120666503903
TS0330D,TS0330E,lath_net,2327,28,263.01,202.3275451660156
TS0330D,TS0330E,lath_net,2327,29,253.01,193.6350555419922
TS0330D,TS0330E,lath_net,2327,30,243.01,186.23947143554688
TS0330D,TS0330E,lath_net,2327,31,233.01,178.87416076660156
TS0330D,TS0330E,lath_net,2328,0,543.01,560.2448120117188
TS0330D,TS0330E,lath_net,2328,1,533.01,553.5938720703125
TS0330D,TS0330E,lath_net,2328,2,523.01,545.2734375
TS0330D,TS0330E,lath_net,2328,3,513.01,535.67626953125
TS0330D,TS0330E,lath_net,2328,4,503.01,525.2299194335938
TS0330D,TS0330E,lath_net,2328,5,493.01,514.3287963867188
TS0330D,TS0330E,lath_net,2328,6,483.01,502.6880187988281
TS0330D,TS0330E,lath_net,2328,7,473.01,490.4078063964844
TS0330D,TS0330E,lath_net,2328,8,463.01,477.8035888671875
TS0330D,TS0330E,lath_net,2328,9,453.01,465.0679321289063
TS0330D,TS0330E,lath_net,2328,10,443.01,451.9805908203125
TS0330D,TS0330E,lath_net,2328,11,433.01,439.3723754882813
TS0330D,TS0330E,lath_net,2328,12,423.01,427.0588989257813
TS0330D,TS0330E,lath_net,2328,13,413.01,415.619384765625
TS0330D,TS0330E,lath_net,2328,14,403.01,403.9793701171875
TS0330D,TS0330E,lath_net,2328,15,393.01,392.3998718261719
TS0330D,TS0330E,lath_net,2328,16,383.01,381.0213928222656
TS0330D,TS0330E,lath_net,2328,17,373.01,369.4923400878906
TS0330D,TS0330E,lath_net,2328,18,363.01,357.6172180175781
TS0330D,TS0330E,lath_net,2328,19,353.01,345.8369445800781
TS0330D,TS0330E,lath_net,2328,20,343.01,333.5673828125
TS0330D,TS0330E,lath_net,2328,21,333.01,321.6772766113281
TS0330D,TS0330E,lath_net,2328,22,323.01,312.35418701171875
TS0330D,TS0330E,lath_net,2328,23,313.01,299.5873413085937
TS0330D,TS0330E,lath_net,2328,24,303.01,284.88494873046875
TS0330D,TS0330E,lath_net,2328,25,293.01,273.62017822265625
TS0330D,TS0330E,lath_net,2328,26,283.01,261.09527587890625
TS0330D,TS0330E,lath_net,2328,27,273.01,251.9130096435547
TS0330D,TS0330E,lath_net,2328,28,263.01,243.46075439453125
TS0330D,TS0330E,lath_net,2328,29,253.01,233.4394989013672
TS0330D,TS0330E,lath_net,2328,30,243.01,228.77169799804688
TS0330D,TS0330E,lath_net,2328,31,233.01,220.86827087402344
TS0330E,TS0330F,cnn,2426,0,526.8,536.2870483398438
TS0330E,TS0330F,cnn,2426,1,516.8,529.4305419921875
TS0330E,TS0330F,cnn,2426,2,506.8,521.8532104492188
TS0330E,TS0330F,cnn,2426,3,496.8,513.5765991210938
TS0330E,TS0330F,cnn,2426,4,486.8,504.78216552734375
TS0330E,TS0330F,cnn,2426,5,476.8,495.5190124511719
TS0330E,TS0330F,cnn,2426,6,466.8,485.86334228515625
TS0330E,TS0330F,cnn,2426,7,456.8,476.0950317382813
TS0330E,TS0330F,cnn,2426,8,446.8,466.1364440917969
TS0330E,TS0330F,cnn,2426,9,436.8,456.0890502929688
TS0330E,TS0330F,cnn,2426,10,426.8,446.0902099609375
TS0330E,TS0330F,cnn,2426,11,416.8,436.3039245605469
TS0330E,TS0330F,cnn,2426,12,406.8,426.674072265625
TS0330E,TS0330F,cnn,2426,13,396.8,417.1761779785156
TS0330E,TS0330F,cnn,2426,14,386.8,408.0871276855469
TS0330E,TS0330F,cnn,2426,15,376.8,399.2739868164063
TS0330E,TS0330F,cnn,2426,16,366.8,390.75872802734375
TS0330E,TS0330F,cnn,2426,17,356.79999999999995,382.6748962402344
TS0330E,TS0330F,cnn,2426,18,346.79999999999995,374.91009521484375
TS0330E,TS0330F,cnn,2426,19,336.79999999999995,367.3305969238281
TS0330E,TS0330F,cnn,2426,20,326.79999999999995,360.13427734375
TS0330E,TS0330F,cnn,2426,21,316.79999999999995,353.3088073730469
TS0330E,TS0330F,cnn,2426,22,306.79999999999995,346.6854553222656
TS0330E,TS0330F,cnn,2426,23,296.79999999999995,340.0741271972656
TS0330E,TS0330F,cnn,2426,24,286.79999999999995,333.7846069335937
TS0330E,TS0330F,cnn,2426,25,276.79999999999995,327.8056335449219
TS0330E,TS0330F,cnn,2426,26,266.79999999999995,322.148681640625
TS0330E,TS0330F,cnn,2426,27,256.79999999999995,316.9865417480469
TS0330E,TS0330F,cnn,2426,28,246.79999999999995,312.09161376953125
TS0330E,TS0330F,cnn,2426,29,236.79999999999995,307.22235107421875
TS0330E,TS0330F,cnn,2426,30,226.79999999999995,302.3031005859375
TS0330E,TS0330F,cnn,2426,31,216.79999999999995,297.2086181640625
TS0330E,TS0330F,cnn,2426,32,206.79999999999995,292.0307922363281
TS0330E,TS0330F,cnn,2426,33,196.79999999999995,286.7503356933594
TS0330E,TS0330F,cnn,2426,34,186.79999999999995,281.37628173828125
TS0330E,TS0330F,cnn,2426,35,176.79999999999995,275.48858642578125
TS0330E,TS0330F,cnn,2426,36,166.79999999999995,269.48614501953125
TS0330E,TS0330F,cnn,2426,37,156.79999999999995,263.4567565917969
TS0330E,TS0330F,cnn,2426,38,146.79999999999995,257.0523986816406
TS0330E,TS0330F,cnn,2427,0,526.8,551.1450805664062
TS0330E,TS0330F,cnn,2427,1,516.8,543.9138793945312
TS0330E,TS0330F,cnn,2427,2,506.8,536.1681518554688
TS0330E,TS0330F,cnn,2427,3,496.8,527.9847412109375
TS0330E,TS0330F,cnn,2427,4,486.8,519.5018310546875
TS0330E,TS0330F,cnn,2427,5,476.8,510.6750793457031
TS0330E,TS0330F,cnn,2427,6,466.8,501.6038208007813
TS0330E,TS0330F,cnn,2427,7,456.8,492.4484252929688
TS0330E,TS0330F,cnn,2427,8,446.8,483.05755615234375
TS0330E,TS0330F,cnn,2427,9,436.8,473.4762878417969
TS0330E,TS0330F,cnn,2427,10,426.8,463.7810974121094
TS0330E,TS0330F,cnn,2427,11,416.8,454.0498352050781
TS0330E,TS0330F,cnn,2427,12,406.8,444.2192077636719
TS0330E,TS0330F,cnn,2427,13,396.8,434.2858276367188
TS0330E,TS0330F,cnn,2427,14,386.8,424.5651550292969
TS0330E,TS0330F,cnn,2427,15,376.8,414.9504699707031
TS0330E,TS0330F,cnn,2427,16,366.8,405.5182800292969
TS0330E,TS0330F,cnn,2427,17,356.79999999999995,396.4279174804688
TS0330E,TS0330F,cnn,2427,18,346.79999999999995,387.6257629394531
TS0330E,TS0330F,cnn,2427,19,336.79999999999995,378.9319152832031
TS0330E,TS0330F,cnn,2427,20,326.79999999999995,370.6244201660156
TS0330E,TS0330F,cnn,2427,21,316.79999999999995,362.6899108886719
TS0330E,TS0330F,cnn,2427,22,306.79999999999995,354.9450378417969
TS0330E,TS0330F,cnn,2427,23,296.79999999999995,347.16046142578125
TS0330E,TS0330F,cnn,2427,24,286.79999999999995,339.69580078125
TS0330E,TS0330F,cnn,2427,25,276.79999999999995,332.573486328125
TS0330E,TS0330F,cnn,2427,26,266.79999999999995,325.76910400390625
TS0330E,TS0330F,cnn,2427,27,256.79999999999995,319.5658874511719
TS0330E,TS0330F,cnn,2427,28,246.79999999999995,313.65399169921875
TS0330E,TS0330F,cnn,2427,29,236.79999999999995,307.8052978515625
TS0330E,TS0330F,cnn,2427,30,226.79999999999995,301.8614501953125
TS0330E,TS0330F,cnn,2427,31,216.79999999999995,295.74383544921875
TS0330E,TS0330F,cnn,2427,32,206.79999999999995,289.5313415527344
TS0330E,TS0330F,cnn,2427,33,196.79999999999995,283.203125
TS0330E,TS0330F,cnn,2427,34,186.79999999999995,276.72576904296875
TS0330E,TS0330F,cnn,2427,35,176.79999999999995,269.71661376953125
TS0330E,TS0330F,cnn,2427,36,166.79999999999995,262.5693054199219
TS0330E,TS0330F,cnn,2427,37,156.79999999999995,255.41714477539065
TS0330E,TS0330F,cnn,2427,38,146.79999999999995,247.92759704589844
TS0330E,TS0330F,cnn,2428,0,526.8,536.747314453125
TS0330E,TS0330F,cnn,2428,1,516.8,531.8599243164062
TS0330E,TS0330F,cnn,2428,2,506.8,526.2980346679688
TS0330E,TS0330F,cnn,2428,3,496.8,520.0953979492188
TS0330E,TS0330F,cnn,2428,4,486.8,513.2839965820312
TS0330E,TS0330F,cnn,2428,5,476.8,505.8497009277344
TS0330E,TS0330F,cnn,2428,6,466.8,497.90228271484375
TS0330E,TS0330F,cnn,2428,7,456.8,489.5988159179688
TS0330E,TS0330F,cnn,2428,8,446.8,480.8896789550781
TS0330E,TS0330F,cnn,2428,9,436.8,471.853515625
TS0330E,TS0330F,cnn,2428,10,426.8,462.61529541015625
TS0330E,TS0330F,cnn,2428,11,416.8,453.2770385742188
TS0330E,TS0330F,cnn,2428,12,406.8,443.7956848144531
TS0330E,TS0330F,cnn,2428,13,396.8,434.1583251953125
TS0330E,TS0330F,cnn,2428,14,386.8,424.6677856445313
TS0330E,TS0330F,cnn,2428,15,376.8,415.201416015625
TS0330E,TS0330F,cnn,2428,16,366.8,405.8046569824219
TS0330E,TS0330F,cnn,2428,17,356.79999999999995,396.6407775878906
TS0330E,TS0330F,cnn,2428,18,346.79999999999995,387.6666564941406
TS0330E,TS0330F,cnn,2428,19,336.79999999999995,378.73541259765625
TS0330E,TS0330F,cnn,2428,20,326.79999999999995,370.1226501464844
TS0330E,TS0330F,cnn,2428,21,316.79999999999995,361.8589172363281
TS0330E,TS0330F,cnn,2428,22,306.79999999999995,353.809326171875
TS0330E,TS0330F,cnn,2428,23,296.79999999999995,345.7301330566406
TS0330E,TS0330F,cnn,2428,24,286.79999999999995,338.015380859375
TS0330E,TS0330F,cnn,2428,25,276.79999999999995,330.67950439453125
TS0330E,TS0330F,cnn,2428,26,266.79999999999995,323.7351989746094
TS0330E,TS0330F,cnn,2428,27,256.79999999999995,317.4279479980469
TS0330E,TS0330F,cnn,2428,28,246.79999999999995,311.49169921875
TS0330E,TS0330F,cnn,2428,29,236.79999999999995,305.640869140625
TS0330E,TS0330F,cnn,2428,30,226.79999999999995,299.81915283203125
TS0330E,TS0330F,cnn,2428,31,216.79999999999995,293.8582763671875
TS0330E,TS0330F,cnn,2428,32,206.79999999999995,287.8619079589844
TS0330E,TS0330F,cnn,2428,33,196.79999999999995,281.81591796875
TS0330E,TS0330F,cnn,2428,34,186.79999999999995,275.7622375488281
TS0330E,TS0330F,cnn,2428,35,176.79999999999995,269.28350830078125
TS0330E,TS0330F,cnn,2428,36,166.79999999999995,262.7425231933594
TS0330E,TS0330F,cnn,2428,37,156.79999999999995,256.240966796875
TS0330E,TS0330F,cnn,2428,38,146.79999999999995,249.42269897460935
TS0330E,TS0330F,lstm,2426,0,526.8,537.0128784179688
TS0330E,TS0330F,lstm,2426,1,516.8,531.3865966796875
TS0330E,TS0330F,lstm,2426,2,506.8,525.0028076171875
TS0330E,TS0330F,lstm,2426,3,496.8,518.1952514648438
TS0330E,TS0330F,lstm,2426,4,486.8,511.0705261230469
TS0330E,TS0330F,lstm,2426,5,476.8,503.7059326171875
TS0330E,TS0330F,lstm,2426,6,466.8,496.20458984375
TS0330E,TS0330F,lstm,2426,7,456.8,489.6231689453125
TS0330E,TS0330F,lstm,2426,8,446.8,482.2359008789063
TS0330E,TS0330F,lstm,2426,9,436.8,474.5322570800781
TS0330E,TS0330F,lstm,2426,10,426.8,467.1060485839844
TS0330E,TS0330F,lstm,2426,11,416.8,459.8723754882813
TS0330E,TS0330F,lstm,2426,12,406.8,451.6878662109375
TS0330E,TS0330F,lstm,2426,13,396.8,442.9902038574219
TS0330E,TS0330F,lstm,2426,14,386.8,436.04150390625
TS0330E,TS0330F,lstm,2426,15,376.8,427.5638122558594
TS0330E,TS0330F,lstm,2426,16,366.8,418.7117004394531
TS0330E,TS0330F,lstm,2426,17,356.79999999999995,411.4407043457031
TS0330E,TS0330F,lstm,2426,18,346.79999999999995,403.5567932128906
TS0330E,TS0330F,lstm,2426,19,336.79999999999995,395.4909973144531
TS0330E,TS0330F,lstm,2426,20,326.79999999999995,389.2506713867188
TS0330E,TS0330F,lstm,2426,21,316.79999999999995,383.3333740234375
TS0330E,TS0330F,lstm,2426,22,306.79999999999995,376.1569519042969
TS0330E,TS0330F,lstm,2426,23,296.79999999999995,366.90130615234375
TS0330E,TS0330F,lstm,2426,24,286.79999999999995,360.0088806152344
TS0330E,TS0330F,lstm,2426,25,276.79999999999995,353.8548889160156
TS0330E,TS0330F,lstm,2426,26,266.79999999999995,349.9495544433594
TS0330E,TS0330F,lstm,2426,27,256.79999999999995,347.2885131835937
TS0330E,TS0330F,lstm,2426,28,246.79999999999995,341.8146667480469
TS0330E,TS0330F,lstm,2426,29,236.79999999999995,335.2185363769531
TS0330E,TS0330F,lstm,2426,30,226.79999999999995,325.445556640625
TS0330E,TS0330F,lstm,2426,31,216.79999999999995,314.7720642089844
TS0330E,TS0330F,lstm,2426,32,206.79999999999995,306.4935913085937
TS0330E,TS0330F,lstm,2426,33,196.79999999999995,298.56768798828125
TS0330E,TS0330F,lstm,2426,34,186.79999999999995,288.76727294921875
TS0330E,TS0330F,lstm,2426,35,176.79999999999995,273.268310546875
TS0330E,TS0330F,lstm,2426,36,166.79999999999995,263.33807373046875
TS0330E,TS0330F,lstm,2426,37,156.79999999999995,256.533447265625
TS0330E,TS0330F,lstm,2426,38,146.79999999999995,249.1875
TS0330E,TS0330F,lstm,2427,0,526.8,522.2879028320312
TS0330E,TS0330F,lstm,2427,1,516.8,518.3910522460938
TS0330E,TS0330F,lstm,2427,2,506.8,513.7221069335938
TS0330E,TS0330F,lstm,2427,3,496.8,508.413818359375
TS0330E,TS0330F,lstm,2427,4,486.8,502.56683349609375
TS0330E,TS0330F,lstm,2427,5,476.8,496.2553405761719
TS0330E,TS0330F,lstm,2427,6,466.8,489.5846557617188
TS0330E,TS0330F,lstm,2427,7,456.8,483.4386291503906
TS0330E,TS0330F,lstm,2427,8,446.8,476.5597229003906
TS0330E,TS0330F,lstm,2427,9,436.8,469.2775268554688
TS0330E,TS0330F,lstm,2427,10,426.8,462.1033935546875
TS0330E,TS0330F,lstm,2427,11,416.8,454.910400390625
TS0330E,TS0330F,lstm,2427,12,406.8,446.9468383789063
TS0330E,TS0330F,lstm,2427,13,396.8,438.3775024414063
TS0330E,TS0330F,lstm,2427,14,386.8,431.2787170410156
TS0330E,TS0330F,lstm,2427,15,376.8,422.9625244140625
TS0330E,TS0330F,lstm,2427,16,366.8,414.2794189453125
TS0330E,TS0330F,lstm,2427,17,356.79999999999995,406.849365234375
TS0330E,TS0330F,lstm,2427,18,346.79999999999995,399.2723083496094
TS0330E,TS0330F,lstm,2427,19,336.79999999999995,391.2662353515625
TS0330E,TS0330F,lstm,2427,20,326.79999999999995,385.0991516113281
TS0330E,TS0330F,lstm,2427,21,316.79999999999995,379.3797607421875
TS0330E,TS0330F,lstm,2427,22,306.79999999999995,372.6925354003906
TS0330E,TS0330F,lstm,2427,23,296.79999999999995,363.943603515625
TS0330E,TS0330F,lstm,2427,24,286.79999999999995,357.3396301269531
TS0330E,TS0330F,lstm,2427,25,276.79999999999995,351.5853881835937
TS0330E,TS0330F,lstm,2427,26,266.79999999999995,347.7793273925781
TS0330E,TS0330F,lstm,2427,27,256.79999999999995,345.40289306640625
TS0330E,TS0330F,lstm,2427,28,246.79999999999995,340.5236511230469
TS0330E,TS0330F,lstm,2427,29,236.79999999999995,334.5695495605469
TS0330E,TS0330F,lstm,2427,30,226.79999999999995,325.9910583496094
TS0330E,TS0330F,lstm,2427,31,216.79999999999995,316.3796081542969
TS0330E,TS0330F,lstm,2427,32,206.79999999999995,309.03741455078125
TS0330E,TS0330F,lstm,2427,33,196.79999999999995,302.1256408691406
TS0330E,TS0330F,lstm,2427,34,186.79999999999995,293.76470947265625
TS0330E,TS0330F,lstm,2427,35,176.79999999999995,280.4405822753906
TS0330E,TS0330F,lstm,2427,36,166.79999999999995,271.8534851074219
TS0330E,TS0330F,lstm,2427,37,156.79999999999995,266.1166687011719
TS0330E,TS0330F,lstm,2427,38,146.79999999999995,259.98876953125
TS0330E,TS0330F,lstm,2428,0,526.8,554.7747192382812
TS0330E,TS0330F,lstm,2428,1,516.8,547.2572631835938
TS0330E,TS0330F,lstm,2428,2,506.8,538.7476806640625
TS0330E,TS0330F,lstm,2428,3,496.8,529.5860595703125
TS0330E,TS0330F,lstm,2428,4,486.8,519.9182739257812
TS0330E,TS0330F,lstm,2428,5,476.8,509.8590087890625
TS0330E,TS0330F,lstm,2428,6,466.8,499.5579833984375
TS0330E,TS0330F,lstm,2428,7,456.8,490.38665771484375
TS0330E,TS0330F,lstm,2428,8,446.8,480.280517578125
TS0330E,TS0330F,lstm,2428,9,436.8,469.7491760253906
TS0330E,TS0330F,lstm,2428,10,426.8,459.5776672363281
TS0330E,TS0330F,lstm,2428,11,416.8,449.7933654785156
TS0330E,TS0330F,lstm,2428,12,406.8,438.95806884765625
TS0330E,TS0330F,lstm,2428,13,396.8,427.6243591308594
TS0330E,TS0330F,lstm,2428,14,386.8,418.5054321289063
TS0330E,TS0330F,lstm,2428,15,376.8,407.9698791503906
TS0330E,TS0330F,lstm,2428,16,366.8,397.1963806152344
TS0330E,TS0330F,lstm,2428,17,356.79999999999995,388.50390625
TS0330E,TS0330F,lstm,2428,18,346.79999999999995,379.3493347167969
TS0330E,TS0330F,lstm,2428,19,336.79999999999995,370.5014343261719
TS0330E,TS0330F,lstm,2428,20,326.79999999999995,363.6748962402344
TS0330E,TS0330F,lstm,2428,21,316.79999999999995,357.4403991699219
TS0330E,TS0330F,lstm,2428,22,306.79999999999995,350.10382080078125
TS0330E,TS0330F,lstm,2428,23,296.79999999999995,341.2940368652344
TS0330E,TS0330F,lstm,2428,24,286.79999999999995,334.8303527832031
TS0330E,TS0330F,lstm,2428,25,276.79999999999995,329.2225952148437
TS0330E,TS0330F,lstm,2428,26,266.79999999999995,325.9028015136719
TS0330E,TS0330F,lstm,2428,27,256.79999999999995,323.3868713378906
TS0330E,TS0330F,lstm,2428,28,246.79999999999995,318.7242736816406
TS0330E,TS0330F,lstm,2428,29,236.79999999999995,313.3182373046875
TS0330E,TS0330F,lstm,2428,30,226.79999999999995,305.3307189941406
TS0330E,TS0330F,lstm,2428,31,216.79999999999995,297.4950256347656
TS0330E,TS0330F,lstm,2428,32,206.79999999999995,291.5301208496094
TS0330E,TS0330F,lstm,2428,33,196.79999999999995,285.96014404296875
TS0330E,TS0330F,lstm,2428,34,186.79999999999995,278.9854431152344
TS0330E,TS0330F,lstm,2428,35,176.79999999999995,269.0229187011719
TS0330E,TS0330F,lstm,2428,36,166.79999999999995,263.37945556640625
TS0330E,TS0330F,lstm,2428,37,156.79999999999995,259.3799133300781
TS0330E,TS0330F,lstm,2428,38,146.79999999999995,254.822021484375
TS0330E,TS0330F,gru,2426,0,526.8,564.2112426757812
TS0330E,TS0330F,gru,2426,1,516.8,552.009765625
TS0330E,TS0330F,gru,2426,2,506.8,538.5667114257812
TS0330E,TS0330F,gru,2426,3,496.8,524.8253173828125
TS0330E,TS0330F,gru,2426,4,486.8,511.0595703125
TS0330E,TS0330F,gru,2426,5,476.8,497.4890747070313
TS0330E,TS0330F,gru,2426,6,466.8,484.3514099121094
TS0330E,TS0330F,gru,2426,7,456.8,473.4348449707031
TS0330E,TS0330F,gru,2426,8,446.8,461.55657958984375
TS0330E,TS0330F,gru,2426,9,436.8,449.8140258789063
TS0330E,TS0330F,gru,2426,10,426.8,439.126708984375
TS0330E,TS0330F,gru,2426,11,416.8,429.2526245117188
TS0330E,TS0330F,gru,2426,12,406.8,418.4613342285156
TS0330E,TS0330F,gru,2426,13,396.8,407.6436767578125
TS0330E,TS0330F,gru,2426,14,386.8,399.688720703125
TS0330E,TS0330F,gru,2426,15,376.8,390.0623779296875
TS0330E,TS0330F,gru,2426,16,366.8,380.5899658203125
TS0330E,TS0330F,gru,2426,17,356.79999999999995,373.5490112304688
TS0330E,TS0330F,gru,2426,18,346.79999999999995,365.7407531738281
TS0330E,TS0330F,gru,2426,19,336.79999999999995,358.47027587890625
TS0330E,TS0330F,gru,2426,20,326.79999999999995,353.1338806152344
TS0330E,TS0330F,gru,2426,21,316.79999999999995,348.1097717285156
TS0330E,TS0330F,gru,2426,22,306.79999999999995,341.88543701171875
TS0330E,TS0330F,gru,2426,23,296.79999999999995,334.45574951171875
TS0330E,TS0330F,gru,2426,24,286.79999999999995,329.4595031738281
TS0330E,TS0330F,gru,2426,25,276.79999999999995,324.9736328125
TS0330E,TS0330F,gru,2426,26,266.79999999999995,322.5976867675781
TS0330E,TS0330F,gru,2426,27,256.79999999999995,320.5963134765625
TS0330E,TS0330F,gru,2426,28,246.79999999999995,316.40478515625
TS0330E,TS0330F,gru,2426,29,236.79999999999995,311.7387084960937
TS0330E,TS0330F,gru,2426,30,226.79999999999995,304.5705261230469
TS0330E,TS0330F,gru,2426,31,216.79999999999995,297.8764343261719
TS0330E,TS0330F,gru,2426,32,206.79999999999995,292.91607666015625
TS0330E,TS0330F,gru,2426,33,196.79999999999995,288.05242919921875
TS0330E,TS0330F,gru,2426,34,186.79999999999995,281.6199951171875
TS0330E,TS0330F,gru,2426,35,176.79999999999995,272.104248046875
TS0330E,TS0330F,gru,2426,36,166.79999999999995,267.2305603027344
TS0330E,TS0330F,gru,2426,37,156.79999999999995,263.6016845703125
TS0330E,TS0330F,gru,2426,38,146.79999999999995,259.1247863769531
TS0330E,TS0330F,gru,2427,0,526.8,537.8504028320312
TS0330E,TS0330F,gru,2427,1,516.8,532.499267578125
TS0330E,TS0330F,gru,2427,2,506.8,526.5410766601562
TS0330E,TS0330F,gru,2427,3,496.8,520.029052734375
TS0330E,TS0330F,gru,2427,4,486.8,513.0848999023438
TS0330E,TS0330F,gru,2427,5,476.8,505.7901916503906
TS0330E,TS0330F,gru,2427,6,466.8,498.2433776855469
TS0330E,TS0330F,gru,2427,7,456.8,491.0648193359375
TS0330E,TS0330F,gru,2427,8,446.8,483.5364379882813
TS0330E,TS0330F,gru,2427,9,436.8,475.8441162109375
TS0330E,TS0330F,gru,2427,10,426.8,468.239990234375
TS0330E,TS0330F,gru,2427,11,416.8,460.527099609375
TS0330E,TS0330F,gru,2427,12,406.8,452.5191650390625
TS0330E,TS0330F,gru,2427,13,396.8,444.06829833984375
TS0330E,TS0330F,gru,2427,14,386.8,436.36572265625
TS0330E,TS0330F,gru,2427,15,376.8,428.21728515625
TS0330E,TS0330F,gru,2427,16,366.8,419.8291320800781
TS0330E,TS0330F,gru,2427,17,356.79999999999995,411.92388916015625
TS0330E,TS0330F,gru,2427,18,346.79999999999995,404.3634948730469
TS0330E,TS0330F,gru,2427,19,336.79999999999995,396.4391784667969
TS0330E,TS0330F,gru,2427,20,326.79999999999995,389.57464599609375
TS0330E,TS0330F,gru,2427,21,316.79999999999995,383.3549499511719
TS0330E,TS0330F,gru,2427,22,306.79999999999995,376.9732055664063
TS0330E,TS0330F,gru,2427,23,296.79999999999995,369.2142639160156
TS0330E,TS0330F,gru,2427,24,286.79999999999995,362.1456604003906
TS0330E,TS0330F,gru,2427,25,276.79999999999995,355.7903747558594
TS0330E,TS0330F,gru,2427,26,266.79999999999995,350.6985168457031
TS0330E,TS0330F,gru,2427,27,256.79999999999995,347.18023681640625
TS0330E,TS0330F,gru,2427,28,246.79999999999995,342.8546447753906
TS0330E,TS0330F,gru,2427,29,236.79999999999995,337.6005249023437
TS0330E,TS0330F,gru,2427,30,226.79999999999995,330.6268005371094
TS0330E,TS0330F,gru,2427,31,216.79999999999995,322.002197265625
TS0330E,TS0330F,gru,2427,32,206.79999999999995,313.9634094238281
TS0330E,TS0330F,gru,2427,33,196.79999999999995,306.3470153808594
TS0330E,TS0330F,gru,2427,34,186.79999999999995,298.1959228515625
TS0330E,TS0330F,gru,2427,35,176.79999999999995,286.7591857910156
TS0330E,TS0330F,gru,2427,36,166.79999999999995,276.25262451171875
TS0330E,TS0330F,gru,2427,37,156.79999999999995,267.86102294921875
TS0330E,TS0330F,gru,2427,38,146.79999999999995,260.32061767578125
TS0330E,TS0330F,gru,2428,0,526.8,557.361083984375
TS0330E,TS0330F,gru,2428,1,516.8,545.8569946289062
TS0330E,TS0330F,gru,2428,2,506.8,533.098388671875
TS0330E,TS0330F,gru,2428,3,496.8,520.0039672851562
TS0330E,TS0330F,gru,2428,4,486.8,506.8552856445313
TS0330E,TS0330F,gru,2428,5,476.8,493.8750305175781
TS0330E,TS0330F,gru,2428,6,466.8,481.3015441894531
TS0330E,TS0330F,gru,2428,7,456.8,470.84674072265625
TS0330E,TS0330F,gru,2428,8,446.8,459.3967895507813
TS0330E,TS0330F,gru,2428,9,436.8,448.1405944824219
TS0330E,TS0330F,gru,2428,10,426.8,437.9544982910156
TS0330E,TS0330F,gru,2428,11,416.8,428.4114685058594
TS0330E,TS0330F,gru,2428,12,406.8,418.0326843261719
TS0330E,TS0330F,gru,2428,13,396.8,407.6481628417969
TS0330E,TS0330F,gru,2428,14,386.8,400.08099365234375
TS0330E,TS0330F,gru,2428,15,376.8,390.7897644042969
TS0330E,TS0330F,gru,2428,16,366.8,381.7403259277344
TS0330E,TS0330F,gru,2428,17,356.79999999999995,375.00482177734375
TS0330E,TS0330F,gru,2428,18,346.79999999999995,367.5757446289063
TS0330E,TS0330F,gru,2428,19,336.79999999999995,360.5783996582031
TS0330E,TS0330F,gru,2428,20,326.79999999999995,355.515625
TS0330E,TS0330F,gru,2428,21,316.79999999999995,350.7247619628906
TS0330E,TS0330F,gru,2428,22,306.79999999999995,344.81103515625
TS0330E,TS0330F,gru,2428,23,296.79999999999995,337.6636047363281
TS0330E,TS0330F,gru,2428,24,286.79999999999995,332.9527893066406
TS0330E,TS0330F,gru,2428,25,276.79999999999995,328.6942443847656
TS0330E,TS0330F,gru,2428,26,266.79999999999995,326.43609619140625
TS0330E,TS0330F,gru,2428,27,256.79999999999995,324.58203125
TS0330E,TS0330F,gru,2428,28,246.79999999999995,320.5635070800781
TS0330E,TS0330F,gru,2428,29,236.79999999999995,316.1275634765625
TS0330E,TS0330F,gru,2428,30,226.79999999999995,309.3240051269531
TS0330E,TS0330F,gru,2428,31,216.79999999999995,302.9580383300781
TS0330E,TS0330F,gru,2428,32,206.79999999999995,298.30352783203125
TS0330E,TS0330F,gru,2428,33,196.79999999999995,293.7142028808594
TS0330E,TS0330F,gru,2428,34,186.79999999999995,287.6728820800781
TS0330E,TS0330F,gru,2428,35,176.79999999999995,278.58856201171875
TS0330E,TS0330F,gru,2428,36,166.79999999999995,274.0817565917969
TS0330E,TS0330F,gru,2428,37,156.79999999999995,270.6983337402344
TS0330E,TS0330F,gru,2428,38,146.79999999999995,266.5180969238281
TS0330E,TS0330F,tcn,2426,0,526.8,532.468994140625
TS0330E,TS0330F,tcn,2426,1,516.8,518.0897216796875
TS0330E,TS0330F,tcn,2426,2,506.8,510.3316345214844
TS0330E,TS0330F,tcn,2426,3,496.8,495.95806884765625
TS0330E,TS0330F,tcn,2426,4,486.8,478.4945373535156
TS0330E,TS0330F,tcn,2426,5,476.8,458.2799072265625
TS0330E,TS0330F,tcn,2426,6,466.8,435.143310546875
TS0330E,TS0330F,tcn,2426,7,456.8,425.77740478515625
TS0330E,TS0330F,tcn,2426,8,446.8,412.3736267089844
TS0330E,TS0330F,tcn,2426,9,436.8,399.3658752441406
TS0330E,TS0330F,tcn,2426,10,426.8,386.4106140136719
TS0330E,TS0330F,tcn,2426,11,416.8,377.961181640625
TS0330E,TS0330F,tcn,2426,12,406.8,373.3312072753906
TS0330E,TS0330F,tcn,2426,13,396.8,361.1636352539063
TS0330E,TS0330F,tcn,2426,14,386.8,338.2645874023437
TS0330E,TS0330F,tcn,2426,15,376.8,317.6846008300781
TS0330E,TS0330F,tcn,2426,16,366.8,308.8299255371094
TS0330E,TS0330F,tcn,2426,17,356.79999999999995,305.8187255859375
TS0330E,TS0330F,tcn,2426,18,346.79999999999995,300.9920959472656
TS0330E,TS0330F,tcn,2426,19,336.79999999999995,298.33428955078125
TS0330E,TS0330F,tcn,2426,20,326.79999999999995,287.3888244628906
TS0330E,TS0330F,tcn,2426,21,316.79999999999995,279.0152282714844
TS0330E,TS0330F,tcn,2426,22,306.79999999999995,271.0225830078125
TS0330E,TS0330F,tcn,2426,23,296.79999999999995,263.1653747558594
TS0330E,TS0330F,tcn,2426,24,286.79999999999995,254.6760711669922
TS0330E,TS0330F,tcn,2426,25,276.79999999999995,247.32135009765625
TS0330E,TS0330F,tcn,2426,26,266.79999999999995,235.1815948486328
TS0330E,TS0330F,tcn,2426,27,256.79999999999995,225.07632446289065
TS0330E,TS0330F,tcn,2426,28,246.79999999999995,213.54388427734372
TS0330E,TS0330F,tcn,2426,29,236.79999999999995,205.95578002929688
TS0330E,TS0330F,tcn,2426,30,226.79999999999995,196.91448974609372
TS0330E,TS0330F,tcn,2426,31,216.79999999999995,190.54165649414065
TS0330E,TS0330F,tcn,2426,32,206.79999999999995,182.22491455078125
TS0330E,TS0330F,tcn,2426,33,196.79999999999995,178.7998809814453
TS0330E,TS0330F,tcn,2426,34,186.79999999999995,171.8240203857422
TS0330E,TS0330F,tcn,2426,35,176.79999999999995,170.2324676513672
TS0330E,TS0330F,tcn,2426,36,166.79999999999995,168.2771759033203
TS0330E,TS0330F,tcn,2426,37,156.79999999999995,162.6744384765625
TS0330E,TS0330F,tcn,2426,38,146.79999999999995,161.04019165039062
TS0330E,TS0330F,tcn,2427,0,526.8,500.1641845703125
TS0330E,TS0330F,tcn,2427,1,516.8,493.2172546386719
TS0330E,TS0330F,tcn,2427,2,506.8,485.2586364746094
TS0330E,TS0330F,tcn,2427,3,496.8,477.79583740234375
TS0330E,TS0330F,tcn,2427,4,486.8,469.2483825683594
TS0330E,TS0330F,tcn,2427,5,476.8,460.7320556640625
TS0330E,TS0330F,tcn,2427,6,466.8,453.632080078125
TS0330E,TS0330F,tcn,2427,7,456.8,444.6017456054688
TS0330E,TS0330F,tcn,2427,8,446.8,432.1623229980469
TS0330E,TS0330F,tcn,2427,9,436.8,419.1801452636719
TS0330E,TS0330F,tcn,2427,10,426.8,411.3658142089844
TS0330E,TS0330F,tcn,2427,11,416.8,407.7765502929688
TS0330E,TS0330F,tcn,2427,12,406.8,405.0319519042969
TS0330E,TS0330F,tcn,2427,13,396.8,394.1524658203125
TS0330E,TS0330F,tcn,2427,14,386.8,379.4908752441406
TS0330E,TS0330F,tcn,2427,15,376.8,360.4963989257813
TS0330E,TS0330F,tcn,2427,16,366.8,348.8518371582031
TS0330E,TS0330F,tcn,2427,17,356.79999999999995,339.2629699707031
TS0330E,TS0330F,tcn,2427,18,346.79999999999995,326.82489013671875
TS0330E,TS0330F,tcn,2427,19,336.79999999999995,319.041748046875
TS0330E,TS0330F,tcn,2427,20,326.79999999999995,308.5945129394531
TS0330E,TS0330F,tcn,2427,21,316.79999999999995,303.5032043457031
TS0330E,TS0330F,tcn,2427,22,306.79999999999995,295.3455505371094
TS0330E,TS0330F,tcn,2427,23,296.79999999999995,278.03271484375
TS0330E,TS0330F,tcn,2427,24,286.79999999999995,263.42889404296875
TS0330E,TS0330F,tcn,2427,25,276.79999999999995,254.79286193847656
TS0330E,TS0330F,tcn,2427,26,266.79999999999995,247.0684356689453
TS0330E,TS0330F,tcn,2427,27,256.79999999999995,244.9415435791016
TS0330E,TS0330F,tcn,2427,28,246.79999999999995,243.93707275390625
TS0330E,TS0330F,tcn,2427,29,236.79999999999995,241.72889709472656
TS0330E,TS0330F,tcn,2427,30,226.79999999999995,235.4985198974609
TS0330E,TS0330F,tcn,2427,31,216.79999999999995,232.08782958984372
TS0330E,TS0330F,tcn,2427,32,206.79999999999995,227.7760162353516
TS0330E,TS0330F,tcn,2427,33,196.79999999999995,225.2855224609375
TS0330E,TS0330F,tcn,2427,34,186.79999999999995,218.85964965820312
TS0330E,TS0330F,tcn,2427,35,176.79999999999995,218.29086303710935
TS0330E,TS0330F,tcn,2427,36,166.79999999999995,214.5840759277344
TS0330E,TS0330F,tcn,2427,37,156.79999999999995,212.00845336914065
TS0330E,TS0330F,tcn,2427,38,146.79999999999995,212.2696228027344
TS0330E,TS0330F,tcn,2428,0,526.8,436.7931213378906
TS0330E,TS0330F,tcn,2428,1,516.8,430.67620849609375
TS0330E,TS0330F,tcn,2428,2,506.8,423.1798706054688
TS0330E,TS0330F,tcn,2428,3,496.8,415.4638977050781
TS0330E,TS0330F,tcn,2428,4,486.8,406.37994384765625
TS0330E,TS0330F,tcn,2428,5,476.8,399.5066223144531
TS0330E,TS0330F,tcn,2428,6,466.8,392.0466918945313
TS0330E,TS0330F,tcn,2428,7,456.8,390.7078247070313
TS0330E,TS0330F,tcn,2428,8,446.8,385.7925720214844
TS0330E,TS0330F,tcn,2428,9,436.8,377.4500732421875
TS0330E,TS0330F,tcn,2428,10,426.8,368.9970703125
TS0330E,TS0330F,tcn,2428,11,416.8,362.8755798339844
TS0330E,TS0330F,tcn,2428,12,406.8,356.8038330078125
TS0330E,TS0330F,tcn,2428,13,396.8,350.9183349609375
TS0330E,TS0330F,tcn,2428,14,386.8,345.0814514160156
TS0330E,TS0330F,tcn,2428,15,376.8,345.1350402832031
TS0330E,TS0330F,tcn,2428,16,366.8,344.2615966796875
TS0330E,TS0330F,tcn,2428,17,356.79999999999995,342.5680847167969
TS0330E,TS0330F,tcn,2428,18,346.79999999999995,336.66766357421875
TS0330E,TS0330F,tcn,2428,19,336.79999999999995,334.8227233886719
TS0330E,TS0330F,tcn,2428,20,326.79999999999995,331.8047790527344
TS0330E,TS0330F,tcn,2428,21,316.79999999999995,328.69384765625
TS0330E,TS0330F,tcn,2428,22,306.79999999999995,323.58233642578125
TS0330E,TS0330F,tcn,2428,23,296.79999999999995,319.4446105957031
TS0330E,TS0330F,tcn,2428,24,286.79999999999995,313.35748291015625
TS0330E,TS0330F,tcn,2428,25,276.79999999999995,306.1268920898437
TS0330E,TS0330F,tcn,2428,26,266.79999999999995,298.5617370605469
TS0330E,TS0330F,tcn,2428,27,256.79999999999995,290.1993408203125
TS0330E,TS0330F,tcn,2428,28,246.79999999999995,282.61785888671875
TS0330E,TS0330F,tcn,2428,29,236.79999999999995,276.6794128417969
TS0330E,TS0330F,tcn,2428,30,226.79999999999995,271.0345764160156
TS0330E,TS0330F,tcn,2428,31,216.79999999999995,268.3200378417969
TS0330E,TS0330F,tcn,2428,32,206.79999999999995,263.56219482421875
TS0330E,TS0330F,tcn,2428,33,196.79999999999995,258.0430908203125
TS0330E,TS0330F,tcn,2428,34,186.79999999999995,251.3375701904297
TS0330E,TS0330F,tcn,2428,35,176.79999999999995,247.6452178955078
TS0330E,TS0330F,tcn,2428,36,166.79999999999995,246.0160675048828
TS0330E,TS0330F,tcn,2428,37,156.79999999999995,241.5378875732422
TS0330E,TS0330F,tcn,2428,38,146.79999999999995,237.0191650390625
TS0330E,TS0330F,transformer,2426,0,526.8,525.0165405273438
TS0330E,TS0330F,transformer,2426,1,516.8,518.1981201171875
TS0330E,TS0330F,transformer,2426,2,506.8,510.6421813964844
TS0330E,TS0330F,transformer,2426,3,496.8,502.41058349609375
TS0330E,TS0330F,transformer,2426,4,486.8,493.6561584472656
TS0330E,TS0330F,transformer,2426,5,476.8,484.4712829589844
TS0330E,TS0330F,transformer,2426,6,466.8,474.9963989257813
TS0330E,TS0330F,transformer,2426,7,456.8,465.5325622558594
TS0330E,TS0330F,transformer,2426,8,446.8,455.9830017089844
TS0330E,TS0330F,transformer,2426,9,436.8,446.4291076660156
TS0330E,TS0330F,transformer,2426,10,426.8,436.9690551757813
TS0330E,TS0330F,transformer,2426,11,416.8,427.6956481933594
TS0330E,TS0330F,transformer,2426,12,406.8,418.53564453125
TS0330E,TS0330F,transformer,2426,13,396.8,409.4137573242188
TS0330E,TS0330F,transformer,2426,14,386.8,400.5287780761719
TS0330E,TS0330F,transformer,2426,15,376.8,391.7632446289063
TS0330E,TS0330F,transformer,2426,16,366.8,383.13037109375
TS0330E,TS0330F,transformer,2426,17,356.79999999999995,374.7163696289063
TS0330E,TS0330F,transformer,2426,18,346.79999999999995,366.4671630859375
TS0330E,TS0330F,transformer,2426,19,336.79999999999995,358.1925048828125
TS0330E,TS0330F,transformer,2426,20,326.79999999999995,350.12060546875
TS0330E,TS0330F,transformer,2426,21,316.79999999999995,342.2433166503906
TS0330E,TS0330F,transformer,2426,22,306.79999999999995,334.42138671875
TS0330E,TS0330F,transformer,2426,23,296.79999999999995,326.5701904296875
TS0330E,TS0330F,transformer,2426,24,286.79999999999995,318.9916381835937
TS0330E,TS0330F,transformer,2426,25,276.79999999999995,311.7720947265625
TS0330E,TS0330F,transformer,2426,26,266.79999999999995,304.7158508300781
TS0330E,TS0330F,transformer,2426,27,256.79999999999995,298.2170715332031
TS0330E,TS0330F,transformer,2426,28,246.79999999999995,292.1146850585937
TS0330E,TS0330F,transformer,2426,29,236.79999999999995,286.13775634765625
TS0330E,TS0330F,transformer,2426,30,226.79999999999995,280.2240600585937
TS0330E,TS0330F,transformer,2426,31,216.79999999999995,274.404541015625
TS0330E,TS0330F,transformer,2426,32,206.79999999999995,268.51837158203125
TS0330E,TS0330F,transformer,2426,33,196.79999999999995,262.5415344238281
TS0330E,TS0330F,transformer,2426,34,186.79999999999995,256.52947998046875
TS0330E,TS0330F,transformer,2426,35,176.79999999999995,250.47036743164065
TS0330E,TS0330F,transformer,2426,36,166.79999999999995,244.3523101806641
TS0330E,TS0330F,transformer,2426,37,156.79999999999995,238.203125
TS0330E,TS0330F,transformer,2426,38,146.79999999999995,231.62158203125
TS0330E,TS0330F,transformer,2427,0,526.8,528.619140625
TS0330E,TS0330F,transformer,2427,1,516.8,522.753662109375
TS0330E,TS0330F,transformer,2427,2,506.8,516.2435302734375
TS0330E,TS0330F,transformer,2427,3,496.8,509.1127014160156
TS0330E,TS0330F,transformer,2427,4,486.8,501.4228820800781
TS0330E,TS0330F,transformer,2427,5,476.8,493.24517822265625
TS0330E,TS0330F,transformer,2427,6,466.8,484.701416015625
TS0330E,TS0330F,transformer,2427,7,456.8,476.1888732910156
TS0330E,TS0330F,transformer,2427,8,446.8,467.4415893554688
TS0330E,TS0330F,transformer,2427,9,436.8,458.5119934082031
TS0330E,TS0330F,transformer,2427,10,426.8,449.56591796875
TS0330E,TS0330F,transformer,2427,11,416.8,440.6828002929688
TS0330E,TS0330F,transformer,2427,12,406.8,431.6549377441406
TS0330E,TS0330F,transformer,2427,13,396.8,422.466796875
TS0330E,TS0330F,transformer,2427,14,386.8,413.6217956542969
TS0330E,TS0330F,transformer,2427,15,376.8,404.7175598144531
TS0330E,TS0330F,transformer,2427,16,366.8,395.8406982421875
TS0330E,TS0330F,transformer,2427,17,356.79999999999995,387.314697265625
TS0330E,TS0330F,transformer,2427,18,346.79999999999995,378.96002197265625
TS0330E,TS0330F,transformer,2427,19,336.79999999999995,370.6686401367188
TS0330E,TS0330F,transformer,2427,20,326.79999999999995,362.7705993652344
TS0330E,TS0330F,transformer,2427,21,316.79999999999995,355.1933288574219
TS0330E,TS0330F,transformer,2427,22,306.79999999999995,347.6896057128906
TS0330E,TS0330F,transformer,2427,23,296.79999999999995,340.1015319824219
TS0330E,TS0330F,transformer,2427,24,286.79999999999995,332.8442077636719
TS0330E,TS0330F,transformer,2427,25,276.79999999999995,325.97442626953125
TS0330E,TS0330F,transformer,2427,26,266.79999999999995,319.4140014648437
TS0330E,TS0330F,transformer,2427,27,256.79999999999995,313.4322509765625
TS0330E,TS0330F,transformer,2427,28,246.79999999999995,307.76220703125
TS0330E,TS0330F,transformer,2427,29,236.79999999999995,302.1927490234375
TS0330E,TS0330F,transformer,2427,30,226.79999999999995,296.5657043457031
TS0330E,TS0330F,transformer,2427,31,216.79999999999995,290.9666748046875
TS0330E,TS0330F,transformer,2427,32,206.79999999999995,285.3459167480469
TS0330E,TS0330F,transformer,2427,33,196.79999999999995,279.6802062988281
TS0330E,TS0330F,transformer,2427,34,186.79999999999995,273.9550476074219
TS0330E,TS0330F,transformer,2427,35,176.79999999999995,268.08038330078125
TS0330E,TS0330F,transformer,2427,36,166.79999999999995,262.23455810546875
TS0330E,TS0330F,transformer,2427,37,156.79999999999995,256.45343017578125
TS0330E,TS0330F,transformer,2427,38,146.79999999999995,250.37664794921875
TS0330E,TS0330F,transformer,2428,0,526.8,543.139892578125
TS0330E,TS0330F,transformer,2428,1,516.8,535.29345703125
TS0330E,TS0330F,transformer,2428,2,506.8,526.8153686523438
TS0330E,TS0330F,transformer,2428,3,496.8,517.7965087890625
TS0330E,TS0330F,transformer,2428,4,486.8,508.33795166015625
TS0330E,TS0330F,transformer,2428,5,476.8,498.5415954589844
TS0330E,TS0330F,transformer,2428,6,466.8,488.5232543945313
TS0330E,TS0330F,transformer,2428,7,456.8,478.5509338378906
TS0330E,TS0330F,transformer,2428,8,446.8,468.5070190429688
TS0330E,TS0330F,transformer,2428,9,436.8,458.4483947753906
TS0330E,TS0330F,transformer,2428,10,426.8,448.453857421875
TS0330E,TS0330F,transformer,2428,11,416.8,438.5887145996094
TS0330E,TS0330F,transformer,2428,12,406.8,428.7899169921875
TS0330E,TS0330F,transformer,2428,13,396.8,418.9859008789063
TS0330E,TS0330F,transformer,2428,14,386.8,409.3851318359375
TS0330E,TS0330F,transformer,2428,15,376.8,399.8634338378906
TS0330E,TS0330F,transformer,2428,16,366.8,390.4583129882813
TS0330E,TS0330F,transformer,2428,17,356.79999999999995,381.3006896972656
TS0330E,TS0330F,transformer,2428,18,346.79999999999995,372.3717346191406
TS0330E,TS0330F,transformer,2428,19,336.79999999999995,363.4431457519531
TS0330E,TS0330F,transformer,2428,20,326.79999999999995,354.7916564941406
TS0330E,TS0330F,transformer,2428,21,316.79999999999995,346.40545654296875
TS0330E,TS0330F,transformer,2428,22,306.79999999999995,338.1125183105469
TS0330E,TS0330F,transformer,2428,23,296.79999999999995,329.8439025878906
TS0330E,TS0330F,transformer,2428,24,286.79999999999995,321.9252319335937
TS0330E,TS0330F,transformer,2428,25,276.79999999999995,314.47967529296875
TS0330E,TS0330F,transformer,2428,26,266.79999999999995,307.1543884277344
TS0330E,TS0330F,transformer,2428,27,256.79999999999995,300.4449462890625
TS0330E,TS0330F,transformer,2428,28,246.79999999999995,294.2231750488281
TS0330E,TS0330F,transformer,2428,29,236.79999999999995,288.1632385253906
TS0330E,TS0330F,transformer,2428,30,226.79999999999995,282.2633972167969
TS0330E,TS0330F,transformer,2428,31,216.79999999999995,276.5988464355469
TS0330E,TS0330F,transformer,2428,32,206.79999999999995,270.8922424316406
TS0330E,TS0330F,transformer,2428,33,196.79999999999995,265.1048278808594
TS0330E,TS0330F,transformer,2428,34,186.79999999999995,259.3616638183594
TS0330E,TS0330F,transformer,2428,35,176.79999999999995,253.83624267578125
TS0330E,TS0330F,transformer,2428,36,166.79999999999995,248.3252716064453
TS0330E,TS0330F,transformer,2428,37,156.79999999999995,242.84762573242188
TS0330E,TS0330F,transformer,2428,38,146.79999999999995,236.95120239257807
TS0330E,TS0330F,cnn_lstm,2426,0,526.8,514.9510498046875
TS0330E,TS0330F,cnn_lstm,2426,1,516.8,502.4632873535156
TS0330E,TS0330F,cnn_lstm,2426,2,506.8,488.8092651367188
TS0330E,TS0330F,cnn_lstm,2426,3,496.8,475.0756530761719
TS0330E,TS0330F,cnn_lstm,2426,4,486.8,461.7004089355469
TS0330E,TS0330F,cnn_lstm,2426,5,476.8,449.1148681640625
TS0330E,TS0330F,cnn_lstm,2426,6,466.8,437.6622924804688
TS0330E,TS0330F,cnn_lstm,2426,7,456.8,428.6132507324219
TS0330E,TS0330F,cnn_lstm,2426,8,446.8,419.7086181640625
TS0330E,TS0330F,cnn_lstm,2426,9,436.8,411.3601989746094
TS0330E,TS0330F,cnn_lstm,2426,10,426.8,404.1607055664063
TS0330E,TS0330F,cnn_lstm,2426,11,416.8,398.0652465820313
TS0330E,TS0330F,cnn_lstm,2426,12,406.8,391.73626708984375
TS0330E,TS0330F,cnn_lstm,2426,13,396.8,385.6700744628906
TS0330E,TS0330F,cnn_lstm,2426,14,386.8,381.2391357421875
TS0330E,TS0330F,cnn_lstm,2426,15,376.8,376.2251586914063
TS0330E,TS0330F,cnn_lstm,2426,16,366.8,371.295166015625
TS0330E,TS0330F,cnn_lstm,2426,17,356.79999999999995,367.6759338378906
TS0330E,TS0330F,cnn_lstm,2426,18,346.79999999999995,363.63909912109375
TS0330E,TS0330F,cnn_lstm,2426,19,336.79999999999995,359.98492431640625
TS0330E,TS0330F,cnn_lstm,2426,20,326.79999999999995,357.2625427246094
TS0330E,TS0330F,cnn_lstm,2426,21,316.79999999999995,354.6981201171875
TS0330E,TS0330F,cnn_lstm,2426,22,306.79999999999995,351.45782470703125
TS0330E,TS0330F,cnn_lstm,2426,23,296.79999999999995,347.6810302734375
TS0330E,TS0330F,cnn_lstm,2426,24,286.79999999999995,345.1289978027344
TS0330E,TS0330F,cnn_lstm,2426,25,276.79999999999995,342.8100280761719
TS0330E,TS0330F,cnn_lstm,2426,26,266.79999999999995,341.656005859375
TS0330E,TS0330F,cnn_lstm,2426,27,256.79999999999995,340.5609741210937
TS0330E,TS0330F,cnn_lstm,2426,28,246.79999999999995,338.3405456542969
TS0330E,TS0330F,cnn_lstm,2426,29,236.79999999999995,335.8828125
TS0330E,TS0330F,cnn_lstm,2426,30,226.79999999999995,331.982666015625
TS0330E,TS0330F,cnn_lstm,2426,31,216.79999999999995,328.5247802734375
TS0330E,TS0330F,cnn_lstm,2426,32,206.79999999999995,325.9169921875
TS0330E,TS0330F,cnn_lstm,2426,33,196.79999999999995,323.2996826171875
TS0330E,TS0330F,cnn_lstm,2426,34,186.79999999999995,319.67352294921875
TS0330E,TS0330F,cnn_lstm,2426,35,176.79999999999995,314.5127868652344
TS0330E,TS0330F,cnn_lstm,2426,36,166.79999999999995,312.0500183105469
TS0330E,TS0330F,cnn_lstm,2426,37,156.79999999999995,310.0896911621094
TS0330E,TS0330F,cnn_lstm,2426,38,146.79999999999995,307.55908203125
TS0330E,TS0330F,cnn_lstm,2427,0,526.8,532.347900390625
TS0330E,TS0330F,cnn_lstm,2427,1,516.8,525.6558227539062
TS0330E,TS0330F,cnn_lstm,2427,2,506.8,518.8231201171875
TS0330E,TS0330F,cnn_lstm,2427,3,496.8,512.1765747070312
TS0330E,TS0330F,cnn_lstm,2427,4,486.8,505.6001892089844
TS0330E,TS0330F,cnn_lstm,2427,5,476.8,498.9990539550781
TS0330E,TS0330F,cnn_lstm,2427,6,466.8,492.3248901367188
TS0330E,TS0330F,cnn_lstm,2427,7,456.8,486.7965393066406
TS0330E,TS0330F,cnn_lstm,2427,8,446.8,480.3921813964844
TS0330E,TS0330F,cnn_lstm,2427,9,436.8,473.3468627929688
TS0330E,TS0330F,cnn_lstm,2427,10,426.8,466.3927917480469
TS0330E,TS0330F,cnn_lstm,2427,11,416.8,460.3706359863281
TS0330E,TS0330F,cnn_lstm,2427,12,406.8,452.6616821289063
TS0330E,TS0330F,cnn_lstm,2427,13,396.8,444.5107116699219
TS0330E,TS0330F,cnn_lstm,2427,14,386.8,438.3180541992188
TS0330E,TS0330F,cnn_lstm,2427,15,376.8,430.2422180175781
TS0330E,TS0330F,cnn_lstm,2427,16,366.8,421.4383239746094
TS0330E,TS0330F,cnn_lstm,2427,17,356.79999999999995,415.2174072265625
TS0330E,TS0330F,cnn_lstm,2427,18,346.79999999999995,406.8143005371094
TS0330E,TS0330F,cnn_lstm,2427,19,336.79999999999995,399.6170959472656
TS0330E,TS0330F,cnn_lstm,2427,20,326.79999999999995,393.72314453125
TS0330E,TS0330F,cnn_lstm,2427,21,316.79999999999995,387.8967895507813
TS0330E,TS0330F,cnn_lstm,2427,22,306.79999999999995,379.9313354492188
TS0330E,TS0330F,cnn_lstm,2427,23,296.79999999999995,370.78564453125
TS0330E,TS0330F,cnn_lstm,2427,24,286.79999999999995,364.1701049804688
TS0330E,TS0330F,cnn_lstm,2427,25,276.79999999999995,357.92041015625
TS0330E,TS0330F,cnn_lstm,2427,26,266.79999999999995,354.8666381835937
TS0330E,TS0330F,cnn_lstm,2427,27,256.79999999999995,351.55975341796875
TS0330E,TS0330F,cnn_lstm,2427,28,246.79999999999995,345.2562561035156
TS0330E,TS0330F,cnn_lstm,2427,29,236.79999999999995,338.02734375
TS0330E,TS0330F,cnn_lstm,2427,30,226.79999999999995,326.072998046875
TS0330E,TS0330F,cnn_lstm,2427,31,216.79999999999995,315.0694274902344
TS0330E,TS0330F,cnn_lstm,2427,32,206.79999999999995,306.1562805175781
TS0330E,TS0330F,cnn_lstm,2427,33,196.79999999999995,297.1472473144531
TS0330E,TS0330F,cnn_lstm,2427,34,186.79999999999995,284.547119140625
TS0330E,TS0330F,cnn_lstm,2427,35,176.79999999999995,266.1919860839844
TS0330E,TS0330F,cnn_lstm,2427,36,166.79999999999995,256.1163635253906
TS0330E,TS0330F,cnn_lstm,2427,37,156.79999999999995,248.3951873779297
TS0330E,TS0330F,cnn_lstm,2427,38,146.79999999999995,238.85455322265625
TS0330E,TS0330F,cnn_lstm,2428,0,526.8,576.814697265625
TS0330E,TS0330F,cnn_lstm,2428,1,516.8,563.0386352539062
TS0330E,TS0330F,cnn_lstm,2428,2,506.8,547.0949096679688
TS0330E,TS0330F,cnn_lstm,2428,3,496.8,530.4480590820312
TS0330E,TS0330F,cnn_lstm,2428,4,486.8,513.3289794921875
TS0330E,TS0330F,cnn_lstm,2428,5,476.8,496.1149291992188
TS0330E,TS0330F,cnn_lstm,2428,6,466.8,479.30670166015625
TS0330E,TS0330F,cnn_lstm,2428,7,456.8,465.6985778808594
TS0330E,TS0330F,cnn_lstm,2428,8,446.8,450.8212585449219
TS0330E,TS0330F,cnn_lstm,2428,9,436.8,436.171630859375
TS0330E,TS0330F,cnn_lstm,2428,10,426.8,423.1363830566406
TS0330E,TS0330F,cnn_lstm,2428,11,416.8,412.0071411132813
TS0330E,TS0330F,cnn_lstm,2428,12,406.8,399.7010498046875
TS0330E,TS0330F,cnn_lstm,2428,13,396.8,387.9348754882813
TS0330E,TS0330F,cnn_lstm,2428,14,386.8,379.7183532714844
TS0330E,TS0330F,cnn_lstm,2428,15,376.8,369.9830322265625
TS0330E,TS0330F,cnn_lstm,2428,16,366.8,360.5934143066406
TS0330E,TS0330F,cnn_lstm,2428,17,356.79999999999995,354.2826538085937
TS0330E,TS0330F,cnn_lstm,2428,18,346.79999999999995,346.8163757324219
TS0330E,TS0330F,cnn_lstm,2428,19,336.79999999999995,340.68902587890625
TS0330E,TS0330F,cnn_lstm,2428,20,326.79999999999995,336.12030029296875
TS0330E,TS0330F,cnn_lstm,2428,21,316.79999999999995,331.8772277832031
TS0330E,TS0330F,cnn_lstm,2428,22,306.79999999999995,326.4689636230469
TS0330E,TS0330F,cnn_lstm,2428,23,296.79999999999995,320.66485595703125
TS0330E,TS0330F,cnn_lstm,2428,24,286.79999999999995,316.8116455078125
TS0330E,TS0330F,cnn_lstm,2428,25,276.79999999999995,313.3691101074219
TS0330E,TS0330F,cnn_lstm,2428,26,266.79999999999995,311.828125
TS0330E,TS0330F,cnn_lstm,2428,27,256.79999999999995,310.1040954589844
TS0330E,TS0330F,cnn_lstm,2428,28,246.79999999999995,306.8977355957031
TS0330E,TS0330F,cnn_lstm,2428,29,236.79999999999995,303.450927734375
TS0330E,TS0330F,cnn_lstm,2428,30,226.79999999999995,298.00738525390625
TS0330E,TS0330F,cnn_lstm,2428,31,216.79999999999995,293.5641174316406
TS0330E,TS0330F,cnn_lstm,2428,32,206.79999999999995,290.19482421875
TS0330E,TS0330F,cnn_lstm,2428,33,196.79999999999995,286.9091186523437
TS0330E,TS0330F,cnn_lstm,2428,34,186.79999999999995,282.34600830078125
TS0330E,TS0330F,cnn_lstm,2428,35,176.79999999999995,276.404541015625
TS0330E,TS0330F,cnn_lstm,2428,36,166.79999999999995,273.58154296875
TS0330E,TS0330F,cnn_lstm,2428,37,156.79999999999995,271.3522644042969
TS0330E,TS0330F,cnn_lstm,2428,38,146.79999999999995,268.42822265625
TS0330E,TS0330F,attention_gru,2426,0,526.8,537.20654296875
TS0330E,TS0330F,attention_gru,2426,1,516.8,531.5819702148438
TS0330E,TS0330F,attention_gru,2426,2,506.8,525.2201538085938
TS0330E,TS0330F,attention_gru,2426,3,496.8,518.0897827148438
TS0330E,TS0330F,attention_gru,2426,4,486.8,510.29833984375
TS0330E,TS0330F,attention_gru,2426,5,476.8,501.8687133789063
TS0330E,TS0330F,attention_gru,2426,6,466.8,492.8672790527344
TS0330E,TS0330F,attention_gru,2426,7,456.8,483.48236083984375
TS0330E,TS0330F,attention_gru,2426,8,446.8,473.748291015625
TS0330E,TS0330F,attention_gru,2426,9,436.8,463.7462463378906
TS0330E,TS0330F,attention_gru,2426,10,426.8,453.5736389160156
TS0330E,TS0330F,attention_gru,2426,11,416.8,443.3606262207031
TS0330E,TS0330F,attention_gru,2426,12,406.8,433.1787109375
TS0330E,TS0330F,attention_gru,2426,13,396.8,422.9446716308594
TS0330E,TS0330F,attention_gru,2426,14,386.8,412.8739929199219
TS0330E,TS0330F,attention_gru,2426,15,376.8,403.0142517089844
TS0330E,TS0330F,attention_gru,2426,16,366.8,393.3852233886719
TS0330E,TS0330F,attention_gru,2426,17,356.79999999999995,384.0405578613281
TS0330E,TS0330F,attention_gru,2426,18,346.79999999999995,375.0842590332031
TS0330E,TS0330F,attention_gru,2426,19,336.79999999999995,366.25921630859375
TS0330E,TS0330F,attention_gru,2426,20,326.79999999999995,357.8409729003906
TS0330E,TS0330F,attention_gru,2426,21,316.79999999999995,349.8614501953125
TS0330E,TS0330F,attention_gru,2426,22,306.79999999999995,342.2255249023437
TS0330E,TS0330F,attention_gru,2426,23,296.79999999999995,334.7507019042969
TS0330E,TS0330F,attention_gru,2426,24,286.79999999999995,327.64971923828125
TS0330E,TS0330F,attention_gru,2426,25,276.79999999999995,321.01513671875
TS0330E,TS0330F,attention_gru,2426,26,266.79999999999995,314.68316650390625
TS0330E,TS0330F,attention_gru,2426,27,256.79999999999995,309.0079650878906
TS0330E,TS0330F,attention_gru,2426,28,246.79999999999995,303.8000793457031
TS0330E,TS0330F,attention_gru,2426,29,236.79999999999995,298.78985595703125
TS0330E,TS0330F,attention_gru,2426,30,226.79999999999995,293.9359130859375
TS0330E,TS0330F,attention_gru,2426,31,216.79999999999995,289.0881042480469
TS0330E,TS0330F,attention_gru,2426,32,206.79999999999995,284.209716796875
TS0330E,TS0330F,attention_gru,2426,33,196.79999999999995,279.3290100097656
TS0330E,TS0330F,attention_gru,2426,34,186.79999999999995,274.50689697265625
TS0330E,TS0330F,attention_gru,2426,35,176.79999999999995,269.60418701171875
TS0330E,TS0330F,attention_gru,2426,36,166.79999999999995,264.5475158691406
TS0330E,TS0330F,attention_gru,2426,37,156.79999999999995,259.5187683105469
TS0330E,TS0330F,attention_gru,2426,38,146.79999999999995,254.33224487304688
TS0330E,TS0330F,attention_gru,2427,0,526.8,546.2039184570312
TS0330E,TS0330F,attention_gru,2427,1,516.8,538.1575317382812
TS0330E,TS0330F,attention_gru,2427,2,506.8,529.2913818359375
TS0330E,TS0330F,attention_gru,2427,3,496.8,519.5732421875
TS0330E,TS0330F,attention_gru,2427,4,486.8,509.2420959472656
TS0330E,TS0330F,attention_gru,2427,5,476.8,498.4140625
TS0330E,TS0330F,attention_gru,2427,6,466.8,487.1389770507813
TS0330E,TS0330F,attention_gru,2427,7,456.8,475.7565307617188
TS0330E,TS0330F,attention_gru,2427,8,446.8,464.28125
TS0330E,TS0330F,attention_gru,2427,9,436.8,452.8125305175781
TS0330E,TS0330F,attention_gru,2427,10,426.8,441.4537658691406
TS0330E,TS0330F,attention_gru,2427,11,416.8,430.3272399902344
TS0330E,TS0330F,attention_gru,2427,12,406.8,419.5200805664063
TS0330E,TS0330F,attention_gru,2427,13,396.8,408.8991394042969
TS0330E,TS0330F,attention_gru,2427,14,386.8,398.6800842285156
TS0330E,TS0330F,attention_gru,2427,15,376.8,388.8674621582031
TS0330E,TS0330F,attention_gru,2427,16,366.8,379.4601440429688
TS0330E,TS0330F,attention_gru,2427,17,356.79999999999995,370.4997863769531
TS0330E,TS0330F,attention_gru,2427,18,346.79999999999995,362.0748291015625
TS0330E,TS0330F,attention_gru,2427,19,336.79999999999995,353.9056396484375
TS0330E,TS0330F,attention_gru,2427,20,326.79999999999995,346.2660522460937
TS0330E,TS0330F,attention_gru,2427,21,316.79999999999995,339.1386108398437
TS0330E,TS0330F,attention_gru,2427,22,306.79999999999995,332.39013671875
TS0330E,TS0330F,attention_gru,2427,23,296.79999999999995,325.86102294921875
TS0330E,TS0330F,attention_gru,2427,24,286.79999999999995,319.7146301269531
TS0330E,TS0330F,attention_gru,2427,25,276.79999999999995,314.0526428222656
TS0330E,TS0330F,attention_gru,2427,26,266.79999999999995,308.691650390625
TS0330E,TS0330F,attention_gru,2427,27,256.79999999999995,303.9437866210937
TS0330E,TS0330F,attention_gru,2427,28,246.79999999999995,299.6055908203125
TS0330E,TS0330F,attention_gru,2427,29,236.79999999999995,295.4757080078125
TS0330E,TS0330F,attention_gru,2427,30,226.79999999999995,291.4465026855469
TS0330E,TS0330F,attention_gru,2427,31,216.79999999999995,287.46929931640625
TS0330E,TS0330F,attention_gru,2427,32,206.79999999999995,283.4931335449219
TS0330E,TS0330F,attention_gru,2427,33,196.79999999999995,279.5337829589844
TS0330E,TS0330F,attention_gru,2427,34,186.79999999999995,275.5893859863281
TS0330E,TS0330F,attention_gru,2427,35,176.79999999999995,271.6051940917969
TS0330E,TS0330F,attention_gru,2427,36,166.79999999999995,267.5208740234375
TS0330E,TS0330F,attention_gru,2427,37,156.79999999999995,263.5108947753906
TS0330E,TS0330F,attention_gru,2427,38,146.79999999999995,259.4583435058594
TS0330E,TS0330F,attention_gru,2428,0,526.8,550.662841796875
TS0330E,TS0330F,attention_gru,2428,1,516.8,541.2732543945312
TS0330E,TS0330F,attention_gru,2428,2,506.8,530.9619140625
TS0330E,TS0330F,attention_gru,2428,3,496.8,519.73095703125
TS0330E,TS0330F,attention_gru,2428,4,486.8,507.8453063964844
TS0330E,TS0330F,attention_gru,2428,5,476.8,495.4320373535156
TS0330E,TS0330F,attention_gru,2428,6,466.8,482.5999145507813
TS0330E,TS0330F,attention_gru,2428,7,456.8,469.7032470703125
TS0330E,TS0330F,attention_gru,2428,8,446.8,456.7780151367188
TS0330E,TS0330F,attention_gru,2428,9,436.8,443.9429321289063
TS0330E,TS0330F,attention_gru,2428,10,426.8,431.32122802734375
TS0330E,TS0330F,attention_gru,2428,11,416.8,419.0377197265625
TS0330E,TS0330F,attention_gru,2428,12,406.8,407.1780700683594
TS0330E,TS0330F,attention_gru,2428,13,396.8,395.6064453125
TS0330E,TS0330F,attention_gru,2428,14,386.8,384.5592956542969
TS0330E,TS0330F,attention_gru,2428,15,376.8,374.0297546386719
TS0330E,TS0330F,attention_gru,2428,16,366.8,364.01171875
TS0330E,TS0330F,attention_gru,2428,17,356.79999999999995,354.5348815917969
TS0330E,TS0330F,attention_gru,2428,18,346.79999999999995,345.6864624023437
TS0330E,TS0330F,attention_gru,2428,19,336.79999999999995,337.15875244140625
TS0330E,TS0330F,attention_gru,2428,20,326.79999999999995,329.2332763671875
TS0330E,TS0330F,attention_gru,2428,21,316.79999999999995,321.8865051269531
TS0330E,TS0330F,attention_gru,2428,22,306.79999999999995,314.98553466796875
TS0330E,TS0330F,attention_gru,2428,23,296.79999999999995,308.3348693847656
TS0330E,TS0330F,attention_gru,2428,24,286.79999999999995,302.1233215332031
TS0330E,TS0330F,attention_gru,2428,25,276.79999999999995,296.4233703613281
TS0330E,TS0330F,attention_gru,2428,26,266.79999999999995,291.0686950683594
TS0330E,TS0330F,attention_gru,2428,27,256.79999999999995,286.3562927246094
TS0330E,TS0330F,attention_gru,2428,28,246.79999999999995,282.0641784667969
TS0330E,TS0330F,attention_gru,2428,29,236.79999999999995,277.9831848144531
TS0330E,TS0330F,attention_gru,2428,30,226.79999999999995,274.0369873046875
TS0330E,TS0330F,attention_gru,2428,31,216.79999999999995,270.1229248046875
TS0330E,TS0330F,attention_gru,2428,32,206.79999999999995,266.2332458496094
TS0330E,TS0330F,attention_gru,2428,33,196.79999999999995,262.3822631835937
TS0330E,TS0330F,attention_gru,2428,34,186.79999999999995,258.5887451171875
TS0330E,TS0330F,attention_gru,2428,35,176.79999999999995,254.734130859375
TS0330E,TS0330F,attention_gru,2428,36,166.79999999999995,250.80458068847656
TS0330E,TS0330F,attention_gru,2428,37,156.79999999999995,246.96090698242188
TS0330E,TS0330F,attention_gru,2428,38,146.79999999999995,243.07374572753903
TS0330E,TS0330F,tcn_transformer,2426,0,526.8,518.6553955078125
TS0330E,TS0330F,tcn_transformer,2426,1,516.8,512.1285400390625
TS0330E,TS0330F,tcn_transformer,2426,2,506.8,505.1969299316406
TS0330E,TS0330F,tcn_transformer,2426,3,496.8,498.01068115234375
TS0330E,TS0330F,tcn_transformer,2426,4,486.8,490.49029541015625
TS0330E,TS0330F,tcn_transformer,2426,5,476.8,482.6622314453125
TS0330E,TS0330F,tcn_transformer,2426,6,466.8,474.557373046875
TS0330E,TS0330F,tcn_transformer,2426,7,456.8,466.1875
TS0330E,TS0330F,tcn_transformer,2426,8,446.8,457.5210266113281
TS0330E,TS0330F,tcn_transformer,2426,9,436.8,448.6195983886719
TS0330E,TS0330F,tcn_transformer,2426,10,426.8,439.5224914550781
TS0330E,TS0330F,tcn_transformer,2426,11,416.8,430.2545776367188
TS0330E,TS0330F,tcn_transformer,2426,12,406.8,420.9407043457031
TS0330E,TS0330F,tcn_transformer,2426,13,396.8,411.5529174804688
TS0330E,TS0330F,tcn_transformer,2426,14,386.8,402.3787231445313
TS0330E,TS0330F,tcn_transformer,2426,15,376.8,393.3372192382813
TS0330E,TS0330F,tcn_transformer,2426,16,366.8,384.5356750488281
TS0330E,TS0330F,tcn_transformer,2426,17,356.79999999999995,376.0282897949219
TS0330E,TS0330F,tcn_transformer,2426,18,346.79999999999995,367.8786010742188
TS0330E,TS0330F,tcn_transformer,2426,19,336.79999999999995,359.7785949707031
TS0330E,TS0330F,tcn_transformer,2426,20,326.79999999999995,352.0855407714844
TS0330E,TS0330F,tcn_transformer,2426,21,316.79999999999995,344.7149353027344
TS0330E,TS0330F,tcn_transformer,2426,22,306.79999999999995,337.5215148925781
TS0330E,TS0330F,tcn_transformer,2426,23,296.79999999999995,330.2829284667969
TS0330E,TS0330F,tcn_transformer,2426,24,286.79999999999995,323.3520202636719
TS0330E,TS0330F,tcn_transformer,2426,25,276.79999999999995,316.798095703125
TS0330E,TS0330F,tcn_transformer,2426,26,266.79999999999995,310.4515991210937
TS0330E,TS0330F,tcn_transformer,2426,27,256.79999999999995,304.70587158203125
TS0330E,TS0330F,tcn_transformer,2426,28,246.79999999999995,299.2392272949219
TS0330E,TS0330F,tcn_transformer,2426,29,236.79999999999995,293.888427734375
TS0330E,TS0330F,tcn_transformer,2426,30,226.79999999999995,288.3974914550781
TS0330E,TS0330F,tcn_transformer,2426,31,216.79999999999995,282.87310791015625
TS0330E,TS0330F,tcn_transformer,2426,32,206.79999999999995,277.2904052734375
TS0330E,TS0330F,tcn_transformer,2426,33,196.79999999999995,271.4921569824219
TS0330E,TS0330F,tcn_transformer,2426,34,186.79999999999995,265.32232666015625
TS0330E,TS0330F,tcn_transformer,2426,35,176.79999999999995,258.65869140625
TS0330E,TS0330F,tcn_transformer,2426,36,166.79999999999995,251.8469390869141
TS0330E,TS0330F,tcn_transformer,2426,37,156.79999999999995,245.1038055419922
TS0330E,TS0330F,tcn_transformer,2426,38,146.79999999999995,238.1598358154297
TS0330E,TS0330F,tcn_transformer,2427,0,526.8,516.6956787109375
TS0330E,TS0330F,tcn_transformer,2427,1,516.8,509.9258728027344
TS0330E,TS0330F,tcn_transformer,2427,2,506.8,502.42327880859375
TS0330E,TS0330F,tcn_transformer,2427,3,496.8,494.12994384765625
TS0330E,TS0330F,tcn_transformer,2427,4,486.8,485.1583251953125
TS0330E,TS0330F,tcn_transformer,2427,5,476.8,475.6462097167969
TS0330E,TS0330F,tcn_transformer,2427,6,466.8,465.5646362304688
TS0330E,TS0330F,tcn_transformer,2427,7,456.8,455.2491455078125
TS0330E,TS0330F,tcn_transformer,2427,8,446.8,444.7474365234375
TS0330E,TS0330F,tcn_transformer,2427,9,436.8,434.2818298339844
TS0330E,TS0330F,tcn_transformer,2427,10,426.8,424.0503540039063
TS0330E,TS0330F,tcn_transformer,2427,11,416.8,414.1609802246094
TS0330E,TS0330F,tcn_transformer,2427,12,406.8,404.73919677734375
TS0330E,TS0330F,tcn_transformer,2427,13,396.8,395.8460998535156
TS0330E,TS0330F,tcn_transformer,2427,14,386.8,387.6489868164063
TS0330E,TS0330F,tcn_transformer,2427,15,376.8,380.0266418457031
TS0330E,TS0330F,tcn_transformer,2427,16,366.8,373.0709533691406
TS0330E,TS0330F,tcn_transformer,2427,17,356.79999999999995,366.7558898925781
TS0330E,TS0330F,tcn_transformer,2427,18,346.79999999999995,360.8572082519531
TS0330E,TS0330F,tcn_transformer,2427,19,336.79999999999995,355.4556579589844
TS0330E,TS0330F,tcn_transformer,2427,20,326.79999999999995,350.52105712890625
TS0330E,TS0330F,tcn_transformer,2427,21,316.79999999999995,345.8388671875
TS0330E,TS0330F,tcn_transformer,2427,22,306.79999999999995,341.4391174316406
TS0330E,TS0330F,tcn_transformer,2427,23,296.79999999999995,337.31378173828125
TS0330E,TS0330F,tcn_transformer,2427,24,286.79999999999995,333.5599060058594
TS0330E,TS0330F,tcn_transformer,2427,25,276.79999999999995,330.0631408691406
TS0330E,TS0330F,tcn_transformer,2427,26,266.79999999999995,326.7402038574219
TS0330E,TS0330F,tcn_transformer,2427,27,256.79999999999995,323.6406555175781
TS0330E,TS0330F,tcn_transformer,2427,28,246.79999999999995,320.7633056640625
TS0330E,TS0330F,tcn_transformer,2427,29,236.79999999999995,317.9934387207031
TS0330E,TS0330F,tcn_transformer,2427,30,226.79999999999995,315.2679443359375
TS0330E,TS0330F,tcn_transformer,2427,31,216.79999999999995,312.7808837890625
TS0330E,TS0330F,tcn_transformer,2427,32,206.79999999999995,310.2484130859375
TS0330E,TS0330F,tcn_transformer,2427,33,196.79999999999995,307.5201416015625
TS0330E,TS0330F,tcn_transformer,2427,34,186.79999999999995,304.6521911621094
TS0330E,TS0330F,tcn_transformer,2427,35,176.79999999999995,301.9448547363281
TS0330E,TS0330F,tcn_transformer,2427,36,166.79999999999995,299.1304626464844
TS0330E,TS0330F,tcn_transformer,2427,37,156.79999999999995,296.2348937988281
TS0330E,TS0330F,tcn_transformer,2427,38,146.79999999999995,292.85601806640625
TS0330E,TS0330F,tcn_transformer,2428,0,526.8,536.8129272460938
TS0330E,TS0330F,tcn_transformer,2428,1,516.8,531.7536010742188
TS0330E,TS0330F,tcn_transformer,2428,2,506.8,525.2733154296875
TS0330E,TS0330F,tcn_transformer,2428,3,496.8,517.2275390625
TS0330E,TS0330F,tcn_transformer,2428,4,486.8,507.7946166992188
TS0330E,TS0330F,tcn_transformer,2428,5,476.8,497.3742065429688
TS0330E,TS0330F,tcn_transformer,2428,6,466.8,486.2517395019531
TS0330E,TS0330F,tcn_transformer,2428,7,456.8,474.9113159179688
TS0330E,TS0330F,tcn_transformer,2428,8,446.8,463.5970458984375
TS0330E,TS0330F,tcn_transformer,2428,9,436.8,452.47509765625
TS0330E,TS0330F,tcn_transformer,2428,10,426.8,441.6888122558594
TS0330E,TS0330F,tcn_transformer,2428,11,416.8,431.5124206542969
TS0330E,TS0330F,tcn_transformer,2428,12,406.8,422.0426940917969
TS0330E,TS0330F,tcn_transformer,2428,13,396.8,413.3151550292969
TS0330E,TS0330F,tcn_transformer,2428,14,386.8,405.4653625488281
TS0330E,TS0330F,tcn_transformer,2428,15,376.8,398.5456848144531
TS0330E,TS0330F,tcn_transformer,2428,16,366.8,392.4310302734375
TS0330E,TS0330F,tcn_transformer,2428,17,356.79999999999995,386.7965698242188
TS0330E,TS0330F,tcn_transformer,2428,18,346.79999999999995,381.1408386230469
TS0330E,TS0330F,tcn_transformer,2428,19,336.79999999999995,374.7194519042969
TS0330E,TS0330F,tcn_transformer,2428,20,326.79999999999995,366.7969055175781
TS0330E,TS0330F,tcn_transformer,2428,21,316.79999999999995,357.1425170898437
TS0330E,TS0330F,tcn_transformer,2428,22,306.79999999999995,345.80279541015625
TS0330E,TS0330F,tcn_transformer,2428,23,296.79999999999995,333.1351928710937
TS0330E,TS0330F,tcn_transformer,2428,24,286.79999999999995,320.2193908691406
TS0330E,TS0330F,tcn_transformer,2428,25,276.79999999999995,308.2118225097656
TS0330E,TS0330F,tcn_transformer,2428,26,266.79999999999995,296.6903991699219
TS0330E,TS0330F,tcn_transformer,2428,27,256.79999999999995,286.6578063964844
TS0330E,TS0330F,tcn_transformer,2428,28,246.79999999999995,278.1917419433594
TS0330E,TS0330F,tcn_transformer,2428,29,236.79999999999995,270.52960205078125
TS0330E,TS0330F,tcn_transformer,2428,30,226.79999999999995,263.9086608886719
TS0330E,TS0330F,tcn_transformer,2428,31,216.79999999999995,258.28424072265625
TS0330E,TS0330F,tcn_transformer,2428,32,206.79999999999995,253.11691284179688
TS0330E,TS0330F,tcn_transformer,2428,33,196.79999999999995,248.27560424804688
TS0330E,TS0330F,tcn_transformer,2428,34,186.79999999999995,244.0331268310547
TS0330E,TS0330F,tcn_transformer,2428,35,176.79999999999995,240.5844573974609
TS0330E,TS0330F,tcn_transformer,2428,36,166.79999999999995,237.34288024902344
TS0330E,TS0330F,tcn_transformer,2428,37,156.79999999999995,234.3509979248047
TS0330E,TS0330F,tcn_transformer,2428,38,146.79999999999995,231.2544860839844
TS0330E,TS0330F,lath_net,2426,0,526.8,532.0869140625
TS0330E,TS0330F,lath_net,2426,1,516.8,527.3511962890625
TS0330E,TS0330F,lath_net,2426,2,506.8,521.2907104492188
TS0330E,TS0330F,lath_net,2426,3,496.8,514.592041015625
TS0330E,TS0330F,lath_net,2426,4,486.8,506.8056335449219
TS0330E,TS0330F,lath_net,2426,5,476.8,498.6667785644531
TS0330E,TS0330F,lath_net,2426,6,466.8,490.2666931152344
TS0330E,TS0330F,lath_net,2426,7,456.8,481.8109130859375
TS0330E,TS0330F,lath_net,2426,8,446.8,473.06488037109375
TS0330E,TS0330F,lath_net,2426,9,436.8,464.12347412109375
TS0330E,TS0330F,lath_net,2426,10,426.8,455.865234375
TS0330E,TS0330F,lath_net,2426,11,416.8,448.0758972167969
TS0330E,TS0330F,lath_net,2426,12,406.8,440.3829345703125
TS0330E,TS0330F,lath_net,2426,13,396.8,432.83245849609375
TS0330E,TS0330F,lath_net,2426,14,386.8,425.5550537109375
TS0330E,TS0330F,lath_net,2426,15,376.8,418.1686096191406
TS0330E,TS0330F,lath_net,2426,16,366.8,410.954345703125
TS0330E,TS0330F,lath_net,2426,17,356.79999999999995,403.9059753417969
TS0330E,TS0330F,lath_net,2426,18,346.79999999999995,396.8536071777344
TS0330E,TS0330F,lath_net,2426,19,336.79999999999995,389.7279968261719
TS0330E,TS0330F,lath_net,2426,20,326.79999999999995,382.36627197265625
TS0330E,TS0330F,lath_net,2426,21,316.79999999999995,374.88580322265625
TS0330E,TS0330F,lath_net,2426,22,306.79999999999995,367.0362243652344
TS0330E,TS0330F,lath_net,2426,23,296.79999999999995,358.9628295898437
TS0330E,TS0330F,lath_net,2426,24,286.79999999999995,350.6266174316406
TS0330E,TS0330F,lath_net,2426,25,276.79999999999995,342.1415710449219
TS0330E,TS0330F,lath_net,2426,26,266.79999999999995,333.23614501953125
TS0330E,TS0330F,lath_net,2426,27,256.79999999999995,324.7635192871094
TS0330E,TS0330F,lath_net,2426,28,246.79999999999995,316.4420166015625
TS0330E,TS0330F,lath_net,2426,29,236.79999999999995,308.8126525878906
TS0330E,TS0330F,lath_net,2426,30,226.79999999999995,301.6463317871094
TS0330E,TS0330F,lath_net,2426,31,216.79999999999995,294.91607666015625
TS0330E,TS0330F,lath_net,2426,32,206.79999999999995,287.4820861816406
TS0330E,TS0330F,lath_net,2426,33,196.79999999999995,279.99432373046875
TS0330E,TS0330F,lath_net,2426,34,186.79999999999995,273.1103820800781
TS0330E,TS0330F,lath_net,2426,35,176.79999999999995,268.1139221191406
TS0330E,TS0330F,lath_net,2426,36,166.79999999999995,263.5294189453125
TS0330E,TS0330F,lath_net,2426,37,156.79999999999995,258.4847717285156
TS0330E,TS0330F,lath_net,2426,38,146.79999999999995,252.53826904296875
TS0330E,TS0330F,lath_net,2427,0,526.8,481.5154418945313
TS0330E,TS0330F,lath_net,2427,1,516.8,477.2001037597656
TS0330E,TS0330F,lath_net,2427,2,506.8,472.45159912109375
TS0330E,TS0330F,lath_net,2427,3,496.8,467.2071228027344
TS0330E,TS0330F,lath_net,2427,4,486.8,461.81243896484375
TS0330E,TS0330F,lath_net,2427,5,476.8,456.0772705078125
TS0330E,TS0330F,lath_net,2427,6,466.8,449.8861389160156
TS0330E,TS0330F,lath_net,2427,7,456.8,444.432373046875
TS0330E,TS0330F,lath_net,2427,8,446.8,439.2607116699219
TS0330E,TS0330F,lath_net,2427,9,436.8,434.0706176757813
TS0330E,TS0330F,lath_net,2427,10,426.8,428.4898681640625
TS0330E,TS0330F,lath_net,2427,11,416.8,422.40142822265625
TS0330E,TS0330F,lath_net,2427,12,406.8,415.622314453125
TS0330E,TS0330F,lath_net,2427,13,396.8,408.25732421875
TS0330E,TS0330F,lath_net,2427,14,386.8,400.2811279296875
TS0330E,TS0330F,lath_net,2427,15,376.8,391.45404052734375
TS0330E,TS0330F,lath_net,2427,16,366.8,382.0854797363281
TS0330E,TS0330F,lath_net,2427,17,356.79999999999995,372.4058532714844
TS0330E,TS0330F,lath_net,2427,18,346.79999999999995,362.29205322265625
TS0330E,TS0330F,lath_net,2427,19,336.79999999999995,351.7308044433594
TS0330E,TS0330F,lath_net,2427,20,326.79999999999995,341.54644775390625
TS0330E,TS0330F,lath_net,2427,21,316.79999999999995,331.2803955078125
TS0330E,TS0330F,lath_net,2427,22,306.79999999999995,320.95538330078125
TS0330E,TS0330F,lath_net,2427,23,296.79999999999995,311.064208984375
TS0330E,TS0330F,lath_net,2427,24,286.79999999999995,302.079833984375
TS0330E,TS0330F,lath_net,2427,25,276.79999999999995,293.6556396484375
TS0330E,TS0330F,lath_net,2427,26,266.79999999999995,285.201416015625
TS0330E,TS0330F,lath_net,2427,27,256.79999999999995,277.2984619140625
TS0330E,TS0330F,lath_net,2427,28,246.79999999999995,269.9742736816406
TS0330E,TS0330F,lath_net,2427,29,236.79999999999995,263.3864440917969
TS0330E,TS0330F,lath_net,2427,30,226.79999999999995,257.96844482421875
TS0330E,TS0330F,lath_net,2427,31,216.79999999999995,253.02175903320312
TS0330E,TS0330F,lath_net,2427,32,206.79999999999995,248.3551788330078
TS0330E,TS0330F,lath_net,2427,33,196.79999999999995,243.76272583007807
TS0330E,TS0330F,lath_net,2427,34,186.79999999999995,239.60630798339844
TS0330E,TS0330F,lath_net,2427,35,176.79999999999995,235.9429626464844
TS0330E,TS0330F,lath_net,2427,36,166.79999999999995,233.11203002929688
TS0330E,TS0330F,lath_net,2427,37,156.79999999999995,230.20330810546875
TS0330E,TS0330F,lath_net,2427,38,146.79999999999995,225.95481872558597
TS0330E,TS0330F,lath_net,2428,0,526.8,512.0538940429688
TS0330E,TS0330F,lath_net,2428,1,516.8,505.38916015625
TS0330E,TS0330F,lath_net,2428,2,506.8,498.2859497070313
TS0330E,TS0330F,lath_net,2428,3,496.8,490.1968688964844
TS0330E,TS0330F,lath_net,2428,4,486.8,481.6827392578125
TS0330E,TS0330F,lath_net,2428,5,476.8,473.03948974609375
TS0330E,TS0330F,lath_net,2428,6,466.8,464.3023986816406
TS0330E,TS0330F,lath_net,2428,7,456.8,455.5894165039063
TS0330E,TS0330F,lath_net,2428,8,446.8,446.382080078125
TS0330E,TS0330F,lath_net,2428,9,436.8,436.8460083007813
TS0330E,TS0330F,lath_net,2428,10,426.8,427.398193359375
TS0330E,TS0330F,lath_net,2428,11,416.8,418.28900146484375
TS0330E,TS0330F,lath_net,2428,12,406.8,409.6022338867188
TS0330E,TS0330F,lath_net,2428,13,396.8,401.3027648925781
TS0330E,TS0330F,lath_net,2428,14,386.8,393.5112915039063
TS0330E,TS0330F,lath_net,2428,15,376.8,386.1802673339844
TS0330E,TS0330F,lath_net,2428,16,366.8,379.3196411132813
TS0330E,TS0330F,lath_net,2428,17,356.79999999999995,372.9505310058594
TS0330E,TS0330F,lath_net,2428,18,346.79999999999995,366.9004821777344
TS0330E,TS0330F,lath_net,2428,19,336.79999999999995,360.6687316894531
TS0330E,TS0330F,lath_net,2428,20,326.79999999999995,354.699462890625
TS0330E,TS0330F,lath_net,2428,21,316.79999999999995,348.3132629394531
TS0330E,TS0330F,lath_net,2428,22,306.79999999999995,340.8424987792969
TS0330E,TS0330F,lath_net,2428,23,296.79999999999995,332.6275329589844
TS0330E,TS0330F,lath_net,2428,24,286.79999999999995,324.4741516113281
TS0330E,TS0330F,lath_net,2428,25,276.79999999999995,316.4510498046875
TS0330E,TS0330F,lath_net,2428,26,266.79999999999995,307.4372863769531
TS0330E,TS0330F,lath_net,2428,27,256.79999999999995,298.6513671875
TS0330E,TS0330F,lath_net,2428,28,246.79999999999995,290.2877502441406
TS0330E,TS0330F,lath_net,2428,29,236.79999999999995,281.1303405761719
TS0330E,TS0330F,lath_net,2428,30,226.79999999999995,272.68218994140625
TS0330E,TS0330F,lath_net,2428,31,216.79999999999995,265.4601745605469
TS0330E,TS0330F,lath_net,2428,32,206.79999999999995,257.996337890625
TS0330E,TS0330F,lath_net,2428,33,196.79999999999995,248.6255645751953
TS0330E,TS0330F,lath_net,2428,34,186.79999999999995,239.65499877929688
TS0330E,TS0330F,lath_net,2428,35,176.79999999999995,234.2958068847656
TS0330E,TS0330F,lath_net,2428,36,166.79999999999995,230.69374084472656
TS0330E,TS0330F,lath_net,2428,37,156.79999999999995,229.5870056152344
TS0330E,TS0330F,lath_net,2428,38,146.79999999999995,226.7513427734375
TS0330F,TS0330G,cnn,2526,0,515.35,581.2659301757812
TS0330F,TS0330G,cnn,2526,1,505.35,562.94091796875
TS0330F,TS0330G,cnn,2526,2,495.35,542.3170776367188
TS0330F,TS0330G,cnn,2526,3,485.35,519.734375
TS0330F,TS0330G,cnn,2526,4,475.35,495.7474365234375
TS0330F,TS0330G,cnn,2526,5,465.35,470.8979797363281
TS0330F,TS0330G,cnn,2526,6,455.35,445.86767578125
TS0330F,TS0330G,cnn,2526,7,445.35,421.3845825195313
TS0330F,TS0330G,cnn,2526,8,435.35,398.00830078125
TS0330F,TS0330G,cnn,2526,9,425.35,376.1582946777344
TS0330F,TS0330G,cnn,2526,10,415.35,356.0662536621094
TS0330F,TS0330G,cnn,2526,11,405.35,338.09130859375
TS0330F,TS0330G,cnn,2526,12,395.35,322.4803771972656
TS0330F,TS0330G,cnn,2526,13,385.35,309.3060913085937
TS0330F,TS0330G,cnn,2526,14,375.35,298.4841613769531
TS0330F,TS0330G,cnn,2526,15,365.35,289.8014221191406
TS0330F,TS0330G,cnn,2526,16,355.35,283.20269775390625
TS0330F,TS0330G,cnn,2526,17,345.35,278.3819885253906
TS0330F,TS0330G,cnn,2526,18,335.35,275.103759765625
TS0330F,TS0330G,cnn,2526,19,325.35,273.0224609375
TS0330F,TS0330G,cnn,2526,20,315.35,271.8528747558594
TS0330F,TS0330G,cnn,2526,21,305.35,271.3712463378906
TS0330F,TS0330G,cnn,2526,22,295.35,271.3968811035156
TS0330F,TS0330G,cnn,2526,23,285.35,271.7667541503906
TS0330F,TS0330G,cnn,2526,24,275.35,272.3367919921875
TS0330F,TS0330G,cnn,2526,25,265.35,273.0252685546875
TS0330F,TS0330G,cnn,2526,26,255.35,273.80126953125
TS0330F,TS0330G,cnn,2526,27,245.35,274.6820983886719
TS0330F,TS0330G,cnn,2526,28,235.35,275.5412902832031
TS0330F,TS0330G,cnn,2526,29,225.35,276.36627197265625
TS0330F,TS0330G,cnn,2526,30,215.35,277.2075500488281
TS0330F,TS0330G,cnn,2526,31,205.35,278.0190124511719
TS0330F,TS0330G,cnn,2526,32,195.35,278.8339233398437
TS0330F,TS0330G,cnn,2527,0,515.35,593.8179931640625
TS0330F,TS0330G,cnn,2527,1,505.35,574.6976928710938
TS0330F,TS0330G,cnn,2527,2,495.35,553.5218505859375
TS0330F,TS0330G,cnn,2527,3,485.35,530.487060546875
TS0330F,TS0330G,cnn,2527,4,475.35,506.2065734863281
TS0330F,TS0330G,cnn,2527,5,465.35,481.1828308105469
TS0330F,TS0330G,cnn,2527,6,455.35,456.1788024902344
TS0330F,TS0330G,cnn,2527,7,445.35,431.6335144042969
TS0330F,TS0330G,cnn,2527,8,435.35,408.0429992675781
TS0330F,TS0330G,cnn,2527,9,425.35,385.79248046875
TS0330F,TS0330G,cnn,2527,10,415.35,364.8717041015625
TS0330F,TS0330G,cnn,2527,11,405.35,345.587890625
TS0330F,TS0330G,cnn,2527,12,395.35,328.1117248535156
TS0330F,TS0330G,cnn,2527,13,385.35,312.4148864746094
TS0330F,TS0330G,cnn,2527,14,375.35,298.5840148925781
TS0330F,TS0330G,cnn,2527,15,365.35,286.4195861816406
TS0330F,TS0330G,cnn,2527,16,355.35,275.8668212890625
TS0330F,TS0330G,cnn,2527,17,345.35,266.8689270019531
TS0330F,TS0330G,cnn,2527,18,335.35,259.394775390625
TS0330F,TS0330G,cnn,2527,19,325.35,253.1595764160156
TS0330F,TS0330G,cnn,2527,20,315.35,247.9761962890625
TS0330F,TS0330G,cnn,2527,21,305.35,243.7748260498047
TS0330F,TS0330G,cnn,2527,22,295.35,240.3210601806641
TS0330F,TS0330G,cnn,2527,23,285.35,237.6308135986328
TS0330F,TS0330G,cnn,2527,24,275.35,235.48472595214844
TS0330F,TS0330G,cnn,2527,25,265.35,233.805908203125
TS0330F,TS0330G,cnn,2527,26,255.35,232.57896423339844
TS0330F,TS0330G,cnn,2527,27,245.35,231.60667419433597
TS0330F,TS0330G,cnn,2527,28,235.35,230.9102325439453
TS0330F,TS0330G,cnn,2527,29,225.35,230.39013671875
TS0330F,TS0330G,cnn,2527,30,215.35,230.01690673828125
TS0330F,TS0330G,cnn,2527,31,205.35,229.84564208984372
TS0330F,TS0330G,cnn,2527,32,195.35,229.8384552001953
TS0330F,TS0330G,cnn,2528,0,515.35,596.94189453125
TS0330F,TS0330G,cnn,2528,1,505.35,575.994384765625
TS0330F,TS0330G,cnn,2528,2,495.35,552.85009765625
TS0330F,TS0330G,cnn,2528,3,485.35,527.85693359375
TS0330F,TS0330G,cnn,2528,4,475.35,501.7289123535156
TS0330F,TS0330G,cnn,2528,5,465.35,475.0871276855469
TS0330F,TS0330G,cnn,2528,6,455.35,448.76959228515625
TS0330F,TS0330G,cnn,2528,7,445.35,423.4116516113281
TS0330F,TS0330G,cnn,2528,8,435.35,399.5763549804688
TS0330F,TS0330G,cnn,2528,9,425.35,377.6642456054688
TS0330F,TS0330G,cnn,2528,10,415.35,357.7567443847656
TS0330F,TS0330G,cnn,2528,11,405.35,340.1590270996094
TS0330F,TS0330G,cnn,2528,12,395.35,325.0312194824219
TS0330F,TS0330G,cnn,2528,13,385.35,312.30181884765625
TS0330F,TS0330G,cnn,2528,14,375.35,301.90966796875
TS0330F,TS0330G,cnn,2528,15,365.35,293.5736999511719
TS0330F,TS0330G,cnn,2528,16,355.35,287.2056579589844
TS0330F,TS0330G,cnn,2528,17,345.35,282.53533935546875
TS0330F,TS0330G,cnn,2528,18,335.35,279.3740539550781
TS0330F,TS0330G,cnn,2528,19,325.35,277.4564208984375
TS0330F,TS0330G,cnn,2528,20,315.35,276.5242919921875
TS0330F,TS0330G,cnn,2528,21,305.35,276.41082763671875
TS0330F,TS0330G,cnn,2528,22,295.35,276.9496765136719
TS0330F,TS0330G,cnn,2528,23,285.35,277.967041015625
TS0330F,TS0330G,cnn,2528,24,275.35,279.30047607421875
TS0330F,TS0330G,cnn,2528,25,265.35,280.8707275390625
TS0330F,TS0330G,cnn,2528,26,255.35,282.6513977050781
TS0330F,TS0330G,cnn,2528,27,245.35,284.6759033203125
TS0330F,TS0330G,cnn,2528,28,235.35,286.7598876953125
TS0330F,TS0330G,cnn,2528,29,225.35,288.8069152832031
TS0330F,TS0330G,cnn,2528,30,215.35,290.8856506347656
TS0330F,TS0330G,cnn,2528,31,205.35,292.9559020996094
TS0330F,TS0330G,cnn,2528,32,195.35,295.1057434082031
TS0330F,TS0330G,lstm,2526,0,515.35,496.4813232421875
TS0330F,TS0330G,lstm,2526,1,505.35,487.6582946777344
TS0330F,TS0330G,lstm,2526,2,495.35,478.2274169921875
TS0330F,TS0330G,lstm,2526,3,485.35,469.0425415039063
TS0330F,TS0330G,lstm,2526,4,475.35,459.4679260253906
TS0330F,TS0330G,lstm,2526,5,465.35,450.1363220214844
TS0330F,TS0330G,lstm,2526,6,455.35,440.5330810546875
TS0330F,TS0330G,lstm,2526,7,445.35,431.6352233886719
TS0330F,TS0330G,lstm,2526,8,435.35,423.3229675292969
TS0330F,TS0330G,lstm,2526,9,425.35,415.5459899902344
TS0330F,TS0330G,lstm,2526,10,415.35,408.3960876464844
TS0330F,TS0330G,lstm,2526,11,405.35,401.2259216308594
TS0330F,TS0330G,lstm,2526,12,395.35,395.3632507324219
TS0330F,TS0330G,lstm,2526,13,385.35,390.1891479492188
TS0330F,TS0330G,lstm,2526,14,375.35,384.98681640625
TS0330F,TS0330G,lstm,2526,15,365.35,380.8889770507813
TS0330F,TS0330G,lstm,2526,16,355.35,376.619873046875
TS0330F,TS0330G,lstm,2526,17,345.35,373.67095947265625
TS0330F,TS0330G,lstm,2526,18,335.35,370.9733276367188
TS0330F,TS0330G,lstm,2526,19,325.35,367.2323913574219
TS0330F,TS0330G,lstm,2526,20,315.35,364.6442260742188
TS0330F,TS0330G,lstm,2526,21,305.35,361.4140625
TS0330F,TS0330G,lstm,2526,22,295.35,358.7412414550781
TS0330F,TS0330G,lstm,2526,23,285.35,356.7038879394531
TS0330F,TS0330G,lstm,2526,24,275.35,354.7957458496094
TS0330F,TS0330G,lstm,2526,25,265.35,352.9483642578125
TS0330F,TS0330G,lstm,2526,26,255.35,350.53338623046875
TS0330F,TS0330G,lstm,2526,27,245.35,347.82666015625
TS0330F,TS0330G,lstm,2526,28,235.35,346.6158752441406
TS0330F,TS0330G,lstm,2526,29,225.35,345.93994140625
TS0330F,TS0330G,lstm,2526,30,215.35,344.59234619140625
TS0330F,TS0330G,lstm,2526,31,205.35,343.0545959472656
TS0330F,TS0330G,lstm,2526,32,195.35,341.072509765625
TS0330F,TS0330G,lstm,2527,0,515.35,494.81842041015625
TS0330F,TS0330G,lstm,2527,1,505.35,486.0276489257813
TS0330F,TS0330G,lstm,2527,2,495.35,476.5280151367188
TS0330F,TS0330G,lstm,2527,3,485.35,467.1079406738281
TS0330F,TS0330G,lstm,2527,4,475.35,457.1122131347656
TS0330F,TS0330G,lstm,2527,5,465.35,447.1534729003906
TS0330F,TS0330G,lstm,2527,6,455.35,436.7372131347656
TS0330F,TS0330G,lstm,2527,7,445.35,426.8175964355469
TS0330F,TS0330G,lstm,2527,8,435.35,417.3581848144531
TS0330F,TS0330G,lstm,2527,9,425.35,408.312255859375
TS0330F,TS0330G,lstm,2527,10,415.35,399.8155212402344
TS0330F,TS0330G,lstm,2527,11,405.35,391.122314453125
TS0330F,TS0330G,lstm,2527,12,395.35,383.8665161132813
TS0330F,TS0330G,lstm,2527,13,385.35,377.30865478515625
TS0330F,TS0330G,lstm,2527,14,375.35,370.6968688964844
TS0330F,TS0330G,lstm,2527,15,365.35,365.3940734863281
TS0330F,TS0330G,lstm,2527,16,355.35,359.75714111328125
TS0330F,TS0330G,lstm,2527,17,345.35,355.8290710449219
TS0330F,TS0330G,lstm,2527,18,335.35,352.2337951660156
TS0330F,TS0330G,lstm,2527,19,325.35,347.1991271972656
TS0330F,TS0330G,lstm,2527,20,315.35,343.61798095703125
TS0330F,TS0330G,lstm,2527,21,305.35,339.2391357421875
TS0330F,TS0330G,lstm,2527,22,295.35,335.44696044921875
TS0330F,TS0330G,lstm,2527,23,285.35,332.5950622558594
TS0330F,TS0330G,lstm,2527,24,275.35,329.9041748046875
TS0330F,TS0330G,lstm,2527,25,265.35,327.2810974121094
TS0330F,TS0330G,lstm,2527,26,255.35,323.8888244628906
TS0330F,TS0330G,lstm,2527,27,245.35,319.9606628417969
TS0330F,TS0330G,lstm,2527,28,235.35,318.1865539550781
TS0330F,TS0330G,lstm,2527,29,225.35,317.277099609375
TS0330F,TS0330G,lstm,2527,30,215.35,315.3348693847656
TS0330F,TS0330G,lstm,2527,31,205.35,313.0928039550781
TS0330F,TS0330G,lstm,2527,32,195.35,310.2255859375
TS0330F,TS0330G,lstm,2528,0,515.35,507.1996154785156
TS0330F,TS0330G,lstm,2528,1,505.35,497.0321044921875
TS0330F,TS0330G,lstm,2528,2,495.35,486.0205993652344
TS0330F,TS0330G,lstm,2528,3,485.35,475.2280578613281
TS0330F,TS0330G,lstm,2528,4,475.35,463.7716064453125
TS0330F,TS0330G,lstm,2528,5,465.35,452.4505004882813
TS0330F,TS0330G,lstm,2528,6,455.35,440.5282897949219
TS0330F,TS0330G,lstm,2528,7,445.35,429.3127746582031
TS0330F,TS0330G,lstm,2528,8,435.35,418.6291809082031
TS0330F,TS0330G,lstm,2528,9,425.35,408.4560241699219
TS0330F,TS0330G,lstm,2528,10,415.35,398.9575500488281
TS0330F,TS0330G,lstm,2528,11,405.35,389.2630920410156
TS0330F,TS0330G,lstm,2528,12,395.35,381.27392578125
TS0330F,TS0330G,lstm,2528,13,385.35,374.11627197265625
TS0330F,TS0330G,lstm,2528,14,375.35,366.8712158203125
TS0330F,TS0330G,lstm,2528,15,365.35,361.14447021484375
TS0330F,TS0330G,lstm,2528,16,355.35,355.0968933105469
TS0330F,TS0330G,lstm,2528,17,345.35,350.9296875
TS0330F,TS0330G,lstm,2528,18,335.35,347.1061706542969
TS0330F,TS0330G,lstm,2528,19,325.35,341.76446533203125
TS0330F,TS0330G,lstm,2528,20,315.35,338.0540466308594
TS0330F,TS0330G,lstm,2528,21,305.35,333.46697998046875
TS0330F,TS0330G,lstm,2528,22,295.35,329.602294921875
TS0330F,TS0330G,lstm,2528,23,285.35,326.6897888183594
TS0330F,TS0330G,lstm,2528,24,275.35,323.95477294921875
TS0330F,TS0330G,lstm,2528,25,265.35,321.3036804199219
TS0330F,TS0330G,lstm,2528,26,255.35,317.8739318847656
TS0330F,TS0330G,lstm,2528,27,245.35,313.985595703125
TS0330F,TS0330G,lstm,2528,28,235.35,312.281005859375
TS0330F,TS0330G,lstm,2528,29,225.35,311.39678955078125
TS0330F,TS0330G,lstm,2528,30,215.35,309.4873046875
TS0330F,TS0330G,lstm,2528,31,205.35,307.3002319335937
TS0330F,TS0330G,lstm,2528,32,195.35,304.5055847167969
TS0330F,TS0330G,gru,2526,0,515.35,600.0
TS0330F,TS0330G,gru,2526,1,505.35,591.5048217773438
TS0330F,TS0330G,gru,2526,2,495.35,572.8230590820312
TS0330F,TS0330G,gru,2526,3,485.35,554.39306640625
TS0330F,TS0330G,gru,2526,4,475.35,534.5161743164062
TS0330F,TS0330G,gru,2526,5,465.35,514.7998046875
TS0330F,TS0330G,gru,2526,6,455.35,493.8710021972656
TS0330F,TS0330G,gru,2526,7,445.35,473.91900634765625
TS0330F,TS0330G,gru,2526,8,435.35,454.6729736328125
TS0330F,TS0330G,gru,2526,9,425.35,436.1554260253906
TS0330F,TS0330G,gru,2526,10,415.35,418.68603515625
TS0330F,TS0330G,gru,2526,11,405.35,400.44287109375
TS0330F,TS0330G,gru,2526,12,395.35,385.4983520507813
TS0330F,TS0330G,gru,2526,13,385.35,371.7844848632813
TS0330F,TS0330G,gru,2526,14,375.35,357.6468200683594
TS0330F,TS0330G,gru,2526,15,365.35,346.5884094238281
TS0330F,TS0330G,gru,2526,16,355.35,334.51373291015625
TS0330F,TS0330G,gru,2526,17,345.35,326.2983703613281
TS0330F,TS0330G,gru,2526,18,335.35,318.6146850585937
TS0330F,TS0330G,gru,2526,19,325.35,307.5362548828125
TS0330F,TS0330G,gru,2526,20,315.35,300.05322265625
TS0330F,TS0330G,gru,2526,21,305.35,290.4385681152344
TS0330F,TS0330G,gru,2526,22,295.35,282.4076843261719
TS0330F,TS0330G,gru,2526,23,285.35,276.3288269042969
TS0330F,TS0330G,gru,2526,24,275.35,270.519775390625
TS0330F,TS0330G,gru,2526,25,265.35,264.8451232910156
TS0330F,TS0330G,gru,2526,26,255.35,257.3907775878906
TS0330F,TS0330G,gru,2526,27,245.35,248.96697998046875
TS0330F,TS0330G,gru,2526,28,235.35,245.5458068847656
TS0330F,TS0330G,gru,2526,29,225.35,243.74197387695312
TS0330F,TS0330G,gru,2526,30,215.35,239.4483337402344
TS0330F,TS0330G,gru,2526,31,205.35,234.59181213378903
TS0330F,TS0330G,gru,2526,32,195.35,228.31936645507807
TS0330F,TS0330G,gru,2527,0,515.35,520.965576171875
TS0330F,TS0330G,gru,2527,1,505.35,510.66302490234375
TS0330F,TS0330G,gru,2527,2,495.35,499.3578796386719
TS0330F,TS0330G,gru,2527,3,485.35,488.1531066894531
TS0330F,TS0330G,gru,2527,4,475.35,475.98828125
TS0330F,TS0330G,gru,2527,5,465.35,464.0028381347656
TS0330F,TS0330G,gru,2527,6,455.35,451.5645446777344
TS0330F,TS0330G,gru,2527,7,445.35,439.483154296875
TS0330F,TS0330G,gru,2527,8,435.35,427.88482666015625
TS0330F,TS0330G,gru,2527,9,425.35,416.7392883300781
TS0330F,TS0330G,gru,2527,10,415.35,406.2768249511719
TS0330F,TS0330G,gru,2527,11,405.35,395.1946411132813
TS0330F,TS0330G,gru,2527,12,395.35,386.2992248535156
TS0330F,TS0330G,gru,2527,13,385.35,377.79736328125
TS0330F,TS0330G,gru,2527,14,375.35,369.2893981933594
TS0330F,TS0330G,gru,2527,15,365.35,362.7342224121094
TS0330F,TS0330G,gru,2527,16,355.35,355.2186584472656
TS0330F,TS0330G,gru,2527,17,345.35,350.21832275390625
TS0330F,TS0330G,gru,2527,18,335.35,345.6292419433594
TS0330F,TS0330G,gru,2527,19,325.35,338.8818054199219
TS0330F,TS0330G,gru,2527,20,315.35,334.23114013671875
TS0330F,TS0330G,gru,2527,21,305.35,328.5579833984375
TS0330F,TS0330G,gru,2527,22,295.35,323.4435119628906
TS0330F,TS0330G,gru,2527,23,285.35,319.7085876464844
TS0330F,TS0330G,gru,2527,24,275.35,316.1410217285156
TS0330F,TS0330G,gru,2527,25,265.35,312.6503295898437
TS0330F,TS0330G,gru,2527,26,255.35,308.25372314453125
TS0330F,TS0330G,gru,2527,27,245.35,302.82391357421875
TS0330F,TS0330G,gru,2527,28,235.35,300.4583740234375
TS0330F,TS0330G,gru,2527,29,225.35,299.5102233886719
TS0330F,TS0330G,gru,2527,30,215.35,296.8888244628906
TS0330F,TS0330G,gru,2527,31,205.35,293.88873291015625
TS0330F,TS0330G,gru,2527,32,195.35,290.1676330566406
TS0330F,TS0330G,gru,2528,0,515.35,600.0
TS0330F,TS0330G,gru,2528,1,505.35,582.12646484375
TS0330F,TS0330G,gru,2528,2,495.35,562.3156127929688
TS0330F,TS0330G,gru,2528,3,485.35,543.1838989257812
TS0330F,TS0330G,gru,2528,4,475.35,522.9921264648438
TS0330F,TS0330G,gru,2528,5,465.35,503.3076477050781
TS0330F,TS0330G,gru,2528,6,455.35,482.6031188964844
TS0330F,TS0330G,gru,2528,7,445.35,463.3682861328125
TS0330F,TS0330G,gru,2528,8,435.35,445.0573120117188
TS0330F,TS0330G,gru,2528,9,425.35,427.6497497558594
TS0330F,TS0330G,gru,2528,10,415.35,411.4053039550781
TS0330F,TS0330G,gru,2528,11,405.35,394.6969909667969
TS0330F,TS0330G,gru,2528,12,395.35,381.0386047363281
TS0330F,TS0330G,gru,2528,13,385.35,368.8062438964844
TS0330F,TS0330G,gru,2528,14,375.35,356.09063720703125
TS0330F,TS0330G,gru,2528,15,365.35,346.13330078125
TS0330F,TS0330G,gru,2528,16,355.35,335.5252380371094
TS0330F,TS0330G,gru,2528,17,345.35,328.2948303222656
TS0330F,TS0330G,gru,2528,18,335.35,321.4493103027344
TS0330F,TS0330G,gru,2528,19,325.35,311.6593933105469
TS0330F,TS0330G,gru,2528,20,315.35,305.1587829589844
TS0330F,TS0330G,gru,2528,21,305.35,296.56451416015625
TS0330F,TS0330G,gru,2528,22,295.35,289.6787414550781
TS0330F,TS0330G,gru,2528,23,285.35,284.37860107421875
TS0330F,TS0330G,gru,2528,24,275.35,279.30694580078125
TS0330F,TS0330G,gru,2528,25,265.35,274.3526916503906
TS0330F,TS0330G,gru,2528,26,255.35,267.6877136230469
TS0330F,TS0330G,gru,2528,27,245.35,260.4582214355469
TS0330F,TS0330G,gru,2528,28,235.35,257.6717224121094
TS0330F,TS0330G,gru,2528,29,225.35,256.0378723144531
TS0330F,TS0330G,gru,2528,30,215.35,252.26670837402344
TS0330F,TS0330G,gru,2528,31,205.35,248.024169921875
TS0330F,TS0330G,gru,2528,32,195.35,242.4250030517578
TS0330F,TS0330G,tcn,2526,0,515.35,535.6776733398438
TS0330F,TS0330G,tcn,2526,1,505.35,532.4662475585938
TS0330F,TS0330G,tcn,2526,2,495.35,527.0804443359375
TS0330F,TS0330G,tcn,2526,3,485.35,520.4298706054688
TS0330F,TS0330G,tcn,2526,4,475.35,513.3910522460938
TS0330F,TS0330G,tcn,2526,5,465.35,508.4786682128906
TS0330F,TS0330G,tcn,2526,6,455.35,503.1891479492188
TS0330F,TS0330G,tcn,2526,7,445.35,496.6378173828125
TS0330F,TS0330G,tcn,2526,8,435.35,493.6974792480469
TS0330F,TS0330G,tcn,2526,9,425.35,492.22760009765625
TS0330F,TS0330G,tcn,2526,10,415.35,490.8565673828125
TS0330F,TS0330G,tcn,2526,11,405.35,486.8301696777344
TS0330F,TS0330G,tcn,2526,12,395.35,478.8516540527344
TS0330F,TS0330G,tcn,2526,13,385.35,470.9790344238281
TS0330F,TS0330G,tcn,2526,14,375.35,470.9652404785156
TS0330F,TS0330G,tcn,2526,15,365.35,462.9382019042969
TS0330F,TS0330G,tcn,2526,16,355.35,444.5138244628906
TS0330F,TS0330G,tcn,2526,17,345.35,419.8901062011719
TS0330F,TS0330G,tcn,2526,18,335.35,397.7120056152344
TS0330F,TS0330G,tcn,2526,19,325.35,377.1706237792969
TS0330F,TS0330G,tcn,2526,20,315.35,359.1882019042969
TS0330F,TS0330G,tcn,2526,21,305.35,342.87115478515625
TS0330F,TS0330G,tcn,2526,22,295.35,328.5765075683594
TS0330F,TS0330G,tcn,2526,23,285.35,313.262939453125
TS0330F,TS0330G,tcn,2526,24,275.35,297.6579895019531
TS0330F,TS0330G,tcn,2526,25,265.35,282.9134521484375
TS0330F,TS0330G,tcn,2526,26,255.35,272.115966796875
TS0330F,TS0330G,tcn,2526,27,245.35,264.5745849609375
TS0330F,TS0330G,tcn,2526,28,235.35,258.83892822265625
TS0330F,TS0330G,tcn,2526,29,225.35,251.3111114501953
TS0330F,TS0330G,tcn,2526,30,215.35,242.8817138671875
TS0330F,TS0330G,tcn,2526,31,205.35,236.2244415283203
TS0330F,TS0330G,tcn,2526,32,195.35,229.39671325683597
TS0330F,TS0330G,tcn,2527,0,515.35,491.9745788574219
TS0330F,TS0330G,tcn,2527,1,505.35,490.4384460449219
TS0330F,TS0330G,tcn,2527,2,495.35,487.7217712402344
TS0330F,TS0330G,tcn,2527,3,485.35,485.4059448242188
TS0330F,TS0330G,tcn,2527,4,475.35,484.2644653320313
TS0330F,TS0330G,tcn,2527,5,465.35,481.9517517089844
TS0330F,TS0330G,tcn,2527,6,455.35,476.80120849609375
TS0330F,TS0330G,tcn,2527,7,445.35,467.1017150878906
TS0330F,TS0330G,tcn,2527,8,435.35,429.0486450195313
TS0330F,TS0330G,tcn,2527,9,425.35,389.3955078125
TS0330F,TS0330G,tcn,2527,10,415.35,362.3541564941406
TS0330F,TS0330G,tcn,2527,11,405.35,378.1173706054688
TS0330F,TS0330G,tcn,2527,12,395.35,400.65423583984375
TS0330F,TS0330G,tcn,2527,13,385.35,406.8814392089844
TS0330F,TS0330G,tcn,2527,14,375.35,402.5281982421875
TS0330F,TS0330G,tcn,2527,15,365.35,391.4957275390625
TS0330F,TS0330G,tcn,2527,16,355.35,377.4016418457031
TS0330F,TS0330G,tcn,2527,17,345.35,363.3018798828125
TS0330F,TS0330G,tcn,2527,18,335.35,347.871337890625
TS0330F,TS0330G,tcn,2527,19,325.35,332.97711181640625
TS0330F,TS0330G,tcn,2527,20,315.35,326.7518920898437
TS0330F,TS0330G,tcn,2527,21,305.35,326.62353515625
TS0330F,TS0330G,tcn,2527,22,295.35,324.25274658203125
TS0330F,TS0330G,tcn,2527,23,285.35,318.4755859375
TS0330F,TS0330G,tcn,2527,24,275.35,312.5494384765625
TS0330F,TS0330G,tcn,2527,25,265.35,304.0503234863281
TS0330F,TS0330G,tcn,2527,26,255.35,296.31787109375
TS0330F,TS0330G,tcn,2527,27,245.35,289.568359375
TS0330F,TS0330G,tcn,2527,28,235.35,286.04266357421875
TS0330F,TS0330G,tcn,2527,29,225.35,280.3984375
TS0330F,TS0330G,tcn,2527,30,215.35,274.36163330078125
TS0330F,TS0330G,tcn,2527,31,205.35,266.6352233886719
TS0330F,TS0330G,tcn,2527,32,195.35,262.3560485839844
TS0330F,TS0330G,tcn,2528,0,515.35,406.9600524902344
TS0330F,TS0330G,tcn,2528,1,505.35,422.4478149414063
TS0330F,TS0330G,tcn,2528,2,495.35,440.7947692871094
TS0330F,TS0330G,tcn,2528,3,485.35,455.5708618164063
TS0330F,TS0330G,tcn,2528,4,475.35,466.0278015136719
TS0330F,TS0330G,tcn,2528,5,465.35,472.7726440429688
TS0330F,TS0330G,tcn,2528,6,455.35,476.7998352050781
TS0330F,TS0330G,tcn,2528,7,445.35,479.3757934570313
TS0330F,TS0330G,tcn,2528,8,435.35,476.7646179199219
TS0330F,TS0330G,tcn,2528,9,425.35,468.9849243164063
TS0330F,TS0330G,tcn,2528,10,415.35,459.3580017089844
TS0330F,TS0330G,tcn,2528,11,405.35,447.1560668945313
TS0330F,TS0330G,tcn,2528,12,395.35,433.8004455566406
TS0330F,TS0330G,tcn,2528,13,385.35,425.1232299804688
TS0330F,TS0330G,tcn,2528,14,375.35,441.2296447753906
TS0330F,TS0330G,tcn,2528,15,365.35,462.104248046875
TS0330F,TS0330G,tcn,2528,16,355.35,470.4693603515625
TS0330F,TS0330G,tcn,2528,17,345.35,475.8606872558594
TS0330F,TS0330G,tcn,2528,18,335.35,469.5176086425781
TS0330F,TS0330G,tcn,2528,19,325.35,457.1027526855469
TS0330F,TS0330G,tcn,2528,20,315.35,440.5003967285156
TS0330F,TS0330G,tcn,2528,21,305.35,409.7747192382813
TS0330F,TS0330G,tcn,2528,22,295.35,384.46136474609375
TS0330F,TS0330G,tcn,2528,23,285.35,363.3137512207031
TS0330F,TS0330G,tcn,2528,24,275.35,345.42291259765625
TS0330F,TS0330G,tcn,2528,25,265.35,332.41217041015625
TS0330F,TS0330G,tcn,2528,26,255.35,321.380859375
TS0330F,TS0330G,tcn,2528,27,245.35,311.6911315917969
TS0330F,TS0330G,tcn,2528,28,235.35,304.61346435546875
TS0330F,TS0330G,tcn,2528,29,225.35,298.25640869140625
TS0330F,TS0330G,tcn,2528,30,215.35,291.5950927734375
TS0330F,TS0330G,tcn,2528,31,205.35,285.88446044921875
TS0330F,TS0330G,tcn,2528,32,195.35,281.7307434082031
TS0330F,TS0330G,transformer,2526,0,515.35,561.0050048828125
TS0330F,TS0330G,transformer,2526,1,505.35,557.7980346679688
TS0330F,TS0330G,transformer,2526,2,495.35,553.720703125
TS0330F,TS0330G,transformer,2526,3,485.35,548.6500854492188
TS0330F,TS0330G,transformer,2526,4,475.35,542.4251098632812
TS0330F,TS0330G,transformer,2526,5,465.35,534.9278564453125
TS0330F,TS0330G,transformer,2526,6,455.35,526.0256958007812
TS0330F,TS0330G,transformer,2526,7,445.35,515.72314453125
TS0330F,TS0330G,transformer,2526,8,435.35,504.0102844238281
TS0330F,TS0330G,transformer,2526,9,425.35,490.9484252929688
TS0330F,TS0330G,transformer,2526,10,415.35,476.5592041015625
TS0330F,TS0330G,transformer,2526,11,405.35,460.9010314941406
TS0330F,TS0330G,transformer,2526,12,395.35,444.3518371582031
TS0330F,TS0330G,transformer,2526,13,385.35,427.1330871582031
TS0330F,TS0330G,transformer,2526,14,375.35,409.4383850097656
TS0330F,TS0330G,transformer,2526,15,365.35,391.6510925292969
TS0330F,TS0330G,transformer,2526,16,355.35,373.898193359375
TS0330F,TS0330G,transformer,2526,17,345.35,356.7522888183594
TS0330F,TS0330G,transformer,2526,18,335.35,340.48394775390625
TS0330F,TS0330G,transformer,2526,19,325.35,324.7559814453125
TS0330F,TS0330G,transformer,2526,20,315.35,309.991455078125
TS0330F,TS0330G,transformer,2526,21,305.35,296.0029602050781
TS0330F,TS0330G,transformer,2526,22,295.35,282.8895874023437
TS0330F,TS0330G,transformer,2526,23,285.35,270.9769287109375
TS0330F,TS0330G,transformer,2526,24,275.35,259.99298095703125
TS0330F,TS0330G,transformer,2526,25,265.35,249.8610382080078
TS0330F,TS0330G,transformer,2526,26,255.35,240.44223022460935
TS0330F,TS0330G,transformer,2526,27,245.35,231.31602478027344
TS0330F,TS0330G,transformer,2526,28,235.35,223.1356506347656
TS0330F,TS0330G,transformer,2526,29,225.35,215.6326141357422
TS0330F,TS0330G,transformer,2526,30,215.35,208.4998779296875
TS0330F,TS0330G,transformer,2526,31,205.35,202.0096740722656
TS0330F,TS0330G,transformer,2526,32,195.35,195.689208984375
TS0330F,TS0330G,transformer,2527,0,515.35,517.5628662109375
TS0330F,TS0330G,transformer,2527,1,505.35,513.5721435546875
TS0330F,TS0330G,transformer,2527,2,495.35,508.6916809082031
TS0330F,TS0330G,transformer,2527,3,485.35,502.8755798339844
TS0330F,TS0330G,transformer,2527,4,475.35,496.0571899414063
TS0330F,TS0330G,transformer,2527,5,465.35,488.228759765625
TS0330F,TS0330G,transformer,2527,6,455.35,479.3907775878906
TS0330F,TS0330G,transformer,2527,7,445.35,469.65631103515625
TS0330F,TS0330G,transformer,2527,8,435.35,459.114501953125
TS0330F,TS0330G,transformer,2527,9,425.35,447.89837646484375
TS0330F,TS0330G,transformer,2527,10,415.35,436.0700378417969
TS0330F,TS0330G,transformer,2527,11,405.35,423.746337890625
TS0330F,TS0330G,transformer,2527,12,395.35,411.18206787109375
TS0330F,TS0330G,transformer,2527,13,385.35,398.5098876953125
TS0330F,TS0330G,transformer,2527,14,375.35,385.8583068847656
TS0330F,TS0330G,transformer,2527,15,365.35,373.3844604492188
TS0330F,TS0330G,transformer,2527,16,355.35,361.1770324707031
TS0330F,TS0330G,transformer,2527,17,345.35,349.502197265625
TS0330F,TS0330G,transformer,2527,18,335.35,338.5414733886719
TS0330F,TS0330G,transformer,2527,19,325.35,328.0856018066406
TS0330F,TS0330G,transformer,2527,20,315.35,318.32012939453125
TS0330F,TS0330G,transformer,2527,21,305.35,309.13702392578125
TS0330F,TS0330G,transformer,2527,22,295.35,300.5577697753906
TS0330F,TS0330G,transformer,2527,23,285.35,292.7828063964844
TS0330F,TS0330G,transformer,2527,24,275.35,285.59295654296875
TS0330F,TS0330G,transformer,2527,25,265.35,278.9364624023437
TS0330F,TS0330G,transformer,2527,26,255.35,272.75164794921875
TS0330F,TS0330G,transformer,2527,27,245.35,266.7338562011719
TS0330F,TS0330G,transformer,2527,28,235.35,261.2831115722656
TS0330F,TS0330G,transformer,2527,29,225.35,256.1840515136719
TS0330F,TS0330G,transformer,2527,30,215.35,251.27671813964844
TS0330F,TS0330G,transformer,2527,31,205.35,246.79510498046875
TS0330F,TS0330G,transformer,2527,32,195.35,242.4008331298828
TS0330F,TS0330G,transformer,2528,0,515.35,459.7339172363281
TS0330F,TS0330G,transformer,2528,1,505.35,460.4509582519531
TS0330F,TS0330G,transformer,2528,2,495.35,460.9393310546875
TS0330F,TS0330G,transformer,2528,3,485.35,461.1229553222656
TS0330F,TS0330G,transformer,2528,4,475.35,460.8233947753906
TS0330F,TS0330G,transformer,2528,5,465.35,459.90142822265625
TS0330F,TS0330G,transformer,2528,6,455.35,458.1433410644531
TS0330F,TS0330G,transformer,2528,7,445.35,455.45703125
TS0330F,TS0330G,transformer,2528,8,435.35,451.7609558105469
TS0330F,TS0330G,transformer,2528,9,425.35,447.0109558105469
TS0330F,TS0330G,transformer,2528,10,415.35,441.229736328125
TS0330F,TS0330G,transformer,2528,11,405.35,434.3840942382813
TS0330F,TS0330G,transformer,2528,12,395.35,426.6881713867188
TS0330F,TS0330G,transformer,2528,13,385.35,418.2858581542969
TS0330F,TS0330G,transformer,2528,14,375.35,409.2983703613281
TS0330F,TS0330G,transformer,2528,15,365.35,400.0050659179688
TS0330F,TS0330G,transformer,2528,16,355.35,390.4932861328125
TS0330F,TS0330G,transformer,2528,17,345.35,381.1339721679688
TS0330F,TS0330G,transformer,2528,18,335.35,372.1077270507813
TS0330F,TS0330G,transformer,2528,19,325.35,363.2536315917969
TS0330F,TS0330G,transformer,2528,20,315.35,354.8420104980469
TS0330F,TS0330G,transformer,2528,21,305.35,346.7750549316406
TS0330F,TS0330G,transformer,2528,22,295.35,339.12554931640625
TS0330F,TS0330G,transformer,2528,23,285.35,332.0939636230469
TS0330F,TS0330G,transformer,2528,24,275.35,325.5397033691406
TS0330F,TS0330G,transformer,2528,25,265.35,319.427978515625
TS0330F,TS0330G,transformer,2528,26,255.35,313.6806335449219
TS0330F,TS0330G,transformer,2528,27,245.35,308.0458984375
TS0330F,TS0330G,transformer,2528,28,235.35,302.9319152832031
TS0330F,TS0330G,transformer,2528,29,225.35,298.1942443847656
TS0330F,TS0330G,transformer,2528,30,215.35,293.6486511230469
TS0330F,TS0330G,transformer,2528,31,205.35,289.46826171875
TS0330F,TS0330G,transformer,2528,32,195.35,285.3598937988281
TS0330F,TS0330G,cnn_lstm,2526,0,515.35,573.8917846679688
TS0330F,TS0330G,cnn_lstm,2526,1,505.35,552.67626953125
TS0330F,TS0330G,cnn_lstm,2526,2,495.35,529.8005981445312
TS0330F,TS0330G,cnn_lstm,2526,3,485.35,508.1848754882813
TS0330F,TS0330G,cnn_lstm,2526,4,475.35,485.8605651855469
TS0330F,TS0330G,cnn_lstm,2526,5,465.35,464.4829711914063
TS0330F,TS0330G,cnn_lstm,2526,6,455.35,441.5381774902344
TS0330F,TS0330G,cnn_lstm,2526,7,445.35,421.98040771484375
TS0330F,TS0330G,cnn_lstm,2526,8,435.35,403.93841552734375
TS0330F,TS0330G,cnn_lstm,2526,9,425.35,387.5432739257813
TS0330F,TS0330G,cnn_lstm,2526,10,415.35,372.906982421875
TS0330F,TS0330G,cnn_lstm,2526,11,405.35,358.8470153808594
TS0330F,TS0330G,cnn_lstm,2526,12,395.35,347.6096496582031
TS0330F,TS0330G,cnn_lstm,2526,13,385.35,338.4968566894531
TS0330F,TS0330G,cnn_lstm,2526,14,375.35,328.93267822265625
TS0330F,TS0330G,cnn_lstm,2526,15,365.35,321.5511474609375
TS0330F,TS0330G,cnn_lstm,2526,16,355.35,314.38604736328125
TS0330F,TS0330G,cnn_lstm,2526,17,345.35,309.4698486328125
TS0330F,TS0330G,cnn_lstm,2526,18,335.35,304.767822265625
TS0330F,TS0330G,cnn_lstm,2526,19,325.35,298.3826599121094
TS0330F,TS0330G,cnn_lstm,2526,20,315.35,294.2515869140625
TS0330F,TS0330G,cnn_lstm,2526,21,305.35,288.721923828125
TS0330F,TS0330G,cnn_lstm,2526,22,295.35,284.52618408203125
TS0330F,TS0330G,cnn_lstm,2526,23,285.35,281.2657165527344
TS0330F,TS0330G,cnn_lstm,2526,24,275.35,278.17742919921875
TS0330F,TS0330G,cnn_lstm,2526,25,265.35,275.1892395019531
TS0330F,TS0330G,cnn_lstm,2526,26,255.35,271.1759033203125
TS0330F,TS0330G,cnn_lstm,2526,27,245.35,266.9612731933594
TS0330F,TS0330G,cnn_lstm,2526,28,235.35,265.3288269042969
TS0330F,TS0330G,cnn_lstm,2526,29,225.35,264.340087890625
TS0330F,TS0330G,cnn_lstm,2526,30,215.35,262.1532897949219
TS0330F,TS0330G,cnn_lstm,2526,31,205.35,259.70220947265625
TS0330F,TS0330G,cnn_lstm,2526,32,195.35,256.4996032714844
TS0330F,TS0330G,cnn_lstm,2527,0,515.35,434.0671081542969
TS0330F,TS0330G,cnn_lstm,2527,1,505.35,426.1009826660156
TS0330F,TS0330G,cnn_lstm,2527,2,495.35,417.2106628417969
TS0330F,TS0330G,cnn_lstm,2527,3,485.35,408.91009521484375
TS0330F,TS0330G,cnn_lstm,2527,4,475.35,400.1004333496094
TS0330F,TS0330G,cnn_lstm,2527,5,465.35,391.7706604003906
TS0330F,TS0330G,cnn_lstm,2527,6,455.35,382.8268737792969
TS0330F,TS0330G,cnn_lstm,2527,7,445.35,374.7960205078125
TS0330F,TS0330G,cnn_lstm,2527,8,435.35,367.221435546875
TS0330F,TS0330G,cnn_lstm,2527,9,425.35,360.1882019042969
TS0330F,TS0330G,cnn_lstm,2527,10,415.35,353.763427734375
TS0330F,TS0330G,cnn_lstm,2527,11,405.35,347.1483764648437
TS0330F,TS0330G,cnn_lstm,2527,12,395.35,342.0713806152344
TS0330F,TS0330G,cnn_lstm,2527,13,385.35,337.5129089355469
TS0330F,TS0330G,cnn_lstm,2527,14,375.35,332.671875
TS0330F,TS0330G,cnn_lstm,2527,15,365.35,329.2027893066406
TS0330F,TS0330G,cnn_lstm,2527,16,355.35,325.3355407714844
TS0330F,TS0330G,cnn_lstm,2527,17,345.35,322.8431091308594
TS0330F,TS0330G,cnn_lstm,2527,18,335.35,320.5342102050781
TS0330F,TS0330G,cnn_lstm,2527,19,325.35,317.0344543457031
TS0330F,TS0330G,cnn_lstm,2527,20,315.35,314.9578857421875
TS0330F,TS0330G,cnn_lstm,2527,21,305.35,312.1034240722656
TS0330F,TS0330G,cnn_lstm,2527,22,295.35,309.9157409667969
TS0330F,TS0330G,cnn_lstm,2527,23,285.35,308.2583312988281
TS0330F,TS0330G,cnn_lstm,2527,24,275.35,306.6786499023437
TS0330F,TS0330G,cnn_lstm,2527,25,265.35,305.1590576171875
TS0330F,TS0330G,cnn_lstm,2527,26,255.35,303.2157897949219
TS0330F,TS0330G,cnn_lstm,2527,27,245.35,301.02667236328125
TS0330F,TS0330G,cnn_lstm,2527,28,235.35,300.1936340332031
TS0330F,TS0330G,cnn_lstm,2527,29,225.35,299.7660827636719
TS0330F,TS0330G,cnn_lstm,2527,30,215.35,298.6608581542969
TS0330F,TS0330G,cnn_lstm,2527,31,205.35,297.4604187011719
TS0330F,TS0330G,cnn_lstm,2527,32,195.35,296.0008850097656
TS0330F,TS0330G,cnn_lstm,2528,0,515.35,598.1575927734375
TS0330F,TS0330G,cnn_lstm,2528,1,505.35,579.4475708007812
TS0330F,TS0330G,cnn_lstm,2528,2,495.35,557.8748168945312
TS0330F,TS0330G,cnn_lstm,2528,3,485.35,536.6441040039062
TS0330F,TS0330G,cnn_lstm,2528,4,475.35,513.3150024414062
TS0330F,TS0330G,cnn_lstm,2528,5,465.35,490.0823364257813
TS0330F,TS0330G,cnn_lstm,2528,6,455.35,464.1626586914063
TS0330F,TS0330G,cnn_lstm,2528,7,445.35,440.3373718261719
TS0330F,TS0330G,cnn_lstm,2528,8,435.35,417.3187561035156
TS0330F,TS0330G,cnn_lstm,2528,9,425.35,395.5044250488281
TS0330F,TS0330G,cnn_lstm,2528,10,415.35,375.3582458496094
TS0330F,TS0330G,cnn_lstm,2528,11,405.35,355.14727783203125
TS0330F,TS0330G,cnn_lstm,2528,12,395.35,339.0848999023437
TS0330F,TS0330G,cnn_lstm,2528,13,385.35,325.4921875
TS0330F,TS0330G,cnn_lstm,2528,14,375.35,311.5947570800781
TS0330F,TS0330G,cnn_lstm,2528,15,365.35,301.1910095214844
TS0330F,TS0330G,cnn_lstm,2528,16,355.35,290.9244384765625
TS0330F,TS0330G,cnn_lstm,2528,17,345.35,284.1401062011719
TS0330F,TS0330G,cnn_lstm,2528,18,335.35,277.91796875
TS0330F,TS0330G,cnn_lstm,2528,19,325.35,269.5885009765625
TS0330F,TS0330G,cnn_lstm,2528,20,315.35,264.406005859375
TS0330F,TS0330G,cnn_lstm,2528,21,305.35,257.7579650878906
TS0330F,TS0330G,cnn_lstm,2528,22,295.35,252.99508666992188
TS0330F,TS0330G,cnn_lstm,2528,23,285.35,249.4095916748047
TS0330F,TS0330G,cnn_lstm,2528,24,275.35,246.1374664306641
TS0330F,TS0330G,cnn_lstm,2528,25,265.35,243.0901336669922
TS0330F,TS0330G,cnn_lstm,2528,26,255.35,239.11471557617188
TS0330F,TS0330G,cnn_lstm,2528,27,245.35,235.43283081054688
TS0330F,TS0330G,cnn_lstm,2528,28,235.35,234.24058532714844
TS0330F,TS0330G,cnn_lstm,2528,29,225.35,233.37042236328125
TS0330F,TS0330G,cnn_lstm,2528,30,215.35,231.54608154296875
TS0330F,TS0330G,cnn_lstm,2528,31,205.35,229.5909881591797
TS0330F,TS0330G,cnn_lstm,2528,32,195.35,227.04331970214844
TS0330F,TS0330G,attention_gru,2526,0,515.35,558.913330078125
TS0330F,TS0330G,attention_gru,2526,1,505.35,549.912841796875
TS0330F,TS0330G,attention_gru,2526,2,495.35,539.5680541992188
TS0330F,TS0330G,attention_gru,2526,3,485.35,527.8826293945312
TS0330F,TS0330G,attention_gru,2526,4,475.35,515.0167236328125
TS0330F,TS0330G,attention_gru,2526,5,465.35,501.10833740234375
TS0330F,TS0330G,attention_gru,2526,6,455.35,486.4324951171875
TS0330F,TS0330G,attention_gru,2526,7,445.35,471.19573974609375
TS0330F,TS0330G,attention_gru,2526,8,435.35,455.6470947265625
TS0330F,TS0330G,attention_gru,2526,9,425.35,440.0208740234375
TS0330F,TS0330G,attention_gru,2526,10,415.35,424.3804931640625
TS0330F,TS0330G,attention_gru,2526,11,405.35,408.9340515136719
TS0330F,TS0330G,attention_gru,2526,12,395.35,393.9347229003906
TS0330F,TS0330G,attention_gru,2526,13,385.35,379.479248046875
TS0330F,TS0330G,attention_gru,2526,14,375.35,365.7177734375
TS0330F,TS0330G,attention_gru,2526,15,365.35,352.6819763183594
TS0330F,TS0330G,attention_gru,2526,16,355.35,340.4165954589844
TS0330F,TS0330G,attention_gru,2526,17,345.35,329.08123779296875
TS0330F,TS0330G,attention_gru,2526,18,335.35,318.783935546875
TS0330F,TS0330G,attention_gru,2526,19,325.35,309.2498779296875
TS0330F,TS0330G,attention_gru,2526,20,315.35,300.51220703125
TS0330F,TS0330G,attention_gru,2526,21,305.35,292.4944152832031
TS0330F,TS0330G,attention_gru,2526,22,295.35,285.0806884765625
TS0330F,TS0330G,attention_gru,2526,23,285.35,278.4366760253906
TS0330F,TS0330G,attention_gru,2526,24,275.35,272.3605041503906
TS0330F,TS0330G,attention_gru,2526,25,265.35,266.7825012207031
TS0330F,TS0330G,attention_gru,2526,26,255.35,261.6596374511719
TS0330F,TS0330G,attention_gru,2526,27,245.35,256.69146728515625
TS0330F,TS0330G,attention_gru,2526,28,235.35,252.15196228027344
TS0330F,TS0330G,attention_gru,2526,29,225.35,247.9445037841797
TS0330F,TS0330G,attention_gru,2526,30,215.35,243.94212341308597
TS0330F,TS0330G,attention_gru,2526,31,205.35,240.29034423828125
TS0330F,TS0330G,attention_gru,2526,32,195.35,236.74302673339844
TS0330F,TS0330G,attention_gru,2527,0,515.35,525.9068603515625
TS0330F,TS0330G,attention_gru,2527,1,505.35,519.0209350585938
TS0330F,TS0330G,attention_gru,2527,2,495.35,511.1705322265625
TS0330F,TS0330G,attention_gru,2527,3,485.35,502.3882751464844
TS0330F,TS0330G,attention_gru,2527,4,475.35,492.7896728515625
TS0330F,TS0330G,attention_gru,2527,5,465.35,482.4958801269531
TS0330F,TS0330G,attention_gru,2527,6,455.35,471.7057800292969
TS0330F,TS0330G,attention_gru,2527,7,445.35,460.5791015625
TS0330F,TS0330G,attention_gru,2527,8,435.35,449.27587890625
TS0330F,TS0330G,attention_gru,2527,9,425.35,437.9826354980469
TS0330F,TS0330G,attention_gru,2527,10,415.35,426.7034301757813
TS0330F,TS0330G,attention_gru,2527,11,405.35,415.577392578125
TS0330F,TS0330G,attention_gru,2527,12,395.35,404.7591552734375
TS0330F,TS0330G,attention_gru,2527,13,385.35,394.3089599609375
TS0330F,TS0330G,attention_gru,2527,14,375.35,384.3254089355469
TS0330F,TS0330G,attention_gru,2527,15,365.35,374.8273010253906
TS0330F,TS0330G,attention_gru,2527,16,355.35,365.8183288574219
TS0330F,TS0330G,attention_gru,2527,17,345.35,357.42889404296875
TS0330F,TS0330G,attention_gru,2527,18,335.35,349.74041748046875
TS0330F,TS0330G,attention_gru,2527,19,325.35,342.5476989746094
TS0330F,TS0330G,attention_gru,2527,20,315.35,335.8807983398437
TS0330F,TS0330G,attention_gru,2527,21,305.35,329.6903686523437
TS0330F,TS0330G,attention_gru,2527,22,295.35,323.89208984375
TS0330F,TS0330G,attention_gru,2527,23,285.35,318.6355285644531
TS0330F,TS0330G,attention_gru,2527,24,275.35,313.7821655273437
TS0330F,TS0330G,attention_gru,2527,25,265.35,309.2927551269531
TS0330F,TS0330G,attention_gru,2527,26,255.35,305.1316833496094
TS0330F,TS0330G,attention_gru,2527,27,245.35,301.0491027832031
TS0330F,TS0330G,attention_gru,2527,28,235.35,297.3004150390625
TS0330F,TS0330G,attention_gru,2527,29,225.35,293.82183837890625
TS0330F,TS0330G,attention_gru,2527,30,215.35,290.4982604980469
TS0330F,TS0330G,attention_gru,2527,31,205.35,287.44927978515625
TS0330F,TS0330G,attention_gru,2527,32,195.35,284.4708251953125
TS0330F,TS0330G,attention_gru,2528,0,515.35,545.8158569335938
TS0330F,TS0330G,attention_gru,2528,1,505.35,539.27001953125
TS0330F,TS0330G,attention_gru,2528,2,495.35,531.6929931640625
TS0330F,TS0330G,attention_gru,2528,3,485.35,523.0689697265625
TS0330F,TS0330G,attention_gru,2528,4,475.35,513.4881591796875
TS0330F,TS0330G,attention_gru,2528,5,465.35,503.0271301269531
TS0330F,TS0330G,attention_gru,2528,6,455.35,491.8663635253906
TS0330F,TS0330G,attention_gru,2528,7,445.35,480.1325378417969
TS0330F,TS0330G,attention_gru,2528,8,435.35,467.9966430664063
TS0330F,TS0330G,attention_gru,2528,9,425.35,455.6385803222656
TS0330F,TS0330G,attention_gru,2528,10,415.35,443.08782958984375
TS0330F,TS0330G,attention_gru,2528,11,405.35,430.5089111328125
TS0330F,TS0330G,attention_gru,2528,12,395.35,418.090576171875
TS0330F,TS0330G,attention_gru,2528,13,385.35,405.9308776855469
TS0330F,TS0330G,attention_gru,2528,14,375.35,394.1737060546875
TS0330F,TS0330G,attention_gru,2528,15,365.35,382.8596801757813
TS0330F,TS0330G,attention_gru,2528,16,355.35,372.0440673828125
TS0330F,TS0330G,attention_gru,2528,17,345.35,361.8880004882813
TS0330F,TS0330G,attention_gru,2528,18,335.35,352.5267028808594
TS0330F,TS0330G,attention_gru,2528,19,325.35,343.74853515625
TS0330F,TS0330G,attention_gru,2528,20,315.35,335.5810546875
TS0330F,TS0330G,attention_gru,2528,21,305.35,327.9976806640625
TS0330F,TS0330G,attention_gru,2528,22,295.35,320.89166259765625
TS0330F,TS0330G,attention_gru,2528,23,285.35,314.4422607421875
TS0330F,TS0330G,attention_gru,2528,24,275.35,308.4862365722656
TS0330F,TS0330G,attention_gru,2528,25,265.35,302.97149658203125
TS0330F,TS0330G,attention_gru,2528,26,255.35,297.87310791015625
TS0330F,TS0330G,attention_gru,2528,27,245.35,292.88629150390625
TS0330F,TS0330G,attention_gru,2528,28,235.35,288.2743835449219
TS0330F,TS0330G,attention_gru,2528,29,225.35,283.97711181640625
TS0330F,TS0330G,attention_gru,2528,30,215.35,279.88580322265625
TS0330F,TS0330G,attention_gru,2528,31,205.35,276.1379699707031
TS0330F,TS0330G,attention_gru,2528,32,195.35,272.48712158203125
TS0330F,TS0330G,tcn_transformer,2526,0,515.35,532.7653198242188
TS0330F,TS0330G,tcn_transformer,2526,1,505.35,526.8704223632812
TS0330F,TS0330G,tcn_transformer,2526,2,495.35,519.5813598632812
TS0330F,TS0330G,tcn_transformer,2526,3,485.35,510.9354248046875
TS0330F,TS0330G,tcn_transformer,2526,4,475.35,500.9715576171875
TS0330F,TS0330G,tcn_transformer,2526,5,465.35,489.8419494628906
TS0330F,TS0330G,tcn_transformer,2526,6,455.35,477.7685852050781
TS0330F,TS0330G,tcn_transformer,2526,7,445.35,465.0521240234375
TS0330F,TS0330G,tcn_transformer,2526,8,435.35,452.0700073242188
TS0330F,TS0330G,tcn_transformer,2526,9,425.35,438.9959411621094
TS0330F,TS0330G,tcn_transformer,2526,10,415.35,425.9522399902344
TS0330F,TS0330G,tcn_transformer,2526,11,405.35,412.95068359375
TS0330F,TS0330G,tcn_transformer,2526,12,395.35,400.0392456054688
TS0330F,TS0330G,tcn_transformer,2526,13,385.35,387.3257141113281
TS0330F,TS0330G,tcn_transformer,2526,14,375.35,374.8275451660156
TS0330F,TS0330G,tcn_transformer,2526,15,365.35,362.4451904296875
TS0330F,TS0330G,tcn_transformer,2526,16,355.35,350.1517333984375
TS0330F,TS0330G,tcn_transformer,2526,17,345.35,338.0419616699219
TS0330F,TS0330G,tcn_transformer,2526,18,335.35,326.3172607421875
TS0330F,TS0330G,tcn_transformer,2526,19,325.35,314.9607849121094
TS0330F,TS0330G,tcn_transformer,2526,20,315.35,303.9061584472656
TS0330F,TS0330G,tcn_transformer,2526,21,305.35,292.9501647949219
TS0330F,TS0330G,tcn_transformer,2526,22,295.35,281.8376770019531
TS0330F,TS0330G,tcn_transformer,2526,23,285.35,270.5770568847656
TS0330F,TS0330G,tcn_transformer,2526,24,275.35,258.96783447265625
TS0330F,TS0330G,tcn_transformer,2526,25,265.35,247.1715850830078
TS0330F,TS0330G,tcn_transformer,2526,26,255.35,235.4794464111328
TS0330F,TS0330G,tcn_transformer,2526,27,245.35,223.53179931640625
TS0330F,TS0330G,tcn_transformer,2526,28,235.35,212.40597534179688
TS0330F,TS0330G,tcn_transformer,2526,29,225.35,201.6158599853516
TS0330F,TS0330G,tcn_transformer,2526,30,215.35,191.0572052001953
TS0330F,TS0330G,tcn_transformer,2526,31,205.35,181.7520904541016
TS0330F,TS0330G,tcn_transformer,2526,32,195.35,172.94235229492188
TS0330F,TS0330G,tcn_transformer,2527,0,515.35,536.5719604492188
TS0330F,TS0330G,tcn_transformer,2527,1,505.35,531.8228759765625
TS0330F,TS0330G,tcn_transformer,2527,2,495.35,526.1710815429688
TS0330F,TS0330G,tcn_transformer,2527,3,485.35,519.7355346679688
TS0330F,TS0330G,tcn_transformer,2527,4,475.35,512.5918579101562
TS0330F,TS0330G,tcn_transformer,2527,5,465.35,504.8165893554688
TS0330F,TS0330G,tcn_transformer,2527,6,455.35,496.484375
TS0330F,TS0330G,tcn_transformer,2527,7,445.35,487.6281127929688
TS0330F,TS0330G,tcn_transformer,2527,8,435.35,478.4051208496094
TS0330F,TS0330G,tcn_transformer,2527,9,425.35,468.86138916015625
TS0330F,TS0330G,tcn_transformer,2527,10,415.35,459.1593017578125
TS0330F,TS0330G,tcn_transformer,2527,11,405.35,449.2742919921875
TS0330F,TS0330G,tcn_transformer,2527,12,395.35,438.8343505859375
TS0330F,TS0330G,tcn_transformer,2527,13,385.35,427.8651123046875
TS0330F,TS0330G,tcn_transformer,2527,14,375.35,415.9235229492188
TS0330F,TS0330G,tcn_transformer,2527,15,365.35,403.0384521484375
TS0330F,TS0330G,tcn_transformer,2527,16,355.35,388.6908264160156
TS0330F,TS0330G,tcn_transformer,2527,17,345.35,372.9117431640625
TS0330F,TS0330G,tcn_transformer,2527,18,335.35,356.6526184082031
TS0330F,TS0330G,tcn_transformer,2527,19,325.35,340.74615478515625
TS0330F,TS0330G,tcn_transformer,2527,20,315.35,325.6305236816406
TS0330F,TS0330G,tcn_transformer,2527,21,305.35,311.5820617675781
TS0330F,TS0330G,tcn_transformer,2527,22,295.35,298.8131103515625
TS0330F,TS0330G,tcn_transformer,2527,23,285.35,287.5446472167969
TS0330F,TS0330G,tcn_transformer,2527,24,275.35,277.8856811523437
TS0330F,TS0330G,tcn_transformer,2527,25,265.35,269.67041015625
TS0330F,TS0330G,tcn_transformer,2527,26,255.35,262.7641906738281
TS0330F,TS0330G,tcn_transformer,2527,27,245.35,256.9560852050781
TS0330F,TS0330G,tcn_transformer,2527,28,235.35,252.1945953369141
TS0330F,TS0330G,tcn_transformer,2527,29,225.35,248.10372924804688
TS0330F,TS0330G,tcn_transformer,2527,30,215.35,244.57232666015625
TS0330F,TS0330G,tcn_transformer,2527,31,205.35,241.66932678222656
TS0330F,TS0330G,tcn_transformer,2527,32,195.35,239.0253448486328
TS0330F,TS0330G,tcn_transformer,2528,0,515.35,490.4288940429688
TS0330F,TS0330G,tcn_transformer,2528,1,505.35,492.8699951171875
TS0330F,TS0330G,tcn_transformer,2528,2,495.35,496.3517150878906
TS0330F,TS0330G,tcn_transformer,2528,3,485.35,501.6089782714844
TS0330F,TS0330G,tcn_transformer,2528,4,475.35,508.6138610839844
TS0330F,TS0330G,tcn_transformer,2528,5,465.35,516.83837890625
TS0330F,TS0330G,tcn_transformer,2528,6,455.35,524.192138671875
TS0330F,TS0330G,tcn_transformer,2528,7,445.35,528.41796875
TS0330F,TS0330G,tcn_transformer,2528,8,435.35,527.40283203125
TS0330F,TS0330G,tcn_transformer,2528,9,425.35,520.2025146484375
TS0330F,TS0330G,tcn_transformer,2528,10,415.35,507.2939147949219
TS0330F,TS0330G,tcn_transformer,2528,11,405.35,489.4387817382813
TS0330F,TS0330G,tcn_transformer,2528,12,395.35,467.8429870605469
TS0330F,TS0330G,tcn_transformer,2528,13,385.35,443.6038208007813
TS0330F,TS0330G,tcn_transformer,2528,14,375.35,417.9425354003906
TS0330F,TS0330G,tcn_transformer,2528,15,365.35,391.931884765625
TS0330F,TS0330G,tcn_transformer,2528,16,355.35,367.0091552734375
TS0330F,TS0330G,tcn_transformer,2528,17,345.35,344.2264709472656
TS0330F,TS0330G,tcn_transformer,2528,18,335.35,325.3705444335937
TS0330F,TS0330G,tcn_transformer,2528,19,325.35,310.5313415527344
TS0330F,TS0330G,tcn_transformer,2528,20,315.35,298.93182373046875
TS0330F,TS0330G,tcn_transformer,2528,21,305.35,290.0899963378906
TS0330F,TS0330G,tcn_transformer,2528,22,295.35,283.7518005371094
TS0330F,TS0330G,tcn_transformer,2528,23,285.35,279.84039306640625
TS0330F,TS0330G,tcn_transformer,2528,24,275.35,277.6343688964844
TS0330F,TS0330G,tcn_transformer,2528,25,265.35,276.6093444824219
TS0330F,TS0330G,tcn_transformer,2528,26,255.35,276.5886535644531
TS0330F,TS0330G,tcn_transformer,2528,27,245.35,277.0807800292969
TS0330F,TS0330G,tcn_transformer,2528,28,235.35,277.73944091796875
TS0330F,TS0330G,tcn_transformer,2528,29,225.35,278.4315795898437
TS0330F,TS0330G,tcn_transformer,2528,30,215.35,279.2641906738281
TS0330F,TS0330G,tcn_transformer,2528,31,205.35,280.1453857421875
TS0330F,TS0330G,tcn_transformer,2528,32,195.35,281.1547241210937
TS0330F,TS0330G,lath_net,2526,0,515.35,580.1304321289062
TS0330F,TS0330G,lath_net,2526,1,505.35,575.6978149414062
TS0330F,TS0330G,lath_net,2526,2,495.35,569.4312744140625
TS0330F,TS0330G,lath_net,2526,3,485.35,561.4225463867188
TS0330F,TS0330G,lath_net,2526,4,475.35,551.8046264648438
TS0330F,TS0330G,lath_net,2526,5,465.35,540.922607421875
TS0330F,TS0330G,lath_net,2526,6,455.35,529.3043823242188
TS0330F,TS0330G,lath_net,2526,7,445.35,517.4946899414062
TS0330F,TS0330G,lath_net,2526,8,435.35,505.5169982910156
TS0330F,TS0330G,lath_net,2526,9,425.35,493.527587890625
TS0330F,TS0330G,lath_net,2526,10,415.35,481.4497375488281
TS0330F,TS0330G,lath_net,2526,11,405.35,469.4747619628906
TS0330F,TS0330G,lath_net,2526,12,395.35,457.408203125
TS0330F,TS0330G,lath_net,2526,13,385.35,445.3036193847656
TS0330F,TS0330G,lath_net,2526,14,375.35,432.9543762207031
TS0330F,TS0330G,lath_net,2526,15,365.35,420.5618591308594
TS0330F,TS0330G,lath_net,2526,16,355.35,408.29931640625
TS0330F,TS0330G,lath_net,2526,17,345.35,396.2962341308594
TS0330F,TS0330G,lath_net,2526,18,335.35,384.9179382324219
TS0330F,TS0330G,lath_net,2526,19,325.35,373.7603149414063
TS0330F,TS0330G,lath_net,2526,20,315.35,362.6746520996094
TS0330F,TS0330G,lath_net,2526,21,305.35,351.8577575683594
TS0330F,TS0330G,lath_net,2526,22,295.35,342.00848388671875
TS0330F,TS0330G,lath_net,2526,23,285.35,333.2933654785156
TS0330F,TS0330G,lath_net,2526,24,275.35,325.2608337402344
TS0330F,TS0330G,lath_net,2526,25,265.35,317.8596496582031
TS0330F,TS0330G,lath_net,2526,26,255.35,311.0335388183594
TS0330F,TS0330G,lath_net,2526,27,245.35,305.4649963378906
TS0330F,TS0330G,lath_net,2526,28,235.35,300.9063720703125
TS0330F,TS0330G,lath_net,2526,29,225.35,295.6859436035156
TS0330F,TS0330G,lath_net,2526,30,215.35,290.7408142089844
TS0330F,TS0330G,lath_net,2526,31,205.35,286.3234558105469
TS0330F,TS0330G,lath_net,2526,32,195.35,282.2194519042969
TS0330F,TS0330G,lath_net,2527,0,515.35,509.0660705566406
TS0330F,TS0330G,lath_net,2527,1,505.35,511.3578796386719
TS0330F,TS0330G,lath_net,2527,2,495.35,513.01806640625
TS0330F,TS0330G,lath_net,2527,3,485.35,513.4007568359375
TS0330F,TS0330G,lath_net,2527,4,475.35,512.3414306640625
TS0330F,TS0330G,lath_net,2527,5,465.35,509.4566650390625
TS0330F,TS0330G,lath_net,2527,6,455.35,504.4914855957031
TS0330F,TS0330G,lath_net,2527,7,445.35,498.6356506347656
TS0330F,TS0330G,lath_net,2527,8,435.35,490.25927734375
TS0330F,TS0330G,lath_net,2527,9,425.35,483.3614501953125
TS0330F,TS0330G,lath_net,2527,10,415.35,474.7312927246094
TS0330F,TS0330G,lath_net,2527,11,405.35,462.93310546875
TS0330F,TS0330G,lath_net,2527,12,395.35,451.7136840820313
TS0330F,TS0330G,lath_net,2527,13,385.35,437.1011352539063
TS0330F,TS0330G,lath_net,2527,14,375.35,420.2430725097656
TS0330F,TS0330G,lath_net,2527,15,365.35,402.4931640625
TS0330F,TS0330G,lath_net,2527,16,355.35,385.4309997558594
TS0330F,TS0330G,lath_net,2527,17,345.35,370.8448791503906
TS0330F,TS0330G,lath_net,2527,18,335.35,358.8166198730469
TS0330F,TS0330G,lath_net,2527,19,325.35,348.4718933105469
TS0330F,TS0330G,lath_net,2527,20,315.35,339.9298400878906
TS0330F,TS0330G,lath_net,2527,21,305.35,332.18731689453125
TS0330F,TS0330G,lath_net,2527,22,295.35,326.32281494140625
TS0330F,TS0330G,lath_net,2527,23,285.35,320.8011169433594
TS0330F,TS0330G,lath_net,2527,24,275.35,315.7015075683594
TS0330F,TS0330G,lath_net,2527,25,265.35,311.3224182128906
TS0330F,TS0330G,lath_net,2527,26,255.35,307.2710876464844
TS0330F,TS0330G,lath_net,2527,27,245.35,304.4736633300781
TS0330F,TS0330G,lath_net,2527,28,235.35,301.6421203613281
TS0330F,TS0330G,lath_net,2527,29,225.35,298.1034545898437
TS0330F,TS0330G,lath_net,2527,30,215.35,295.0782775878906
TS0330F,TS0330G,lath_net,2527,31,205.35,292.5365295410156
TS0330F,TS0330G,lath_net,2527,32,195.35,290.5520324707031
TS0330F,TS0330G,lath_net,2528,0,515.35,534.877197265625
TS0330F,TS0330G,lath_net,2528,1,505.35,525.6738891601562
TS0330F,TS0330G,lath_net,2528,2,495.35,515.2686767578125
TS0330F,TS0330G,lath_net,2528,3,485.35,503.9951171875
TS0330F,TS0330G,lath_net,2528,4,475.35,492.1123352050781
TS0330F,TS0330G,lath_net,2528,5,465.35,479.7623901367188
TS0330F,TS0330G,lath_net,2528,6,455.35,467.4800415039063
TS0330F,TS0330G,lath_net,2528,7,445.35,455.5966491699219
TS0330F,TS0330G,lath_net,2528,8,435.35,444.2171936035156
TS0330F,TS0330G,lath_net,2528,9,425.35,433.605224609375
TS0330F,TS0330G,lath_net,2528,10,415.35,423.4450988769531
TS0330F,TS0330G,lath_net,2528,11,405.35,413.480224609375
TS0330F,TS0330G,lath_net,2528,12,395.35,403.2508544921875
TS0330F,TS0330G,lath_net,2528,13,385.35,392.5564270019531
TS0330F,TS0330G,lath_net,2528,14,375.35,381.6122131347656
TS0330F,TS0330G,lath_net,2528,15,365.35,371.6793518066406
TS0330F,TS0330G,lath_net,2528,16,355.35,361.8228759765625
TS0330F,TS0330G,lath_net,2528,17,345.35,351.1691589355469
TS0330F,TS0330G,lath_net,2528,18,335.35,339.89031982421875
TS0330F,TS0330G,lath_net,2528,19,325.35,328.5213317871094
TS0330F,TS0330G,lath_net,2528,20,315.35,317.0201416015625
TS0330F,TS0330G,lath_net,2528,21,305.35,305.29638671875
TS0330F,TS0330G,lath_net,2528,22,295.35,293.7449951171875
TS0330F,TS0330G,lath_net,2528,23,285.35,282.40313720703125
TS0330F,TS0330G,lath_net,2528,24,275.35,271.4181213378906
TS0330F,TS0330G,lath_net,2528,25,265.35,260.75494384765625
TS0330F,TS0330G,lath_net,2528,26,255.35,251.0760040283203
TS0330F,TS0330G,lath_net,2528,27,245.35,243.10011291503903
TS0330F,TS0330G,lath_net,2528,28,235.35,236.7914886474609
TS0330F,TS0330G,lath_net,2528,29,225.35,230.2744598388672
TS0330F,TS0330G,lath_net,2528,30,215.35,223.47146606445312
TS0330F,TS0330G,lath_net,2528,31,205.35,217.4879913330078
TS0330F,TS0330G,lath_net,2528,32,195.35,211.79417419433597
TS0330G,TS0330H,cnn,2626,0,531.33,482.7441101074219
TS0330G,TS0330H,cnn,2626,1,521.33,482.8150024414063
TS0330G,TS0330H,cnn,2626,2,511.33,481.8484191894531
TS0330G,TS0330H,cnn,2626,3,501.33,479.4774169921875
TS0330G,TS0330H,cnn,2626,4,491.33,475.515380859375
TS0330G,TS0330H,cnn,2626,5,481.33,469.9289245605469
TS0330G,TS0330H,cnn,2626,6,471.33,462.582763671875
TS0330G,TS0330H,cnn,2626,7,461.33,453.3594970703125
TS0330G,TS0330H,cnn,2626,8,451.33,442.5709838867188
TS0330G,TS0330H,cnn,2626,9,441.33,430.2596130371094
TS0330G,TS0330H,cnn,2626,10,431.33,416.6297302246094
TS0330G,TS0330H,cnn,2626,11,421.33,401.759033203125
TS0330G,TS0330H,cnn,2626,12,411.33,386.0205078125
TS0330G,TS0330H,cnn,2626,13,401.33,369.6839294433594
TS0330G,TS0330H,cnn,2626,14,391.33,352.9853820800781
TS0330G,TS0330H,cnn,2626,15,381.33,336.6129150390625
TS0330G,TS0330H,cnn,2626,16,371.33,320.38055419921875
TS0330G,TS0330H,cnn,2626,17,361.33,304.3683776855469
TS0330G,TS0330H,cnn,2626,18,351.33000000000004,288.8696594238281
TS0330G,TS0330H,cnn,2626,19,341.33000000000004,274.3482666015625
TS0330G,TS0330H,cnn,2626,20,331.33000000000004,260.46844482421875
TS0330G,TS0330H,cnn,2626,21,321.33000000000004,247.2240447998047
TS0330G,TS0330H,cnn,2626,22,311.33000000000004,234.928955078125
TS0330G,TS0330H,cnn,2626,23,301.33000000000004,223.6773681640625
TS0330G,TS0330H,cnn,2626,24,291.33000000000004,213.2773284912109
TS0330G,TS0330H,cnn,2626,25,281.33000000000004,204.15528869628903
TS0330G,TS0330H,cnn,2626,26,271.33000000000004,195.9136962890625
TS0330G,TS0330H,cnn,2626,27,261.33000000000004,187.67300415039065
TS0330G,TS0330H,cnn,2626,28,251.33000000000004,179.85891723632812
TS0330G,TS0330H,cnn,2626,29,241.33000000000004,172.95687866210938
TS0330G,TS0330H,cnn,2626,30,231.33000000000004,168.41299438476562
TS0330G,TS0330H,cnn,2627,0,531.33,471.8411254882813
TS0330G,TS0330H,cnn,2627,1,521.33,461.8658142089844
TS0330G,TS0330H,cnn,2627,2,511.33,451.2495422363281
TS0330G,TS0330H,cnn,2627,3,501.33,440.0592041015625
TS0330G,TS0330H,cnn,2627,4,491.33,428.69769287109375
TS0330G,TS0330H,cnn,2627,5,481.33,417.3493041992188
TS0330G,TS0330H,cnn,2627,6,471.33,406.0485229492188
TS0330G,TS0330H,cnn,2627,7,461.33,394.7225341796875
TS0330G,TS0330H,cnn,2627,8,451.33,383.5179748535156
TS0330G,TS0330H,cnn,2627,9,441.33,372.3959045410156
TS0330G,TS0330H,cnn,2627,10,431.33,361.3548583984375
TS0330G,TS0330H,cnn,2627,11,421.33,350.2334899902344
TS0330G,TS0330H,cnn,2627,12,411.33,339.11474609375
TS0330G,TS0330H,cnn,2627,13,401.33,328.0025634765625
TS0330G,TS0330H,cnn,2627,14,391.33,316.9032897949219
TS0330G,TS0330H,cnn,2627,15,381.33,306.1163024902344
TS0330G,TS0330H,cnn,2627,16,371.33,295.3102722167969
TS0330G,TS0330H,cnn,2627,17,361.33,284.42840576171875
TS0330G,TS0330H,cnn,2627,18,351.33000000000004,273.6463928222656
TS0330G,TS0330H,cnn,2627,19,341.33000000000004,263.2748107910156
TS0330G,TS0330H,cnn,2627,20,331.33000000000004,252.9558258056641
TS0330G,TS0330H,cnn,2627,21,321.33000000000004,242.75962829589844
TS0330G,TS0330H,cnn,2627,22,311.33000000000004,232.97116088867188
TS0330G,TS0330H,cnn,2627,23,301.33000000000004,223.7140655517578
TS0330G,TS0330H,cnn,2627,24,291.33000000000004,214.9498291015625
TS0330G,TS0330H,cnn,2627,25,281.33000000000004,207.12249755859372
TS0330G,TS0330H,cnn,2627,26,271.33000000000004,199.83648681640625
TS0330G,TS0330H,cnn,2627,27,261.33000000000004,192.4442901611328
TS0330G,TS0330H,cnn,2627,28,251.33000000000004,185.33294677734372
TS0330G,TS0330H,cnn,2627,29,241.33000000000004,179.39837646484375
TS0330G,TS0330H,cnn,2627,30,231.33000000000004,174.95616149902344
TS0330G,TS0330H,cnn,2628,0,531.33,457.8161315917969
TS0330G,TS0330H,cnn,2628,1,521.33,452.8215637207031
TS0330G,TS0330H,cnn,2628,2,511.33,447.1200866699219
TS0330G,TS0330H,cnn,2628,3,501.33,440.6410217285156
TS0330G,TS0330H,cnn,2628,4,491.33,433.4644775390625
TS0330G,TS0330H,cnn,2628,5,481.33,425.63226318359375
TS0330G,TS0330H,cnn,2628,6,471.33,417.0315856933594
TS0330G,TS0330H,cnn,2628,7,461.33,407.5494689941406
TS0330G,TS0330H,cnn,2628,8,451.33,397.3775329589844
TS0330G,TS0330H,cnn,2628,9,441.33,386.44720458984375
TS0330G,TS0330H,cnn,2628,10,431.33,374.84857177734375
TS0330G,TS0330H,cnn,2628,11,421.33,362.5357360839844
TS0330G,TS0330H,cnn,2628,12,411.33,349.7924194335937
TS0330G,TS0330H,cnn,2628,13,401.33,336.67974853515625
TS0330G,TS0330H,cnn,2628,14,391.33,323.3549194335937
TS0330G,TS0330H,cnn,2628,15,381.33,310.32086181640625
TS0330G,TS0330H,cnn,2628,16,371.33,297.3374938964844
TS0330G,TS0330H,cnn,2628,17,361.33,284.5072326660156
TS0330G,TS0330H,cnn,2628,18,351.33000000000004,272.0910339355469
TS0330G,TS0330H,cnn,2628,19,341.33000000000004,260.302490234375
TS0330G,TS0330H,cnn,2628,20,331.33000000000004,249.0194091796875
TS0330G,TS0330H,cnn,2628,21,321.33000000000004,238.2086944580078
TS0330G,TS0330H,cnn,2628,22,311.33000000000004,228.13119506835935
TS0330G,TS0330H,cnn,2628,23,301.33000000000004,218.86094665527344
TS0330G,TS0330H,cnn,2628,24,291.33000000000004,210.26824951171875
TS0330G,TS0330H,cnn,2628,25,281.33000000000004,202.7206115722656
TS0330G,TS0330H,cnn,2628,26,271.33000000000004,195.8227996826172
TS0330G,TS0330H,cnn,2628,27,261.33000000000004,188.93972778320312
TS0330G,TS0330H,cnn,2628,28,251.33000000000004,182.39048767089844
TS0330G,TS0330H,cnn,2628,29,241.33000000000004,176.64859008789062
TS0330G,TS0330H,cnn,2628,30,231.33000000000004,172.7793426513672
TS0330G,TS0330H,lstm,2626,0,531.33,478.297119140625
TS0330G,TS0330H,lstm,2626,1,521.33,467.830810546875
TS0330G,TS0330H,lstm,2626,2,511.33,456.4144592285156
TS0330G,TS0330H,lstm,2626,3,501.33,443.4328308105469
TS0330G,TS0330H,lstm,2626,4,491.33,430.0016784667969
TS0330G,TS0330H,lstm,2626,5,481.33,416.5851440429688
TS0330G,TS0330H,lstm,2626,6,471.33,402.1721496582031
TS0330G,TS0330H,lstm,2626,7,461.33,386.6772766113281
TS0330G,TS0330H,lstm,2626,8,451.33,372.232177734375
TS0330G,TS0330H,lstm,2626,9,441.33,357.7955322265625
TS0330G,TS0330H,lstm,2626,10,431.33,344.0854187011719
TS0330G,TS0330H,lstm,2626,11,421.33,330.12744140625
TS0330G,TS0330H,lstm,2626,12,411.33,318.45361328125
TS0330G,TS0330H,lstm,2626,13,401.33,307.1207275390625
TS0330G,TS0330H,lstm,2626,14,391.33,297.18145751953125
TS0330G,TS0330H,lstm,2626,15,381.33,290.12322998046875
TS0330G,TS0330H,lstm,2626,16,371.33,282.0350341796875
TS0330G,TS0330H,lstm,2626,17,361.33,274.4071350097656
TS0330G,TS0330H,lstm,2626,18,351.33000000000004,268.032470703125
TS0330G,TS0330H,lstm,2626,19,341.33000000000004,263.3717041015625
TS0330G,TS0330H,lstm,2626,20,331.33000000000004,257.95782470703125
TS0330G,TS0330H,lstm,2626,21,321.33000000000004,252.5449066162109
TS0330G,TS0330H,lstm,2626,22,311.33000000000004,248.7097320556641
TS0330G,TS0330H,lstm,2626,23,301.33000000000004,245.14454650878903
TS0330G,TS0330H,lstm,2626,24,291.33000000000004,242.24337768554688
TS0330G,TS0330H,lstm,2626,25,281.33000000000004,241.2661895751953
TS0330G,TS0330H,lstm,2626,26,271.33000000000004,239.0190277099609
TS0330G,TS0330H,lstm,2626,27,261.33000000000004,234.42860412597656
TS0330G,TS0330H,lstm,2626,28,251.33000000000004,230.0799560546875
TS0330G,TS0330H,lstm,2626,29,241.33000000000004,230.6708526611328
TS0330G,TS0330H,lstm,2626,30,231.33000000000004,235.06504821777344
TS0330G,TS0330H,lstm,2627,0,531.33,460.1087951660156
TS0330G,TS0330H,lstm,2627,1,521.33,451.56640625
TS0330G,TS0330H,lstm,2627,2,511.33,442.5582580566406
TS0330G,TS0330H,lstm,2627,3,501.33,432.3606567382813
TS0330G,TS0330H,lstm,2627,4,491.33,422.2350158691406
TS0330G,TS0330H,lstm,2627,5,481.33,412.296142578125
TS0330G,TS0330H,lstm,2627,6,471.33,401.4178161621094
TS0330G,TS0330H,lstm,2627,7,461.33,389.6253356933594
TS0330G,TS0330H,lstm,2627,8,451.33,378.5410461425781
TS0330G,TS0330H,lstm,2627,9,441.33,366.851318359375
TS0330G,TS0330H,lstm,2627,10,431.33,355.2077331542969
TS0330G,TS0330H,lstm,2627,11,421.33,342.422119140625
TS0330G,TS0330H,lstm,2627,12,411.33,331.3031005859375
TS0330G,TS0330H,lstm,2627,13,401.33,319.37127685546875
TS0330G,TS0330H,lstm,2627,14,391.33,308.2611694335937
TS0330G,TS0330H,lstm,2627,15,381.33,300.018310546875
TS0330G,TS0330H,lstm,2627,16,371.33,289.5409545898437
TS0330G,TS0330H,lstm,2627,17,361.33,279.1026611328125
TS0330G,TS0330H,lstm,2627,18,351.33000000000004,270.0495300292969
TS0330G,TS0330H,lstm,2627,19,341.33000000000004,263.0995483398437
TS0330G,TS0330H,lstm,2627,20,331.33000000000004,254.42132568359372
TS0330G,TS0330H,lstm,2627,21,321.33000000000004,245.4619598388672
TS0330G,TS0330H,lstm,2627,22,311.33000000000004,238.85980224609372
TS0330G,TS0330H,lstm,2627,23,301.33000000000004,232.51780700683597
TS0330G,TS0330H,lstm,2627,24,291.33000000000004,227.1739501953125
TS0330G,TS0330H,lstm,2627,25,281.33000000000004,225.33718872070312
TS0330G,TS0330H,lstm,2627,26,271.33000000000004,221.12892150878903
TS0330G,TS0330H,lstm,2627,27,261.33000000000004,212.21847534179688
TS0330G,TS0330H,lstm,2627,28,251.33000000000004,203.4390106201172
TS0330G,TS0330H,lstm,2627,29,241.33000000000004,204.22125244140625
TS0330G,TS0330H,lstm,2627,30,231.33000000000004,213.3089599609375
TS0330G,TS0330H,lstm,2628,0,531.33,468.6392211914063
TS0330G,TS0330H,lstm,2628,1,521.33,460.2952575683594
TS0330G,TS0330H,lstm,2628,2,511.33,451.427978515625
TS0330G,TS0330H,lstm,2628,3,501.33,441.206787109375
TS0330G,TS0330H,lstm,2628,4,491.33,430.83197021484375
TS0330G,TS0330H,lstm,2628,5,481.33,420.5140075683594
TS0330G,TS0330H,lstm,2628,6,471.33,408.9913940429688
TS0330G,TS0330H,lstm,2628,7,461.33,396.228759765625
TS0330G,TS0330H,lstm,2628,8,451.33,384.1676025390625
TS0330G,TS0330H,lstm,2628,9,441.33,371.2908325195313
TS0330G,TS0330H,lstm,2628,10,431.33,358.3612976074219
TS0330G,TS0330H,lstm,2628,11,421.33,344.1128845214844
TS0330G,TS0330H,lstm,2628,12,411.33,331.72235107421875
TS0330G,TS0330H,lstm,2628,13,401.33,318.5310974121094
TS0330G,TS0330H,lstm,2628,14,391.33,306.2710876464844
TS0330G,TS0330H,lstm,2628,15,381.33,297.3428039550781
TS0330G,TS0330H,lstm,2628,16,371.33,286.08477783203125
TS0330G,TS0330H,lstm,2628,17,361.33,275.04742431640625
TS0330G,TS0330H,lstm,2628,18,351.33000000000004,265.5838317871094
TS0330G,TS0330H,lstm,2628,19,341.33000000000004,258.48858642578125
TS0330G,TS0330H,lstm,2628,20,331.33000000000004,249.68179321289065
TS0330G,TS0330H,lstm,2628,21,321.33000000000004,240.71957397460935
TS0330G,TS0330H,lstm,2628,22,311.33000000000004,234.32081604003903
TS0330G,TS0330H,lstm,2628,23,301.33000000000004,228.1961212158203
TS0330G,TS0330H,lstm,2628,24,291.33000000000004,223.13589477539065
TS0330G,TS0330H,lstm,2628,25,281.33000000000004,221.54937744140625
TS0330G,TS0330H,lstm,2628,26,271.33000000000004,217.4595184326172
TS0330G,TS0330H,lstm,2628,27,261.33000000000004,208.99139404296875
TS0330G,TS0330H,lstm,2628,28,251.33000000000004,200.97267150878903
TS0330G,TS0330H,lstm,2628,29,241.33000000000004,202.5100555419922
TS0330G,TS0330H,lstm,2628,30,231.33000000000004,210.6595001220703
TS0330G,TS0330H,gru,2626,0,531.33,467.5181274414063
TS0330G,TS0330H,gru,2626,1,521.33,458.2953796386719
TS0330G,TS0330H,gru,2626,2,511.33,448.7315368652344
TS0330G,TS0330H,gru,2626,3,501.33,437.8822326660156
TS0330G,TS0330H,gru,2626,4,491.33,427.0749206542969
TS0330G,TS0330H,gru,2626,5,481.33,416.461669921875
TS0330G,TS0330H,gru,2626,6,471.33,404.7273254394531
TS0330G,TS0330H,gru,2626,7,461.33,391.8690490722656
TS0330G,TS0330H,gru,2626,8,451.33,379.81353759765625
TS0330G,TS0330H,gru,2626,9,441.33,366.9676208496094
TS0330G,TS0330H,gru,2626,10,431.33,354.1390380859375
TS0330G,TS0330H,gru,2626,11,421.33,340.0332946777344
TS0330G,TS0330H,gru,2626,12,411.33,327.6394958496094
TS0330G,TS0330H,gru,2626,13,401.33,314.5187683105469
TS0330G,TS0330H,gru,2626,14,391.33,302.1501159667969
TS0330G,TS0330H,gru,2626,15,381.33,292.99432373046875
TS0330G,TS0330H,gru,2626,16,371.33,281.76202392578125
TS0330G,TS0330H,gru,2626,17,361.33,270.5567932128906
TS0330G,TS0330H,gru,2626,18,351.33000000000004,260.5700378417969
TS0330G,TS0330H,gru,2626,19,341.33000000000004,252.99908447265625
TS0330G,TS0330H,gru,2626,20,331.33000000000004,244.06092834472656
TS0330G,TS0330H,gru,2626,21,321.33000000000004,234.5124969482422
TS0330G,TS0330H,gru,2626,22,311.33000000000004,227.4390563964844
TS0330G,TS0330H,gru,2626,23,301.33000000000004,220.8222503662109
TS0330G,TS0330H,gru,2626,24,291.33000000000004,215.1770172119141
TS0330G,TS0330H,gru,2626,25,281.33000000000004,212.9430084228516
TS0330G,TS0330H,gru,2626,26,271.33000000000004,209.00970458984372
TS0330G,TS0330H,gru,2626,27,261.33000000000004,200.2278289794922
TS0330G,TS0330H,gru,2626,28,251.33000000000004,191.3997344970703
TS0330G,TS0330H,gru,2626,29,241.33000000000004,190.52410888671875
TS0330G,TS0330H,gru,2626,30,231.33000000000004,200.61032104492188
TS0330G,TS0330H,gru,2627,0,531.33,474.2298583984375
TS0330G,TS0330H,gru,2627,1,521.33,465.534423828125
TS0330G,TS0330H,gru,2627,2,511.33,456.3175659179688
TS0330G,TS0330H,gru,2627,3,501.33,446.0021362304688
TS0330G,TS0330H,gru,2627,4,491.33,435.24261474609375
TS0330G,TS0330H,gru,2627,5,481.33,424.53411865234375
TS0330G,TS0330H,gru,2627,6,471.33,412.9359436035156
TS0330G,TS0330H,gru,2627,7,461.33,400.1577758789063
TS0330G,TS0330H,gru,2627,8,451.33,387.9004211425781
TS0330G,TS0330H,gru,2627,9,441.33,375.0324096679688
TS0330G,TS0330H,gru,2627,10,431.33,362.0256958007813
TS0330G,TS0330H,gru,2627,11,421.33,348.0990295410156
TS0330G,TS0330H,gru,2627,12,411.33,335.0950927734375
TS0330G,TS0330H,gru,2627,13,401.33,321.92352294921875
TS0330G,TS0330H,gru,2627,14,391.33,309.0851135253906
TS0330G,TS0330H,gru,2627,15,381.33,298.9367980957031
TS0330G,TS0330H,gru,2627,16,371.33,288.01934814453125
TS0330G,TS0330H,gru,2627,17,361.33,276.9914855957031
TS0330G,TS0330H,gru,2627,18,351.33000000000004,266.4975891113281
TS0330G,TS0330H,gru,2627,19,341.33000000000004,258.2188415527344
TS0330G,TS0330H,gru,2627,20,331.33000000000004,249.6387176513672
TS0330G,TS0330H,gru,2627,21,321.33000000000004,240.03907775878903
TS0330G,TS0330H,gru,2627,22,311.33000000000004,232.3721160888672
TS0330G,TS0330H,gru,2627,23,301.33000000000004,225.45286560058597
TS0330G,TS0330H,gru,2627,24,291.33000000000004,219.361572265625
TS0330G,TS0330H,gru,2627,25,281.33000000000004,216.0787353515625
TS0330G,TS0330H,gru,2627,26,271.33000000000004,212.63951110839844
TS0330G,TS0330H,gru,2627,27,261.33000000000004,204.79576110839844
TS0330G,TS0330H,gru,2627,28,251.33000000000004,196.11257934570312
TS0330G,TS0330H,gru,2627,29,241.33000000000004,191.4397430419922
TS0330G,TS0330H,gru,2627,30,231.33000000000004,201.74188232421875
TS0330G,TS0330H,gru,2628,0,531.33,499.0148620605469
TS0330G,TS0330H,gru,2628,1,521.33,483.6090087890625
TS0330G,TS0330H,gru,2628,2,511.33,468.2706298828125
TS0330G,TS0330H,gru,2628,3,501.33,451.6486511230469
TS0330G,TS0330H,gru,2628,4,491.33,436.0776977539063
TS0330G,TS0330H,gru,2628,5,481.33,421.439208984375
TS0330G,TS0330H,gru,2628,6,471.33,406.0377502441406
TS0330G,TS0330H,gru,2628,7,461.33,390.1872253417969
TS0330G,TS0330H,gru,2628,8,451.33,375.9288024902344
TS0330G,TS0330H,gru,2628,9,441.33,361.5704040527344
TS0330G,TS0330H,gru,2628,10,431.33,348.0191650390625
TS0330G,TS0330H,gru,2628,11,421.33,333.7051086425781
TS0330G,TS0330H,gru,2628,12,411.33,322.2027893066406
TS0330G,TS0330H,gru,2628,13,401.33,310.0893859863281
TS0330G,TS0330H,gru,2628,14,391.33,299.6561889648437
TS0330G,TS0330H,gru,2628,15,381.33,292.2839050292969
TS0330G,TS0330H,gru,2628,16,371.33,282.5220642089844
TS0330G,TS0330H,gru,2628,17,361.33,273.3426513671875
TS0330G,TS0330H,gru,2628,18,351.33000000000004,266.11883544921875
TS0330G,TS0330H,gru,2628,19,341.33000000000004,260.6304016113281
TS0330G,TS0330H,gru,2628,20,331.33000000000004,253.2515411376953
TS0330G,TS0330H,gru,2628,21,321.33000000000004,246.4942779541016
TS0330G,TS0330H,gru,2628,22,311.33000000000004,241.700927734375
TS0330G,TS0330H,gru,2628,23,301.33000000000004,236.9424743652344
TS0330G,TS0330H,gru,2628,24,291.33000000000004,233.20022583007807
TS0330G,TS0330H,gru,2628,25,281.33000000000004,232.3817901611328
TS0330G,TS0330H,gru,2628,26,271.33000000000004,228.5404510498047
TS0330G,TS0330H,gru,2628,27,261.33000000000004,221.7560272216797
TS0330G,TS0330H,gru,2628,28,251.33000000000004,215.50587463378903
TS0330G,TS0330H,gru,2628,29,241.33000000000004,219.66546630859372
TS0330G,TS0330H,gru,2628,30,231.33000000000004,223.13916015625
TS0330G,TS0330H,tcn,2626,0,531.33,459.4118347167969
TS0330G,TS0330H,tcn,2626,1,521.33,447.9866333007813
TS0330G,TS0330H,tcn,2626,2,511.33,438.0410461425781
TS0330G,TS0330H,tcn,2626,3,501.33,426.5318298339844
TS0330G,TS0330H,tcn,2626,4,491.33,414.52239990234375
TS0330G,TS0330H,tcn,2626,5,481.33,405.1707153320313
TS0330G,TS0330H,tcn,2626,6,471.33,398.46240234375
TS0330G,TS0330H,tcn,2626,7,461.33,392.2267150878906
TS0330G,TS0330H,tcn,2626,8,451.33,388.7268981933594
TS0330G,TS0330H,tcn,2626,9,441.33,382.6787109375
TS0330G,TS0330H,tcn,2626,10,431.33,371.9502258300781
TS0330G,TS0330H,tcn,2626,11,421.33,357.2706298828125
TS0330G,TS0330H,tcn,2626,12,411.33,343.9164123535156
TS0330G,TS0330H,tcn,2626,13,401.33,330.534423828125
TS0330G,TS0330H,tcn,2626,14,391.33,316.09295654296875
TS0330G,TS0330H,tcn,2626,15,381.33,303.7123413085937
TS0330G,TS0330H,tcn,2626,16,371.33,292.7942199707031
TS0330G,TS0330H,tcn,2626,17,361.33,281.56524658203125
TS0330G,TS0330H,tcn,2626,18,351.33000000000004,271.54022216796875
TS0330G,TS0330H,tcn,2626,19,341.33000000000004,263.66748046875
TS0330G,TS0330H,tcn,2626,20,331.33000000000004,255.45648193359372
TS0330G,TS0330H,tcn,2626,21,321.33000000000004,246.35302734375
TS0330G,TS0330H,tcn,2626,22,311.33000000000004,237.01097106933597
TS0330G,TS0330H,tcn,2626,23,301.33000000000004,229.33255004882807
TS0330G,TS0330H,tcn,2626,24,291.33000000000004,220.12130737304688
TS0330G,TS0330H,tcn,2626,25,281.33000000000004,210.7584686279297
TS0330G,TS0330H,tcn,2626,26,271.33000000000004,203.930419921875
TS0330G,TS0330H,tcn,2626,27,261.33000000000004,195.33230590820312
TS0330G,TS0330H,tcn,2626,28,251.33000000000004,187.9711456298828
TS0330G,TS0330H,tcn,2626,29,241.33000000000004,182.62664794921875
TS0330G,TS0330H,tcn,2626,30,231.33000000000004,176.44802856445312
TS0330G,TS0330H,tcn,2627,0,531.33,445.2365112304688
TS0330G,TS0330H,tcn,2627,1,521.33,437.0638122558594
TS0330G,TS0330H,tcn,2627,2,511.33,426.1951293945313
TS0330G,TS0330H,tcn,2627,3,501.33,418.6812438964844
TS0330G,TS0330H,tcn,2627,4,491.33,412.66998291015625
TS0330G,TS0330H,tcn,2627,5,481.33,407.4150085449219
TS0330G,TS0330H,tcn,2627,6,471.33,400.8643493652344
TS0330G,TS0330H,tcn,2627,7,461.33,391.7284851074219
TS0330G,TS0330H,tcn,2627,8,451.33,380.8612976074219
TS0330G,TS0330H,tcn,2627,9,441.33,369.8910827636719
TS0330G,TS0330H,tcn,2627,10,431.33,361.7901916503906
TS0330G,TS0330H,tcn,2627,11,421.33,351.9658203125
TS0330G,TS0330H,tcn,2627,12,411.33,340.9214172363281
TS0330G,TS0330H,tcn,2627,13,401.33,330.0861511230469
TS0330G,TS0330H,tcn,2627,14,391.33,317.3138122558594
TS0330G,TS0330H,tcn,2627,15,381.33,303.6893615722656
TS0330G,TS0330H,tcn,2627,16,371.33,290.1407470703125
TS0330G,TS0330H,tcn,2627,17,361.33,278.9580383300781
TS0330G,TS0330H,tcn,2627,18,351.33000000000004,267.9725036621094
TS0330G,TS0330H,tcn,2627,19,341.33000000000004,257.21051025390625
TS0330G,TS0330H,tcn,2627,20,331.33000000000004,248.34994506835935
TS0330G,TS0330H,tcn,2627,21,321.33000000000004,240.5094757080078
TS0330G,TS0330H,tcn,2627,22,311.33000000000004,232.1700439453125
TS0330G,TS0330H,tcn,2627,23,301.33000000000004,224.06100463867188
TS0330G,TS0330H,tcn,2627,24,291.33000000000004,217.7043914794922
TS0330G,TS0330H,tcn,2627,25,281.33000000000004,208.0821990966797
TS0330G,TS0330H,tcn,2627,26,271.33000000000004,203.26202392578125
TS0330G,TS0330H,tcn,2627,27,261.33000000000004,198.2967834472656
TS0330G,TS0330H,tcn,2627,28,251.33000000000004,194.12913513183597
TS0330G,TS0330H,tcn,2627,29,241.33000000000004,191.0008544921875
TS0330G,TS0330H,tcn,2627,30,231.33000000000004,185.69790649414065
TS0330G,TS0330H,tcn,2628,0,531.33,497.5024108886719
TS0330G,TS0330H,tcn,2628,1,521.33,484.2941589355469
TS0330G,TS0330H,tcn,2628,2,511.33,469.4418029785156
TS0330G,TS0330H,tcn,2628,3,501.33,453.4122009277344
TS0330G,TS0330H,tcn,2628,4,491.33,437.60498046875
TS0330G,TS0330H,tcn,2628,5,481.33,424.9469604492188
TS0330G,TS0330H,tcn,2628,6,471.33,405.7259521484375
TS0330G,TS0330H,tcn,2628,7,461.33,387.0296630859375
TS0330G,TS0330H,tcn,2628,8,451.33,364.4795227050781
TS0330G,TS0330H,tcn,2628,9,441.33,345.46099853515625
TS0330G,TS0330H,tcn,2628,10,431.33,332.6185913085937
TS0330G,TS0330H,tcn,2628,11,421.33,322.9049987792969
TS0330G,TS0330H,tcn,2628,12,411.33,323.1083374023437
TS0330G,TS0330H,tcn,2628,13,401.33,322.3700561523437
TS0330G,TS0330H,tcn,2628,14,391.33,318.00018310546875
TS0330G,TS0330H,tcn,2628,15,381.33,319.1034851074219
TS0330G,TS0330H,tcn,2628,16,371.33,314.0199279785156
TS0330G,TS0330H,tcn,2628,17,361.33,304.230224609375
TS0330G,TS0330H,tcn,2628,18,351.33000000000004,295.7030334472656
TS0330G,TS0330H,tcn,2628,19,341.33000000000004,284.2549133300781
TS0330G,TS0330H,tcn,2628,20,331.33000000000004,268.3734130859375
TS0330G,TS0330H,tcn,2628,21,321.33000000000004,252.8448486328125
TS0330G,TS0330H,tcn,2628,22,311.33000000000004,239.15280151367188
TS0330G,TS0330H,tcn,2628,23,301.33000000000004,228.63265991210935
TS0330G,TS0330H,tcn,2628,24,291.33000000000004,217.0185394287109
TS0330G,TS0330H,tcn,2628,25,281.33000000000004,209.3227996826172
TS0330G,TS0330H,tcn,2628,26,271.33000000000004,205.77540588378903
TS0330G,TS0330H,tcn,2628,27,261.33000000000004,199.65538024902344
TS0330G,TS0330H,tcn,2628,28,251.33000000000004,196.4716644287109
TS0330G,TS0330H,tcn,2628,29,241.33000000000004,196.07606506347656
TS0330G,TS0330H,tcn,2628,30,231.33000000000004,200.62710571289065
TS0330G,TS0330H,transformer,2626,0,531.33,461.7227783203125
TS0330G,TS0330H,transformer,2626,1,521.33,454.4173889160156
TS0330G,TS0330H,transformer,2626,2,511.33,446.2252807617188
TS0330G,TS0330H,transformer,2626,3,501.33,437.08294677734375
TS0330G,TS0330H,transformer,2626,4,491.33,427.2456665039063
TS0330G,TS0330H,transformer,2626,5,481.33,416.8944091796875
TS0330G,TS0330H,transformer,2626,6,471.33,406.0169677734375
TS0330G,TS0330H,transformer,2626,7,461.33,394.577880859375
TS0330G,TS0330H,transformer,2626,8,451.33,382.8806762695313
TS0330G,TS0330H,transformer,2626,9,441.33,370.9283752441406
TS0330G,TS0330H,transformer,2626,10,431.33,358.8376159667969
TS0330G,TS0330H,transformer,2626,11,421.33,346.565185546875
TS0330G,TS0330H,transformer,2626,12,411.33,334.3487548828125
TS0330G,TS0330H,transformer,2626,13,401.33,322.234619140625
TS0330G,TS0330H,transformer,2626,14,391.33,310.3641052246094
TS0330G,TS0330H,transformer,2626,15,381.33,299.0806884765625
TS0330G,TS0330H,transformer,2626,16,371.33,288.1060485839844
TS0330G,TS0330H,transformer,2626,17,361.33,277.4671630859375
TS0330G,TS0330H,transformer,2626,18,351.33000000000004,267.3509216308594
TS0330G,TS0330H,transformer,2626,19,341.33000000000004,257.97705078125
TS0330G,TS0330H,transformer,2626,20,331.33000000000004,249.03538513183597
TS0330G,TS0330H,transformer,2626,21,321.33000000000004,240.5931854248047
TS0330G,TS0330H,transformer,2626,22,311.33000000000004,232.78587341308597
TS0330G,TS0330H,transformer,2626,23,301.33000000000004,225.6610107421875
TS0330G,TS0330H,transformer,2626,24,291.33000000000004,219.1014709472656
TS0330G,TS0330H,transformer,2626,25,281.33000000000004,213.3855743408203
TS0330G,TS0330H,transformer,2626,26,271.33000000000004,208.1793670654297
TS0330G,TS0330H,transformer,2626,27,261.33000000000004,202.96197509765625
TS0330G,TS0330H,transformer,2626,28,251.33000000000004,198.0128936767578
TS0330G,TS0330H,transformer,2626,29,241.33000000000004,193.90576171875
TS0330G,TS0330H,transformer,2626,30,231.33000000000004,190.85665893554688
TS0330G,TS0330H,transformer,2627,0,531.33,472.7569580078125
TS0330G,TS0330H,transformer,2627,1,521.33,464.7250061035156
TS0330G,TS0330H,transformer,2627,2,511.33,455.8694458007813
TS0330G,TS0330H,transformer,2627,3,501.33,446.1246337890625
TS0330G,TS0330H,transformer,2627,4,491.33,435.7893676757813
TS0330G,TS0330H,transformer,2627,5,481.33,425.0361022949219
TS0330G,TS0330H,transformer,2627,6,471.33,413.9049987792969
TS0330G,TS0330H,transformer,2627,7,461.33,402.3696594238281
TS0330G,TS0330H,transformer,2627,8,451.33,390.6282043457031
TS0330G,TS0330H,transformer,2627,9,441.33,378.7238464355469
TS0330G,TS0330H,transformer,2627,10,431.33,366.7267150878906
TS0330G,TS0330H,transformer,2627,11,421.33,354.5814208984375
TS0330G,TS0330H,transformer,2627,12,411.33,342.2736511230469
TS0330G,TS0330H,transformer,2627,13,401.33,329.9774780273437
TS0330G,TS0330H,transformer,2627,14,391.33,317.69000244140625
TS0330G,TS0330H,transformer,2627,15,381.33,305.6659545898437
TS0330G,TS0330H,transformer,2627,16,371.33,293.7380676269531
TS0330G,TS0330H,transformer,2627,17,361.33,281.8357238769531
TS0330G,TS0330H,transformer,2627,18,351.33000000000004,270.2355651855469
TS0330G,TS0330H,transformer,2627,19,341.33000000000004,259.2900695800781
TS0330G,TS0330H,transformer,2627,20,331.33000000000004,248.6590118408203
TS0330G,TS0330H,transformer,2627,21,321.33000000000004,238.57086181640625
TS0330G,TS0330H,transformer,2627,22,311.33000000000004,229.13087463378903
TS0330G,TS0330H,transformer,2627,23,301.33000000000004,220.5726318359375
TS0330G,TS0330H,transformer,2627,24,291.33000000000004,212.63568115234372
TS0330G,TS0330H,transformer,2627,25,281.33000000000004,205.6666717529297
TS0330G,TS0330H,transformer,2627,26,271.33000000000004,199.3729705810547
TS0330G,TS0330H,transformer,2627,27,261.33000000000004,193.11627197265625
TS0330G,TS0330H,transformer,2627,28,251.33000000000004,187.33102416992188
TS0330G,TS0330H,transformer,2627,29,241.33000000000004,182.4772186279297
TS0330G,TS0330H,transformer,2627,30,231.33000000000004,178.69473266601562
TS0330G,TS0330H,transformer,2628,0,531.33,466.42041015625
TS0330G,TS0330H,transformer,2628,1,521.33,458.9615783691406
TS0330G,TS0330H,transformer,2628,2,511.33,450.7739868164063
TS0330G,TS0330H,transformer,2628,3,501.33,441.6882629394531
TS0330G,TS0330H,transformer,2628,4,491.33,432.0358581542969
TS0330G,TS0330H,transformer,2628,5,481.33,421.9727478027344
TS0330G,TS0330H,transformer,2628,6,471.33,411.5543823242188
TS0330G,TS0330H,transformer,2628,7,461.33,400.6792297363281
TS0330G,TS0330H,transformer,2628,8,451.33,389.5000915527344
TS0330G,TS0330H,transformer,2628,9,441.33,378.0802612304688
TS0330G,TS0330H,transformer,2628,10,431.33,366.4973754882813
TS0330G,TS0330H,transformer,2628,11,421.33,354.6806945800781
TS0330G,TS0330H,transformer,2628,12,411.33,342.46197509765625
TS0330G,TS0330H,transformer,2628,13,401.33,330.2164306640625
TS0330G,TS0330H,transformer,2628,14,391.33,317.91455078125
TS0330G,TS0330H,transformer,2628,15,381.33,305.9517822265625
TS0330G,TS0330H,transformer,2628,16,371.33,294.15069580078125
TS0330G,TS0330H,transformer,2628,17,361.33,282.28338623046875
TS0330G,TS0330H,transformer,2628,18,351.33000000000004,270.7172241210937
TS0330G,TS0330H,transformer,2628,19,341.33000000000004,260.008544921875
TS0330G,TS0330H,transformer,2628,20,331.33000000000004,249.5364532470703
TS0330G,TS0330H,transformer,2628,21,321.33000000000004,239.6396942138672
TS0330G,TS0330H,transformer,2628,22,311.33000000000004,230.3721923828125
TS0330G,TS0330H,transformer,2628,23,301.33000000000004,222.11534118652344
TS0330G,TS0330H,transformer,2628,24,291.33000000000004,214.45846557617188
TS0330G,TS0330H,transformer,2628,25,281.33000000000004,207.8022308349609
TS0330G,TS0330H,transformer,2628,26,271.33000000000004,201.8713531494141
TS0330G,TS0330H,transformer,2628,27,261.33000000000004,195.92335510253903
TS0330G,TS0330H,transformer,2628,28,251.33000000000004,190.5177154541016
TS0330G,TS0330H,transformer,2628,29,241.33000000000004,185.9738922119141
TS0330G,TS0330H,transformer,2628,30,231.33000000000004,182.3623962402344
TS0330G,TS0330H,cnn_lstm,2626,0,531.33,492.0880126953125
TS0330G,TS0330H,cnn_lstm,2626,1,521.33,482.3666076660156
TS0330G,TS0330H,cnn_lstm,2626,2,511.33,471.9413757324219
TS0330G,TS0330H,cnn_lstm,2626,3,501.33,459.7526550292969
TS0330G,TS0330H,cnn_lstm,2626,4,491.33,447.8102416992188
TS0330G,TS0330H,cnn_lstm,2626,5,481.33,435.6559143066406
TS0330G,TS0330H,cnn_lstm,2626,6,471.33,422.1702270507813
TS0330G,TS0330H,cnn_lstm,2626,7,461.33,407.40814208984375
TS0330G,TS0330H,cnn_lstm,2626,8,451.33,393.0186767578125
TS0330G,TS0330H,cnn_lstm,2626,9,441.33,377.8037414550781
TS0330G,TS0330H,cnn_lstm,2626,10,431.33,362.5962829589844
TS0330G,TS0330H,cnn_lstm,2626,11,421.33,346.06109619140625
TS0330G,TS0330H,cnn_lstm,2626,12,411.33,331.9939880371094
TS0330G,TS0330H,cnn_lstm,2626,13,401.33,317.1880187988281
TS0330G,TS0330H,cnn_lstm,2626,14,391.33,304.14471435546875
TS0330G,TS0330H,cnn_lstm,2626,15,381.33,294.7614440917969
TS0330G,TS0330H,cnn_lstm,2626,16,371.33,283.12774658203125
TS0330G,TS0330H,cnn_lstm,2626,17,361.33,272.19854736328125
TS0330G,TS0330H,cnn_lstm,2626,18,351.33000000000004,263.68829345703125
TS0330G,TS0330H,cnn_lstm,2626,19,341.33000000000004,257.2939147949219
TS0330G,TS0330H,cnn_lstm,2626,20,331.33000000000004,249.1870574951172
TS0330G,TS0330H,cnn_lstm,2626,21,321.33000000000004,241.93228149414065
TS0330G,TS0330H,cnn_lstm,2626,22,311.33000000000004,236.79049682617188
TS0330G,TS0330H,cnn_lstm,2626,23,301.33000000000004,231.9100799560547
TS0330G,TS0330H,cnn_lstm,2626,24,291.33000000000004,228.12115478515625
TS0330G,TS0330H,cnn_lstm,2626,25,281.33000000000004,227.2364196777344
TS0330G,TS0330H,cnn_lstm,2626,26,271.33000000000004,223.502685546875
TS0330G,TS0330H,cnn_lstm,2626,27,261.33000000000004,217.17713928222656
TS0330G,TS0330H,cnn_lstm,2626,28,251.33000000000004,211.42030334472656
TS0330G,TS0330H,cnn_lstm,2626,29,241.33000000000004,215.85052490234372
TS0330G,TS0330H,cnn_lstm,2626,30,231.33000000000004,218.1201019287109
TS0330G,TS0330H,cnn_lstm,2627,0,531.33,474.4902038574219
TS0330G,TS0330H,cnn_lstm,2627,1,521.33,470.0419616699219
TS0330G,TS0330H,cnn_lstm,2627,2,511.33,464.2194213867188
TS0330G,TS0330H,cnn_lstm,2627,3,501.33,456.2799377441406
TS0330G,TS0330H,cnn_lstm,2627,4,491.33,447.5910034179688
TS0330G,TS0330H,cnn_lstm,2627,5,481.33,437.6807861328125
TS0330G,TS0330H,cnn_lstm,2627,6,471.33,425.70068359375
TS0330G,TS0330H,cnn_lstm,2627,7,461.33,411.7802429199219
TS0330G,TS0330H,cnn_lstm,2627,8,451.33,397.2159729003906
TS0330G,TS0330H,cnn_lstm,2627,9,441.33,381.24517822265625
TS0330G,TS0330H,cnn_lstm,2627,10,431.33,364.9331970214844
TS0330G,TS0330H,cnn_lstm,2627,11,421.33,346.64813232421875
TS0330G,TS0330H,cnn_lstm,2627,12,411.33,331.5170593261719
TS0330G,TS0330H,cnn_lstm,2627,13,401.33,314.86767578125
TS0330G,TS0330H,cnn_lstm,2627,14,391.33,300.8406982421875
TS0330G,TS0330H,cnn_lstm,2627,15,381.33,290.70318603515625
TS0330G,TS0330H,cnn_lstm,2627,16,371.33,276.9330444335937
TS0330G,TS0330H,cnn_lstm,2627,17,361.33,264.0927429199219
TS0330G,TS0330H,cnn_lstm,2627,18,351.33000000000004,255.00973510742188
TS0330G,TS0330H,cnn_lstm,2627,19,341.33000000000004,247.81246948242188
TS0330G,TS0330H,cnn_lstm,2627,20,331.33000000000004,237.4811553955078
TS0330G,TS0330H,cnn_lstm,2627,21,321.33000000000004,229.3661651611328
TS0330G,TS0330H,cnn_lstm,2627,22,311.33000000000004,223.4535675048828
TS0330G,TS0330H,cnn_lstm,2627,23,301.33000000000004,217.55322265625
TS0330G,TS0330H,cnn_lstm,2627,24,291.33000000000004,213.23997497558597
TS0330G,TS0330H,cnn_lstm,2627,25,281.33000000000004,212.73712158203125
TS0330G,TS0330H,cnn_lstm,2627,26,271.33000000000004,206.9789123535156
TS0330G,TS0330H,cnn_lstm,2627,27,261.33000000000004,198.98081970214844
TS0330G,TS0330H,cnn_lstm,2627,28,251.33000000000004,191.66555786132807
TS0330G,TS0330H,cnn_lstm,2627,29,241.33000000000004,203.11253356933597
TS0330G,TS0330H,cnn_lstm,2627,30,231.33000000000004,199.16514587402344
TS0330G,TS0330H,cnn_lstm,2628,0,531.33,467.0327758789063
TS0330G,TS0330H,cnn_lstm,2628,1,521.33,458.4687805175781
TS0330G,TS0330H,cnn_lstm,2628,2,511.33,449.244873046875
TS0330G,TS0330H,cnn_lstm,2628,3,501.33,438.8879699707031
TS0330G,TS0330H,cnn_lstm,2628,4,491.33,428.9825744628906
TS0330G,TS0330H,cnn_lstm,2628,5,481.33,418.8888549804688
TS0330G,TS0330H,cnn_lstm,2628,6,471.33,407.9369812011719
TS0330G,TS0330H,cnn_lstm,2628,7,461.33,396.2746276855469
TS0330G,TS0330H,cnn_lstm,2628,8,451.33,384.6620788574219
TS0330G,TS0330H,cnn_lstm,2628,9,441.33,372.4399108886719
TS0330G,TS0330H,cnn_lstm,2628,10,431.33,360.1478881835937
TS0330G,TS0330H,cnn_lstm,2628,11,421.33,346.59375
TS0330G,TS0330H,cnn_lstm,2628,12,411.33,334.8238220214844
TS0330G,TS0330H,cnn_lstm,2628,13,401.33,321.7576904296875
TS0330G,TS0330H,cnn_lstm,2628,14,391.33,310.291748046875
TS0330G,TS0330H,cnn_lstm,2628,15,381.33,301.3663635253906
TS0330G,TS0330H,cnn_lstm,2628,16,371.33,289.36602783203125
TS0330G,TS0330H,cnn_lstm,2628,17,361.33,277.3114929199219
TS0330G,TS0330H,cnn_lstm,2628,18,351.33000000000004,268.0400695800781
TS0330G,TS0330H,cnn_lstm,2628,19,341.33000000000004,260.4642639160156
TS0330G,TS0330H,cnn_lstm,2628,20,331.33000000000004,249.78070068359372
TS0330G,TS0330H,cnn_lstm,2628,21,321.33000000000004,240.54156494140625
TS0330G,TS0330H,cnn_lstm,2628,22,311.33000000000004,233.47000122070312
TS0330G,TS0330H,cnn_lstm,2628,23,301.33000000000004,226.4695587158203
TS0330G,TS0330H,cnn_lstm,2628,24,291.33000000000004,221.03733825683597
TS0330G,TS0330H,cnn_lstm,2628,25,281.33000000000004,219.8746032714844
TS0330G,TS0330H,cnn_lstm,2628,26,271.33000000000004,213.48489379882807
TS0330G,TS0330H,cnn_lstm,2628,27,261.33000000000004,203.51629638671875
TS0330G,TS0330H,cnn_lstm,2628,28,251.33000000000004,193.81121826171875
TS0330G,TS0330H,cnn_lstm,2628,29,241.33000000000004,204.77398681640625
TS0330G,TS0330H,cnn_lstm,2628,30,231.33000000000004,203.06399536132807
TS0330G,TS0330H,attention_gru,2626,0,531.33,475.8621215820313
TS0330G,TS0330H,attention_gru,2626,1,521.33,467.95220947265625
TS0330G,TS0330H,attention_gru,2626,2,511.33,459.0635681152344
TS0330G,TS0330H,attention_gru,2626,3,501.33,449.1387939453125
TS0330G,TS0330H,attention_gru,2626,4,491.33,438.387939453125
TS0330G,TS0330H,attention_gru,2626,5,481.33,427.0288696289063
TS0330G,TS0330H,attention_gru,2626,6,471.33,415.1477355957031
TS0330G,TS0330H,attention_gru,2626,7,461.33,402.7109680175781
TS0330G,TS0330H,attention_gru,2626,8,451.33,389.9677734375
TS0330G,TS0330H,attention_gru,2626,9,441.33,377.0201110839844
TS0330G,TS0330H,attention_gru,2626,10,431.33,363.9959106445313
TS0330G,TS0330H,attention_gru,2626,11,421.33,350.9228210449219
TS0330G,TS0330H,attention_gru,2626,12,411.33,337.89508056640625
TS0330G,TS0330H,attention_gru,2626,13,401.33,325.1520690917969
TS0330G,TS0330H,attention_gru,2626,14,391.33,312.7329406738281
TS0330G,TS0330H,attention_gru,2626,15,381.33,300.9634094238281
TS0330G,TS0330H,attention_gru,2626,16,371.33,289.7453918457031
TS0330G,TS0330H,attention_gru,2626,17,361.33,278.98651123046875
TS0330G,TS0330H,attention_gru,2626,18,351.33000000000004,268.7967834472656
TS0330G,TS0330H,attention_gru,2626,19,341.33000000000004,259.4472961425781
TS0330G,TS0330H,attention_gru,2626,20,331.33000000000004,250.7112274169922
TS0330G,TS0330H,attention_gru,2626,21,321.33000000000004,242.53366088867188
TS0330G,TS0330H,attention_gru,2626,22,311.33000000000004,235.00814819335935
TS0330G,TS0330H,attention_gru,2626,23,301.33000000000004,228.23619079589844
TS0330G,TS0330H,attention_gru,2626,24,291.33000000000004,222.02099609375
TS0330G,TS0330H,attention_gru,2626,25,281.33000000000004,216.56141662597656
TS0330G,TS0330H,attention_gru,2626,26,271.33000000000004,211.76243591308597
TS0330G,TS0330H,attention_gru,2626,27,261.33000000000004,207.04563903808597
TS0330G,TS0330H,attention_gru,2626,28,251.33000000000004,202.62600708007807
TS0330G,TS0330H,attention_gru,2626,29,241.33000000000004,198.51974487304688
TS0330G,TS0330H,attention_gru,2626,30,231.33000000000004,195.79710388183597
TS0330G,TS0330H,attention_gru,2627,0,531.33,470.6495971679688
TS0330G,TS0330H,attention_gru,2627,1,521.33,463.1646423339844
TS0330G,TS0330H,attention_gru,2627,2,511.33,454.81097412109375
TS0330G,TS0330H,attention_gru,2627,3,501.33,445.5494689941406
TS0330G,TS0330H,attention_gru,2627,4,491.33,435.6077270507813
TS0330G,TS0330H,attention_gru,2627,5,481.33,425.1627502441406
TS0330G,TS0330H,attention_gru,2627,6,471.33,414.2667541503906
TS0330G,TS0330H,attention_gru,2627,7,461.33,402.8832092285156
TS0330G,TS0330H,attention_gru,2627,8,451.33,391.229736328125
TS0330G,TS0330H,attention_gru,2627,9,441.33,379.3707275390625
TS0330G,TS0330H,attention_gru,2627,10,431.33,367.40924072265625
TS0330G,TS0330H,attention_gru,2627,11,421.33,355.3421630859375
TS0330G,TS0330H,attention_gru,2627,12,411.33,343.280029296875
TS0330G,TS0330H,attention_gru,2627,13,401.33,331.40545654296875
TS0330G,TS0330H,attention_gru,2627,14,391.33,319.772705078125
TS0330G,TS0330H,attention_gru,2627,15,381.33,308.6888122558594
TS0330G,TS0330H,attention_gru,2627,16,371.33,298.0176696777344
TS0330G,TS0330H,attention_gru,2627,17,361.33,287.7160339355469
TS0330G,TS0330H,attention_gru,2627,18,351.33000000000004,277.9222717285156
TS0330G,TS0330H,attention_gru,2627,19,341.33000000000004,268.8729858398437
TS0330G,TS0330H,attention_gru,2627,20,331.33000000000004,260.349365234375
TS0330G,TS0330H,attention_gru,2627,21,321.33000000000004,252.3346710205078
TS0330G,TS0330H,attention_gru,2627,22,311.33000000000004,244.93731689453125
TS0330G,TS0330H,attention_gru,2627,23,301.33000000000004,238.2448883056641
TS0330G,TS0330H,attention_gru,2627,24,291.33000000000004,232.0854949951172
TS0330G,TS0330H,attention_gru,2627,25,281.33000000000004,226.67892456054688
TS0330G,TS0330H,attention_gru,2627,26,271.33000000000004,221.8627166748047
TS0330G,TS0330H,attention_gru,2627,27,261.33000000000004,217.0975341796875
TS0330G,TS0330H,attention_gru,2627,28,251.33000000000004,212.62257385253903
TS0330G,TS0330H,attention_gru,2627,29,241.33000000000004,208.57711791992188
TS0330G,TS0330H,attention_gru,2627,30,231.33000000000004,205.841552734375
TS0330G,TS0330H,attention_gru,2628,0,531.33,459.4203796386719
TS0330G,TS0330H,attention_gru,2628,1,521.33,452.1687622070313
TS0330G,TS0330H,attention_gru,2628,2,511.33,444.1214599609375
TS0330G,TS0330H,attention_gru,2628,3,501.33,435.2435302734375
TS0330G,TS0330H,attention_gru,2628,4,491.33,425.7475280761719
TS0330G,TS0330H,attention_gru,2628,5,481.33,415.8082275390625
TS0330G,TS0330H,attention_gru,2628,6,471.33,405.47015380859375
TS0330G,TS0330H,attention_gru,2628,7,461.33,394.69036865234375
TS0330G,TS0330H,attention_gru,2628,8,451.33,383.6744079589844
TS0330G,TS0330H,attention_gru,2628,9,441.33,372.4736022949219
TS0330G,TS0330H,attention_gru,2628,10,431.33,361.1707458496094
TS0330G,TS0330H,attention_gru,2628,11,421.33,349.7576599121094
TS0330G,TS0330H,attention_gru,2628,12,411.33,338.3226623535156
TS0330G,TS0330H,attention_gru,2628,13,401.33,327.0279541015625
TS0330G,TS0330H,attention_gru,2628,14,391.33,315.9139099121094
TS0330G,TS0330H,attention_gru,2628,15,381.33,305.2744445800781
TS0330G,TS0330H,attention_gru,2628,16,371.33,294.987548828125
TS0330G,TS0330H,attention_gru,2628,17,361.33,285.00079345703125
TS0330G,TS0330H,attention_gru,2628,18,351.33000000000004,275.4342956542969
TS0330G,TS0330H,attention_gru,2628,19,341.33000000000004,266.5443420410156
TS0330G,TS0330H,attention_gru,2628,20,331.33000000000004,258.1111145019531
TS0330G,TS0330H,attention_gru,2628,21,321.33000000000004,250.1200714111328
TS0330G,TS0330H,attention_gru,2628,22,311.33000000000004,242.68508911132807
TS0330G,TS0330H,attention_gru,2628,23,301.33000000000004,235.91015625
TS0330G,TS0330H,attention_gru,2628,24,291.33000000000004,229.63052368164065
TS0330G,TS0330H,attention_gru,2628,25,281.33000000000004,224.07896423339844
TS0330G,TS0330H,attention_gru,2628,26,271.33000000000004,219.1338653564453
TS0330G,TS0330H,attention_gru,2628,27,261.33000000000004,214.21255493164065
TS0330G,TS0330H,attention_gru,2628,28,251.33000000000004,209.56024169921875
TS0330G,TS0330H,attention_gru,2628,29,241.33000000000004,205.29177856445312
TS0330G,TS0330H,attention_gru,2628,30,231.33000000000004,202.4160919189453
TS0330G,TS0330H,tcn_transformer,2626,0,531.33,476.6724548339844
TS0330G,TS0330H,tcn_transformer,2626,1,521.33,467.3067321777344
TS0330G,TS0330H,tcn_transformer,2626,2,511.33,457.29693603515625
TS0330G,TS0330H,tcn_transformer,2626,3,501.33,446.0628662109375
TS0330G,TS0330H,tcn_transformer,2626,4,491.33,434.2348327636719
TS0330G,TS0330H,tcn_transformer,2626,5,481.33,422.0292663574219
TS0330G,TS0330H,tcn_transformer,2626,6,471.33,409.6372375488281
TS0330G,TS0330H,tcn_transformer,2626,7,461.33,396.9466247558594
TS0330G,TS0330H,tcn_transformer,2626,8,451.33,383.9993896484375
TS0330G,TS0330H,tcn_transformer,2626,9,441.33,370.7723083496094
TS0330G,TS0330H,tcn_transformer,2626,10,431.33,357.266845703125
TS0330G,TS0330H,tcn_transformer,2626,11,421.33,343.63690185546875
TS0330G,TS0330H,tcn_transformer,2626,12,411.33,329.4877014160156
TS0330G,TS0330H,tcn_transformer,2626,13,401.33,315.81158447265625
TS0330G,TS0330H,tcn_transformer,2626,14,391.33,302.6953430175781
TS0330G,TS0330H,tcn_transformer,2626,15,381.33,290.9638977050781
TS0330G,TS0330H,tcn_transformer,2626,16,371.33,280.5898132324219
TS0330G,TS0330H,tcn_transformer,2626,17,361.33,271.22906494140625
TS0330G,TS0330H,tcn_transformer,2626,18,351.33000000000004,262.9198303222656
TS0330G,TS0330H,tcn_transformer,2626,19,341.33000000000004,255.9058074951172
TS0330G,TS0330H,tcn_transformer,2626,20,331.33000000000004,249.4963531494141
TS0330G,TS0330H,tcn_transformer,2626,21,321.33000000000004,243.708251953125
TS0330G,TS0330H,tcn_transformer,2626,22,311.33000000000004,238.4572906494141
TS0330G,TS0330H,tcn_transformer,2626,23,301.33000000000004,233.79669189453125
TS0330G,TS0330H,tcn_transformer,2626,24,291.33000000000004,229.5186309814453
TS0330G,TS0330H,tcn_transformer,2626,25,281.33000000000004,225.7287139892578
TS0330G,TS0330H,tcn_transformer,2626,26,271.33000000000004,222.62120056152344
TS0330G,TS0330H,tcn_transformer,2626,27,261.33000000000004,219.42706298828125
TS0330G,TS0330H,tcn_transformer,2626,28,251.33000000000004,216.48431396484372
TS0330G,TS0330H,tcn_transformer,2626,29,241.33000000000004,213.73306274414065
TS0330G,TS0330H,tcn_transformer,2626,30,231.33000000000004,211.85240173339844
TS0330G,TS0330H,tcn_transformer,2627,0,531.33,476.9899597167969
TS0330G,TS0330H,tcn_transformer,2627,1,521.33,472.106689453125
TS0330G,TS0330H,tcn_transformer,2627,2,511.33,466.259765625
TS0330G,TS0330H,tcn_transformer,2627,3,501.33,459.1278076171875
TS0330G,TS0330H,tcn_transformer,2627,4,491.33,450.72216796875
TS0330G,TS0330H,tcn_transformer,2627,5,481.33,441.0036926269531
TS0330G,TS0330H,tcn_transformer,2627,6,471.33,429.642578125
TS0330G,TS0330H,tcn_transformer,2627,7,461.33,416.9613342285156
TS0330G,TS0330H,tcn_transformer,2627,8,451.33,404.3194885253906
TS0330G,TS0330H,tcn_transformer,2627,9,441.33,392.40765380859375
TS0330G,TS0330H,tcn_transformer,2627,10,431.33,381.41693115234375
TS0330G,TS0330H,tcn_transformer,2627,11,421.33,370.7975769042969
TS0330G,TS0330H,tcn_transformer,2627,12,411.33,359.9515991210937
TS0330G,TS0330H,tcn_transformer,2627,13,401.33,348.1415100097656
TS0330G,TS0330H,tcn_transformer,2627,14,391.33,334.9064025878906
TS0330G,TS0330H,tcn_transformer,2627,15,381.33,320.7593078613281
TS0330G,TS0330H,tcn_transformer,2627,16,371.33,306.28515625
TS0330G,TS0330H,tcn_transformer,2627,17,361.33,291.9065856933594
TS0330G,TS0330H,tcn_transformer,2627,18,351.33000000000004,278.3948974609375
TS0330G,TS0330H,tcn_transformer,2627,19,341.33000000000004,267.0361022949219
TS0330G,TS0330H,tcn_transformer,2627,20,331.33000000000004,256.6248474121094
TS0330G,TS0330H,tcn_transformer,2627,21,321.33000000000004,247.4198303222656
TS0330G,TS0330H,tcn_transformer,2627,22,311.33000000000004,239.05116271972656
TS0330G,TS0330H,tcn_transformer,2627,23,301.33000000000004,232.00784301757807
TS0330G,TS0330H,tcn_transformer,2627,24,291.33000000000004,225.5596466064453
TS0330G,TS0330H,tcn_transformer,2627,25,281.33000000000004,220.08447265625
TS0330G,TS0330H,tcn_transformer,2627,26,271.33000000000004,215.64427185058597
TS0330G,TS0330H,tcn_transformer,2627,27,261.33000000000004,211.09678649902344
TS0330G,TS0330H,tcn_transformer,2627,28,251.33000000000004,207.0481414794922
TS0330G,TS0330H,tcn_transformer,2627,29,241.33000000000004,203.43133544921875
TS0330G,TS0330H,tcn_transformer,2627,30,231.33000000000004,201.10183715820312
TS0330G,TS0330H,tcn_transformer,2628,0,531.33,453.8888549804688
TS0330G,TS0330H,tcn_transformer,2628,1,521.33,445.5159301757813
TS0330G,TS0330H,tcn_transformer,2628,2,511.33,437.9860229492188
TS0330G,TS0330H,tcn_transformer,2628,3,501.33,431.0860290527344
TS0330G,TS0330H,tcn_transformer,2628,4,491.33,425.0371398925781
TS0330G,TS0330H,tcn_transformer,2628,5,481.33,419.5657043457031
TS0330G,TS0330H,tcn_transformer,2628,6,471.33,414.2570495605469
TS0330G,TS0330H,tcn_transformer,2628,7,461.33,408.5381774902344
TS0330G,TS0330H,tcn_transformer,2628,8,451.33,401.7998046875
TS0330G,TS0330H,tcn_transformer,2628,9,441.33,393.6278076171875
TS0330G,TS0330H,tcn_transformer,2628,10,431.33,383.82415771484375
TS0330G,TS0330H,tcn_transformer,2628,11,421.33,372.2134704589844
TS0330G,TS0330H,tcn_transformer,2628,12,411.33,358.8486328125
TS0330G,TS0330H,tcn_transformer,2628,13,401.33,343.9257202148437
TS0330G,TS0330H,tcn_transformer,2628,14,391.33,327.85943603515625
TS0330G,TS0330H,tcn_transformer,2628,15,381.33,311.41827392578125
TS0330G,TS0330H,tcn_transformer,2628,16,371.33,294.8897399902344
TS0330G,TS0330H,tcn_transformer,2628,17,361.33,278.72265625
TS0330G,TS0330H,tcn_transformer,2628,18,351.33000000000004,263.55548095703125
TS0330G,TS0330H,tcn_transformer,2628,19,341.33000000000004,250.1630859375
TS0330G,TS0330H,tcn_transformer,2628,20,331.33000000000004,238.17872619628903
TS0330G,TS0330H,tcn_transformer,2628,21,321.33000000000004,227.73760986328125
TS0330G,TS0330H,tcn_transformer,2628,22,311.33000000000004,218.776123046875
TS0330G,TS0330H,tcn_transformer,2628,23,301.33000000000004,211.30142211914065
TS0330G,TS0330H,tcn_transformer,2628,24,291.33000000000004,204.83401489257807
TS0330G,TS0330H,tcn_transformer,2628,25,281.33000000000004,199.52273559570312
TS0330G,TS0330H,tcn_transformer,2628,26,271.33000000000004,194.95367431640625
TS0330G,TS0330H,tcn_transformer,2628,27,261.33000000000004,190.53640747070312
TS0330G,TS0330H,tcn_transformer,2628,28,251.33000000000004,186.55860900878903
TS0330G,TS0330H,tcn_transformer,2628,29,241.33000000000004,183.2907257080078
TS0330G,TS0330H,tcn_transformer,2628,30,231.33000000000004,181.1931915283203
TS0330G,TS0330H,lath_net,2626,0,531.33,454.5426635742188
TS0330G,TS0330H,lath_net,2626,1,521.33,445.6739807128906
TS0330G,TS0330H,lath_net,2626,2,511.33,437.5106201171875
TS0330G,TS0330H,lath_net,2626,3,501.33,429.7407531738281
TS0330G,TS0330H,lath_net,2626,4,491.33,421.3092346191406
TS0330G,TS0330H,lath_net,2626,5,481.33,412.5326843261719
TS0330G,TS0330H,lath_net,2626,6,471.33,403.6975708007813
TS0330G,TS0330H,lath_net,2626,7,461.33,394.9898986816406
TS0330G,TS0330H,lath_net,2626,8,451.33,386.3961791992188
TS0330G,TS0330H,lath_net,2626,9,441.33,377.57763671875
TS0330G,TS0330H,lath_net,2626,10,431.33,368.5569152832031
TS0330G,TS0330H,lath_net,2626,11,421.33,359.9165344238281
TS0330G,TS0330H,lath_net,2626,12,411.33,350.7322998046875
TS0330G,TS0330H,lath_net,2626,13,401.33,341.7625732421875
TS0330G,TS0330H,lath_net,2626,14,391.33,332.4864807128906
TS0330G,TS0330H,lath_net,2626,15,381.33,323.3349304199219
TS0330G,TS0330H,lath_net,2626,16,371.33,313.8922119140625
TS0330G,TS0330H,lath_net,2626,17,361.33,303.4638366699219
TS0330G,TS0330H,lath_net,2626,18,351.33000000000004,291.7112121582031
TS0330G,TS0330H,lath_net,2626,19,341.33000000000004,279.6082763671875
TS0330G,TS0330H,lath_net,2626,20,331.33000000000004,267.3446350097656
TS0330G,TS0330H,lath_net,2626,21,321.33000000000004,254.4844512939453
TS0330G,TS0330H,lath_net,2626,22,311.33000000000004,240.0204620361328
TS0330G,TS0330H,lath_net,2626,23,301.33000000000004,226.10508728027344
TS0330G,TS0330H,lath_net,2626,24,291.33000000000004,211.562255859375
TS0330G,TS0330H,lath_net,2626,25,281.33000000000004,201.05535888671875
TS0330G,TS0330H,lath_net,2626,26,271.33000000000004,194.28640747070312
TS0330G,TS0330H,lath_net,2626,27,261.33000000000004,185.3748016357422
TS0330G,TS0330H,lath_net,2626,28,251.33000000000004,178.94044494628906
TS0330G,TS0330H,lath_net,2626,29,241.33000000000004,174.61549377441406
TS0330G,TS0330H,lath_net,2626,30,231.33000000000004,171.6740264892578
TS0330G,TS0330H,lath_net,2627,0,531.33,457.9334716796875
TS0330G,TS0330H,lath_net,2627,1,521.33,446.9678955078125
TS0330G,TS0330H,lath_net,2627,2,511.33,436.6046142578125
TS0330G,TS0330H,lath_net,2627,3,501.33,426.7537536621094
TS0330G,TS0330H,lath_net,2627,4,491.33,417.3251953125
TS0330G,TS0330H,lath_net,2627,5,481.33,407.9900207519531
TS0330G,TS0330H,lath_net,2627,6,471.33,398.5820617675781
TS0330G,TS0330H,lath_net,2627,7,461.33,389.5328979492188
TS0330G,TS0330H,lath_net,2627,8,451.33,380.5855102539063
TS0330G,TS0330H,lath_net,2627,9,441.33,372.0882263183594
TS0330G,TS0330H,lath_net,2627,10,431.33,363.6559143066406
TS0330G,TS0330H,lath_net,2627,11,421.33,356.9911804199219
TS0330G,TS0330H,lath_net,2627,12,411.33,350.4232177734375
TS0330G,TS0330H,lath_net,2627,13,401.33,343.0354309082031
TS0330G,TS0330H,lath_net,2627,14,391.33,335.8765869140625
TS0330G,TS0330H,lath_net,2627,15,381.33,327.6669616699219
TS0330G,TS0330H,lath_net,2627,16,371.33,317.5154724121094
TS0330G,TS0330H,lath_net,2627,17,361.33,306.98394775390625
TS0330G,TS0330H,lath_net,2627,18,351.33000000000004,294.4725341796875
TS0330G,TS0330H,lath_net,2627,19,341.33000000000004,281.6560974121094
TS0330G,TS0330H,lath_net,2627,20,331.33000000000004,267.85284423828125
TS0330G,TS0330H,lath_net,2627,21,321.33000000000004,255.0767517089844
TS0330G,TS0330H,lath_net,2627,22,311.33000000000004,242.616455078125
TS0330G,TS0330H,lath_net,2627,23,301.33000000000004,229.42665100097656
TS0330G,TS0330H,lath_net,2627,24,291.33000000000004,217.04010009765625
TS0330G,TS0330H,lath_net,2627,25,281.33000000000004,206.9424743652344
TS0330G,TS0330H,lath_net,2627,26,271.33000000000004,198.0663299560547
TS0330G,TS0330H,lath_net,2627,27,261.33000000000004,188.9658050537109
TS0330G,TS0330H,lath_net,2627,28,251.33000000000004,182.5389862060547
TS0330G,TS0330H,lath_net,2627,29,241.33000000000004,177.10443115234375
TS0330G,TS0330H,lath_net,2627,30,231.33000000000004,172.7318878173828
TS0330G,TS0330H,lath_net,2628,0,531.33,439.20513916015625
TS0330G,TS0330H,lath_net,2628,1,521.33,430.6432800292969
TS0330G,TS0330H,lath_net,2628,2,511.33,420.9505615234375
TS0330G,TS0330H,lath_net,2628,3,501.33,410.5397033691406
TS0330G,TS0330H,lath_net,2628,4,491.33,403.6039123535156
TS0330G,TS0330H,lath_net,2628,5,481.33,397.1824340820313
TS0330G,TS0330H,lath_net,2628,6,471.33,389.9758911132813
TS0330G,TS0330H,lath_net,2628,7,461.33,382.6875
TS0330G,TS0330H,lath_net,2628,8,451.33,376.3522338867188
TS0330G,TS0330H,lath_net,2628,9,441.33,369.03216552734375
TS0330G,TS0330H,lath_net,2628,10,431.33,360.4533081054688
TS0330G,TS0330H,lath_net,2628,11,421.33,351.2821044921875
TS0330G,TS0330H,lath_net,2628,12,411.33,341.2514953613281
TS0330G,TS0330H,lath_net,2628,13,401.33,330.08367919921875
TS0330G,TS0330H,lath_net,2628,14,391.33,318.46685791015625
TS0330G,TS0330H,lath_net,2628,15,381.33,306.3991394042969
TS0330G,TS0330H,lath_net,2628,16,371.33,293.9017028808594
TS0330G,TS0330H,lath_net,2628,17,361.33,281.1704406738281
TS0330G,TS0330H,lath_net,2628,18,351.33000000000004,269.4155578613281
TS0330G,TS0330H,lath_net,2628,19,341.33000000000004,257.9031982421875
TS0330G,TS0330H,lath_net,2628,20,331.33000000000004,246.4462432861328
TS0330G,TS0330H,lath_net,2628,21,321.33000000000004,236.0342254638672
TS0330G,TS0330H,lath_net,2628,22,311.33000000000004,227.49951171875
TS0330G,TS0330H,lath_net,2628,23,301.33000000000004,220.0221710205078
TS0330G,TS0330H,lath_net,2628,24,291.33000000000004,213.2699432373047
TS0330G,TS0330H,lath_net,2628,25,281.33000000000004,207.40794372558597
TS0330G,TS0330H,lath_net,2628,26,271.33000000000004,202.0554962158203
TS0330G,TS0330H,lath_net,2628,27,261.33000000000004,196.61004638671875
TS0330G,TS0330H,lath_net,2628,28,251.33000000000004,194.30056762695312
TS0330G,TS0330H,lath_net,2628,29,241.33000000000004,192.82391357421875
TS0330G,TS0330H,lath_net,2628,30,231.33000000000004,191.8603973388672
TS0330H,TS0330A,cnn,2726,0,479.86,570.871826171875
TS0330H,TS0330A,cnn,2726,1,469.86,559.8132934570312
TS0330H,TS0330A,cnn,2726,2,459.86,548.0195922851562
TS0330H,TS0330A,cnn,2726,3,449.86,535.779541015625
TS0330H,TS0330A,cnn,2726,4,439.86,523.6665649414062
TS0330H,TS0330A,cnn,2726,5,429.86,511.8706970214844
TS0330H,TS0330A,cnn,2726,6,419.86,500.5640869140625
TS0330H,TS0330A,cnn,2726,7,409.86,489.7915954589844
TS0330H,TS0330A,cnn,2726,8,399.86,479.7230224609375
TS0330H,TS0330A,cnn,2726,9,389.86,470.2817077636719
TS0330H,TS0330A,cnn,2726,10,379.86,461.5103149414063
TS0330H,TS0330A,cnn,2726,11,369.86,453.2026977539063
TS0330H,TS0330A,cnn,2726,12,359.86,445.10101318359375
TS0330H,TS0330A,cnn,2726,13,349.86,437.1762390136719
TS0330H,TS0330A,cnn,2726,14,339.86,429.2254028320313
TS0330H,TS0330A,cnn,2726,15,329.86,421.0821533203125
TS0330H,TS0330A,cnn,2726,16,319.86,412.921630859375
TS0330H,TS0330A,cnn,2726,17,309.86,404.5838317871094
TS0330H,TS0330A,cnn,2726,18,299.86,395.8087768554688
TS0330H,TS0330A,cnn,2726,19,289.86,386.8524169921875
TS0330H,TS0330A,cnn,2726,20,279.86,377.7156066894531
TS0330H,TS0330A,cnn,2726,21,269.86,368.0409240722656
TS0330H,TS0330A,cnn,2726,22,259.86,358.23297119140625
TS0330H,TS0330A,cnn,2726,23,249.86,348.4120788574219
TS0330H,TS0330A,cnn,2726,24,239.86,338.73260498046875
TS0330H,TS0330A,cnn,2726,25,229.86,329.1553955078125
TS0330H,TS0330A,cnn,2726,26,219.86,319.5697326660156
TS0330H,TS0330A,cnn,2726,27,209.86,310.4520263671875
TS0330H,TS0330A,cnn,2726,28,199.86,301.8313293457031
TS0330H,TS0330A,cnn,2726,29,189.86,293.5811462402344
TS0330H,TS0330A,cnn,2726,30,179.86,285.5754699707031
TS0330H,TS0330A,cnn,2726,31,169.86,277.1733703613281
TS0330H,TS0330A,cnn,2726,32,159.86,268.5396423339844
TS0330H,TS0330A,cnn,2727,0,479.86,550.1994018554688
TS0330H,TS0330A,cnn,2727,1,469.86,543.8737182617188
TS0330H,TS0330A,cnn,2727,2,459.86,536.949462890625
TS0330H,TS0330A,cnn,2727,3,449.86,529.4808959960938
TS0330H,TS0330A,cnn,2727,4,439.86,521.6749877929688
TS0330H,TS0330A,cnn,2727,5,429.86,513.525634765625
TS0330H,TS0330A,cnn,2727,6,419.86,504.9995422363281
TS0330H,TS0330A,cnn,2727,7,409.86,496.0787048339844
TS0330H,TS0330A,cnn,2727,8,399.86,486.6847229003906
TS0330H,TS0330A,cnn,2727,9,389.86,476.8555603027344
TS0330H,TS0330A,cnn,2727,10,379.86,466.6473693847656
TS0330H,TS0330A,cnn,2727,11,369.86,456.0456237792969
TS0330H,TS0330A,cnn,2727,12,359.86,445.0298461914063
TS0330H,TS0330A,cnn,2727,13,349.86,433.778564453125
TS0330H,TS0330A,cnn,2727,14,339.86,422.3371887207031
TS0330H,TS0330A,cnn,2727,15,329.86,410.7756958007813
TS0330H,TS0330A,cnn,2727,16,319.86,399.4590148925781
TS0330H,TS0330A,cnn,2727,17,309.86,388.4080505371094
TS0330H,TS0330A,cnn,2727,18,299.86,377.55267333984375
TS0330H,TS0330A,cnn,2727,19,289.86,367.22314453125
TS0330H,TS0330A,cnn,2727,20,279.86,357.4267272949219
TS0330H,TS0330A,cnn,2727,21,269.86,347.8539428710937
TS0330H,TS0330A,cnn,2727,22,259.86,338.7449645996094
TS0330H,TS0330A,cnn,2727,23,249.86,330.0805053710937
TS0330H,TS0330A,cnn,2727,24,239.86,321.8917236328125
TS0330H,TS0330A,cnn,2727,25,229.86,313.986083984375
TS0330H,TS0330A,cnn,2727,26,219.86,306.16943359375
TS0330H,TS0330A,cnn,2727,27,209.86,298.8017272949219
TS0330H,TS0330A,cnn,2727,28,199.86,291.8188171386719
TS0330H,TS0330A,cnn,2727,29,189.86,285.1001281738281
TS0330H,TS0330A,cnn,2727,30,179.86,278.4894104003906
TS0330H,TS0330A,cnn,2727,31,169.86,271.4082336425781
TS0330H,TS0330A,cnn,2727,32,159.86,264.0175170898437
TS0330H,TS0330A,cnn,2728,0,479.86,547.354248046875
TS0330H,TS0330A,cnn,2728,1,469.86,542.4295043945312
TS0330H,TS0330A,cnn,2728,2,459.86,536.767822265625
TS0330H,TS0330A,cnn,2728,3,449.86,530.3484497070312
TS0330H,TS0330A,cnn,2728,4,439.86,523.2916870117188
TS0330H,TS0330A,cnn,2728,5,429.86,515.6123657226562
TS0330H,TS0330A,cnn,2728,6,419.86,507.3281555175781
TS0330H,TS0330A,cnn,2728,7,409.86,498.5123901367188
TS0330H,TS0330A,cnn,2728,8,399.86,489.1387634277344
TS0330H,TS0330A,cnn,2728,9,389.86,479.316650390625
TS0330H,TS0330A,cnn,2728,10,379.86,469.1574401855469
TS0330H,TS0330A,cnn,2728,11,369.86,458.6979064941406
TS0330H,TS0330A,cnn,2728,12,359.86,447.9403381347656
TS0330H,TS0330A,cnn,2728,13,349.86,436.994140625
TS0330H,TS0330A,cnn,2728,14,339.86,425.9422607421875
TS0330H,TS0330A,cnn,2728,15,329.86,414.7742919921875
TS0330H,TS0330A,cnn,2728,16,319.86,403.8286437988281
TS0330H,TS0330A,cnn,2728,17,309.86,393.1311645507813
TS0330H,TS0330A,cnn,2728,18,299.86,382.5308837890625
TS0330H,TS0330A,cnn,2728,19,289.86,372.2278747558594
TS0330H,TS0330A,cnn,2728,20,279.86,362.34613037109375
TS0330H,TS0330A,cnn,2728,21,269.86,352.4536437988281
TS0330H,TS0330A,cnn,2728,22,259.86,342.8114318847656
TS0330H,TS0330A,cnn,2728,23,249.86,333.4561462402344
TS0330H,TS0330A,cnn,2728,24,239.86,324.4520874023437
TS0330H,TS0330A,cnn,2728,25,229.86,315.68096923828125
TS0330H,TS0330A,cnn,2728,26,219.86,306.9817810058594
TS0330H,TS0330A,cnn,2728,27,209.86,298.7523193359375
TS0330H,TS0330A,cnn,2728,28,199.86,290.9923095703125
TS0330H,TS0330A,cnn,2728,29,189.86,283.48492431640625
TS0330H,TS0330A,cnn,2728,30,179.86,276.2290954589844
TS0330H,TS0330A,cnn,2728,31,169.86,268.57305908203125
TS0330H,TS0330A,cnn,2728,32,159.86,260.55010986328125
TS0330H,TS0330A,lstm,2726,0,479.86,518.3642578125
TS0330H,TS0330A,lstm,2726,1,469.86,514.2330932617188
TS0330H,TS0330A,lstm,2726,2,459.86,509.8084106445313
TS0330H,TS0330A,lstm,2726,3,449.86,505.0820617675781
TS0330H,TS0330A,lstm,2726,4,439.86,499.9665222167969
TS0330H,TS0330A,lstm,2726,5,429.86,494.3861999511719
TS0330H,TS0330A,lstm,2726,6,419.86,488.2950439453125
TS0330H,TS0330A,lstm,2726,7,409.86,481.8476867675781
TS0330H,TS0330A,lstm,2726,8,399.86,474.5181579589844
TS0330H,TS0330A,lstm,2726,9,389.86,467.01611328125
TS0330H,TS0330A,lstm,2726,10,379.86,459.1163940429688
TS0330H,TS0330A,lstm,2726,11,369.86,450.9938049316406
TS0330H,TS0330A,lstm,2726,12,359.86,441.8927612304688
TS0330H,TS0330A,lstm,2726,13,349.86,433.2958068847656
TS0330H,TS0330A,lstm,2726,14,339.86,424.05706787109375
TS0330H,TS0330A,lstm,2726,15,329.86,414.8289794921875
TS0330H,TS0330A,lstm,2726,16,319.86,407.7582092285156
TS0330H,TS0330A,lstm,2726,17,309.86,400.1253356933594
TS0330H,TS0330A,lstm,2726,18,299.86,391.5111389160156
TS0330H,TS0330A,lstm,2726,19,289.86,384.6696472167969
TS0330H,TS0330A,lstm,2726,20,279.86,377.7374267578125
TS0330H,TS0330A,lstm,2726,21,269.86,367.9425964355469
TS0330H,TS0330A,lstm,2726,22,259.86,360.1573486328125
TS0330H,TS0330A,lstm,2726,23,249.86,353.0423278808594
TS0330H,TS0330A,lstm,2726,24,239.86,345.8351745605469
TS0330H,TS0330A,lstm,2726,25,229.86,338.2601623535156
TS0330H,TS0330A,lstm,2726,26,219.86,328.09674072265625
TS0330H,TS0330A,lstm,2726,27,209.86,322.15771484375
TS0330H,TS0330A,lstm,2726,28,199.86,318.9938049316406
TS0330H,TS0330A,lstm,2726,29,189.86,313.73272705078125
TS0330H,TS0330A,lstm,2726,30,179.86,306.5558776855469
TS0330H,TS0330A,lstm,2726,31,169.86,294.65679931640625
TS0330H,TS0330A,lstm,2726,32,159.86,282.112548828125
TS0330H,TS0330A,lstm,2727,0,479.86,523.1196899414062
TS0330H,TS0330A,lstm,2727,1,469.86,513.9061279296875
TS0330H,TS0330A,lstm,2727,2,459.86,503.9451599121094
TS0330H,TS0330A,lstm,2727,3,449.86,493.3233337402344
TS0330H,TS0330A,lstm,2727,4,439.86,481.9545593261719
TS0330H,TS0330A,lstm,2727,5,429.86,469.7035827636719
TS0330H,TS0330A,lstm,2727,6,419.86,456.65960693359375
TS0330H,TS0330A,lstm,2727,7,409.86,443.2976379394531
TS0330H,TS0330A,lstm,2727,8,399.86,428.5967712402344
TS0330H,TS0330A,lstm,2727,9,389.86,414.284423828125
TS0330H,TS0330A,lstm,2727,10,379.86,400.15869140625
TS0330H,TS0330A,lstm,2727,11,369.86,386.3810424804688
TS0330H,TS0330A,lstm,2727,12,359.86,372.0823974609375
TS0330H,TS0330A,lstm,2727,13,349.86,359.7514038085937
TS0330H,TS0330A,lstm,2727,14,339.86,347.5362854003906
TS0330H,TS0330A,lstm,2727,15,329.86,336.3143310546875
TS0330H,TS0330A,lstm,2727,16,319.86,328.6379089355469
TS0330H,TS0330A,lstm,2727,17,309.86,320.5169372558594
TS0330H,TS0330A,lstm,2727,18,299.86,312.210205078125
TS0330H,TS0330A,lstm,2727,19,289.86,306.1589660644531
TS0330H,TS0330A,lstm,2727,20,279.86,300.13018798828125
TS0330H,TS0330A,lstm,2727,21,269.86,292.1398010253906
TS0330H,TS0330A,lstm,2727,22,259.86,286.60675048828125
TS0330H,TS0330A,lstm,2727,23,249.86,281.6882629394531
TS0330H,TS0330A,lstm,2727,24,239.86,276.9365539550781
TS0330H,TS0330A,lstm,2727,25,229.86,272.2438659667969
TS0330H,TS0330A,lstm,2727,26,219.86,265.9259033203125
TS0330H,TS0330A,lstm,2727,27,209.86,263.6162414550781
TS0330H,TS0330A,lstm,2727,28,199.86,261.9991455078125
TS0330H,TS0330A,lstm,2727,29,189.86,258.9332275390625
TS0330H,TS0330A,lstm,2727,30,179.86,254.97373962402344
TS0330H,TS0330A,lstm,2727,31,169.86,248.4756774902344
TS0330H,TS0330A,lstm,2727,32,159.86,243.2306671142578
TS0330H,TS0330A,lstm,2728,0,479.86,516.0303955078125
TS0330H,TS0330A,lstm,2728,1,469.86,512.5524291992188
TS0330H,TS0330A,lstm,2728,2,459.86,508.702392578125
TS0330H,TS0330A,lstm,2728,3,449.86,504.4713134765625
TS0330H,TS0330A,lstm,2728,4,439.86,499.771484375
TS0330H,TS0330A,lstm,2728,5,429.86,494.5245361328125
TS0330H,TS0330A,lstm,2728,6,419.86,488.666015625
TS0330H,TS0330A,lstm,2728,7,409.86,482.3661193847656
TS0330H,TS0330A,lstm,2728,8,399.86,475.07861328125
TS0330H,TS0330A,lstm,2728,9,389.86,467.5351257324219
TS0330H,TS0330A,lstm,2728,10,379.86,459.5372924804688
TS0330H,TS0330A,lstm,2728,11,369.86,451.2810363769531
TS0330H,TS0330A,lstm,2728,12,359.86,442.0525817871094
TS0330H,TS0330A,lstm,2728,13,349.86,433.2956237792969
TS0330H,TS0330A,lstm,2728,14,339.86,423.93701171875
TS0330H,TS0330A,lstm,2728,15,329.86,414.6350402832031
TS0330H,TS0330A,lstm,2728,16,319.86,407.4991455078125
TS0330H,TS0330A,lstm,2728,17,309.86,399.7941284179688
TS0330H,TS0330A,lstm,2728,18,299.86,391.2224426269531
TS0330H,TS0330A,lstm,2728,19,289.86,384.37493896484375
TS0330H,TS0330A,lstm,2728,20,279.86,377.4028015136719
TS0330H,TS0330A,lstm,2728,21,269.86,367.6753540039063
TS0330H,TS0330A,lstm,2728,22,259.86,359.9119873046875
TS0330H,TS0330A,lstm,2728,23,249.86,352.7672119140625
TS0330H,TS0330A,lstm,2728,24,239.86,345.5279541015625
TS0330H,TS0330A,lstm,2728,25,229.86,337.90777587890625
TS0330H,TS0330A,lstm,2728,26,219.86,327.6600341796875
TS0330H,TS0330A,lstm,2728,27,209.86,321.7395324707031
TS0330H,TS0330A,lstm,2728,28,199.86,318.3167419433594
TS0330H,TS0330A,lstm,2728,29,189.86,312.8975524902344
TS0330H,TS0330A,lstm,2728,30,179.86,305.5576477050781
TS0330H,TS0330A,lstm,2728,31,169.86,293.3537902832031
TS0330H,TS0330A,lstm,2728,32,159.86,280.5697326660156
TS0330H,TS0330A,gru,2726,0,479.86,523.2276000976562
TS0330H,TS0330A,gru,2726,1,469.86,512.0353393554688
TS0330H,TS0330A,gru,2726,2,459.86,500.3780517578125
TS0330H,TS0330A,gru,2726,3,449.86,488.3475341796875
TS0330H,TS0330A,gru,2726,4,439.86,475.8702392578125
TS0330H,TS0330A,gru,2726,5,429.86,462.8477478027344
TS0330H,TS0330A,gru,2726,6,419.86,449.4373474121094
TS0330H,TS0330A,gru,2726,7,409.86,436.0633239746094
TS0330H,TS0330A,gru,2726,8,399.86,421.7817993164063
TS0330H,TS0330A,gru,2726,9,389.86,408.2653503417969
TS0330H,TS0330A,gru,2726,10,379.86,395.1328430175781
TS0330H,TS0330A,gru,2726,11,369.86,382.5122985839844
TS0330H,TS0330A,gru,2726,12,359.86,369.3349304199219
TS0330H,TS0330A,gru,2726,13,349.86,358.4367370605469
TS0330H,TS0330A,gru,2726,14,339.86,347.2726135253906
TS0330H,TS0330A,gru,2726,15,329.86,337.1778259277344
TS0330H,TS0330A,gru,2726,16,319.86,330.376953125
TS0330H,TS0330A,gru,2726,17,309.86,322.6635131835937
TS0330H,TS0330A,gru,2726,18,299.86,315.0572204589844
TS0330H,TS0330A,gru,2726,19,289.86,309.46075439453125
TS0330H,TS0330A,gru,2726,20,279.86,303.6458435058594
TS0330H,TS0330A,gru,2726,21,269.86,295.8907165527344
TS0330H,TS0330A,gru,2726,22,259.86,290.6352233886719
TS0330H,TS0330A,gru,2726,23,249.86,285.805419921875
TS0330H,TS0330A,gru,2726,24,239.86,281.0816955566406
TS0330H,TS0330A,gru,2726,25,229.86,276.34918212890625
TS0330H,TS0330A,gru,2726,26,219.86,269.7783203125
TS0330H,TS0330A,gru,2726,27,209.86,267.7542724609375
TS0330H,TS0330A,gru,2726,28,199.86,265.9859313964844
TS0330H,TS0330A,gru,2726,29,189.86,262.6934814453125
TS0330H,TS0330A,gru,2726,30,179.86,258.45166015625
TS0330H,TS0330A,gru,2726,31,169.86,251.3082733154297
TS0330H,TS0330A,gru,2726,32,159.86,245.7474365234375
TS0330H,TS0330A,gru,2727,0,479.86,557.5375366210938
TS0330H,TS0330A,gru,2727,1,469.86,545.9841918945312
TS0330H,TS0330A,gru,2727,2,459.86,533.7406616210938
TS0330H,TS0330A,gru,2727,3,449.86,520.9273071289062
TS0330H,TS0330A,gru,2727,4,439.86,507.4580383300781
TS0330H,TS0330A,gru,2727,5,429.86,493.2186279296875
TS0330H,TS0330A,gru,2727,6,419.86,478.3686218261719
TS0330H,TS0330A,gru,2727,7,409.86,463.6546325683594
TS0330H,TS0330A,gru,2727,8,399.86,447.52581787109375
TS0330H,TS0330A,gru,2727,9,389.86,432.113037109375
TS0330H,TS0330A,gru,2727,10,379.86,417.0111999511719
TS0330H,TS0330A,gru,2727,11,369.86,402.3667907714844
TS0330H,TS0330A,gru,2727,12,359.86,387.11077880859375
TS0330H,TS0330A,gru,2727,13,349.86,374.294677734375
TS0330H,TS0330A,gru,2727,14,339.86,361.2851867675781
TS0330H,TS0330A,gru,2727,15,329.86,349.2687683105469
TS0330H,TS0330A,gru,2727,16,319.86,341.3149719238281
TS0330H,TS0330A,gru,2727,17,309.86,332.4758605957031
TS0330H,TS0330A,gru,2727,18,299.86,323.3573913574219
TS0330H,TS0330A,gru,2727,19,289.86,316.8260192871094
TS0330H,TS0330A,gru,2727,20,279.86,310.1656188964844
TS0330H,TS0330A,gru,2727,21,269.86,300.9189453125
TS0330H,TS0330A,gru,2727,22,259.86,294.8060913085937
TS0330H,TS0330A,gru,2727,23,249.86,289.16864013671875
TS0330H,TS0330A,gru,2727,24,239.86,283.6473083496094
TS0330H,TS0330A,gru,2727,25,229.86,278.16168212890625
TS0330H,TS0330A,gru,2727,26,219.86,270.4306335449219
TS0330H,TS0330A,gru,2727,27,209.86,267.99151611328125
TS0330H,TS0330A,gru,2727,28,199.86,266.0502624511719
TS0330H,TS0330A,gru,2727,29,189.86,262.2487487792969
TS0330H,TS0330A,gru,2727,30,179.86,257.3537292480469
TS0330H,TS0330A,gru,2727,31,169.86,249.0794982910156
TS0330H,TS0330A,gru,2727,32,159.86,242.5864105224609
TS0330H,TS0330A,gru,2728,0,479.86,472.118896484375
TS0330H,TS0330A,gru,2728,1,469.86,464.2065734863281
TS0330H,TS0330A,gru,2728,2,459.86,455.79827880859375
TS0330H,TS0330A,gru,2728,3,449.86,447.0045471191406
TS0330H,TS0330A,gru,2728,4,439.86,437.7735900878906
TS0330H,TS0330A,gru,2728,5,429.86,427.99713134765625
TS0330H,TS0330A,gru,2728,6,419.86,417.8088684082031
TS0330H,TS0330A,gru,2728,7,409.86,407.5190734863281
TS0330H,TS0330A,gru,2728,8,399.86,396.3838195800781
TS0330H,TS0330A,gru,2728,9,389.86,385.6784057617188
TS0330H,TS0330A,gru,2728,10,379.86,375.2292785644531
TS0330H,TS0330A,gru,2728,11,369.86,365.0506286621094
TS0330H,TS0330A,gru,2728,12,359.86,354.3453063964844
TS0330H,TS0330A,gru,2728,13,349.86,345.3305358886719
TS0330H,TS0330A,gru,2728,14,339.86,336.1434936523437
TS0330H,TS0330A,gru,2728,15,329.86,327.6919250488281
TS0330H,TS0330A,gru,2728,16,319.86,321.9485778808594
TS0330H,TS0330A,gru,2728,17,309.86,315.52178955078125
TS0330H,TS0330A,gru,2728,18,299.86,309.07305908203125
TS0330H,TS0330A,gru,2728,19,289.86,304.2964782714844
TS0330H,TS0330A,gru,2728,20,279.86,299.3560791015625
TS0330H,TS0330A,gru,2728,21,269.86,292.7868957519531
TS0330H,TS0330A,gru,2728,22,259.86,288.2326965332031
TS0330H,TS0330A,gru,2728,23,249.86,284.0693664550781
TS0330H,TS0330A,gru,2728,24,239.86,279.9903869628906
TS0330H,TS0330A,gru,2728,25,229.86,275.9220886230469
TS0330H,TS0330A,gru,2728,26,219.86,270.3066101074219
TS0330H,TS0330A,gru,2728,27,209.86,268.4168701171875
TS0330H,TS0330A,gru,2728,28,199.86,266.9013977050781
TS0330H,TS0330A,gru,2728,29,189.86,264.0865478515625
TS0330H,TS0330A,gru,2728,30,179.86,260.40057373046875
TS0330H,TS0330A,gru,2728,31,169.86,254.23361206054688
TS0330H,TS0330A,gru,2728,32,159.86,249.29644775390625
TS0330H,TS0330A,tcn,2726,0,479.86,504.2737426757813
TS0330H,TS0330A,tcn,2726,1,469.86,499.9551086425781
TS0330H,TS0330A,tcn,2726,2,459.86,494.243408203125
TS0330H,TS0330A,tcn,2726,3,449.86,489.98187255859375
TS0330H,TS0330A,tcn,2726,4,439.86,483.9079895019531
TS0330H,TS0330A,tcn,2726,5,429.86,477.4937744140625
TS0330H,TS0330A,tcn,2726,6,419.86,470.2592468261719
TS0330H,TS0330A,tcn,2726,7,409.86,462.6098937988281
TS0330H,TS0330A,tcn,2726,8,399.86,456.6922912597656
TS0330H,TS0330A,tcn,2726,9,389.86,451.0738830566406
TS0330H,TS0330A,tcn,2726,10,379.86,445.4010620117188
TS0330H,TS0330A,tcn,2726,11,369.86,439.9636840820313
TS0330H,TS0330A,tcn,2726,12,359.86,432.9245910644531
TS0330H,TS0330A,tcn,2726,13,349.86,420.2558288574219
TS0330H,TS0330A,tcn,2726,14,339.86,413.59857177734375
TS0330H,TS0330A,tcn,2726,15,329.86,405.475830078125
TS0330H,TS0330A,tcn,2726,16,319.86,395.15533447265625
TS0330H,TS0330A,tcn,2726,17,309.86,390.032470703125
TS0330H,TS0330A,tcn,2726,18,299.86,381.4250793457031
TS0330H,TS0330A,tcn,2726,19,289.86,370.3981018066406
TS0330H,TS0330A,tcn,2726,20,279.86,359.6752624511719
TS0330H,TS0330A,tcn,2726,21,269.86,349.1641540527344
TS0330H,TS0330A,tcn,2726,22,259.86,338.3341064453125
TS0330H,TS0330A,tcn,2726,23,249.86,326.1774597167969
TS0330H,TS0330A,tcn,2726,24,239.86,316.2537536621094
TS0330H,TS0330A,tcn,2726,25,229.86,303.4753112792969
TS0330H,TS0330A,tcn,2726,26,219.86,294.2843322753906
TS0330H,TS0330A,tcn,2726,27,209.86,285.7713317871094
TS0330H,TS0330A,tcn,2726,28,199.86,276.1161804199219
TS0330H,TS0330A,tcn,2726,29,189.86,268.9629821777344
TS0330H,TS0330A,tcn,2726,30,179.86,262.2443542480469
TS0330H,TS0330A,tcn,2726,31,169.86,254.3084259033203
TS0330H,TS0330A,tcn,2726,32,159.86,247.5266571044922
TS0330H,TS0330A,tcn,2727,0,479.86,543.5642700195312
TS0330H,TS0330A,tcn,2727,1,469.86,541.4872436523438
TS0330H,TS0330A,tcn,2727,2,459.86,538.1925659179688
TS0330H,TS0330A,tcn,2727,3,449.86,536.2789916992188
TS0330H,TS0330A,tcn,2727,4,439.86,533.4794921875
TS0330H,TS0330A,tcn,2727,5,429.86,530.0708618164062
TS0330H,TS0330A,tcn,2727,6,419.86,519.8372192382812
TS0330H,TS0330A,tcn,2727,7,409.86,512.5277709960938
TS0330H,TS0330A,tcn,2727,8,399.86,502.9295043945313
TS0330H,TS0330A,tcn,2727,9,389.86,492.89251708984375
TS0330H,TS0330A,tcn,2727,10,379.86,483.8206787109375
TS0330H,TS0330A,tcn,2727,11,369.86,474.7392272949219
TS0330H,TS0330A,tcn,2727,12,359.86,467.6863098144531
TS0330H,TS0330A,tcn,2727,13,349.86,460.30084228515625
TS0330H,TS0330A,tcn,2727,14,339.86,450.6199340820313
TS0330H,TS0330A,tcn,2727,15,329.86,439.08489990234375
TS0330H,TS0330A,tcn,2727,16,319.86,427.9514465332031
TS0330H,TS0330A,tcn,2727,17,309.86,416.5371398925781
TS0330H,TS0330A,tcn,2727,18,299.86,405.7329711914063
TS0330H,TS0330A,tcn,2727,19,289.86,394.5915832519531
TS0330H,TS0330A,tcn,2727,20,279.86,384.252197265625
TS0330H,TS0330A,tcn,2727,21,269.86,374.1373596191406
TS0330H,TS0330A,tcn,2727,22,259.86,363.548583984375
TS0330H,TS0330A,tcn,2727,23,249.86,353.21197509765625
TS0330H,TS0330A,tcn,2727,24,239.86,342.6017761230469
TS0330H,TS0330A,tcn,2727,25,229.86,333.34576416015625
TS0330H,TS0330A,tcn,2727,26,219.86,324.7336120605469
TS0330H,TS0330A,tcn,2727,27,209.86,317.2098693847656
TS0330H,TS0330A,tcn,2727,28,199.86,310.1324157714844
TS0330H,TS0330A,tcn,2727,29,189.86,301.729736328125
TS0330H,TS0330A,tcn,2727,30,179.86,294.9393005371094
TS0330H,TS0330A,tcn,2727,31,169.86,288.72125244140625
TS0330H,TS0330A,tcn,2727,32,159.86,281.45751953125
TS0330H,TS0330A,tcn,2728,0,479.86,530.9518432617188
TS0330H,TS0330A,tcn,2728,1,469.86,529.4912109375
TS0330H,TS0330A,tcn,2728,2,459.86,526.5059204101562
TS0330H,TS0330A,tcn,2728,3,449.86,521.0477294921875
TS0330H,TS0330A,tcn,2728,4,439.86,514.7684936523438
TS0330H,TS0330A,tcn,2728,5,429.86,507.596923828125
TS0330H,TS0330A,tcn,2728,6,419.86,498.2711181640625
TS0330H,TS0330A,tcn,2728,7,409.86,488.282958984375
TS0330H,TS0330A,tcn,2728,8,399.86,477.3680419921875
TS0330H,TS0330A,tcn,2728,9,389.86,467.9295654296875
TS0330H,TS0330A,tcn,2728,10,379.86,458.5353698730469
TS0330H,TS0330A,tcn,2728,11,369.86,448.9650573730469
TS0330H,TS0330A,tcn,2728,12,359.86,437.4562072753906
TS0330H,TS0330A,tcn,2728,13,349.86,425.6127014160156
TS0330H,TS0330A,tcn,2728,14,339.86,413.7392272949219
TS0330H,TS0330A,tcn,2728,15,329.86,403.002197265625
TS0330H,TS0330A,tcn,2728,16,319.86,392.9998168945313
TS0330H,TS0330A,tcn,2728,17,309.86,383.1960754394531
TS0330H,TS0330A,tcn,2728,18,299.86,374.7665100097656
TS0330H,TS0330A,tcn,2728,19,289.86,365.9462890625
TS0330H,TS0330A,tcn,2728,20,279.86,356.91387939453125
TS0330H,TS0330A,tcn,2728,21,269.86,347.0283203125
TS0330H,TS0330A,tcn,2728,22,259.86,336.29949951171875
TS0330H,TS0330A,tcn,2728,23,249.86,324.7176513671875
TS0330H,TS0330A,tcn,2728,24,239.86,312.93035888671875
TS0330H,TS0330A,tcn,2728,25,229.86,299.2440185546875
TS0330H,TS0330A,tcn,2728,26,219.86,285.0213317871094
TS0330H,TS0330A,tcn,2728,27,209.86,276.2099609375
TS0330H,TS0330A,tcn,2728,28,199.86,264.50634765625
TS0330H,TS0330A,tcn,2728,29,189.86,252.6661071777344
TS0330H,TS0330A,tcn,2728,30,179.86,244.2195281982422
TS0330H,TS0330A,tcn,2728,31,169.86,235.66346740722656
TS0330H,TS0330A,tcn,2728,32,159.86,223.61460876464844
TS0330H,TS0330A,transformer,2726,0,479.86,534.5421142578125
TS0330H,TS0330A,transformer,2726,1,469.86,529.6266479492188
TS0330H,TS0330A,transformer,2726,2,459.86,524.241943359375
TS0330H,TS0330A,transformer,2726,3,449.86,518.4918823242188
TS0330H,TS0330A,transformer,2726,4,439.86,512.3025512695312
TS0330H,TS0330A,transformer,2726,5,429.86,505.6619262695313
TS0330H,TS0330A,transformer,2726,6,419.86,498.5484924316406
TS0330H,TS0330A,transformer,2726,7,409.86,491.1544494628906
TS0330H,TS0330A,transformer,2726,8,399.86,483.19873046875
TS0330H,TS0330A,transformer,2726,9,389.86,475.0103454589844
TS0330H,TS0330A,transformer,2726,10,379.86,466.5615234375
TS0330H,TS0330A,transformer,2726,11,369.86,457.9856872558594
TS0330H,TS0330A,transformer,2726,12,359.86,449.2124938964844
TS0330H,TS0330A,transformer,2726,13,349.86,440.4288024902344
TS0330H,TS0330A,transformer,2726,14,339.86,431.4568481445313
TS0330H,TS0330A,transformer,2726,15,329.86,422.32611083984375
TS0330H,TS0330A,transformer,2726,16,319.86,413.30572509765625
TS0330H,TS0330A,transformer,2726,17,309.86,404.0828857421875
TS0330H,TS0330A,transformer,2726,18,299.86,394.5151062011719
TS0330H,TS0330A,transformer,2726,19,289.86,384.8540649414063
TS0330H,TS0330A,transformer,2726,20,279.86,375.0758972167969
TS0330H,TS0330A,transformer,2726,21,269.86,365.0052185058594
TS0330H,TS0330A,transformer,2726,22,259.86,355.0570373535156
TS0330H,TS0330A,transformer,2726,23,249.86,345.328857421875
TS0330H,TS0330A,transformer,2726,24,239.86,336.0058288574219
TS0330H,TS0330A,transformer,2726,25,229.86,327.0124206542969
TS0330H,TS0330A,transformer,2726,26,219.86,318.289794921875
TS0330H,TS0330A,transformer,2726,27,209.86,310.2728576660156
TS0330H,TS0330A,transformer,2726,28,199.86,302.66436767578125
TS0330H,TS0330A,transformer,2726,29,189.86,295.42645263671875
TS0330H,TS0330A,transformer,2726,30,179.86,288.5497741699219
TS0330H,TS0330A,transformer,2726,31,169.86,281.4156799316406
TS0330H,TS0330A,transformer,2726,32,159.86,274.22711181640625
TS0330H,TS0330A,transformer,2727,0,479.86,506.71783447265625
TS0330H,TS0330A,transformer,2727,1,469.86,502.6427612304688
TS0330H,TS0330A,transformer,2727,2,459.86,498.0945434570313
TS0330H,TS0330A,transformer,2727,3,449.86,493.1041259765625
TS0330H,TS0330A,transformer,2727,4,439.86,487.72015380859375
TS0330H,TS0330A,transformer,2727,5,429.86,481.9389953613281
TS0330H,TS0330A,transformer,2727,6,419.86,475.7658386230469
TS0330H,TS0330A,transformer,2727,7,409.86,469.2593994140625
TS0330H,TS0330A,transformer,2727,8,399.86,462.34759521484375
TS0330H,TS0330A,transformer,2727,9,389.86,455.14691162109375
TS0330H,TS0330A,transformer,2727,10,379.86,447.7032470703125
TS0330H,TS0330A,transformer,2727,11,369.86,440.0281066894531
TS0330H,TS0330A,transformer,2727,12,359.86,432.0281372070313
TS0330H,TS0330A,transformer,2727,13,349.86,423.82415771484375
TS0330H,TS0330A,transformer,2727,14,339.86,415.33404541015625
TS0330H,TS0330A,transformer,2727,15,329.86,406.5693054199219
TS0330H,TS0330A,transformer,2727,16,319.86,397.66058349609375
TS0330H,TS0330A,transformer,2727,17,309.86,388.54638671875
TS0330H,TS0330A,transformer,2727,18,299.86,379.2296142578125
TS0330H,TS0330A,transformer,2727,19,289.86,369.8197021484375
TS0330H,TS0330A,transformer,2727,20,279.86,360.5061340332031
TS0330H,TS0330A,transformer,2727,21,269.86,351.1617736816406
TS0330H,TS0330A,transformer,2727,22,259.86,342.0163269042969
TS0330H,TS0330A,transformer,2727,23,249.86,333.1469421386719
TS0330H,TS0330A,transformer,2727,24,239.86,324.7663269042969
TS0330H,TS0330A,transformer,2727,25,229.86,316.73681640625
TS0330H,TS0330A,transformer,2727,26,219.86,309.0997314453125
TS0330H,TS0330A,transformer,2727,27,209.86,302.0686340332031
TS0330H,TS0330A,transformer,2727,28,199.86,295.2768249511719
TS0330H,TS0330A,transformer,2727,29,189.86,288.7992248535156
TS0330H,TS0330A,transformer,2727,30,179.86,282.6947937011719
TS0330H,TS0330A,transformer,2727,31,169.86,276.4139709472656
TS0330H,TS0330A,transformer,2727,32,159.86,270.0960388183594
TS0330H,TS0330A,transformer,2728,0,479.86,521.6937255859375
TS0330H,TS0330A,transformer,2728,1,469.86,517.6119384765625
TS0330H,TS0330A,transformer,2728,2,459.86,513.1400146484375
TS0330H,TS0330A,transformer,2728,3,449.86,508.3302612304688
TS0330H,TS0330A,transformer,2728,4,439.86,503.180419921875
TS0330H,TS0330A,transformer,2728,5,429.86,497.6804504394531
TS0330H,TS0330A,transformer,2728,6,419.86,491.8175048828125
TS0330H,TS0330A,transformer,2728,7,409.86,485.6820983886719
TS0330H,TS0330A,transformer,2728,8,399.86,479.118408203125
TS0330H,TS0330A,transformer,2728,9,389.86,472.3002014160156
TS0330H,TS0330A,transformer,2728,10,379.86,465.2307739257813
TS0330H,TS0330A,transformer,2728,11,369.86,457.9528503417969
TS0330H,TS0330A,transformer,2728,12,359.86,450.35205078125
TS0330H,TS0330A,transformer,2728,13,349.86,442.5872802734375
TS0330H,TS0330A,transformer,2728,14,339.86,434.4928588867188
TS0330H,TS0330A,transformer,2728,15,329.86,426.0817260742188
TS0330H,TS0330A,transformer,2728,16,319.86,417.6024169921875
TS0330H,TS0330A,transformer,2728,17,309.86,408.8312377929688
TS0330H,TS0330A,transformer,2728,18,299.86,399.681396484375
TS0330H,TS0330A,transformer,2728,19,289.86,390.3923645019531
TS0330H,TS0330A,transformer,2728,20,279.86,380.9898376464844
TS0330H,TS0330A,transformer,2728,21,269.86,371.23675537109375
TS0330H,TS0330A,transformer,2728,22,259.86,361.53558349609375
TS0330H,TS0330A,transformer,2728,23,249.86,351.9615173339844
TS0330H,TS0330A,transformer,2728,24,239.86,342.6717224121094
TS0330H,TS0330A,transformer,2728,25,229.86,333.5879211425781
TS0330H,TS0330A,transformer,2728,26,219.86,324.601318359375
TS0330H,TS0330A,transformer,2728,27,209.86,316.2539978027344
TS0330H,TS0330A,transformer,2728,28,199.86,308.29522705078125
TS0330H,TS0330A,transformer,2728,29,189.86,300.6506652832031
TS0330H,TS0330A,transformer,2728,30,179.86,293.2918395996094
TS0330H,TS0330A,transformer,2728,31,169.86,285.5498046875
TS0330H,TS0330A,transformer,2728,32,159.86,277.66802978515625
TS0330H,TS0330A,cnn_lstm,2726,0,479.86,521.3480834960938
TS0330H,TS0330A,cnn_lstm,2726,1,469.86,516.5364379882812
TS0330H,TS0330A,cnn_lstm,2726,2,459.86,511.3705139160156
TS0330H,TS0330A,cnn_lstm,2726,3,449.86,505.8424682617188
TS0330H,TS0330A,cnn_lstm,2726,4,439.86,499.8188781738281
TS0330H,TS0330A,cnn_lstm,2726,5,429.86,493.2076416015625
TS0330H,TS0330A,cnn_lstm,2726,6,419.86,485.99853515625
TS0330H,TS0330A,cnn_lstm,2726,7,409.86,477.81439208984375
TS0330H,TS0330A,cnn_lstm,2726,8,399.86,469.1767272949219
TS0330H,TS0330A,cnn_lstm,2726,9,389.86,460.1333923339844
TS0330H,TS0330A,cnn_lstm,2726,10,379.86,450.7345581054688
TS0330H,TS0330A,cnn_lstm,2726,11,369.86,441.1942443847656
TS0330H,TS0330A,cnn_lstm,2726,12,359.86,429.7082214355469
TS0330H,TS0330A,cnn_lstm,2726,13,349.86,420.2188720703125
TS0330H,TS0330A,cnn_lstm,2726,14,339.86,408.8953552246094
TS0330H,TS0330A,cnn_lstm,2726,15,329.86,398.5042724609375
TS0330H,TS0330A,cnn_lstm,2726,16,319.86,390.8523254394531
TS0330H,TS0330A,cnn_lstm,2726,17,309.86,380.7034606933594
TS0330H,TS0330A,cnn_lstm,2726,18,299.86,371.48382568359375
TS0330H,TS0330A,cnn_lstm,2726,19,289.86,363.97894287109375
TS0330H,TS0330A,cnn_lstm,2726,20,279.86,355.24566650390625
TS0330H,TS0330A,cnn_lstm,2726,21,269.86,343.5401611328125
TS0330H,TS0330A,cnn_lstm,2726,22,259.86,335.54425048828125
TS0330H,TS0330A,cnn_lstm,2726,23,249.86,327.57012939453125
TS0330H,TS0330A,cnn_lstm,2726,24,239.86,319.4034423828125
TS0330H,TS0330A,cnn_lstm,2726,25,229.86,310.8205261230469
TS0330H,TS0330A,cnn_lstm,2726,26,219.86,298.2372436523437
TS0330H,TS0330A,cnn_lstm,2726,27,209.86,295.7679138183594
TS0330H,TS0330A,cnn_lstm,2726,28,199.86,291.8826599121094
TS0330H,TS0330A,cnn_lstm,2726,29,189.86,285.2362365722656
TS0330H,TS0330A,cnn_lstm,2726,30,179.86,276.6763610839844
TS0330H,TS0330A,cnn_lstm,2726,31,169.86,261.21630859375
TS0330H,TS0330A,cnn_lstm,2726,32,159.86,250.0771942138672
TS0330H,TS0330A,cnn_lstm,2727,0,479.86,515.625732421875
TS0330H,TS0330A,cnn_lstm,2727,1,469.86,512.3502197265625
TS0330H,TS0330A,cnn_lstm,2727,2,459.86,508.8759460449219
TS0330H,TS0330A,cnn_lstm,2727,3,449.86,505.1539306640625
TS0330H,TS0330A,cnn_lstm,2727,4,439.86,501.06439208984375
TS0330H,TS0330A,cnn_lstm,2727,5,429.86,496.5296630859375
TS0330H,TS0330A,cnn_lstm,2727,6,419.86,491.4583435058594
TS0330H,TS0330A,cnn_lstm,2727,7,409.86,485.6941223144531
TS0330H,TS0330A,cnn_lstm,2727,8,399.86,479.2962341308594
TS0330H,TS0330A,cnn_lstm,2727,9,389.86,472.428466796875
TS0330H,TS0330A,cnn_lstm,2727,10,379.86,465.0640258789063
TS0330H,TS0330A,cnn_lstm,2727,11,369.86,457.3728332519531
TS0330H,TS0330A,cnn_lstm,2727,12,359.86,448.1148071289063
TS0330H,TS0330A,cnn_lstm,2727,13,349.86,439.9031677246094
TS0330H,TS0330A,cnn_lstm,2727,14,339.86,430.2778015136719
TS0330H,TS0330A,cnn_lstm,2727,15,329.86,420.94769287109375
TS0330H,TS0330A,cnn_lstm,2727,16,319.86,413.8512573242188
TS0330H,TS0330A,cnn_lstm,2727,17,309.86,404.99658203125
TS0330H,TS0330A,cnn_lstm,2727,18,299.86,395.865234375
TS0330H,TS0330A,cnn_lstm,2727,19,289.86,388.3323059082031
TS0330H,TS0330A,cnn_lstm,2727,20,279.86,379.8778991699219
TS0330H,TS0330A,cnn_lstm,2727,21,269.86,367.8079833984375
TS0330H,TS0330A,cnn_lstm,2727,22,259.86,358.47222900390625
TS0330H,TS0330A,cnn_lstm,2727,23,249.86,349.23785400390625
TS0330H,TS0330A,cnn_lstm,2727,24,239.86,339.5631103515625
TS0330H,TS0330A,cnn_lstm,2727,25,229.86,329.135009765625
TS0330H,TS0330A,cnn_lstm,2727,26,219.86,314.3411560058594
TS0330H,TS0330A,cnn_lstm,2727,27,209.86,307.69775390625
TS0330H,TS0330A,cnn_lstm,2727,28,199.86,302.8388366699219
TS0330H,TS0330A,cnn_lstm,2727,29,189.86,294.9167175292969
TS0330H,TS0330A,cnn_lstm,2727,30,179.86,284.3964538574219
TS0330H,TS0330A,cnn_lstm,2727,31,169.86,266.8485717773437
TS0330H,TS0330A,cnn_lstm,2727,32,159.86,251.84906005859372
TS0330H,TS0330A,cnn_lstm,2728,0,479.86,540.4447021484375
TS0330H,TS0330A,cnn_lstm,2728,1,469.86,534.8451538085938
TS0330H,TS0330A,cnn_lstm,2728,2,459.86,528.8338623046875
TS0330H,TS0330A,cnn_lstm,2728,3,449.86,522.3419189453125
TS0330H,TS0330A,cnn_lstm,2728,4,439.86,515.213134765625
TS0330H,TS0330A,cnn_lstm,2728,5,429.86,507.3893737792969
TS0330H,TS0330A,cnn_lstm,2728,6,419.86,498.8569030761719
TS0330H,TS0330A,cnn_lstm,2728,7,409.86,489.2638854980469
TS0330H,TS0330A,cnn_lstm,2728,8,399.86,479.2543640136719
TS0330H,TS0330A,cnn_lstm,2728,9,389.86,468.943359375
TS0330H,TS0330A,cnn_lstm,2728,10,379.86,458.5674133300781
TS0330H,TS0330A,cnn_lstm,2728,11,369.86,448.412841796875
TS0330H,TS0330A,cnn_lstm,2728,12,359.86,436.14599609375
TS0330H,TS0330A,cnn_lstm,2728,13,349.86,426.8049011230469
TS0330H,TS0330A,cnn_lstm,2728,14,339.86,415.4165649414063
TS0330H,TS0330A,cnn_lstm,2728,15,329.86,405.5192565917969
TS0330H,TS0330A,cnn_lstm,2728,16,319.86,398.2589111328125
TS0330H,TS0330A,cnn_lstm,2728,17,309.86,388.0256652832031
TS0330H,TS0330A,cnn_lstm,2728,18,299.86,379.6689453125
TS0330H,TS0330A,cnn_lstm,2728,19,289.86,372.546142578125
TS0330H,TS0330A,cnn_lstm,2728,20,279.86,363.87347412109375
TS0330H,TS0330A,cnn_lstm,2728,21,269.86,352.81304931640625
TS0330H,TS0330A,cnn_lstm,2728,22,259.86,345.2118225097656
TS0330H,TS0330A,cnn_lstm,2728,23,249.86,337.4665832519531
TS0330H,TS0330A,cnn_lstm,2728,24,239.86,329.4909362792969
TS0330H,TS0330A,cnn_lstm,2728,25,229.86,321.078857421875
TS0330H,TS0330A,cnn_lstm,2728,26,219.86,308.6427917480469
TS0330H,TS0330A,cnn_lstm,2728,27,209.86,306.7020874023437
TS0330H,TS0330A,cnn_lstm,2728,28,199.86,302.5799865722656
TS0330H,TS0330A,cnn_lstm,2728,29,189.86,295.9183654785156
TS0330H,TS0330A,cnn_lstm,2728,30,179.86,287.2785339355469
TS0330H,TS0330A,cnn_lstm,2728,31,169.86,271.60235595703125
TS0330H,TS0330A,cnn_lstm,2728,32,159.86,260.5357971191406
TS0330H,TS0330A,attention_gru,2726,0,479.86,532.4408569335938
TS0330H,TS0330A,attention_gru,2726,1,469.86,524.0389404296875
TS0330H,TS0330A,attention_gru,2726,2,459.86,514.5857543945312
TS0330H,TS0330A,attention_gru,2726,3,449.86,504.0947570800781
TS0330H,TS0330A,attention_gru,2726,4,439.86,492.8450927734375
TS0330H,TS0330A,attention_gru,2726,5,429.86,480.8799133300781
TS0330H,TS0330A,attention_gru,2726,6,419.86,468.2735290527344
TS0330H,TS0330A,attention_gru,2726,7,409.86,455.0970153808594
TS0330H,TS0330A,attention_gru,2726,8,399.86,441.4201354980469
TS0330H,TS0330A,attention_gru,2726,9,389.86,427.3451232910156
TS0330H,TS0330A,attention_gru,2726,10,379.86,413.0992126464844
TS0330H,TS0330A,attention_gru,2726,11,369.86,398.7193908691406
TS0330H,TS0330A,attention_gru,2726,12,359.86,384.1858520507813
TS0330H,TS0330A,attention_gru,2726,13,349.86,369.7447509765625
TS0330H,TS0330A,attention_gru,2726,14,339.86,355.5008544921875
TS0330H,TS0330A,attention_gru,2726,15,329.86,341.5219116210937
TS0330H,TS0330A,attention_gru,2726,16,319.86,328.143798828125
TS0330H,TS0330A,attention_gru,2726,17,309.86,315.4249267578125
TS0330H,TS0330A,attention_gru,2726,18,299.86,303.3087463378906
TS0330H,TS0330A,attention_gru,2726,19,289.86,291.93829345703125
TS0330H,TS0330A,attention_gru,2726,20,279.86,281.4866638183594
TS0330H,TS0330A,attention_gru,2726,21,269.86,271.630126953125
TS0330H,TS0330A,attention_gru,2726,22,259.86,262.50714111328125
TS0330H,TS0330A,attention_gru,2726,23,249.86,254.12741088867188
TS0330H,TS0330A,attention_gru,2726,24,239.86,246.53073120117188
TS0330H,TS0330A,attention_gru,2726,25,229.86,239.5193634033203
TS0330H,TS0330A,attention_gru,2726,26,219.86,232.99034118652344
TS0330H,TS0330A,attention_gru,2726,27,209.86,227.08253479003903
TS0330H,TS0330A,attention_gru,2726,28,199.86,221.64190673828125
TS0330H,TS0330A,attention_gru,2726,29,189.86,216.59161376953125
TS0330H,TS0330A,attention_gru,2726,30,179.86,211.8955078125
TS0330H,TS0330A,attention_gru,2726,31,169.86,207.14035034179688
TS0330H,TS0330A,attention_gru,2726,32,159.86,202.3512115478516
TS0330H,TS0330A,attention_gru,2727,0,479.86,515.8956298828125
TS0330H,TS0330A,attention_gru,2727,1,469.86,509.2174072265625
TS0330H,TS0330A,attention_gru,2727,2,459.86,501.653076171875
TS0330H,TS0330A,attention_gru,2727,3,449.86,493.187255859375
TS0330H,TS0330A,attention_gru,2727,4,439.86,484.0369567871094
TS0330H,TS0330A,attention_gru,2727,5,429.86,474.2208251953125
TS0330H,TS0330A,attention_gru,2727,6,419.86,463.7893676757813
TS0330H,TS0330A,attention_gru,2727,7,409.86,452.7866821289063
TS0330H,TS0330A,attention_gru,2727,8,399.86,441.2548828125
TS0330H,TS0330A,attention_gru,2727,9,389.86,429.2615966796875
TS0330H,TS0330A,attention_gru,2727,10,379.86,417.00341796875
TS0330H,TS0330A,attention_gru,2727,11,369.86,404.5040588378906
TS0330H,TS0330A,attention_gru,2727,12,359.86,391.7522888183594
TS0330H,TS0330A,attention_gru,2727,13,349.86,378.9359436035156
TS0330H,TS0330A,attention_gru,2727,14,339.86,366.1812133789063
TS0330H,TS0330A,attention_gru,2727,15,329.86,353.53277587890625
TS0330H,TS0330A,attention_gru,2727,16,319.86,341.2953491210937
TS0330H,TS0330A,attention_gru,2727,17,309.86,329.5740966796875
TS0330H,TS0330A,attention_gru,2727,18,299.86,318.3124694824219
TS0330H,TS0330A,attention_gru,2727,19,289.86,307.6416931152344
TS0330H,TS0330A,attention_gru,2727,20,279.86,297.7677307128906
TS0330H,TS0330A,attention_gru,2727,21,269.86,288.41571044921875
TS0330H,TS0330A,attention_gru,2727,22,259.86,279.6804504394531
TS0330H,TS0330A,attention_gru,2727,23,249.86,271.610595703125
TS0330H,TS0330A,attention_gru,2727,24,239.86,264.2643737792969
TS0330H,TS0330A,attention_gru,2727,25,229.86,257.4582824707031
TS0330H,TS0330A,attention_gru,2727,26,219.86,251.11761474609372
TS0330H,TS0330A,attention_gru,2727,27,209.86,245.31895446777344
TS0330H,TS0330A,attention_gru,2727,28,199.86,239.9626617431641
TS0330H,TS0330A,attention_gru,2727,29,189.86,234.99349975585935
TS0330H,TS0330A,attention_gru,2727,30,179.86,230.37258911132807
TS0330H,TS0330A,attention_gru,2727,31,169.86,225.7144317626953
TS0330H,TS0330A,attention_gru,2727,32,159.86,220.9920654296875
TS0330H,TS0330A,attention_gru,2728,0,479.86,518.4324340820312
TS0330H,TS0330A,attention_gru,2728,1,469.86,511.26068115234375
TS0330H,TS0330A,attention_gru,2728,2,459.86,503.13287353515625
TS0330H,TS0330A,attention_gru,2728,3,449.86,494.03131103515625
TS0330H,TS0330A,attention_gru,2728,4,439.86,484.17291259765625
TS0330H,TS0330A,attention_gru,2728,5,429.86,473.5817565917969
TS0330H,TS0330A,attention_gru,2728,6,419.86,462.3127746582031
TS0330H,TS0330A,attention_gru,2728,7,409.86,450.4386901855469
TS0330H,TS0330A,attention_gru,2728,8,399.86,437.98345947265625
TS0330H,TS0330A,attention_gru,2728,9,389.86,425.0506286621094
TS0330H,TS0330A,attention_gru,2728,10,379.86,411.8572998046875
TS0330H,TS0330A,attention_gru,2728,11,369.86,398.46136474609375
TS0330H,TS0330A,attention_gru,2728,12,359.86,384.8782043457031
TS0330H,TS0330A,attention_gru,2728,13,349.86,371.2998962402344
TS0330H,TS0330A,attention_gru,2728,14,339.86,357.89276123046875
TS0330H,TS0330A,attention_gru,2728,15,329.86,344.7030639648437
TS0330H,TS0330A,attention_gru,2728,16,319.86,332.0560913085937
TS0330H,TS0330A,attention_gru,2728,17,309.86,320.0685119628906
TS0330H,TS0330A,attention_gru,2728,18,299.86,308.6487731933594
TS0330H,TS0330A,attention_gru,2728,19,289.86,297.9331970214844
TS0330H,TS0330A,attention_gru,2728,20,279.86,288.10693359375
TS0330H,TS0330A,attention_gru,2728,21,269.86,278.8819274902344
TS0330H,TS0330A,attention_gru,2728,22,259.86,270.33465576171875
TS0330H,TS0330A,attention_gru,2728,23,249.86,262.5077209472656
TS0330H,TS0330A,attention_gru,2728,24,239.86,255.43771362304688
TS0330H,TS0330A,attention_gru,2728,25,229.86,248.94000244140625
TS0330H,TS0330A,attention_gru,2728,26,219.86,242.9384307861328
TS0330H,TS0330A,attention_gru,2728,27,209.86,237.46197509765625
TS0330H,TS0330A,attention_gru,2728,28,199.86,232.45074462890625
TS0330H,TS0330A,attention_gru,2728,29,189.86,227.84739685058597
TS0330H,TS0330A,attention_gru,2728,30,179.86,223.59234619140625
TS0330H,TS0330A,attention_gru,2728,31,169.86,219.3408203125
TS0330H,TS0330A,attention_gru,2728,32,159.86,215.0543975830078
TS0330H,TS0330A,tcn_transformer,2726,0,479.86,551.8590698242188
TS0330H,TS0330A,tcn_transformer,2726,1,469.86,544.6118774414062
TS0330H,TS0330A,tcn_transformer,2726,2,459.86,536.5977172851562
TS0330H,TS0330A,tcn_transformer,2726,3,449.86,527.99755859375
TS0330H,TS0330A,tcn_transformer,2726,4,439.86,519.0440673828125
TS0330H,TS0330A,tcn_transformer,2726,5,429.86,509.8995361328125
TS0330H,TS0330A,tcn_transformer,2726,6,419.86,500.67431640625
TS0330H,TS0330A,tcn_transformer,2726,7,409.86,491.51373291015625
TS0330H,TS0330A,tcn_transformer,2726,8,399.86,482.3724060058594
TS0330H,TS0330A,tcn_transformer,2726,9,389.86,473.2962036132813
TS0330H,TS0330A,tcn_transformer,2726,10,379.86,464.20556640625
TS0330H,TS0330A,tcn_transformer,2726,11,369.86,455.0137939453125
TS0330H,TS0330A,tcn_transformer,2726,12,359.86,445.6297302246094
TS0330H,TS0330A,tcn_transformer,2726,13,349.86,436.0979919433594
TS0330H,TS0330A,tcn_transformer,2726,14,339.86,426.4197387695313
TS0330H,TS0330A,tcn_transformer,2726,15,329.86,416.6396789550781
TS0330H,TS0330A,tcn_transformer,2726,16,319.86,406.996826171875
TS0330H,TS0330A,tcn_transformer,2726,17,309.86,397.5123596191406
TS0330H,TS0330A,tcn_transformer,2726,18,299.86,388.1254577636719
TS0330H,TS0330A,tcn_transformer,2726,19,289.86,379.069091796875
TS0330H,TS0330A,tcn_transformer,2726,20,279.86,370.32818603515625
TS0330H,TS0330A,tcn_transformer,2726,21,269.86,361.6528015136719
TS0330H,TS0330A,tcn_transformer,2726,22,259.86,353.20318603515625
TS0330H,TS0330A,tcn_transformer,2726,23,249.86,344.95196533203125
TS0330H,TS0330A,tcn_transformer,2726,24,239.86,337.0326843261719
TS0330H,TS0330A,tcn_transformer,2726,25,229.86,329.16119384765625
TS0330H,TS0330A,tcn_transformer,2726,26,219.86,321.317626953125
TS0330H,TS0330A,tcn_transformer,2726,27,209.86,313.9374084472656
TS0330H,TS0330A,tcn_transformer,2726,28,199.86,306.6219177246094
TS0330H,TS0330A,tcn_transformer,2726,29,189.86,299.47186279296875
TS0330H,TS0330A,tcn_transformer,2726,30,179.86,292.5086975097656
TS0330H,TS0330A,tcn_transformer,2726,31,169.86,285.0328063964844
TS0330H,TS0330A,tcn_transformer,2726,32,159.86,277.2310791015625
TS0330H,TS0330A,tcn_transformer,2727,0,479.86,510.6393737792969
TS0330H,TS0330A,tcn_transformer,2727,1,469.86,506.65911865234375
TS0330H,TS0330A,tcn_transformer,2727,2,459.86,502.00494384765625
TS0330H,TS0330A,tcn_transformer,2727,3,449.86,496.5585021972656
TS0330H,TS0330A,tcn_transformer,2727,4,439.86,490.4190368652344
TS0330H,TS0330A,tcn_transformer,2727,5,429.86,483.5554504394531
TS0330H,TS0330A,tcn_transformer,2727,6,419.86,475.9788818359375
TS0330H,TS0330A,tcn_transformer,2727,7,409.86,467.7679443359375
TS0330H,TS0330A,tcn_transformer,2727,8,399.86,458.9298095703125
TS0330H,TS0330A,tcn_transformer,2727,9,389.86,449.6331481933594
TS0330H,TS0330A,tcn_transformer,2727,10,379.86,440.0871276855469
TS0330H,TS0330A,tcn_transformer,2727,11,369.86,430.3980712890625
TS0330H,TS0330A,tcn_transformer,2727,12,359.86,420.6070556640625
TS0330H,TS0330A,tcn_transformer,2727,13,349.86,410.8352355957031
TS0330H,TS0330A,tcn_transformer,2727,14,339.86,401.151611328125
TS0330H,TS0330A,tcn_transformer,2727,15,329.86,391.5533752441406
TS0330H,TS0330A,tcn_transformer,2727,16,319.86,382.16448974609375
TS0330H,TS0330A,tcn_transformer,2727,17,309.86,372.9911193847656
TS0330H,TS0330A,tcn_transformer,2727,18,299.86,364.0754699707031
TS0330H,TS0330A,tcn_transformer,2727,19,289.86,355.1939392089844
TS0330H,TS0330A,tcn_transformer,2727,20,279.86,346.7017517089844
TS0330H,TS0330A,tcn_transformer,2727,21,269.86,338.3329772949219
TS0330H,TS0330A,tcn_transformer,2727,22,259.86,330.11456298828125
TS0330H,TS0330A,tcn_transformer,2727,23,249.86,322.1260681152344
TS0330H,TS0330A,tcn_transformer,2727,24,239.86,314.5674743652344
TS0330H,TS0330A,tcn_transformer,2727,25,229.86,307.24810791015625
TS0330H,TS0330A,tcn_transformer,2727,26,219.86,300.26544189453125
TS0330H,TS0330A,tcn_transformer,2727,27,209.86,293.882568359375
TS0330H,TS0330A,tcn_transformer,2727,28,199.86,287.6787109375
TS0330H,TS0330A,tcn_transformer,2727,29,189.86,281.57232666015625
TS0330H,TS0330A,tcn_transformer,2727,30,179.86,276.0284118652344
TS0330H,TS0330A,tcn_transformer,2727,31,169.86,270.36065673828125
TS0330H,TS0330A,tcn_transformer,2727,32,159.86,264.2615051269531
TS0330H,TS0330A,tcn_transformer,2728,0,479.86,519.6121826171875
TS0330H,TS0330A,tcn_transformer,2728,1,469.86,516.216796875
TS0330H,TS0330A,tcn_transformer,2728,2,459.86,512.2052612304688
TS0330H,TS0330A,tcn_transformer,2728,3,449.86,507.560791015625
TS0330H,TS0330A,tcn_transformer,2728,4,439.86,502.3221435546875
TS0330H,TS0330A,tcn_transformer,2728,5,429.86,496.532958984375
TS0330H,TS0330A,tcn_transformer,2728,6,419.86,490.2601013183594
TS0330H,TS0330A,tcn_transformer,2728,7,409.86,483.5883483886719
TS0330H,TS0330A,tcn_transformer,2728,8,399.86,476.5346374511719
TS0330H,TS0330A,tcn_transformer,2728,9,389.86,469.0531921386719
TS0330H,TS0330A,tcn_transformer,2728,10,379.86,461.1122741699219
TS0330H,TS0330A,tcn_transformer,2728,11,369.86,452.6573791503906
TS0330H,TS0330A,tcn_transformer,2728,12,359.86,443.6021423339844
TS0330H,TS0330A,tcn_transformer,2728,13,349.86,433.9576110839844
TS0330H,TS0330A,tcn_transformer,2728,14,339.86,423.8746337890625
TS0330H,TS0330A,tcn_transformer,2728,15,329.86,413.3824157714844
TS0330H,TS0330A,tcn_transformer,2728,16,319.86,402.67327880859375
TS0330H,TS0330A,tcn_transformer,2728,17,309.86,391.96380615234375
TS0330H,TS0330A,tcn_transformer,2728,18,299.86,381.2014465332031
TS0330H,TS0330A,tcn_transformer,2728,19,289.86,370.3693542480469
TS0330H,TS0330A,tcn_transformer,2728,20,279.86,359.6900939941406
TS0330H,TS0330A,tcn_transformer,2728,21,269.86,348.8525390625
TS0330H,TS0330A,tcn_transformer,2728,22,259.86,337.8966064453125
TS0330H,TS0330A,tcn_transformer,2728,23,249.86,327.0771484375
TS0330H,TS0330A,tcn_transformer,2728,24,239.86,316.650146484375
TS0330H,TS0330A,tcn_transformer,2728,25,229.86,306.7238464355469
TS0330H,TS0330A,tcn_transformer,2728,26,219.86,297.4213562011719
TS0330H,TS0330A,tcn_transformer,2728,27,209.86,288.88250732421875
TS0330H,TS0330A,tcn_transformer,2728,28,199.86,281.07879638671875
TS0330H,TS0330A,tcn_transformer,2728,29,189.86,273.9787292480469
TS0330H,TS0330A,tcn_transformer,2728,30,179.86,267.5667724609375
TS0330H,TS0330A,tcn_transformer,2728,31,169.86,261.3689880371094
TS0330H,TS0330A,tcn_transformer,2728,32,159.86,255.3390350341797
TS0330H,TS0330A,lath_net,2726,0,479.86,517.1239013671875
TS0330H,TS0330A,lath_net,2726,1,469.86,513.414794921875
TS0330H,TS0330A,lath_net,2726,2,459.86,509.37493896484375
TS0330H,TS0330A,lath_net,2726,3,449.86,502.9923706054688
TS0330H,TS0330A,lath_net,2726,4,439.86,496.1019592285156
TS0330H,TS0330A,lath_net,2726,5,429.86,488.3953247070313
TS0330H,TS0330A,lath_net,2726,6,419.86,480.9468994140625
TS0330H,TS0330A,lath_net,2726,7,409.86,472.0396423339844
TS0330H,TS0330A,lath_net,2726,8,399.86,463.79632568359375
TS0330H,TS0330A,lath_net,2726,9,389.86,454.373046875
TS0330H,TS0330A,lath_net,2726,10,379.86,444.41986083984375
TS0330H,TS0330A,lath_net,2726,11,369.86,435.9810485839844
TS0330H,TS0330A,lath_net,2726,12,359.86,427.2196044921875
TS0330H,TS0330A,lath_net,2726,13,349.86,418.802978515625
TS0330H,TS0330A,lath_net,2726,14,339.86,410.7438659667969
TS0330H,TS0330A,lath_net,2726,15,329.86,402.9870300292969
TS0330H,TS0330A,lath_net,2726,16,319.86,395.19244384765625
TS0330H,TS0330A,lath_net,2726,17,309.86,387.1192932128906
TS0330H,TS0330A,lath_net,2726,18,299.86,379.9910278320313
TS0330H,TS0330A,lath_net,2726,19,289.86,371.1579284667969
TS0330H,TS0330A,lath_net,2726,20,279.86,362.502197265625
TS0330H,TS0330A,lath_net,2726,21,269.86,353.4459228515625
TS0330H,TS0330A,lath_net,2726,22,259.86,343.5355834960937
TS0330H,TS0330A,lath_net,2726,23,249.86,331.3970947265625
TS0330H,TS0330A,lath_net,2726,24,239.86,319.9306030273437
TS0330H,TS0330A,lath_net,2726,25,229.86,306.0945129394531
TS0330H,TS0330A,lath_net,2726,26,219.86,292.30572509765625
TS0330H,TS0330A,lath_net,2726,27,209.86,284.3969421386719
TS0330H,TS0330A,lath_net,2726,28,199.86,272.5367431640625
TS0330H,TS0330A,lath_net,2726,29,189.86,259.9451904296875
TS0330H,TS0330A,lath_net,2726,30,179.86,252.7013702392578
TS0330H,TS0330A,lath_net,2726,31,169.86,242.4940948486328
TS0330H,TS0330A,lath_net,2726,32,159.86,229.6101837158203
TS0330H,TS0330A,lath_net,2727,0,479.86,484.0473937988281
TS0330H,TS0330A,lath_net,2727,1,469.86,481.5300903320313
TS0330H,TS0330A,lath_net,2727,2,459.86,477.3556213378906
TS0330H,TS0330A,lath_net,2727,3,449.86,471.4384765625
TS0330H,TS0330A,lath_net,2727,4,439.86,464.5693054199219
TS0330H,TS0330A,lath_net,2727,5,429.86,456.9472351074219
TS0330H,TS0330A,lath_net,2727,6,419.86,448.40228271484375
TS0330H,TS0330A,lath_net,2727,7,409.86,438.96533203125
TS0330H,TS0330A,lath_net,2727,8,399.86,428.9393310546875
TS0330H,TS0330A,lath_net,2727,9,389.86,418.5647583007813
TS0330H,TS0330A,lath_net,2727,10,379.86,408.4657897949219
TS0330H,TS0330A,lath_net,2727,11,369.86,398.3812561035156
TS0330H,TS0330A,lath_net,2727,12,359.86,388.2893371582031
TS0330H,TS0330A,lath_net,2727,13,349.86,378.13568115234375
TS0330H,TS0330A,lath_net,2727,14,339.86,368.5126647949219
TS0330H,TS0330A,lath_net,2727,15,329.86,359.5446472167969
TS0330H,TS0330A,lath_net,2727,16,319.86,351.1766052246094
TS0330H,TS0330A,lath_net,2727,17,309.86,343.6392822265625
TS0330H,TS0330A,lath_net,2727,18,299.86,336.4062805175781
TS0330H,TS0330A,lath_net,2727,19,289.86,328.71630859375
TS0330H,TS0330A,lath_net,2727,20,279.86,321.03936767578125
TS0330H,TS0330A,lath_net,2727,21,269.86,312.5990600585937
TS0330H,TS0330A,lath_net,2727,22,259.86,302.778076171875
TS0330H,TS0330A,lath_net,2727,23,249.86,291.6148681640625
TS0330H,TS0330A,lath_net,2727,24,239.86,279.3570861816406
TS0330H,TS0330A,lath_net,2727,25,229.86,265.7373962402344
TS0330H,TS0330A,lath_net,2727,26,219.86,254.59762573242188
TS0330H,TS0330A,lath_net,2727,27,209.86,246.1679534912109
TS0330H,TS0330A,lath_net,2727,28,199.86,236.2687225341797
TS0330H,TS0330A,lath_net,2727,29,189.86,227.55560302734372
TS0330H,TS0330A,lath_net,2727,30,179.86,221.02903747558597
TS0330H,TS0330A,lath_net,2727,31,169.86,212.8833770751953
TS0330H,TS0330A,lath_net,2727,32,159.86,206.64178466796875
TS0330H,TS0330A,lath_net,2728,0,479.86,508.01275634765625
TS0330H,TS0330A,lath_net,2728,1,469.86,504.8059692382813
TS0330H,TS0330A,lath_net,2728,2,459.86,500.5491333007813
TS0330H,TS0330A,lath_net,2728,3,449.86,494.1696166992188
TS0330H,TS0330A,lath_net,2728,4,439.86,487.158935546875
TS0330H,TS0330A,lath_net,2728,5,429.86,479.4498291015625
TS0330H,TS0330A,lath_net,2728,6,419.86,471.34027099609375
TS0330H,TS0330A,lath_net,2728,7,409.86,462.3695983886719
TS0330H,TS0330A,lath_net,2728,8,399.86,453.503173828125
TS0330H,TS0330A,lath_net,2728,9,389.86,444.1090393066406
TS0330H,TS0330A,lath_net,2728,10,379.86,435.4824523925781
TS0330H,TS0330A,lath_net,2728,11,369.86,427.3832702636719
TS0330H,TS0330A,lath_net,2728,12,359.86,419.3190307617188
TS0330H,TS0330A,lath_net,2728,13,349.86,411.6705322265625
TS0330H,TS0330A,lath_net,2728,14,339.86,404.3792724609375
TS0330H,TS0330A,lath_net,2728,15,329.86,397.2410278320313
TS0330H,TS0330A,lath_net,2728,16,319.86,389.9147644042969
TS0330H,TS0330A,lath_net,2728,17,309.86,382.27679443359375
TS0330H,TS0330A,lath_net,2728,18,299.86,374.5830078125
TS0330H,TS0330A,lath_net,2728,19,289.86,365.7498474121094
TS0330H,TS0330A,lath_net,2728,20,279.86,356.6567077636719
TS0330H,TS0330A,lath_net,2728,21,269.86,346.5948486328125
TS0330H,TS0330A,lath_net,2728,22,259.86,334.7312316894531
TS0330H,TS0330A,lath_net,2728,23,249.86,321.2581787109375
TS0330H,TS0330A,lath_net,2728,24,239.86,307.8307189941406
TS0330H,TS0330A,lath_net,2728,25,229.86,293.2940673828125
TS0330H,TS0330A,lath_net,2728,26,219.86,279.4818115234375
TS0330H,TS0330A,lath_net,2728,27,209.86,269.19012451171875
TS0330H,TS0330A,lath_net,2728,28,199.86,257.16864013671875
TS0330H,TS0330A,lath_net,2728,29,189.86,242.99041748046875
TS0330H,TS0330A,lath_net,2728,30,179.86,232.911865234375
TS0330H,TS0330A,lath_net,2728,31,169.86,222.16036987304688
TS0330H,TS0330A,lath_net,2728,32,159.86,209.5795135498047
