heldout,seed,index,t_end_s,tau_true_s,tau_pred_s,abs_error_s,reliability,lag_max_weight,lag_entropy_norm,lag_weight_0s,lag_weight_2s,lag_weight_5s,lag_weight_10s,lag_weight_20s,lag_weight_30s
TS0330A,2026,0,216,599.89,600.0,0.1100000000000136,0.4284687042236328,0.1814711987972259,0.9983581361453278,0.1814711987972259,0.1783241927623748,0.1734255254268646,0.1655360609292984,0.1556597799062729,0.1455832123756408
TS0330A,2026,1,226,589.89,600.0,10.110000000000014,0.4306693971157074,0.1833099722862243,0.9977620096826418,0.1833099722862243,0.1800951361656189,0.1747855395078659,0.1660791188478469,0.1542648822069168,0.141465350985527
TS0330A,2026,2,236,579.89,600.0,20.110000000000014,0.4330036044120788,0.1850625723600387,0.997114919729954,0.1850625723600387,0.1817418932914734,0.1760472506284713,0.1666209995746612,0.1528255939483642,0.137701615691185
TS0330A,2026,3,246,569.89,600.0,30.110000000000014,0.4355761706829071,0.186394989490509,0.9964778095729584,0.186394989490509,0.1832676380872726,0.1772841364145279,0.1671609878540039,0.1514448225498199,0.1344474852085113
TS0330A,2026,4,256,559.89,600.0,40.110000000000014,0.438351035118103,0.1870219856500625,0.996005499108828,0.1870219856500625,0.1842591166496276,0.1781819015741348,0.1677978038787841,0.150740772485733,0.1319984793663025
TS0330A,2026,5,266,549.89,600.0,50.110000000000014,0.4412994384765625,0.1871320754289627,0.9957925968007258,0.1871320754289627,0.1847531348466873,0.1786440163850784,0.1681369394063949,0.1503776758909225,0.1309560984373092
TS0330A,2026,6,276,539.89,600.0,60.110000000000014,0.4442792534828186,0.1860197782516479,0.995932114344504,0.1860197782516479,0.1844609379768371,0.1788939386606216,0.1686707735061645,0.1506040692329406,0.1313504874706268
TS0330A,2026,7,286,529.89,600.0,70.11000000000001,0.4473714232444763,0.1844183951616287,0.9964613096440804,0.1844183951616287,0.1832614243030548,0.1780590862035751,0.1688160598278045,0.1520864069461822,0.1333586424589157
TS0330A,2026,8,296,519.89,600.0,80.11000000000001,0.4504617750644684,0.18157759308815,0.9973189732858756,0.18157759308815,0.1812896728515625,0.1770143955945968,0.1686577796936035,0.1538982391357422,0.1375623792409896
TS0330A,2026,9,306,509.89,600.0,90.11,0.4532778859138489,0.1794541478157043,0.9979284726747892,0.1792713105678558,0.1794541478157043,0.175890177488327,0.1689459830522537,0.1557247936725616,0.1407135128974914
TS0330A,2026,10,316,499.89,600.0,100.11,0.456094354391098,0.1763633042573928,0.9987549328220532,0.1756146401166916,0.1763633042573928,0.1738982498645782,0.1694354116916656,0.1587908416986465,0.1458975374698639
TS0330A,2026,11,326,489.89,582.33349609375,92.44349609375,0.4586239457130432,0.1759725511074066,0.9989511356053636,0.1750565022230148,0.1759725511074066,0.1735131591558456,0.1682161390781402,0.1594551652669906,0.1477865278720855
TS0330A,2026,12,336,479.89,559.5059814453125,79.61598144531251,0.4611539542675018,0.1730331182479858,0.9993943050660724,0.1711130291223526,0.1730331182479858,0.1728569567203521,0.1701532751321792,0.1606354266405105,0.1522081941366195
TS0330A,2026,13,346,469.89,537.6537475585938,67.76374755859376,0.4631247222423553,0.1769535094499588,0.998814612000293,0.1769535094499588,0.1767867058515548,0.172706127166748,0.1668425500392913,0.1602593511343002,0.1464517563581466
TS0330A,2026,14,356,459.89,515.1885986328125,55.298598632812514,0.4654024839401245,0.1756853461265564,0.9989735568796856,0.1744273006916046,0.1756853461265564,0.1745252758264541,0.1695363819599151,0.1555892378091812,0.1502364575862884
TS0330A,2026,15,366,449.89,491.6377258300781,41.74772583007814,0.4653011262416839,0.1952034831047058,0.9924424459187964,0.1952034831047058,0.1900634169578552,0.1821051985025406,0.1686048656702041,0.1445184350013733,0.1195046678185463
TS0330A,2026,16,376,439.89,467.0777282714844,27.18772827148439,0.4656367301940918,0.2072414457798004,0.9874544774998196,0.2072414457798004,0.1980465799570083,0.1847782880067825,0.1650605052709579,0.1346222758293151,0.1102510169148445
TS0330A,2026,17,386,429.89,449.5213623046875,19.631362304687517,0.4662755131721496,0.2096101641654968,0.9855211249463386,0.2096101641654968,0.2000484317541122,0.1864698976278305,0.1657313406467437,0.1321825385093689,0.1059576421976089
TS0330A,2026,18,396,419.89,438.5690002441406,18.67900024414064,0.4707617461681366,0.2202274650335312,0.9780206431638718,0.2202274650335312,0.20900459587574,0.1913836151361465,0.1619634330272674,0.1225953251123428,0.0948255434632301
TS0330A,2026,19,406,409.89,420.4399108886719,10.549910888671889,0.470008909702301,0.2094730287790298,0.9846840196836696,0.2094730287790298,0.2004522383213043,0.1876725256443023,0.1673678904771804,0.1316406428813934,0.1033936589956283
TS0330A,2026,20,416,399.89,419.2376403808594,19.34764038085939,0.4753793179988861,0.2199224829673767,0.975470006980837,0.2199224829673767,0.2092493623495102,0.1925753355026245,0.1672282665967941,0.1245301961898803,0.0864942371845245
TS0330A,2026,21,426,389.89,412.8152770996094,22.92527709960939,0.4787200689315796,0.2123910784721374,0.9800217917960892,0.2123910784721374,0.2050737887620926,0.1919613182544708,0.1693341434001922,0.1277115941047668,0.0935281068086624
TS0330A,2026,22,436,379.89,397.55279541015625,17.662795410156264,0.4800363779067993,0.2081530690193176,0.9840042625330822,0.2081530690193176,0.2003345042467117,0.1887624710798263,0.1701846420764923,0.1322337538003921,0.1003316044807434
TS0330A,2026,23,446,369.89,386.89105224609375,17.001052246093764,0.4812986552715301,0.2039758116006851,0.988012215015076,0.2039758116006851,0.196768045425415,0.185648426413536,0.167009025812149,0.1371494084596634,0.1094492152333259
TS0330A,2026,24,456,359.89,374.4693603515625,14.579360351562514,0.4838525056838989,0.2004390060901641,0.9897120403493576,0.2004390060901641,0.1942497938871383,0.184798926115036,0.1689793467521667,0.137579396367073,0.1139536425471305
TS0330A,2026,25,466,349.89,362.1029052734375,12.212905273437514,0.4849216938018799,0.1951259076595306,0.992462472042152,0.1951259076595306,0.189922347664833,0.1820246130228042,0.1692593544721603,0.1438479423522949,0.1198197901248931
TS0330A,2026,26,476,339.89,353.95330810546875,14.063308105468764,0.487844705581665,0.1912208497524261,0.9953523547467534,0.1912208497524261,0.1851912140846252,0.177365243434906,0.166674330830574,0.1495075076818466,0.1300407946109771
TS0330A,2026,27,486,329.89,337.748046875,7.858046875000014,0.4897301793098449,0.1842793077230453,0.998193935240204,0.1842793077230453,0.1785586774349212,0.1720574349164962,0.1638406664133072,0.15634785592556,0.1449160277843475
TS0330A,2026,28,496,319.89,317.17608642578125,2.7139135742187364,0.490472674369812,0.1710679531097412,0.9999190427235728,0.1710679531097412,0.1678185760974884,0.1646882146596908,0.1618764996528625,0.1672643274068832,0.1672844290733337
TS0330A,2026,29,506,309.89,299.86846923828125,10.021530761718736,0.4909272789955139,0.1895248144865036,0.9986222680713168,0.1589525043964386,0.1580873131752014,0.158213198184967,0.1600764989852905,0.1751456707715988,0.1895248144865036
TS0330A,2026,30,516,299.89,296.439453125,3.4505468749999864,0.4927788078784942,0.1912906765937805,0.9986084294212904,0.1585853993892669,0.1581857502460479,0.1590228527784347,0.1612846851348877,0.1716306805610656,0.1912906765937805
TS0330A,2026,31,526,289.89,289.9349365234375,0.0449365234375136,0.4943700730800628,0.1970796734094619,0.9977229554154992,0.1543880552053451,0.154790461063385,0.1571093648672104,0.1616159379482269,0.1750164479017257,0.1970796734094619
TS0330A,2026,32,536,279.89,284.6612854003906,4.771285400390639,0.4953359961509704,0.1968439668416977,0.9976637419610584,0.1535749435424804,0.1541693657636642,0.1570077538490295,0.1624111831188202,0.1759927421808242,0.1968439668416977
TS0330A,2026,33,546,269.89,283.2425537109375,13.352553710937514,0.4968924522399902,0.2003302872180938,0.9970125935581224,0.1514899879693985,0.1522646397352218,0.1557090133428573,0.162186324596405,0.1780197918415069,0.2003302872180938
TS0330A,2026,34,556,259.89,280.98834228515625,21.098342285156264,0.4976959824562073,0.2013069242238998,0.9968581063208056,0.1512826532125473,0.1519003808498382,0.1553847640752792,0.1619285643100738,0.1781966388225555,0.2013069242238998
TS0330A,2026,35,566,249.89,278.2335205078125,28.343520507812517,0.4989510178565979,0.1988013237714767,0.9973050681038776,0.1527236849069595,0.1528596431016922,0.1560646891593933,0.1623839139938354,0.1771667003631591,0.1988013237714767
TS0330A,2026,36,576,239.89,274.5958557128906,34.70585571289064,0.5002771615982056,0.1972076147794723,0.99756314562048,0.1535657793283462,0.1535023599863052,0.1565315574407577,0.1625121086835861,0.1766805499792099,0.1972076147794723
TS0330A,2026,37,586,229.89,272.6341552734375,42.74415527343752,0.5014333128929138,0.1942154765129089,0.997991944175392,0.1547589004039764,0.1545107662677765,0.1574572175741195,0.1631687432527542,0.1758888363838195,0.1942154765129089
TS0330A,2026,38,596,219.89,270.3630676269531,50.47306762695314,0.5024029612541199,0.1898245215415954,0.9986015766282484,0.1571286618709564,0.1565250605344772,0.1589032709598541,0.1635787785053253,0.1740397214889526,0.1898245215415954
TS0330A,2026,39,606,209.89,265.560302734375,55.67030273437501,0.5031366944313049,0.1858842074871063,0.999051532350028,0.1591915190219879,0.1582896113395691,0.160198763012886,0.16400046646595,0.1724353432655334,0.1858842074871063
TS0330A,2026,40,616,199.89,261.9225158691406,62.03251586914064,0.5037791132926941,0.1829392164945602,0.999299363943053,0.1601005643606186,0.1591941118240356,0.1611115336418151,0.1647859364748001,0.1718686372041702,0.1829392164945602
TS0330A,2027,0,216,599.89,586.2332153320312,13.656784667968736,0.40409716963768,0.2050613313913345,0.9856756787156264,0.2050613313913345,0.1980457156896591,0.187774658203125,0.1704139560461044,0.1366555094718933,0.1020488515496254
TS0330A,2027,1,226,589.89,587.8475952148438,2.0424047851562364,0.4041886925697326,0.199749618768692,0.9896281435335712,0.199749618768692,0.1935522407293319,0.1845376342535019,0.1696059256792068,0.1413177996873855,0.1112368777394294
TS0330A,2027,2,236,579.89,589.86474609375,9.974746093750014,0.4043914079666137,0.1960393637418747,0.9921294129939148,0.1960393637418747,0.1903095096349716,0.1821387708187103,0.1687782853841781,0.1442848294973373,0.1184493228793144
TS0330A,2027,3,246,569.89,592.1287841796875,22.238784179687517,0.4046636521816253,0.1928139626979828,0.9939819957342596,0.1928139626979828,0.1875974535942077,0.1801083832979202,0.1680452972650528,0.1467330753803253,0.124701865017414
TS0330A,2027,4,256,559.89,594.3179931640625,34.427993164062514,0.4050104022026062,0.1898662745952606,0.9954316608565216,0.1898662745952606,0.1851343065500259,0.1782830506563186,0.167393147945404,0.1489852368831634,0.1303379833698272
TS0330A,2027,5,266,549.89,595.8742065429688,45.98420654296877,0.4054453670978546,0.1866529285907745,0.9966925747762564,0.1866529285907745,0.1825262457132339,0.1765722185373306,0.166995421051979,0.1512937694787979,0.135959506034851
TS0330A,2027,6,276,539.89,595.9421997070312,56.052199707031264,0.4060713946819305,0.1843280494213104,0.9974871661092762,0.1843280494213104,0.1806557774543762,0.175255000591278,0.1666303724050521,0.1529801934957504,0.140150636434555
TS0330A,2027,7,286,529.89,593.4014282226562,63.51142822265626,0.4068133234977722,0.1816391199827194,0.9982631284903372,0.1816391199827194,0.1784542202949524,0.1737521141767501,0.1662271469831466,0.1550068408250808,0.1449206173419952
TS0330A,2027,8,296,519.89,586.9962158203125,67.10621582031251,0.4078927338123321,0.1770007759332656,0.9991601790591312,0.1770007759332656,0.1750172525644302,0.171804741024971,0.166211798787117,0.1582040637731552,0.1517612934112548
TS0330A,2027,9,306,509.89,578.04296875,68.15296875000001,0.4094525277614593,0.1747120916843414,0.9994684882140517,0.1747120916843414,0.1733663529157638,0.1709379702806472,0.1663516759872436,0.1597940474748611,0.154837816953659
TS0330A,2027,10,316,499.89,567.57568359375,67.68568359375001,0.4111715257167816,0.1699793934822082,0.999867214317944,0.1699793934822082,0.1699412316083908,0.1693387180566787,0.1670802533626556,0.1630869656801223,0.1605734676122665
TS0330A,2027,11,326,489.89,555.6200561523438,65.73005615234376,0.4133119881153106,0.1698440462350845,0.9998737344511298,0.1698024123907089,0.1698440462350845,0.1693312227725982,0.1671430170536041,0.1631839275360107,0.1606953889131546
TS0330A,2027,12,336,479.89,542.724853515625,62.83485351562501,0.4155430793762207,0.1685852259397506,0.9999642844640444,0.1673128306865692,0.1680469512939453,0.1685852259397506,0.1677915304899215,0.164890170097351,0.1633733063936233
TS0330A,2027,13,346,469.89,529.8224487304688,59.93244873046877,0.4180921018123626,0.1691268682479858,0.999915583061066,0.1688673645257949,0.1691268682479858,0.1689633578062057,0.167375311255455,0.1642624586820602,0.1614046096801757
TS0330A,2027,14,356,459.89,515.8095092773438,55.91950927734376,0.4208951890468597,0.1681437641382217,0.999989899272988,0.164952278137207,0.1661592125892639,0.1674526184797287,0.1681437641382217,0.1667627841234207,0.1665293127298355
TS0330A,2027,15,366,449.89,503.1805114746094,53.29051147460939,0.4251904487609863,0.1716107428073883,0.9995616329738464,0.1707620173692703,0.1712447106838226,0.1716107428073883,0.1698410958051681,0.1629815399646759,0.1535598635673523
TS0330A,2027,16,376,439.89,489.69525146484375,49.80525146484376,0.4304501712322235,0.179624930024147,0.9993992284319472,0.179624930024147,0.1740723997354507,0.1667008697986602,0.1601293981075287,0.1601341664791107,0.1593382209539413
TS0330A,2027,17,386,429.89,475.37451171875,45.484511718750014,0.4333723485469818,0.1865900456905365,0.9982701808792932,0.1865900456905365,0.1787088513374328,0.170388862490654,0.1607911437749862,0.1528354883193969,0.1506855934858322
TS0330A,2027,18,396,419.89,462.9815979003906,43.09159790039064,0.4375732839107513,0.1992868781089782,0.991779920548771,0.1992868781089782,0.1925861239433288,0.1824512630701065,0.1653573960065841,0.1375795155763626,0.1227388754487037
TS0330A,2027,19,406,409.89,448.9432373046875,39.05323730468752,0.4367629885673523,0.1788107305765152,0.9991068869501344,0.1788107305765152,0.1752533912658691,0.1710492670536041,0.1652206033468246,0.1568541526794433,0.1528117656707763
TS0330A,2027,20,416,399.89,440.0350341796875,40.14503417968752,0.4454987943172455,0.195968210697174,0.9922392572785012,0.195968210697174,0.1903810799121856,0.1820084750652313,0.1687410920858383,0.1436251550912857,0.1192760095000267
TS0330A,2027,21,426,389.89,429.6730346679688,39.78303466796877,0.4479858577251434,0.1813892126083374,0.997820358221456,0.1813892126083374,0.1790348440408706,0.1753647774457931,0.1688313782215118,0.1547823697328567,0.1405974626541137
TS0330A,2027,22,436,379.89,417.6958312988281,37.80583129882814,0.4540592133998871,0.1843814849853515,0.9972174454976992,0.1843814849853515,0.1808259040117263,0.1759584099054336,0.1683567315340042,0.1523328125476837,0.1381446868181228
TS0330A,2027,23,446,369.89,404.8540954589844,34.96409545898439,0.4590505361557007,0.1722781509160995,0.9998128576974068,0.1722781509160995,0.1709629893302917,0.1687997132539749,0.165083959698677,0.1614706665277481,0.1614044904708862
TS0330A,2027,24,456,359.89,397.1792297363281,37.28922973632814,0.4616483747959137,0.1765684485435485,0.9992152009993814,0.1765684485435485,0.1743215024471283,0.1715103387832641,0.1672012358903885,0.1584051847457885,0.1519933193922042
TS0330A,2027,25,466,349.89,383.642822265625,33.752822265625014,0.4665408432483673,0.1738347709178924,0.9998821840114824,0.1635606586933136,0.1642676591873169,0.1649856567382812,0.1658415645360946,0.1675096750259399,0.1738347709178924
TS0330A,2027,26,476,339.89,375.9976806640625,36.107680664062514,0.4693230986595154,0.170820415019989,0.9998575671821084,0.170820415019989,0.1698032766580581,0.1686234474182129,0.167144775390625,0.163562074303627,0.1600459814071655
TS0330A,2027,27,486,329.89,365.7950134277344,35.90501342773439,0.4727412462234497,0.1714569181203842,0.9998280269868592,0.1714569181203842,0.1701543927192688,0.1688152700662613,0.1670003086328506,0.1627912521362304,0.1597818434238433
TS0330A,2027,28,496,319.89,352.1114807128906,32.22148071289064,0.4764604270458221,0.1863127797842025,0.9989292465868116,0.1567661464214325,0.1581047475337982,0.1603990495204925,0.1646679788827896,0.1737493127584457,0.1863127797842025
TS0330A,2027,29,506,309.89,335.6123046875,25.722304687500014,0.4776654541492462,0.2206707596778869,0.9924562180368516,0.1409563273191452,0.1444891542196273,0.1497732102870941,0.1597195565700531,0.1843910366296768,0.2206707596778869
TS0330A,2027,30,516,299.89,331.3842468261719,31.49424682617189,0.4807170629501343,0.1989864706993103,0.9972196410527516,0.1505268365144729,0.1531408578157425,0.1568144410848617,0.1632822901010513,0.1772491633892059,0.1989864706993103
TS0330A,2027,31,526,289.89,322.937255859375,33.047255859375014,0.483374685049057,0.1911344081163406,0.998328462886136,0.153667151927948,0.1559570878744125,0.1591821461915969,0.1646424233913421,0.175416812300682,0.1911344081163406
TS0330A,2027,32,536,279.89,317.19384765625,37.303847656250014,0.4850242137908935,0.1902948170900344,0.9983988537117524,0.1536648571491241,0.1560931652784347,0.1594048291444778,0.1649499833583831,0.1755923479795456,0.1902948170900344
TS0330A,2027,33,546,269.89,312.006591796875,42.11659179687501,0.4876290261745453,0.1829834729433059,0.9991852616123046,0.1568759977817535,0.1589352637529373,0.1617004871368408,0.166093036532402,0.1734116971492767,0.1829834729433059
TS0330A,2027,34,556,259.89,308.444580078125,48.55458007812501,0.4890697300434112,0.1848816126585006,0.998995379366266,0.1559045910835266,0.158138707280159,0.161096379160881,0.1658247411251068,0.1741539388895034,0.1848816126585006
TS0330A,2027,35,566,249.89,306.6506042480469,56.76060424804689,0.4909056723117828,0.1764819175004959,0.999660898674999,0.1597019135951995,0.161488264799118,0.1637485772371292,0.1670927107334137,0.1714865863323211,0.1764819175004959
TS0330A,2027,36,576,239.89,302.7535095214844,62.86350952148439,0.4930128753185272,0.1724299192428589,0.9998496498775258,0.1615273207426071,0.1630604267120361,0.1649757474660873,0.1676885932683944,0.1703179329633712,0.1724299192428589
TS0330A,2027,37,586,229.89,298.8291931152344,68.93919311523439,0.4949629306793213,0.1705540120601654,0.9999097282475932,0.1624201983213424,0.1638015210628509,0.1655255109071731,0.1679268032312393,0.1697718650102615,0.1705540120601654
TS0330A,2027,38,596,219.89,296.6062927246094,76.71629272460939,0.4966172277927398,0.169072613120079,0.9999538389445533,0.1634191125631332,0.1645852178335189,0.1660545021295547,0.1680620312690735,0.169072613120079,0.1688065826892852
TS0330A,2027,39,606,209.89,294.4504089355469,84.56040893554689,0.4979714453220367,0.168778121471405,0.9999674114666948,0.163915753364563,0.1649042069911956,0.1662011444568634,0.1680181622505188,0.168778121471405,0.16818268597126
TS0330A,2027,40,616,199.89,291.4439697265625,91.55396972656251,0.4993106126785278,0.1689598113298416,0.9999603590777388,0.1637471169233322,0.1647080481052398,0.1660018861293792,0.1678921282291412,0.1689598113298416,0.1686909943819046
TS0330A,2028,0,216,599.89,552.2865600585938,47.60343994140624,0.568484902381897,0.2059755325317382,0.9822141533137708,0.2059755325317382,0.20096455514431,0.1916053891181945,0.1739677935838699,0.1332966536283493,0.0941900834441185
TS0330A,2028,1,226,589.89,553.127685546875,36.762314453124986,0.5692110061645508,0.2042303532361984,0.9834029465766362,0.2042303532361984,0.1996721923351287,0.1909563243389129,0.1742193847894668,0.1346763372421264,0.0962454378604888
TS0330A,2028,2,236,579.89,549.4561767578125,30.433823242187486,0.5695537328720093,0.2020430266857147,0.9848058397230868,0.2020430266857147,0.1980791985988617,0.190109521150589,0.1745124459266662,0.136571392416954,0.0986844152212143
TS0330A,2028,3,246,569.89,542.231689453125,27.658310546874983,0.5696796178817749,0.1989949196577072,0.9867441156424428,0.1989949196577072,0.1957439184188842,0.1888339221477508,0.174818143248558,0.1392332166433334,0.1023758575320243
TS0330A,2028,4,256,559.89,532.4968872070312,27.393112792968736,0.5695023536682129,0.1952639073133468,0.9890097288605058,0.1952639073133468,0.1928571015596389,0.1871798932552337,0.1750215888023376,0.1424216330051422,0.1072558164596557
TS0330A,2028,5,266,549.89,521.255615234375,28.634384765624983,0.5689705014228821,0.1910585016012191,0.991395964542503,0.1910585016012191,0.1895302832126617,0.1851395517587661,0.1750714182853698,0.1460045725107193,0.1131956577301025
TS0330A,2028,6,276,539.89,517.3790283203125,22.510971679687486,0.5682673454284668,0.1863709837198257,0.9937188617878396,0.1863709837198257,0.1858014464378357,0.1828735768795013,0.1750263571739196,0.1498735398054123,0.1200541406869888
TS0330A,2028,7,286,529.89,517.3447265625,12.545273437499986,0.5672928094863892,0.1815811246633529,0.9959244631678066,0.181193545460701,0.1815811246633529,0.1801436394453048,0.1747373938560485,0.1541793793439865,0.1281648576259613
TS0330A,2028,8,296,519.89,513.5596313476562,6.330368652343736,0.5660861134529114,0.1768080443143844,0.9979021260141616,0.1752427369356155,0.1766311824321746,0.1768080443143844,0.1741641759872436,0.1590757071971893,0.1380781680345535
TS0330A,2028,9,306,509.89,507.2983093261719,2.591690673828112,0.5648122429847717,0.1744793206453323,0.99886843636506,0.1711318790912628,0.1731701642274856,0.1744793206453323,0.1737147569656372,0.1624117344617843,0.1450921148061752
TS0330A,2028,10,316,499.89,503.3494873046875,3.4594873046875136,0.5634519457817078,0.1727529466152191,0.9996751365168532,0.1659035831689834,0.1683841347694397,0.1709871590137481,0.1727529466152191,0.1668044775724411,0.1551676988601684
TS0330A,2028,11,326,489.89,496.7301330566406,6.840133056640639,0.5619540810585022,0.1721072345972061,0.9997934303617926,0.1649234741926193,0.1673436164855957,0.1700398176908493,0.1721072345972061,0.16768679022789,0.1578990221023559
TS0330A,2028,12,336,479.89,488.9844055175781,9.09440551757814,0.5603718757629395,0.1710545569658279,0.999870740512422,0.1609614789485931,0.16386179625988,0.1675277203321457,0.1710545569658279,0.170679971575737,0.1659144163131714
TS0330A,2028,13,346,469.89,480.9100341796875,11.020034179687514,0.5573333501815796,0.1720301955938339,0.9998646861030356,0.1629014015197754,0.1655778735876083,0.1687922775745391,0.1720301955938339,0.169134721159935,0.1615635454654693
TS0330A,2028,14,356,459.89,466.5205078125,6.630507812500014,0.5550934076309204,0.1734766662120819,0.9996341528225436,0.1573693603277206,0.1608285754919052,0.1654319018125534,0.1701304465532302,0.1727630645036697,0.1734766662120819
TS0330A,2028,15,366,449.89,476.9214782714844,27.03147827148439,0.5489228963851929,0.1797635406255722,0.9992971683880008,0.1552044600248336,0.1586560904979705,0.1643216013908386,0.1732518225908279,0.1797635406255722,0.1688025593757629
TS0330A,2028,16,376,439.89,480.749267578125,40.85926757812501,0.5425003170967102,0.1725936532020568,0.9996374794211076,0.1725936532020568,0.1717168539762497,0.1702399998903274,0.1677688658237457,0.1617868840694427,0.1558938175439834
TS0330A,2028,17,386,429.89,459.103759765625,29.213759765625014,0.5347945094108582,0.1684781014919281,0.9999161818488076,0.1680680811405182,0.1684260070323944,0.1684781014919281,0.1684039235115051,0.1661186218261718,0.1605052500963211
TS0330A,2028,18,396,419.89,439.1953125,19.305312500000014,0.5394105911254883,0.1954144090414047,0.9935483403454444,0.1954144090414047,0.1903288513422012,0.1823160499334335,0.1634285300970077,0.1380257755517959,0.1304863691329956
TS0330A,2028,19,406,409.89,419.4669494628906,9.57694946289064,0.523281991481781,0.1749941110610962,0.9997779949444552,0.1615752130746841,0.1626856178045272,0.1639938801527023,0.166224256157875,0.170526921749115,0.1749941110610962
TS0330A,2028,20,416,399.89,399.73236083984375,0.1576391601562363,0.5357837677001953,0.1970056146383285,0.9822358427364088,0.1970056146383285,0.1956519037485122,0.193548783659935,0.1850277334451675,0.1390226781368255,0.0897432044148445
TS0330A,2028,21,426,389.89,361.17864990234375,28.71135009765624,0.5389223098754883,0.1993040144443512,0.9865481789870176,0.1993040144443512,0.1962670087814331,0.1898035407066345,0.1742977052927017,0.1375290006399154,0.1027987152338028
TS0330A,2028,22,436,379.89,362.6387939453125,17.251206054687486,0.5313305854797363,0.1840342283248901,0.9949401226526906,0.1762813329696655,0.1778021603822708,0.1813467144966125,0.1840342283248901,0.158985361456871,0.1215502545237541
TS0330A,2028,23,446,369.89,355.365966796875,14.524033203124986,0.525364875793457,0.1681365221738815,0.9999881694417349,0.1681365221738815,0.167761892080307,0.1668698787689209,0.1648649275302887,0.1660807877779007,0.1662860363721847
TS0330A,2028,24,456,359.89,329.2508239746094,30.63917602539061,0.5263403058052063,0.174596682190895,0.99897794798979,0.1736541539430618,0.1745127141475677,0.174596682190895,0.1710208803415298,0.157545730471611,0.1486698687076568
TS0330A,2028,25,466,349.89,323.1015014648437,26.78849853515624,0.5185128450393677,0.2056951373815536,0.995793594780295,0.1474285423755645,0.1498101353645324,0.1536898761987686,0.1617111563682556,0.1816651225090026,0.2056951373815536
TS0330A,2028,26,476,339.89,299.7684326171875,40.121567382812486,0.5213868618011475,0.2552450597286224,0.9769033717701346,0.121960200369358,0.1269599795341491,0.1343475133180618,0.1511176377534866,0.2103696912527084,0.2552450597286224
TS0330A,2028,27,486,329.89,292.8887634277344,37.00123657226561,0.5186893939971924,0.4209207892417907,0.8630106832631587,0.0692579299211502,0.0759221836924552,0.0877996683120727,0.115841120481491,0.2302582710981369,0.4209207892417907
TS0330A,2028,28,496,319.89,293.8182373046875,26.071762695312486,0.511951208114624,0.4615421593189239,0.8259435930389225,0.059022668749094,0.0660818964242935,0.0784889087080955,0.1077842563390731,0.227080151438713,0.4615421593189239
TS0330A,2028,29,506,309.89,297.29766845703125,12.592331542968736,0.5053802728652954,0.3989293277263641,0.8847683677035985,0.0743136554956436,0.0827036425471305,0.0959356501698494,0.1247835233807563,0.2233342081308365,0.3989293277263641
TS0330A,2028,30,516,299.89,291.7236022949219,8.166397705078111,0.5104870796203613,0.372229665517807,0.909772679278653,0.0836214795708656,0.0926238745450973,0.1055266633629798,0.1316381096839904,0.2143601924180984,0.372229665517807
TS0330A,2028,31,526,289.89,282.8300476074219,7.059952392578111,0.5123712420463562,0.3428236544132232,0.9327980638998984,0.0947892144322395,0.1030505076050758,0.1142125278711319,0.1370420306921005,0.2080821394920349,0.3428236544132232
TS0330A,2028,32,536,279.89,277.3881225585937,2.5018774414062364,0.5133444666862488,0.3238948285579681,0.9457076614795562,0.1020300164818763,0.1095265224575996,0.1196565479040145,0.1403177678585052,0.2045743763446808,0.3238948285579681
TS0330A,2028,33,546,269.89,267.0884704589844,2.801529541015612,0.5155232548713684,0.3061221539974212,0.9565048689710132,0.1089349836111068,0.115347035229206,0.1245096921920776,0.1434101909399032,0.2016759812831878,0.3061221539974212
TS0330A,2028,34,556,259.89,260.08905029296875,0.1990502929687636,0.5157185196876526,0.2928838431835174,0.9638165995509532,0.1139030158519744,0.1197511330246925,0.1282594203948974,0.1458193659782409,0.1993832290172577,0.2928838431835174
TS0330A,2028,35,566,249.89,260.9292297363281,11.03922973632814,0.5194713473320007,0.2736254334449768,0.9734433766036186,0.1214613020420074,0.1264332234859466,0.1337912231683731,0.1491164267063141,0.1955724209547042,0.2736254334449768
TS0330A,2028,36,576,239.89,258.3290100097656,18.43901000976564,0.5218507051467896,0.2561136484146118,0.98106554536156,0.1286615133285522,0.1327134072780609,0.1388759464025497,0.1519698649644851,0.1916655749082565,0.2561136484146118
TS0330A,2028,37,586,229.89,256.9638977050781,27.07389770507814,0.5234832763671875,0.2411700934171676,0.9866508378187054,0.135020449757576,0.1382330507040023,0.1432540118694305,0.1542743742465973,0.1880479156970977,0.2411700934171676
TS0330A,2028,38,596,219.89,259.0963439941406,39.20634399414064,0.5250685811042786,0.2271984070539474,0.9910833308094492,0.1412436515092849,0.1435888707637787,0.1473927944898605,0.1562737971544265,0.1843024045228958,0.2271984070539474
TS0330A,2028,39,606,209.89,260.9414978027344,51.05149780273439,0.5260340571403503,0.2165555208921432,0.993922582683905,0.1462592333555221,0.1478412300348281,0.1505698561668396,0.1576384603977203,0.181135669350624,0.2165555208921432
TS0330A,2028,40,616,199.89,260.6994934082031,60.80949340820314,0.5262101292610168,0.209235668182373,0.9955754364464616,0.1497578620910644,0.1508208960294723,0.1527739763259887,0.1585184335708618,0.1788930892944336,0.209235668182373
TS0330B,2026,0,203,593.36,504.6871948242188,88.67280517578126,0.4805003702640533,0.1726479530334472,0.9996748038569968,0.1726479530334472,0.1715971082448959,0.1700315475463867,0.167154312133789,0.1617413610219955,0.1568276137113571
TS0330B,2026,1,213,583.36,511.1780090332031,72.18199096679689,0.4808765053749084,0.1728927195072174,0.9996536466901292,0.1728927195072174,0.1717083603143692,0.1700060963630676,0.1670872569084167,0.1620414555072784,0.1562640815973281
TS0330B,2026,2,223,573.36,513.5293579101562,59.83064208984376,0.4810863733291626,0.1733022630214691,0.9996324895232616,0.1733022630214691,0.171959176659584,0.1700310558080673,0.1668367385864257,0.1616586297750473,0.1562120914459228
TS0330B,2026,3,233,563.36,512.7800903320312,50.57990966796877,0.4812038838863373,0.173962190747261,0.9995523184978669,0.173962190747261,0.1726042181253433,0.1704361587762832,0.1668038666248321,0.1608927845954895,0.1553007513284683
TS0330B,2026,4,243,553.36,510.3447570800781,43.01524291992189,0.4815514087677002,0.1753270030021667,0.9993448052794386,0.1753270030021667,0.1738100200891494,0.1713912785053253,0.1670585721731186,0.1593778282403946,0.1530353277921676
TS0330B,2026,5,253,543.36,504.8673095703125,38.49269042968752,0.4813991189002991,0.1762989461421966,0.9990627097212031,0.1762989461421966,0.1749165207147598,0.1725432276725769,0.1680291444063186,0.1585123836994171,0.1496997326612472
TS0330B,2026,6,263,533.36,498.1298522949219,35.23014770507814,0.481734961271286,0.1762887835502624,0.9991106792724976,0.1762887835502624,0.1746456027030944,0.1721435487270355,0.1677706837654113,0.1592438668012619,0.149907499551773
TS0330B,2026,7,273,523.36,489.8935546875,33.466445312500014,0.4817308783531189,0.1767952591180801,0.9990386251475992,0.1767952591180801,0.1751056313514709,0.172413021326065,0.1675308048725128,0.1586341261863708,0.1495213210582733
TS0330B,2026,8,283,513.36,480.2693786621094,33.09062133789064,0.4818216264247894,0.177930474281311,0.9988251905837268,0.177930474281311,0.1761358082294464,0.1731206178665161,0.167500838637352,0.1571253836154937,0.1481868624687194
TS0330B,2026,9,293,503.36,470.3220825195313,33.037917480468764,0.4818810224533081,0.1790087074041366,0.9984998492441582,0.1790087074041366,0.1772345155477523,0.1741126626729965,0.1680776178836822,0.1559859961271286,0.1455804854631424
TS0330B,2026,10,303,493.36,459.3310852050781,34.02891479492189,0.4820461869239807,0.1790669560432434,0.9984627244041828,0.1790669560432434,0.1773110777139663,0.1741828620433807,0.1681976616382599,0.1561119258403778,0.1451295316219329
TS0330B,2026,11,313,483.36,447.5213317871094,35.83866821289064,0.4821103811264038,0.1785644143819809,0.99853471199711,0.1785644143819809,0.1769746243953704,0.1741355955600738,0.1683838069438934,0.156431645154953,0.1455099135637283
TS0330B,2026,12,323,473.36,436.3357543945313,37.02424560546877,0.4822066128253937,0.1787282079458236,0.998486542849902,0.1787282079458236,0.1771206706762313,0.1742005795240402,0.1684635430574417,0.1564293503761291,0.1450576484203338
TS0330B,2026,13,333,463.36,426.1756896972656,37.18431030273439,0.4823384284973144,0.1781999319791793,0.9986316490792676,0.1781999319791793,0.1766546815633773,0.1738428026437759,0.1682934015989303,0.1567941457033157,0.1462150365114212
TS0330B,2026,14,343,453.36,416.343994140625,37.01600585937501,0.4825034439563751,0.1774278432130813,0.9988092229106192,0.1774278432130813,0.1759782284498214,0.1733601540327072,0.1682363450527191,0.1574060469865799,0.1475913077592849
TS0330B,2026,15,353,443.36,406.6719970703125,36.68800292968752,0.4826270341873169,0.1760075390338897,0.9990733548366084,0.1760075390338897,0.1748109012842178,0.1726498901844024,0.1682486683130264,0.1585861593484878,0.1496968567371368
TS0330B,2026,16,363,433.36,397.6495361328125,35.710463867187514,0.4828929007053375,0.1746079325675964,0.9993167287875576,0.1746079325675964,0.1735958456993103,0.1718123108148574,0.1681552082300186,0.1598952263593673,0.1519335508346557
TS0330B,2026,17,373,423.36,389.4778137207031,33.88218627929689,0.483197271823883,0.173354297876358,0.999516258169432,0.173354297876358,0.1724930554628372,0.1710036695003509,0.1679396629333496,0.1609514206647873,0.1542579680681228
TS0330B,2026,18,383,413.36,382.0408325195313,31.319167480468764,0.4835090339183807,0.1723022162914276,0.9996509188793068,0.1723022162914276,0.1716033518314361,0.1704011410474777,0.1678097993135452,0.1617502272129058,0.156133234500885
TS0330B,2026,19,393,403.36,375.0673522949219,28.29264770507814,0.48378786444664,0.1712264418601989,0.9997636240386584,0.1712264418601989,0.1706863492727279,0.1697796881198883,0.1677176058292389,0.1626515239477157,0.1579383611679077
TS0330B,2026,20,403,393.36,368.54827880859375,24.811721191406264,0.4840402901172638,0.170263186097145,0.999845924087134,0.170263186097145,0.1698838025331497,0.1692448705434799,0.1676133275032043,0.1633872836828231,0.1596074849367141
TS0330B,2026,21,413,383.36,363.0774841308594,20.28251586914064,0.4842583537101745,0.1694354116916656,0.9998999480478148,0.1694354116916656,0.1691705286502838,0.168780893087387,0.1676216721534729,0.1641255915164947,0.1608659327030182
TS0330B,2026,22,423,373.36,357.6737976074219,15.68620239257814,0.4845025837421417,0.1686109602451324,0.9999443914046312,0.1686109602451324,0.1684780120849609,0.1682927906513214,0.167516216635704,0.1648211479187011,0.1622808277606964
TS0330B,2026,23,433,363.36,353.4472045898437,9.912795410156264,0.4847201108932495,0.1682127714157104,0.9999600929498538,0.1682127714157104,0.168178915977478,0.1681170463562011,0.1675096452236175,0.1649755388498306,0.1630061268806457
TS0330B,2026,24,443,353.36,349.272705078125,4.087294921875014,0.4849174916744232,0.1680220067501068,0.999969141297948,0.1677459925413131,0.1678591221570968,0.1680220067501068,0.1676918268203735,0.1653566360473632,0.1633243560791015
TS0330B,2026,25,453,343.36,346.1440734863281,2.784073486328112,0.4850513935089111,0.1678127646446228,0.9999780565820998,0.1673351228237152,0.167503073811531,0.1678125411272049,0.1678127646446228,0.1657848805189132,0.1637516617774963
TS0330B,2026,26,463,333.36,342.663818359375,9.303818359374986,0.4851811230182647,0.1678588986396789,0.999987304526108,0.1666959822177887,0.1670524775981903,0.167595773935318,0.1678588986396789,0.1663655638694763,0.1644312888383865
TS0330B,2026,27,473,323.36,339.9100036621094,16.55000366210936,0.4852834045886993,0.1678379476070404,0.9999942903830926,0.1661252826452255,0.166546881198883,0.167232796549797,0.1678379476070404,0.1667729169130325,0.1654841601848602
TS0330B,2026,28,483,313.36,337.32330322265625,23.96330322265624,0.4854169189929962,0.1676970720291137,0.999996020214346,0.1659101396799087,0.1663537770509719,0.1670780181884765,0.1676970720291137,0.1669079512357711,0.1660530269145965
TS0330B,2026,29,493,303.36,334.64093017578125,31.28093017578124,0.4853093922138214,0.1679786592721939,0.9999930928076096,0.1653589904308319,0.1660843938589096,0.1671262383460998,0.1679786592721939,0.1669946461915969,0.1664570420980453
TS0330B,2026,30,503,293.36,332.4910888671875,39.131088867187486,0.485531210899353,0.1682979315519333,0.9999869053342804,0.1648942828178405,0.165716603398323,0.1669855266809463,0.1682979315519333,0.1676514148712158,0.1664541959762573
TS0330B,2026,31,513,283.36,330.3630065917969,47.00300659179686,0.4856300950050354,0.1682541817426681,0.9999803852010948,0.1644570231437683,0.1653005629777908,0.1666045933961868,0.1681041866540908,0.1682541817426681,0.1672795265913009
TS0330B,2026,32,523,273.36,327.9548645019531,54.59486450195311,0.4855801165103912,0.1687440276145935,0.999963951804188,0.1637327820062637,0.1648001968860626,0.1662911623716354,0.1679306179285049,0.1685012131929397,0.1687440276145935
TS0330B,2026,33,533,263.36,327.7140808105469,64.35408081054686,0.4860045611858368,0.1680049747228622,0.999980917456865,0.1644595265388488,0.1652826219797134,0.1665679365396499,0.1679992228746414,0.1680049747228622,0.1676857471466064
TS0330B,2026,34,543,253.36,326.81060791015625,73.45060791015624,0.4860742390155792,0.1680214256048202,0.9999796533494106,0.1644013375043869,0.1652316600084304,0.1665282696485519,0.1679779887199401,0.1680214256048202,0.1678392887115478
TS0330B,2026,35,553,243.36,325.5719909667969,82.21199096679686,0.4861221313476562,0.1681743562221527,0.9999755948991624,0.164221704006195,0.165092721581459,0.1664333492517471,0.1679636240005493,0.1681743562221527,0.1681142598390579
TS0330B,2026,36,563,233.36,324.39324951171875,91.03324951171874,0.4862045645713806,0.1681806892156601,0.9999744638556506,0.1641567796468734,0.1650592535734176,0.1664448231458664,0.1680035293102264,0.1681806892156601,0.1681548655033111
TS0330B,2026,37,573,223.36,323.3145751953125,99.95457519531249,0.4862932860851288,0.1681289672851562,0.9999748630474784,0.1641436666250229,0.1650802940130233,0.1664949804544448,0.1680770069360733,0.1681289672851562,0.1680750697851181
TS0330B,2027,0,203,593.36,600.0,6.639999999999986,0.4400270879268646,0.1734681576490402,0.9996812574582112,0.1734681576490402,0.1720812171697616,0.1698422133922577,0.1655546128749847,0.1602132320404052,0.1588405221700668
TS0330B,2027,1,213,583.36,600.0,16.639999999999986,0.4403736591339111,0.1738498210906982,0.9996214452160288,0.1738498210906982,0.1722933202981948,0.1699800789356231,0.1661126613616943,0.1610157489776611,0.1567483693361282
TS0330B,2027,2,223,573.36,595.2587280273438,21.898728027343736,0.4406848549842834,0.1734486371278762,0.9996839852690338,0.1734486371278762,0.1718715578317642,0.1695416271686554,0.165817990899086,0.1616183072328567,0.1577019542455673
TS0330B,2027,3,233,563.36,587.0873413085938,23.727341308593736,0.4409741163253784,0.1717189848423004,0.9998373414628384,0.1717189848423004,0.1704476475715637,0.1685711294412613,0.1658805906772613,0.1629780381917953,0.1604035347700119
TS0330B,2027,4,243,553.36,576.0858764648438,22.725876464843736,0.4415925145149231,0.1744680255651474,0.9996766002202216,0.1744680255651474,0.1722857356071472,0.1689410507678985,0.1643091142177581,0.1607363373041153,0.1592598110437393
TS0330B,2027,5,253,543.36,566.7322387695312,23.37223876953124,0.4416394829750061,0.1736296862363815,0.9996546446696984,0.1736296862363815,0.1722993552684784,0.1699244827032089,0.165763258934021,0.1602269113063812,0.1581562757492065
TS0330B,2027,6,263,533.36,553.1820068359375,19.822006835937486,0.4423546195030212,0.1738705486059188,0.99961372750736,0.1738705486059188,0.1724127531051635,0.1700424700975418,0.1661269962787628,0.1608073562383651,0.1567398458719253
TS0330B,2027,7,273,523.36,540.93212890625,17.572128906249986,0.4426236152648926,0.1729861497879028,0.9996817231820102,0.1729861497879028,0.171817809343338,0.1697513461112976,0.1664879322052002,0.1616651266813278,0.1572916656732559
TS0330B,2027,8,283,513.36,525.9765625,12.616562499999986,0.4431280791759491,0.1735928952693939,0.9996501870276224,0.1735928952693939,0.1721765547990799,0.1697979122400283,0.1660663187503814,0.1611043363809585,0.1572619378566742
TS0330B,2027,9,293,503.36,511.04046630859375,7.680466308593736,0.4434308409690857,0.1735595017671585,0.9996225097275692,0.1735595017671585,0.1722879558801651,0.170163869857788,0.166419580578804,0.1608385443687439,0.1567304730415344
TS0330B,2027,10,303,493.36,493.7879638671875,0.4279638671874863,0.4442846179008484,0.1729573458433151,0.9997101988657188,0.1729573458433151,0.1716163158416748,0.169621467590332,0.166199579834938,0.1613962352275848,0.1582090705633163
TS0330B,2027,11,313,483.36,476.9782409667969,6.381759033203139,0.4447500705718994,0.1720096170902252,0.9998173153394828,0.1720096170902252,0.1706314831972122,0.1687850356101989,0.1659687906503677,0.1623204797506332,0.1602845191955566
TS0330B,2027,12,323,473.36,461.4397277832031,11.920272216796889,0.4446580708026886,0.1712996512651443,0.9998678131056856,0.1712996512651443,0.1700339019298553,0.1684983223676681,0.1658766120672226,0.1629023104906082,0.1613891869783401
TS0330B,2027,13,333,463.36,445.5574035644531,17.80259643554689,0.4446797668933868,0.1702912151813507,0.9999261616445,0.1702912151813507,0.169156789779663,0.1679551303386688,0.1659558266401291,0.1635782718658447,0.1630627214908599
TS0330B,2027,14,343,453.36,429.4163208007813,23.943679199218764,0.4446519613265991,0.1692031919956207,0.9999663469551542,0.1692031919956207,0.1682801991701126,0.1675365418195724,0.1661160290241241,0.1645465940237045,0.1643175035715103
TS0330B,2027,15,353,443.36,412.5417785644531,30.81822143554689,0.4448375701904297,0.1688094586133957,0.9999897662090454,0.1665471047163009,0.1659751981496811,0.1659421473741531,0.1659408658742904,0.1667851954698562,0.1688094586133957
TS0330B,2027,16,363,433.36,396.62646484375,36.733535156250014,0.444780021905899,0.1709963232278823,0.99995264136907,0.1652586311101913,0.1648591309785843,0.1651884615421295,0.1658095568418502,0.1678879261016845,0.1709963232278823
TS0330B,2027,17,373,423.36,381.4445190429688,41.915480957031264,0.4446429312229156,0.1718614101409912,0.9999296213070066,0.1646264791488647,0.1643773019313812,0.1649755835533142,0.1659144014120102,0.1682448089122772,0.1718614101409912
TS0330B,2027,18,383,413.36,367.333740234375,46.02625976562501,0.4444817900657654,0.1715592145919799,0.9999324156498004,0.1644117683172226,0.164259061217308,0.1650532633066177,0.166308581829071,0.1684081107378006,0.1715592145919799
TS0330B,2027,19,393,403.36,354.252685546875,49.10731445312501,0.4443817138671875,0.1719611585140228,0.9999142524216404,0.1639059484004974,0.1638986766338348,0.1649020165205001,0.1664426624774933,0.1688895374536514,0.1719611585140228
TS0330B,2027,20,403,393.36,342.4691772460937,50.89082275390626,0.444316565990448,0.1723474562168121,0.9998973533009348,0.1634067445993423,0.1635893881320953,0.1648633033037185,0.1666895896196365,0.1691035330295562,0.1723474562168121
TS0330B,2027,21,413,383.36,332.3099365234375,51.050063476562514,0.4442454278469085,0.1718685328960418,0.9999048048817184,0.1634256988763809,0.1636168360710144,0.1648808717727661,0.1669069528579712,0.1693011075258255,0.1718685328960418
TS0330B,2027,22,423,373.36,321.7704772949219,51.58952270507814,0.4441688656806946,0.1718926429748535,0.999906135521144,0.1633298099040985,0.1636679470539093,0.1650494933128357,0.1669075638055801,0.1691525876522064,0.1718926429748535
TS0330B,2027,23,433,363.36,312.8669128417969,50.49308715820314,0.4440566301345825,0.1704639345407486,0.9999409317421244,0.1637204140424728,0.1641211360692978,0.1655845642089843,0.1674498617649078,0.1686600595712661,0.1704639345407486
TS0330B,2027,24,443,353.36,304.2607727050781,49.09922729492189,0.4439738392829895,0.1698063164949417,0.9999421293176076,0.1635356098413467,0.1640636920928955,0.1656981706619262,0.1678100079298019,0.1690862029790878,0.1698063164949417
TS0330B,2027,25,453,343.36,297.66290283203125,45.69709716796877,0.4439279437065124,0.1700199097394943,0.9999336132252836,0.1633516550064087,0.1638998985290527,0.1655681282281875,0.1677906811237335,0.1693697273731231,0.1700199097394943
TS0330B,2027,26,463,333.36,290.4776611328125,42.88233886718752,0.4439056813716888,0.1721189767122268,0.9998611599085576,0.162045881152153,0.1628623753786087,0.1649199873208999,0.1677504926919937,0.1703022718429565,0.1721189767122268
TS0330B,2027,27,473,323.36,284.7339172363281,38.62608276367189,0.4438628852367401,0.1733078211545944,0.9998148536565452,0.1615122109651565,0.1624193340539932,0.1645192801952362,0.1674673706293106,0.1707739979028701,0.1733078211545944
TS0330B,2027,28,483,313.36,279.2601013183594,34.09989868164064,0.4437534511089325,0.1733748763799667,0.9998231036209844,0.1615977883338928,0.1625366657972335,0.1646719127893448,0.1674718707799911,0.1703468710184097,0.1733748763799667
TS0330B,2027,29,493,303.36,273.9141845703125,29.445815429687517,0.4435676634311676,0.1757004559040069,0.9996510519432492,0.1592219024896621,0.1608331054449081,0.1640047878026962,0.1682685315608978,0.1719712316989898,0.1757004559040069
TS0330B,2027,30,503,293.36,269.9945983886719,23.36540161132814,0.4434610307216644,0.1764045357704162,0.9995724776851652,0.1586984992027282,0.1602602303028106,0.1633815169334411,0.1679260432720184,0.1733291894197464,0.1764045357704162
TS0330B,2027,31,513,283.36,266.6871643066406,16.67283569335939,0.4433505833148956,0.1782315671443939,0.999496631237904,0.1585611999034881,0.1599404066801071,0.1628443449735641,0.1672233045101165,0.1731991171836853,0.1782315671443939
TS0330B,2027,32,523,273.36,262.3875732421875,10.972426757812514,0.4429872334003448,0.1820097714662552,0.9992044228200336,0.1566384583711624,0.1585385948419571,0.1619235873222351,0.1668137311935424,0.1740759313106537,0.1820097714662552
TS0330B,2027,33,533,263.36,261.2850341796875,2.0749658203125136,0.4431832432746887,0.1740006357431411,0.999782452586531,0.1610140055418014,0.1620977073907852,0.1644154638051986,0.1676010191440582,0.170871153473854,0.1740006357431411
TS0330B,2027,34,543,253.36,259.0682678222656,5.708267822265611,0.4430926144123077,0.173709288239479,0.9997976218759832,0.1611704975366592,0.1622442156076431,0.1645397096872329,0.1676333993673324,0.1707028150558471,0.173709288239479
TS0330B,2027,35,553,243.36,256.9695739746094,13.60957397460936,0.4429696202278137,0.1738894879817962,0.999789039251688,0.161088079214096,0.1621820330619812,0.1644528806209564,0.1675703376531601,0.1708172559738159,0.1738894879817962
TS0330B,2027,36,563,233.36,254.69065856933597,21.330658569335924,0.4428339898586273,0.1733746081590652,0.9998151863164018,0.1613093614578247,0.162449300289154,0.1647373437881469,0.1676632463932037,0.1704661101102829,0.1733746081590652
TS0330B,2027,37,573,223.36,252.69528198242188,29.33528198242186,0.4427129328250885,0.1724097430706024,0.9998517789006068,0.1617643684148788,0.162836417555809,0.1649441421031952,0.1678254157304763,0.1702198386192321,0.1724097430706024
TS0330B,2028,0,203,593.36,561.6162719726562,31.743728027343764,0.487353652715683,0.1678359657526016,0.9999852420349984,0.1673801392316818,0.1678359657526016,0.1677519679069519,0.1669985502958297,0.1653230488300323,0.1647103130817413
TS0330B,2028,1,213,583.36,560.9000244140625,22.459975585937517,0.4890653789043426,0.1681540608406067,0.9999711372570864,0.1676811575889587,0.1681540608406067,0.1679769307374954,0.1672449707984924,0.165527656674385,0.1634152084589004
TS0330B,2028,2,223,573.36,558.9747314453125,14.385268554687514,0.4909735321998596,0.1680192202329635,0.9999727340243972,0.1674197763204574,0.1680192202329635,0.1679702699184417,0.1674579828977584,0.1657296568155288,0.1634030491113662
TS0330B,2028,3,233,563.36,555.8866577148438,7.473342285156264,0.493060439825058,0.1678698807954788,0.9999777904542148,0.1673607379198074,0.1678698807954788,0.1677588820457458,0.1673609614372253,0.1660170555114746,0.1636324822902679
TS0330B,2028,4,243,553.36,551.4173583984375,1.9426416015625136,0.4947449266910553,0.1695048511028289,0.9999093290557656,0.1691466718912124,0.1695048511028289,0.1687963008880615,0.1671428829431533,0.1640383750200271,0.1613709926605224
TS0330B,2028,5,253,543.36,545.2657470703125,1.9057470703124864,0.4972676038742065,0.1700193732976913,0.9998394039539484,0.1695376932621002,0.1700193732976913,0.1695950031280517,0.1681353598833084,0.1634259521961212,0.159286618232727
TS0330B,2028,6,263,533.36,538.5670776367188,5.207077636718736,0.4988306760787964,0.1706917881965637,0.9997603639720654,0.17027148604393,0.1706917881965637,0.170097678899765,0.1682671308517456,0.163337230682373,0.1573347151279449
TS0330B,2028,7,273,523.36,529.7352294921875,6.375229492187486,0.5010395050048828,0.171139121055603,0.9997008843897394,0.1707441359758377,0.171139121055603,0.1704549342393875,0.1684851199388504,0.1629156470298767,0.1562609374523162
TS0330B,2028,8,283,513.36,519.9990234375,6.639023437499986,0.5028122663497925,0.1723871529102325,0.9995424052341458,0.1721931993961334,0.1723871529102325,0.1713021397590637,0.1684303134679794,0.1614723950624466,0.1542148292064666
TS0330B,2028,9,293,503.36,508.50579833984375,5.145798339843736,0.5046936273574829,0.173904612660408,0.9992655657016418,0.1738805770874023,0.173904612660408,0.1724661737680435,0.1688637435436248,0.1597515493631363,0.1511333584785461
TS0330B,2028,10,303,493.36,497.2554321289063,3.895432128906237,0.5059694647789001,0.1749936044216156,0.9991161348941426,0.1749936044216156,0.1747253984212875,0.1727891564369201,0.1686462014913559,0.1591081023216247,0.1497376263141632
TS0330B,2028,11,313,483.36,484.1590881347656,0.7990881347656114,0.5074877738952637,0.1755399405956268,0.9989872624657696,0.1755399405956268,0.1752770394086837,0.1733643114566803,0.1688759922981262,0.1581583470106125,0.1487843841314315
TS0330B,2028,12,323,473.36,468.995361328125,4.364638671875014,0.5092371106147766,0.1777033507823944,0.998586873062595,0.1777033507823944,0.1769545972347259,0.1742188483476638,0.168737456202507,0.1566718518733978,0.145713984966278
TS0330B,2028,13,333,463.36,453.254150390625,10.105849609375014,0.5107072591781616,0.1784095019102096,0.9984627244041828,0.1784095019102096,0.1775183528661728,0.1745624542236328,0.168573185801506,0.1556914746761322,0.1452450454235077
TS0330B,2028,14,343,453.36,436.67132568359375,16.688674316406264,0.5119929909706116,0.1782771795988083,0.9985214056028536,0.1782771795988083,0.1773189902305603,0.1743295192718505,0.1685069352388382,0.1558877229690551,0.1456796526908874
TS0330B,2028,15,353,443.36,420.4597473144531,22.90025268554689,0.5129574537277222,0.1760925948619842,0.9990211937711232,0.1760925948619842,0.1754340380430221,0.1730476915836334,0.1681273579597473,0.15745410323143,0.1498442739248275
TS0330B,2028,16,363,433.36,403.4259338378906,29.93406616210939,0.5139058828353882,0.1740662008523941,0.9993911115314508,0.1740662008523941,0.1736084073781967,0.1717326492071151,0.1678521633148193,0.1593392789363861,0.1534013003110885
TS0330B,2028,17,373,423.36,386.3152465820313,37.04475341796877,0.5147377848625183,0.1720268875360489,0.999693965064726,0.1720268875360489,0.1717094033956527,0.1702598333358764,0.1673270016908645,0.1611554622650146,0.1575214117765426
TS0330B,2028,18,383,413.36,369.56195068359375,43.79804931640626,0.515431821346283,0.1701694726943969,0.9998736013871872,0.1701694726943969,0.1700127571821212,0.1690309792757034,0.1669254899024963,0.1627138257026672,0.1611475199460983
TS0330B,2028,19,393,403.36,354.7379150390625,48.62208496093752,0.5159543752670288,0.1679555922746658,0.9999845767152856,0.1679054945707321,0.1679555922746658,0.1675022840499878,0.166503220796585,0.164826899766922,0.1653064340353012
TS0330B,2028,20,403,393.36,340.7601013183594,52.59989868164064,0.5163216590881348,0.1691223084926605,0.9999871714621654,0.1657727211713791,0.1660743206739425,0.1661718040704727,0.1661585122346878,0.1667003184556961,0.1691223084926605
TS0330B,2028,21,413,383.36,327.9939270019531,55.36607299804689,0.5165665745735168,0.1711272001266479,0.999947651471224,0.1644372642040252,0.1648860722780227,0.1653928607702255,0.1662362515926361,0.1679204404354095,0.1711272001266479
TS0330B,2028,22,423,373.36,316.9880065917969,56.37199340820314,0.5166587829589844,0.1726834774017334,0.9998948916179976,0.1634198725223541,0.1640302389860153,0.1647938787937164,0.1660575419664383,0.1690150052309036,0.1726834774017334
TS0330B,2028,23,433,363.36,307.8218688964844,55.53813110351564,0.5166435837745667,0.1722882837057113,0.999906335117058,0.1633498966693878,0.1640982031822204,0.1650790274143219,0.166421353816986,0.1687632650136947,0.1722882837057113
TS0330B,2028,24,443,353.36,300.005126953125,53.35487304687501,0.5165279507637024,0.1719188839197158,0.9999030750504652,0.1629609018564224,0.1638808846473693,0.1651270389556884,0.1668744683265686,0.1692378520965576,0.1719188839197158
TS0330B,2028,25,453,343.36,293.19610595703125,50.16389404296877,0.5164180397987366,0.1719422042369842,0.9998944258941984,0.1627430170774459,0.1637350022792816,0.1650509089231491,0.1669031679630279,0.1696257293224334,0.1719422042369842
TS0330B,2028,26,463,333.36,287.77313232421875,45.586867675781264,0.5161668062210083,0.1743171513080597,0.9997909021468838,0.1612923443317413,0.1625862717628479,0.1643289625644683,0.1668281704187393,0.1706470698118209,0.1743171513080597
TS0330B,2028,27,473,323.36,283.2441101074219,40.11588989257814,0.5159894824028015,0.1753163784742355,0.9997463922580964,0.1609093397855758,0.1622683107852935,0.1640099138021469,0.166592389345169,0.1709036976099014,0.1753163784742355
TS0330B,2028,28,483,313.36,279.67431640625,33.685683593750014,0.5158520340919495,0.1749290823936462,0.9997777953485412,0.1613128334283828,0.162639707326889,0.1642072200775146,0.166477084159851,0.1704341173171997,0.1749290823936462
TS0330B,2028,29,493,303.36,276.8045349121094,26.55546508789064,0.5153705477714539,0.177749216556549,0.9995651591683242,0.1586880832910537,0.1608252078294754,0.1635230332612991,0.1670224070549011,0.1721920073032379,0.177749216556549
TS0330B,2028,30,503,293.36,273.8467712402344,19.51322875976564,0.5154181122779846,0.1779425144195556,0.9995328911622524,0.1585974842309951,0.1605680137872696,0.1631045192480087,0.1669246405363083,0.1728628128767013,0.1779425144195556
TS0330B,2028,31,513,283.36,271.2632141113281,12.096785888671889,0.5153814554214478,0.1790114194154739,0.9994983610691572,0.1587712913751602,0.1605901420116424,0.1628173142671585,0.166191816329956,0.17261803150177,0.1790114194154739
TS0330B,2028,32,523,273.36,269.3160705566406,4.043929443359389,0.5149731636047363,0.182144209742546,0.99926183991125,0.1572762429714203,0.1594462990760803,0.1620110869407653,0.1658527553081512,0.1732694208621978,0.182144209742546
TS0330B,2028,33,533,263.36,267.0908203125,3.7308203124999855,0.5155279636383057,0.1737385988235473,0.9998413999130868,0.1621070057153701,0.1633582562208175,0.1646237671375274,0.1664712876081466,0.1697010248899459,0.1737385988235473
TS0330B,2028,34,543,253.36,265.6479187011719,12.28791870117186,0.5154486298561096,0.1730618178844452,0.9998688110852548,0.1624994724988937,0.1636751890182495,0.1648101210594177,0.1664550751447677,0.169498324394226,0.1730618178844452
TS0330B,2028,35,553,243.36,264.3150939941406,20.95509399414061,0.515329122543335,0.172953799366951,0.9998774602415216,0.162675604224205,0.1638261824846267,0.1648665219545364,0.1664236038923263,0.1692542880773544,0.172953799366951
TS0330B,2028,36,563,233.36,262.9202880859375,29.560288085937486,0.515227735042572,0.1720086932182312,0.9999143854855832,0.1633242517709732,0.1644052267074585,0.1652092486619949,0.1663160622119903,0.168736532330513,0.1720086932182312
TS0330B,2028,37,573,223.36,261.5762023925781,38.21620239257811,0.5151472687721252,0.1709320992231369,0.9999465869596836,0.1639782488346099,0.1649436205625534,0.1655241996049881,0.1664593666791916,0.168162390589714,0.1709320992231369
TS0330C,2026,0,149,593.94,518.4413452148438,75.4986547851563,0.4698192775249481,0.1760466992855072,0.9989118817423072,0.1760466992855072,0.174816757440567,0.1728693842887878,0.1693369299173355,0.160073310136795,0.1468569785356521
TS0330C,2026,1,159,583.94,522.3544311523438,61.58556884765631,0.4706628024578094,0.1748130619525909,0.9993220513452602,0.1748130619525909,0.1734059751033783,0.171159490942955,0.1680000275373459,0.1613392531871795,0.1512821614742279
TS0330C,2026,2,169,573.94,521.3098754882812,52.630124511718805,0.4713595509529114,0.173874095082283,0.9994686878099656,0.173874095082283,0.172638788819313,0.1712497025728225,0.1678582280874252,0.1606569588184356,0.1537222266197204
TS0330C,2026,3,179,563.94,521.1603393554688,42.779660644531305,0.4722177982330322,0.1751676946878433,0.9993745450706016,0.1751676946878433,0.173761561512947,0.1709226667881012,0.1668237596750259,0.1604491770267486,0.1528750658035278
TS0330C,2026,4,189,553.94,512.9359741210938,41.00402587890631,0.4728590250015259,0.1798793673515319,0.9987031044164244,0.1798793673515319,0.1773077249526977,0.1725071519613266,0.166082963347435,0.1553418785333633,0.1488809734582901
TS0330C,2026,5,199,543.94,507.7092590332031,36.23074096679693,0.4734486639499664,0.1816925555467605,0.9975852342349456,0.1816925555467605,0.180007591843605,0.1769057065248489,0.1688467115163803,0.1519774347543716,0.1405699998140335
TS0330C,2026,6,209,533.94,500.19342041015625,33.746579589843805,0.4740484654903412,0.1845319122076034,0.9970928976474596,0.1845319122076034,0.1805842071771621,0.1753498166799545,0.1695540100336074,0.1536772102117538,0.1363028585910797
TS0330C,2026,7,219,523.94,491.7080078125,32.231992187500055,0.4748514592647552,0.1916387379169464,0.9947566940078664,0.1916387379169464,0.1879358440637588,0.1799062341451645,0.1651171594858169,0.1454323232173919,0.1299697011709213
TS0330C,2026,8,229,513.94,480.2488708496094,33.69112915039068,0.4753086268901825,0.2056250721216201,0.9876740995370212,0.2056250721216201,0.1988422125577926,0.1855725049972534,0.1656674146652221,0.1318356394767761,0.1124570444226265
TS0330C,2026,9,239,503.94000000000005,468.1290893554688,35.810910644531305,0.4757264256477356,0.2142270803451538,0.9796478155855136,0.2142270803451538,0.2063267081975937,0.1916218847036361,0.1682994961738586,0.1243937835097312,0.0951311290264129
TS0330C,2026,10,249,493.94000000000005,462.2104797363281,31.72952026367193,0.4764673411846161,0.2219666540622711,0.9748633019347172,0.2219666540622711,0.2107000946998596,0.1927174776792526,0.1652584969997406,0.1218453198671341,0.0875118821859359
TS0330C,2026,11,259,483.94000000000005,454.8538818359375,29.086118164062555,0.4772537052631378,0.2241367697715759,0.971914871095388,0.2241367697715759,0.2130072861909866,0.1950560063123703,0.1664730310440063,0.1170714348554611,0.0842555314302444
TS0330C,2026,12,269,473.94000000000005,446.92425537109375,27.015744628906305,0.4781005084514618,0.2218050807714462,0.9727614904299502,0.2218050807714462,0.2117532789707183,0.1949759721755981,0.1677814573049545,0.1202232018113136,0.0834609866142273
TS0330C,2026,13,279,463.94000000000005,436.79052734375,27.14947265625005,0.4787748157978058,0.2239676266908645,0.9704501032156452,0.2239676266908645,0.213506206870079,0.1961238384246826,0.1679508686065673,0.1180474311113357,0.0804041400551796
TS0330C,2026,14,289,453.94000000000005,425.7875061035156,28.15249389648443,0.4796087443828583,0.2204724997282028,0.9733653346013048,0.2204724997282028,0.2110366076231002,0.1949614435434341,0.1685184240341186,0.1212469339370727,0.0837640315294265
TS0330C,2026,15,299,443.94000000000005,414.941162109375,28.99883789062505,0.4804307520389557,0.2176457494497299,0.9757554956696076,0.2176457494497299,0.2091054171323776,0.1939849555492401,0.1687812358140945,0.1233108639717102,0.0871717855334281
TS0330C,2026,16,309,433.94000000000005,404.7091369628906,29.23086303710943,0.4812587201595306,0.2149869799613952,0.9780252338698904,0.2149869799613952,0.2070762515068054,0.1928640604019165,0.1690534055233001,0.1254584789276123,0.0905607789754867
TS0330C,2026,17,319,423.94000000000005,392.953857421875,30.98614257812505,0.4821071326732635,0.2062081098556518,0.984595199502008,0.2062081098556518,0.2004349678754806,0.189218133687973,0.1697823107242584,0.132949948310852,0.1014064475893974
TS0330C,2026,18,329,413.94000000000005,381.35455322265625,32.585446777343805,0.4828670620918274,0.2022172659635543,0.9874699129171572,0.2022172659635543,0.1971275508403778,0.1871124655008316,0.1698694974184036,0.136318951845169,0.1073542758822441
TS0330C,2026,19,339,403.94000000000005,369.5549011230469,34.38509887695318,0.483625590801239,0.1947682797908783,0.9919641475772506,0.1947682797908783,0.1911354064941406,0.1833732724189758,0.1696745306253433,0.1426346898078918,0.1184138730168342
TS0330C,2026,20,349,393.94000000000005,357.02862548828125,36.911374511718805,0.4843435883522033,0.1880344897508621,0.995066466866155,0.1880344897508621,0.1857859343290329,0.1801398247480392,0.1698143035173416,0.148011177778244,0.1282142400741577
TS0330C,2026,21,359,383.94000000000005,344.62237548828125,39.317624511718805,0.4850399494171142,0.1832069456577301,0.9967631651977864,0.1832069456577301,0.1819500625133514,0.1779199987649917,0.1700713187456131,0.1520214080810547,0.1348302662372589
TS0330C,2026,22,369,373.94000000000005,335.1305847167969,38.80941528320318,0.4856625199317932,0.1808703988790512,0.9975069261047468,0.1808703988790512,0.1799513101577758,0.1765803545713424,0.1700086593627929,0.1543290913105011,0.1382600665092468
TS0330C,2026,23,379,363.94000000000005,325.6225280761719,38.31747192382818,0.4862225949764251,0.1788383722305297,0.9981851530199948,0.1788383722305297,0.1781457960605621,0.1751671284437179,0.1694719046354293,0.15581014752388,0.1425666660070419
TS0330C,2026,24,389,353.94000000000005,315.8958435058594,38.04415649414068,0.4868925809860229,0.1757092177867889,0.9988227289007894,0.1755604743957519,0.1757092177867889,0.1739961802959442,0.1698634177446365,0.1578827202320099,0.1469879895448684
TS0330C,2026,25,399,343.94000000000005,305.82940673828125,38.110593261718805,0.487426221370697,0.1747194081544876,0.9989983067730024,0.1742297261953354,0.1747194081544876,0.1734217852354049,0.1700926125049591,0.1598311215639114,0.1477053165435791
TS0330C,2026,26,409,333.94000000000005,296.0172119140625,37.92278808593756,0.4876733124256134,0.1733584702014923,0.9991589149516767,0.1724749058485031,0.1733584702014923,0.1732370257377624,0.1712781488895416,0.1606802344322204,0.148971289396286
TS0330C,2026,27,419,323.94000000000005,289.0926818847656,34.84731811523443,0.4880158603191376,0.1710838377475738,0.9996475257487712,0.1705404222011566,0.1710838377475738,0.1705255359411239,0.1692392379045486,0.1639376729726791,0.1546732932329177
TS0330C,2026,28,429,313.94000000000005,281.93048095703125,32.009519042968805,0.488016128540039,0.1767679005861282,0.9993581782056662,0.1767679005861282,0.1743604689836502,0.1704046726226806,0.1652014702558517,0.157907098531723,0.1553583443164825
TS0330C,2026,29,439,303.94000000000005,275.1606140136719,28.77938598632818,0.488283097743988,0.1941399425268173,0.9952785707906018,0.1941399425268173,0.1876189261674881,0.1772575825452804,0.1613203883171081,0.1426223367452621,0.1370408535003662
TS0330C,2026,30,449,293.94000000000005,269.4388427734375,24.501157226562555,0.4885665774345398,0.2027725577354431,0.9890675451435498,0.2027725577354431,0.1964998692274093,0.1856949031352996,0.1668824106454849,0.1312054395675659,0.1169448271393776
TS0330C,2026,31,459,283.94000000000005,267.7367858886719,16.20321411132818,0.4887948930263519,0.2046660482883453,0.9853506700359144,0.2046660482883453,0.199053481221199,0.188777893781662,0.1711288690567016,0.1338256746530532,0.1025480329990387
TS0330C,2026,32,469,273.94000000000005,266.6102600097656,7.32973999023443,0.4893310368061065,0.1983467936515808,0.9890670128877797,0.1983467936515808,0.1942337304353714,0.1860229223966598,0.1716382056474685,0.1404653936624527,0.1092929169535636
TS0330C,2027,0,149,593.94,533.832763671875,60.107236328125055,0.4206109642982483,0.1807404160499572,0.9987241285193496,0.1807404160499572,0.1771076470613479,0.1720486283302307,0.1646419018507003,0.1564391702413559,0.1490222066640854
TS0330C,2027,1,159,583.94,527.0025634765625,56.93743652343756,0.4213964641094208,0.1788192987442016,0.9991646367012073,0.1788192987442016,0.1753065586090088,0.1704731732606887,0.1639612764120102,0.1583195626735687,0.1531201303005218
TS0330C,2027,2,169,573.94,518.4749145507812,55.465085449218805,0.4227545261383056,0.1761817783117294,0.9995394112954382,0.1761817783117294,0.1732262074947357,0.1694164127111435,0.163447305560112,0.1598416268825531,0.1578865647315979
TS0330C,2027,3,179,563.94,510.8316345214844,53.10836547851568,0.4235294163227081,0.1753645092248916,0.9996827876935508,0.1753645092248916,0.1721804141998291,0.1679692715406417,0.1626100391149521,0.1605640649795532,0.1613117009401321
TS0330C,2027,4,189,553.94,501.48638916015625,52.453610839843805,0.4250586926937103,0.1776475012302398,0.9994354218243244,0.1776475012302398,0.1740604937076568,0.1691778004169464,0.1622164249420166,0.1575370728969574,0.159360721707344
TS0330C,2027,5,199,543.94,493.2060852050781,50.73391479492193,0.4265103936195373,0.1787252873182296,0.9991289755646,0.1787252873182296,0.1756711602210998,0.1713516116142273,0.1637404710054397,0.1561265736818313,0.1543848663568496
TS0330C,2027,6,209,533.94,484.4852600097656,49.45473999023443,0.4281162321567535,0.1798533499240875,0.998911149890623,0.1798533499240875,0.1761155277490615,0.1716374158859253,0.1651291996240615,0.1564617455005645,0.1508027464151382
TS0330C,2027,7,219,523.94,476.2670593261719,47.67294067382818,0.4292402565479278,0.181989312171936,0.9985202080273704,0.181989312171936,0.1782868653535843,0.1727137863636016,0.163694143295288,0.1542000919580459,0.1491158604621887
TS0330C,2027,8,229,513.94,466.5707702636719,47.36922973632818,0.4311990141868591,0.1921527534723281,0.9954052476639224,0.1921527534723281,0.1864006072282791,0.1778999716043472,0.1643468290567398,0.1450153887271881,0.1341845691204071
TS0330C,2027,9,239,503.94000000000005,456.57562255859375,47.36437744140631,0.4332869946956634,0.2012930363416671,0.9902323203647824,0.2012930363416671,0.1943202018737793,0.1838099658489227,0.1662876158952713,0.1377438604831695,0.1165453046560287
TS0330C,2027,10,249,493.94000000000005,448.7297668457031,45.21023315429693,0.4346203804016113,0.2005386352539062,0.990670499927645,0.2005386352539062,0.1936384439468383,0.1833203881978988,0.1659780591726303,0.1394986510276794,0.1170258074998855
TS0330C,2027,11,259,483.94000000000005,440.6629028320313,43.277097167968805,0.435902327299118,0.1979001015424728,0.992056294357476,0.1979001015424728,0.1915458589792251,0.182022288441658,0.1663068234920501,0.1415147632360458,0.1207101270556449
TS0330C,2027,12,269,473.94000000000005,432.6008911132813,41.339108886718805,0.4371480941772461,0.1926915496587753,0.994475529897229,0.1926915496587753,0.1874655932188034,0.1795984506607055,0.1663790792226791,0.1458156406879425,0.1280495971441269
TS0330C,2027,13,279,463.94000000000005,423.1294250488281,40.81057495117193,0.4389103055000305,0.1940347403287887,0.9937965711302972,0.1940347403287887,0.1885672509670257,0.1803780496120453,0.1666877269744873,0.1447783708572387,0.1255538910627365
TS0330C,2027,14,289,453.94000000000005,413.64349365234375,40.29650634765631,0.440483808517456,0.1910608112812042,0.9950390556939868,0.1910608112812042,0.1862058192491531,0.1790094226598739,0.1668979823589325,0.1471328437328338,0.1296931803226471
TS0330C,2027,15,299,443.94000000000005,403.5205383300781,40.41946166992193,0.4422239065170288,0.1893018335103988,0.9956822867923404,0.1893018335103988,0.1848345547914505,0.1782552599906921,0.1671305894851684,0.148462489247322,0.1320153325796127
TS0330C,2027,16,309,433.94000000000005,393.132080078125,40.807919921875055,0.4439884722232818,0.1878806054592132,0.9961712302492912,0.1878806054592132,0.1837110668420791,0.1776310205459594,0.1673156470060348,0.1495742052793502,0.1338874101638794
TS0330C,2027,17,319,423.94000000000005,382.9332580566406,41.00674194335943,0.4453684687614441,0.1830976605415344,0.9976193651362134,0.1830976605415344,0.1799458712339401,0.1754710376262664,0.167689099907875,0.1534291207790374,0.1403672695159912
TS0330C,2027,18,329,413.94000000000005,371.9445495605469,41.99545043945318,0.4470079243183136,0.1809976398944854,0.9981243427982432,0.1809976398944854,0.1782775074243545,0.1745700091123581,0.168038859963417,0.155116781592369,0.1429991275072097
TS0330C,2027,19,339,403.94000000000005,361.6087646484375,42.33123535156256,0.4482623040676117,0.1772764176130294,0.998918934131263,0.1772764176130294,0.1753086000680923,0.1727978140115738,0.1681428551673889,0.1581205129623413,0.1483538150787353
TS0330C,2027,20,349,393.94000000000005,350.88934326171875,43.050656738281305,0.4494514167308807,0.1741215139627456,0.9994127344221174,0.1741215139627456,0.1728041321039199,0.1713382750749588,0.1683311909437179,0.1605617702007293,0.1528430879116058
TS0330C,2027,21,359,383.94000000000005,340.2469482421875,43.69305175781256,0.4506245255470276,0.1721014380455017,0.9996437999583796,0.1721014380455017,0.1712318062782287,0.1704259216785431,0.1684750616550445,0.1621571630239486,0.1556086540222168
TS0330C,2027,22,369,373.94000000000005,329.8518371582031,44.08816284179693,0.4517729580402374,0.1708873957395553,0.9997356140787486,0.1708873957395553,0.1703411638736724,0.1700209677219391,0.1687792390584945,0.1631427258253097,0.1568285822868347
TS0330C,2027,23,379,363.94000000000005,320.3569030761719,43.58309692382818,0.4527682662010193,0.1698902547359466,0.9998201096822764,0.1698902547359466,0.1695360243320465,0.1694786995649337,0.1687427312135696,0.1639380306005478,0.1584141999483108
TS0330C,2027,24,389,353.94000000000005,310.8645324707031,43.07546752929693,0.4537366032600403,0.1688743084669113,0.9999003472396426,0.1686316877603531,0.168566808104515,0.1688743084669113,0.1686918437480926,0.1648401468992233,0.1603952348232269
TS0330C,2027,25,399,343.94000000000005,301.3470458984375,42.59295410156256,0.45493084192276,0.1689961552619934,0.9999121899305308,0.1680461317300796,0.168197363615036,0.1687641441822052,0.1689961552619934,0.1653527915477752,0.160643383860588
TS0330C,2027,26,409,333.94000000000005,291.0414123535156,42.89858764648443,0.4564716219902038,0.1696452349424362,0.999881784819655,0.1678563803434372,0.168236568570137,0.1690596044063568,0.1696452349424362,0.1656387895345688,0.1595634520053863
TS0330C,2027,27,419,323.94000000000005,283.31414794921875,40.625852050781305,0.4573658406734466,0.169064924120903,0.9999557018397492,0.1667037904262542,0.1670747399330139,0.1679682731628418,0.169064924120903,0.1668442487716674,0.1623440235853195
TS0330C,2027,28,429,313.94000000000005,275.2730407714844,38.66695922851568,0.4581634104251861,0.1692227274179458,0.999932548713743,0.1692227274179458,0.1685613542795181,0.1682547032833099,0.1675993204116821,0.1642571687698364,0.1621047556400299
TS0330C,2027,29,439,303.94000000000005,269.4828186035156,34.45718139648443,0.4584957063198089,0.1762789636850357,0.9992609749956234,0.1762789636850357,0.1743102967739105,0.1716815084218979,0.16695137321949,0.1573020964860916,0.1534757763147354
TS0330C,2027,30,449,293.94000000000005,262.4461364746094,31.49386352539068,0.4586874544620514,0.182292565703392,0.9976921511127956,0.182292565703392,0.1796445250511169,0.1757974773645401,0.1686056554317474,0.1524396538734436,0.141220211982727
TS0330C,2027,31,459,283.94000000000005,257.82379150390625,26.116208496093805,0.4586251080036163,0.1852049529552459,0.9963649713496642,0.1852049529552459,0.1824072897434234,0.1781490296125412,0.1700244843959808,0.1510704755783081,0.1331437677145004
TS0330C,2027,32,469,273.94000000000005,255.10433959960935,18.83566040039068,0.4589353799819946,0.1820453405380249,0.9972185100092398,0.1820453405380249,0.1800149977207183,0.1769015192985534,0.1705745160579681,0.154065653681755,0.136397898197174
TS0330C,2028,0,149,593.94,547.4124145507812,46.527585449218805,0.4638631939888,0.170316994190216,0.9998210411298744,0.167372316122055,0.1685443967580795,0.1695388704538345,0.170316994190216,0.1665002107620239,0.1577271670103073
TS0330C,2028,1,159,583.94,537.1449584960938,46.79504150390631,0.4671850204467773,0.169890210032463,0.9999271596240692,0.1645994931459427,0.1660492271184921,0.1676152944564819,0.169890210032463,0.1695581674575805,0.1622876226902008
TS0330C,2028,2,169,573.94,525.8816528320312,48.058347167968805,0.4700765013694763,0.1697743982076645,0.9999463873637696,0.1630508601665496,0.1645731776952743,0.1665007919073104,0.1687416136264801,0.1697743982076645,0.1673590987920761
TS0330C,2028,3,179,563.94,513.2938842773438,50.64611572265631,0.4738694131374359,0.1713145822286605,0.9998408011253452,0.1609158813953399,0.1629777401685714,0.1651158928871154,0.1683906316757202,0.1712852418422699,0.1713145822286605
TS0330C,2028,4,189,553.94,500.62841796875,53.311582031250055,0.476848155260086,0.1680193543434143,0.9999902319328444,0.1664483547210693,0.1671785414218902,0.1674713790416717,0.1680193543434143,0.1653061360120773,0.1655762642621994
TS0330C,2028,5,199,543.94,488.4936218261719,55.44637817382818,0.4797213971614837,0.1737738996744156,0.9993414786808744,0.1709097474813461,0.1725082844495773,0.1737738996744156,0.1713451445102691,0.1591937094926834,0.1522692441940307
TS0330C,2028,6,209,533.94,475.6040954589844,58.33590454101568,0.4825681149959564,0.1742476969957351,0.998632913186722,0.1740796566009521,0.173980563879013,0.1742476969957351,0.1739685237407684,0.1600841432809829,0.143639400601387
TS0330C,2028,7,219,523.94,462.97314453125,60.966855468750055,0.4860882759094238,0.182968407869339,0.9965203235026074,0.182968407869339,0.1825145035982132,0.1792287230491638,0.1703559607267379,0.1511645019054412,0.1337678432464599
TS0330C,2028,8,229,513.94,451.5548706054688,62.385129394531305,0.488251268863678,0.2030948400497436,0.9866164407895528,0.2030948400497436,0.1987406313419342,0.1886344850063324,0.1704922914505005,0.1310477703809738,0.1079900413751602
TS0330C,2028,9,239,503.94000000000005,441.5877075195313,62.352292480468805,0.4903871715068817,0.2144047021865844,0.9758994043234904,0.2144047021865844,0.2081010490655899,0.1956420689821243,0.1725130081176757,0.1224957033991813,0.0868434086441993
TS0330C,2028,10,249,493.94000000000005,432.2389526367188,61.701047363281305,0.4931161105632782,0.218508780002594,0.972971465331316,0.218508780002594,0.210546538233757,0.1962615847587585,0.1711439788341522,0.1214485093951225,0.082090675830841
TS0330C,2028,11,259,483.94000000000005,423.6115112304688,60.328488769531305,0.4957659542560577,0.217291459441185,0.973444441115159,0.217291459441185,0.2098336666822433,0.1964028775691986,0.1720760911703109,0.1219553053379058,0.082440510392189
TS0330C,2028,12,269,473.94000000000005,415.2775573730469,58.66244262695318,0.4984044730663299,0.210603654384613,0.978674652441573,0.210603654384613,0.2048400640487671,0.19386887550354,0.1732279509305954,0.1283825039863586,0.0890769585967063
TS0330C,2028,13,279,463.94000000000005,407.5304870605469,56.40951293945318,0.5004258751869202,0.2134918719530105,0.9764842203510584,0.2134918719530105,0.2069625258445739,0.1949070543050766,0.1727110147476196,0.1259125173091888,0.0860149934887886
TS0330C,2028,14,289,453.94000000000005,399.6165161132813,54.323483886718805,0.5025774836540222,0.2095668613910675,0.9798590545943336,0.2095668613910675,0.2038613259792328,0.1930916309356689,0.1728983521461486,0.1294037103652954,0.0911780372262001
TS0330C,2028,15,299,443.94000000000005,392.3251953125,51.614804687500055,0.5044432878494263,0.2079459726810455,0.981455422713272,0.2079459726810455,0.2024839520454406,0.1920910626649856,0.1726059019565582,0.1307375580072403,0.0941356122493743
TS0330C,2028,16,309,433.94000000000005,385.2799072265625,48.66009277343756,0.5060563087463379,0.207157015800476,0.9825560611141888,0.207157015800476,0.2016325443983078,0.1912574470043182,0.172013059258461,0.1314109861850738,0.0965289399027824
TS0330C,2028,17,319,423.94000000000005,376.5923461914063,47.347653808593805,0.5077008008956909,0.1990968137979507,0.9882595808843022,0.1990968137979507,0.1951991021633148,0.1873518973588943,0.1721284091472625,0.1384024173021316,0.107821337878704
TS0330C,2028,18,329,413.94000000000005,368.8641357421875,45.07586425781256,0.5088120698928833,0.1972826570272445,0.9898993943804876,0.1972826570272445,0.1933523714542389,0.1857180744409561,0.1713340133428573,0.1400838941335678,0.1122289896011352
TS0330C,2028,19,339,403.94000000000005,359.4570007324219,44.48299926757818,0.509878933429718,0.1908117085695266,0.9936515314329024,0.1908117085695266,0.1878789663314819,0.181966170668602,0.1706171184778213,0.1457758396863937,0.1229502037167549
TS0330C,2028,20,349,393.94000000000005,348.6432189941406,45.29678100585943,0.5106753706932068,0.1851970255374908,0.9961698330778944,0.1851970255374908,0.183140218257904,0.1787223368883133,0.1700597405433654,0.1505972295999527,0.132283553481102
TS0330C,2028,21,359,383.94000000000005,338.2562255859375,45.68377441406256,0.5111838579177856,0.1819114685058593,0.9973632835787491,0.1819114685058593,0.180303081870079,0.1767442673444748,0.1696708351373672,0.1534955203533172,0.1378748416900634
TS0330C,2028,22,369,373.94000000000005,328.4776916503906,45.46230834960943,0.5114662647247314,0.1804229319095611,0.9978574830614312,0.1804229319095611,0.1789402812719345,0.1756964921951294,0.1694142371416092,0.1549732834100723,0.1405527740716934
TS0330C,2028,23,379,363.94000000000005,318.2801208496094,45.65987915039068,0.5116966962814331,0.1788454502820968,0.9983518821400272,0.1788454502820968,0.1775191128253936,0.1745404601097107,0.1689421981573104,0.1563810259103775,0.1437717080116272
TS0330C,2028,24,389,353.94000000000005,307.1926574707031,46.74734252929693,0.5118973255157471,0.1762240380048751,0.998870099664342,0.1762240380048751,0.1755141913890838,0.1734553724527359,0.1691284328699112,0.1582244634628296,0.1474535316228866
TS0330C,2028,25,399,343.94000000000005,296.4073181152344,47.53268188476568,0.512027382850647,0.1748455166816711,0.9990280465641652,0.1748455166816711,0.1746373921632766,0.1731259375810623,0.1696078032255172,0.1594655066728592,0.1483179926872253
TS0330C,2028,26,409,333.94000000000005,287.5436096191406,46.39639038085943,0.5117579102516174,0.1734145134687423,0.99916011252716,0.1719841510057449,0.1730481833219528,0.1734145134687423,0.171649619936943,0.1611552387475967,0.1487483084201812
TS0330C,2028,27,419,323.94000000000005,280.91729736328125,43.022702636718805,0.5116138458251953,0.1706198453903198,0.999676733284164,0.1691449135541916,0.170116975903511,0.1706198453903198,0.1704743802547454,0.1647284179925918,0.1549154967069625
TS0330C,2028,28,429,313.94000000000005,274.27227783203125,39.667722167968805,0.5110466480255127,0.1734092533588409,0.9996567071608082,0.1734092533588409,0.1719611138105392,0.1698516905307769,0.166712149977684,0.1604102402925491,0.1576555520296096
TS0330C,2028,29,439,303.94000000000005,266.9279479980469,37.01205200195318,0.511160135269165,0.1934732347726822,0.9949817716667132,0.1934732347726822,0.1877782344818115,0.178399845957756,0.1638721823692321,0.1415724903345108,0.1349039375782013
TS0330C,2028,30,449,293.94000000000005,261.1939697265625,32.746030273437555,0.5108786821365356,0.2024824917316436,0.9889858438828156,0.2024824917316436,0.1960891634225845,0.1854036301374435,0.1677032709121704,0.1338627487421035,0.1144587025046348
TS0330C,2028,31,459,283.94000000000005,258.3201904296875,25.619809570312555,0.5106822848320007,0.2031102627515792,0.9867851658687236,0.2031102627515792,0.1974506378173828,0.187442734837532,0.1704286783933639,0.1363221108913421,0.1052456721663475
TS0330C,2028,32,469,273.94000000000005,255.60926818847656,18.33073181152349,0.5109794735908508,0.1983121782541275,0.9897161653315772,0.1983121782541275,0.1937409788370132,0.1852230578660965,0.1705010831356048,0.1406656354665756,0.11155716329813
TS0330D,2026,0,153,543.01,540.8643188476562,2.145681152343741,0.4651996195316314,0.174006775021553,0.9990712258135274,0.1728267520666122,0.1733889579772949,0.174006775021553,0.1728011518716812,0.1569124907255172,0.1500638723373413
TS0330D,2026,1,163,533.01,530.84619140625,2.163808593749991,0.4664570689201355,0.1718248575925827,0.9994306315223922,0.1710335314273834,0.1712625920772552,0.1718248575925827,0.1708984225988388,0.1638094782829284,0.1511711180210113
TS0330D,2026,2,173,523.01,522.1316528320312,0.8783471679687409,0.4661412537097931,0.1696649938821792,0.9998473877905022,0.1696649938821792,0.1694439202547073,0.1694231480360031,0.1684052050113678,0.1638037711381912,0.159259021282196
TS0330D,2026,3,183,513.01,509.9210510253906,3.088948974609366,0.4687166213989258,0.1724777966737747,0.9995537156692638,0.1724777966737747,0.1718789935111999,0.1711676865816116,0.1687871366739273,0.1611592173576355,0.154529184103012
TS0330D,2026,4,193,503.01,486.8245544433594,16.185445556640616,0.471202552318573,0.1733110845088958,0.999500689688152,0.1733110845088958,0.1725628972053527,0.171316310763359,0.1679804027080536,0.1606869995594024,0.1541422754526138
TS0330D,2026,5,203,493.01,473.1785278320313,19.83147216796874,0.4732222259044647,0.174730122089386,0.9991965720474224,0.174730122089386,0.1736717820167541,0.1723686307668686,0.1692432016134262,0.1597930788993835,0.1501932293176651
TS0330D,2026,6,213,483.01,457.3564453125,25.65355468749999,0.4750324785709381,0.177471712231636,0.9989721597082886,0.177471712231636,0.1758543252944946,0.17172472178936,0.1673112362623214,0.1587164103984832,0.1489216089248657
TS0330D,2026,7,223,473.01,452.58111572265625,20.42888427734374,0.4684541225433349,0.1698376089334488,0.9998010150065186,0.1698376089334488,0.169726938009262,0.1697992980480194,0.1688358336687088,0.163834661245346,0.157965674996376
TS0330D,2026,8,233,463.01,441.484375,21.52562499999999,0.4757615625858307,0.1722761243581771,0.9996395419122176,0.1722761243581771,0.1714651882648468,0.1705023348331451,0.1681580543518066,0.1617897897958755,0.1558085232973098
TS0330D,2026,9,243,453.01,422.9616394042969,30.04836059570312,0.4806678593158722,0.1747152805328369,0.9993880510607718,0.1747152805328369,0.1733285188674926,0.1714558750391006,0.1676560640335083,0.1594788879156112,0.1533654332160949
TS0330D,2026,10,253,443.01,409.38525390625,33.62474609374999,0.4812459647655487,0.1739727705717086,0.9994462000036722,0.1739727705717086,0.1728595495223999,0.1713466346263885,0.1680008471012115,0.1601690053939819,0.1536512374877929
TS0330D,2026,11,263,433.01,393.9614562988281,39.048543701171866,0.4772235155105591,0.1733346730470657,0.9995175222768864,0.1733346730470657,0.1723704189062118,0.1710750162601471,0.1682386100292205,0.16047103703022,0.1545102596282959
TS0330D,2026,12,273,423.01,373.7465515136719,49.26344848632812,0.4731475114822387,0.1732315272092819,0.9994742764955532,0.1732315272092819,0.1725042015314102,0.1714540868997573,0.1686024367809295,0.1605249792337417,0.1536827236413955
TS0330D,2026,13,283,413.01,366.7448425292969,46.26515747070312,0.4810879230499267,0.1736996471881866,0.9993719503237216,0.1736996471881866,0.17293082177639,0.1718300431966781,0.168925330042839,0.1604617089033126,0.1521523892879486
TS0330D,2026,14,293,403.01,359.1971435546875,43.81285644531249,0.4893645644187927,0.1735086739063263,0.9994710829609316,0.1735086739063263,0.1724932193756103,0.1711572408676147,0.1683777868747711,0.161101683974266,0.1533613801002502
TS0330D,2026,15,303,393.01,322.2384033203125,70.77159667968749,0.4822139739990234,0.1705084145069122,0.9997835170980716,0.1705084145069122,0.1701399385929107,0.1697142571210861,0.1683112829923629,0.1635900735855102,0.1577359735965728
TS0330D,2026,16,313,383.01,298.2804260253906,84.72957397460937,0.4804373979568481,0.1686487644910812,0.9999255628567584,0.1686487644910812,0.1685286164283752,0.1685234010219574,0.1680447906255722,0.1649079769849777,0.1613463759422302
TS0330D,2026,17,323,373.01,283.58111572265625,89.42888427734374,0.4862900376319885,0.1676245927810669,0.9999826472881184,0.1676245927810669,0.1674895584583282,0.1675442457199096,0.1673935949802398,0.1659004837274551,0.1640475392341613
TS0330D,2026,18,333,363.01,259.47186279296875,103.53813720703124,0.4799104928970337,0.1675728559494018,0.9999940242552074,0.1656729727983474,0.1658220440149307,0.1663214415311813,0.1670816391706466,0.1675728559494018,0.1675289571285247
TS0330D,2026,19,343,353.01,264.56640625,88.44359374999999,0.4929115772247314,0.1682160645723343,0.9999867057383665,0.1682160645723343,0.1677254736423492,0.1670999526977539,0.1660736948251724,0.1647820770740509,0.1661027520895004
TS0330D,2026,20,353,343.01,247.5181884765625,95.49181152343748,0.4908886253833771,0.1671811789274215,0.999999080685025,0.1663818061351776,0.1664403229951858,0.1666224896907806,0.1669530272483825,0.1664211302995681,0.1671811789274215
TS0330D,2026,21,363,333.01,246.01531982421875,86.99468017578124,0.494491308927536,0.1694083511829376,0.9999529074969552,0.1639013290405273,0.1645402759313583,0.1655294299125671,0.1673671156167984,0.1692535281181335,0.1694083511829376
TS0330D,2026,22,373,323.01,247.19956970214844,75.81043029785155,0.4977888464927673,0.1777756661176681,0.999511534399471,0.1587902009487152,0.1603455692529678,0.1625440567731857,0.166731059551239,0.1738134026527404,0.1777756661176681
TS0330D,2026,23,383,313.01,273.5365295410156,39.473470458984366,0.5085375308990479,0.2125756591558456,0.993297847473568,0.1397528052330017,0.1441467255353927,0.1508209556341171,0.1632686406373977,0.1894352734088897,0.2125756591558456
TS0330D,2026,24,393,303.01,232.201416015625,70.80858398437499,0.505953848361969,0.2021657228469848,0.9961816757687824,0.1464714258909225,0.150081068277359,0.1550046056509018,0.1637656539678573,0.182511568069458,0.2021657228469848
TS0330D,2026,25,403,293.01,212.96832275390625,80.04167724609374,0.5040719509124756,0.1951862424612045,0.9974028035696908,0.1489311456680297,0.1526989191770553,0.1576133370399475,0.1657320857048034,0.1798382699489593,0.1951862424612045
TS0330D,2026,26,413,283.01,216.51266479492188,66.49733520507812,0.5084975957870483,0.1925890296697616,0.9976990039058378,0.1487929224967956,0.1533568054437637,0.1588851064443588,0.1669225096702575,0.1794537007808685,0.1925890296697616
TS0330D,2026,27,423,273.01,191.64321899414065,81.36678100585937,0.502433180809021,0.1818374991416931,0.9990455444726124,0.1538480520248413,0.1578714102506637,0.1623630076646804,0.1685700118541717,0.1755100935697555,0.1818374991416931
TS0330D,2026,28,433,263.01,190.1114654541016,72.89853454589843,0.5033513903617859,0.1949399560689926,0.9964321686406588,0.1949399560689926,0.1881721466779709,0.1685323119163513,0.1505742520093917,0.1478267759084701,0.149954542517662
TS0330D,2026,29,443,253.01,197.4560394287109,55.55396057128905,0.50111985206604,0.1935057044029235,0.9907434855001412,0.1799434125423431,0.187140017747879,0.1935057044029235,0.1891237497329712,0.1270162314176559,0.1232707872986793
TS0330D,2026,30,453,243.01,198.71002197265625,44.29997802734374,0.5020343661308289,0.1927786916494369,0.9941181201475026,0.1636067181825637,0.1707141548395156,0.1796261370182037,0.1927786916494369,0.174984261393547,0.1182900294661521
TS0330D,2026,31,463,233.01,197.55398559570312,35.456014404296866,0.5053451657295227,0.1960660219192505,0.9975320086579202,0.1471654623746872,0.1534835994243621,0.1611546874046325,0.1736176908016204,0.1960660219192505,0.1685124635696411
TS0330D,2027,0,153,543.01,521.7125244140625,21.29747558593749,0.4355501234531402,0.212188184261322,0.994234351501332,0.1440721899271011,0.1471913605928421,0.1513706594705581,0.1601993143558502,0.1849782764911651,0.212188184261322
TS0330D,2027,1,163,533.01,512.0070190429688,21.00298095703124,0.4370820522308349,0.2136917263269424,0.9943786593470424,0.1465371996164322,0.1482318639755249,0.1510071456432342,0.1584373116493225,0.1820947378873825,0.2136917263269424
TS0330D,2027,2,173,523.01,499.8919067382813,23.11809326171874,0.4371736943721771,0.1756414771080017,0.99976475508217,0.1604194790124893,0.1627855896949768,0.1653428971767425,0.1669468134641647,0.1688637882471084,0.1756414771080017
TS0330D,2027,3,183,513.01,488.8613586425781,24.148641357421862,0.4394917488098144,0.1735512167215347,0.9997980875997824,0.1599757969379425,0.1625766158103943,0.1658751219511032,0.1690404862165451,0.1689807623624801,0.1735512167215347
TS0330D,2027,4,193,503.01,479.8192138671875,23.19078613281249,0.442992091178894,0.1800358295440673,0.9995148609980352,0.159189760684967,0.1610207259654998,0.163166806101799,0.1661606132984161,0.1704262495040893,0.1800358295440673
TS0330D,2027,5,203,493.01,468.2436218261719,24.76637817382812,0.4448421895503998,0.1793118715286255,0.9994422080853952,0.1585365533828735,0.1601191163063049,0.1623352468013763,0.1661063879728317,0.1735908687114715,0.1793118715286255
TS0330D,2027,6,213,483.01,457.174560546875,25.83543945312499,0.4469677209854126,0.1800610870122909,0.9994367524637502,0.1591180711984634,0.1603131890296936,0.1621227115392685,0.1653362512588501,0.1730487048625946,0.1800610870122909
TS0330D,2027,7,223,473.01,431.9572448730469,41.05275512695312,0.4458752572536468,0.1813170760869979,0.9972497800357424,0.1813170760869979,0.1803597509860992,0.1776807308197021,0.1709310710430145,0.1520382761955261,0.1376730650663375
TS0330D,2027,8,233,463.01,425.4181518554688,37.59184814453124,0.4491442143917084,0.1811864227056503,0.995271318805732,0.1806197315454483,0.181152269244194,0.1811864227056503,0.1779060512781143,0.1546832770109176,0.1244523376226425
TS0330D,2027,9,243,453.01,418.9857482910156,34.024251708984366,0.4523418545722961,0.1782905459403991,0.9985478853274238,0.165389209985733,0.1684602499008178,0.1735953688621521,0.1782905459403991,0.1724363416433334,0.1418282091617584
TS0330D,2027,10,253,443.01,403.3359069824219,39.67409301757812,0.454078733921051,0.1822099238634109,0.9966907118810604,0.1822099238634109,0.1805223673582077,0.1778235137462616,0.1717786937952041,0.1554585844278335,0.1322068572044372
TS0330D,2027,11,263,433.01,382.3522338867188,50.65776611328124,0.4549045860767364,0.1962747424840927,0.9898854226665184,0.1962747424840927,0.1924275606870651,0.186000645160675,0.1728239208459854,0.141435369849205,0.1110377684235572
TS0330D,2027,12,273,423.01,363.5250244140625,59.48497558593749,0.4557466506958008,0.2020900249481201,0.98677199253841,0.2020900249481201,0.1966768205165863,0.1880098432302475,0.1719103008508682,0.1368044763803482,0.1045085415244102
TS0330D,2027,13,283,413.01,356.2947692871094,56.715230712890616,0.4588418900966644,0.2040548473596573,0.9858554481020302,0.2040548473596573,0.1979734897613525,0.1885380446910858,0.1713181436061859,0.1348519623279571,0.1032635122537612
TS0330D,2027,14,293,403.01,352.94940185546875,50.06059814453124,0.4623958468437195,0.1776707917451858,0.9983427007279904,0.1776707917451858,0.1767142862081527,0.1751131862401962,0.1707115024328231,0.156716451048851,0.1430737823247909
TS0330D,2027,15,303,393.01,324.1008605957031,68.90913940429687,0.4619213342666626,0.2007444947957992,0.9905037042756412,0.2007444947957992,0.1933306902647018,0.1832858473062515,0.1674842834472656,0.138477548956871,0.1166770905256271
TS0330D,2027,16,313,383.01,305.1683959960937,77.84160400390624,0.4627686440944671,0.1927878111600875,0.9951019284068484,0.1927878111600875,0.1861344426870346,0.1780914068222046,0.1657797843217849,0.1453921943902969,0.131814420223236
TS0330D,2027,17,323,373.01,296.04766845703125,76.96233154296874,0.4654227197170257,0.1879189312458038,0.9973274893781996,0.1879189312458038,0.181222066283226,0.1739677339792251,0.1641441583633422,0.1504852473735809,0.1422618776559829
TS0330D,2027,18,333,363.01,272.59918212890625,90.41081787109374,0.4648216366767883,0.1784442067146301,0.9993292367981584,0.1784442067146301,0.1737672686576843,0.16956527531147,0.1645467281341552,0.1584263145923614,0.1552502214908599
TS0330D,2027,19,343,353.01,274.4748229980469,78.53517700195312,0.4691942632198334,0.1919053494930267,0.9939155302949492,0.1919053494930267,0.1868674010038375,0.1815028637647628,0.1706433743238449,0.1433763355016708,0.1257047206163406
TS0330D,2027,20,353,343.01,257.88104248046875,85.12895751953124,0.4693633317947387,0.1742356568574905,0.9994627664645214,0.1742356568574905,0.1717140078544616,0.1700594276189804,0.1683573573827743,0.163381814956665,0.1522517800331115
TS0330D,2027,21,363,333.01,252.12564086914065,80.88435913085937,0.4710136353969574,0.1690307110548019,0.9999406656142394,0.1690307110548019,0.167452722787857,0.1668496876955032,0.1669883280992508,0.1681701987981796,0.1615083813667297
TS0330D,2027,22,373,323.01,245.61911010742188,77.39088989257812,0.4725251197814941,0.1745149493217468,0.9998213072577596,0.16348497569561,0.1631069481372833,0.1636303514242172,0.1651746481657028,0.1700881421566009,0.1745149493217468
TS0330D,2027,23,383,313.01,269.4070129394531,43.60298706054687,0.4763275384902954,0.1842071563005447,0.9981995239257916,0.1513091027736663,0.1533377915620803,0.1585596799850464,0.1689081937074661,0.1836781203746795,0.1842071563005447
TS0330D,2027,24,393,303.01,240.6754302978516,62.33456970214843,0.4758674204349518,0.1978599280118942,0.997696941414728,0.1544413864612579,0.1550645977258682,0.1572326123714447,0.1615941971540451,0.173807293176651,0.1978599280118942
TS0330D,2027,25,403,293.01,224.2610321044922,68.7489678955078,0.4755811095237732,0.1806824505329132,0.9995006231561808,0.1612770855426788,0.1611052602529525,0.1618686318397522,0.1642328798770904,0.1708336174488067,0.1806824505329132
TS0330D,2027,26,413,283.01,227.93511962890625,55.07488037109374,0.4774986803531647,0.1769174486398697,0.999721775428722,0.1613264679908752,0.1619217693805694,0.1639914810657501,0.1671262830495834,0.1687165647745132,0.1769174486398697
TS0330D,2027,27,423,273.01,205.11331176757807,67.89668823242187,0.4757671952247619,0.1685006767511367,0.9999891008893328,0.1675403863191604,0.1665810197591781,0.1659208685159683,0.1655215620994568,0.1659354716539383,0.1685006767511367
TS0330D,2027,28,433,263.01,201.17266845703125,61.83733154296874,0.4765036702156067,0.2072774171829223,0.991058248256276,0.2072774171829223,0.1943216621875763,0.1781833320856094,0.1602409034967422,0.1304959505796432,0.1294807642698288
TS0330D,2027,29,443,253.01,197.3569793701172,55.6530206298828,0.4767844676971435,0.2262483239173889,0.975720167192857,0.2262483239173889,0.2115573137998581,0.1908494383096695,0.1604429185390472,0.1139496639370918,0.0969523042440414
TS0330D,2027,30,453,243.01,199.6863555908203,43.32364440917968,0.4779248535633087,0.2281166613101959,0.9698955592350104,0.2281166613101959,0.2143711298704147,0.1946515291929245,0.1648013591766357,0.1165878847241401,0.0814713537693023
TS0330D,2027,31,463,233.01,204.31529235839844,28.694707641601557,0.4796260595321655,0.2231148034334182,0.97300852363932,0.2231148034334182,0.2112171053886413,0.1938724964857101,0.166883498430252,0.1211149767041206,0.0837970897555351
TS0330D,2028,0,153,543.01,507.5258483886719,35.48415161132812,0.4822778701782226,0.1995316743850708,0.9875896704654646,0.1995316743850708,0.1957574933767318,0.1875545084476471,0.172622874379158,0.1392951160669326,0.1052383333444595
TS0330D,2028,1,163,533.01,505.1237182617188,27.88628173828124,0.48401939868927,0.1995475143194198,0.9864906288318588,0.1995475143194198,0.1976720988750457,0.1889871954917907,0.172979861497879,0.1382688581943512,0.1025444939732551
TS0330D,2028,2,173,523.01,503.8009338378906,19.20906616210937,0.4850773215293884,0.192741572856903,0.9863799861636168,0.183609664440155,0.1869043409824371,0.1912522464990615,0.192741572856903,0.1496988981962204,0.0957932472229003
TS0330D,2028,3,183,513.01,491.8604736328125,21.14952636718749,0.487680971622467,0.19330495595932,0.9972091290012892,0.1571389436721801,0.161173015832901,0.1676645278930664,0.1798014789819717,0.19330495595932,0.1409170031547546
TS0330D,2028,4,193,503.01,476.2215881347656,26.78841186523437,0.4911691844463348,0.1766926646232605,0.9990742862842062,0.1766926646232605,0.1763120144605636,0.1699421554803848,0.1573233604431152,0.16887928545475,0.1508504748344421
TS0330D,2028,5,203,493.01,466.0198059082031,26.990194091796862,0.4936677515506744,0.1782983541488647,0.9978488339051648,0.1761279255151748,0.1782983541488647,0.1778507530689239,0.16978819668293,0.137733593583107,0.1602011770009994
TS0330D,2028,6,213,483.01,456.7879333496094,26.222066650390616,0.4964517056941986,0.1924988180398941,0.9924001981170322,0.1924988180398941,0.1903454959392547,0.1823489516973495,0.1696184277534485,0.1483064144849777,0.1168819218873977
TS0330D,2028,7,223,473.01,453.7755126953125,19.23448730468749,0.496483564376831,0.172195628285408,0.9997270979864245,0.172195628285408,0.1712615936994552,0.1697612255811691,0.1667993813753128,0.1623847186565399,0.1575973927974701
TS0330D,2028,8,233,463.01,432.5358581542969,30.47414184570312,0.5005582571029663,0.1849334239959716,0.996579936148876,0.1849334239959716,0.1824294626712799,0.177947849035263,0.1679346859455108,0.1529741287231445,0.1337804794311523
TS0330D,2028,9,243,453.01,414.1004333496094,38.909566650390616,0.5042544007301331,0.1850295811891555,0.9934671713404803,0.1850295811891555,0.1845255047082901,0.1824401170015335,0.1759034991264343,0.1556218415498733,0.1164794117212295
TS0330D,2028,10,253,443.01,399.0805358886719,43.92946411132812,0.5065515041351318,0.1871141940355301,0.993471096726786,0.1871141940355301,0.1858507245779037,0.1836945861577987,0.1760549247264862,0.1468271762132644,0.1204583793878555
TS0330D,2028,11,263,433.01,378.5044250488281,54.505574951171866,0.507296085357666,0.1755389869213104,0.999064306488514,0.1755389869213104,0.1747751384973526,0.1726808398962021,0.1686335802078247,0.1593449562788009,0.1490264683961868
TS0330D,2028,12,273,423.01,356.931396484375,66.07860351562499,0.5078129768371582,0.1678235977888107,0.9999887682294762,0.16670523583889,0.1674645841121673,0.1678235977888107,0.1674728989601135,0.1649938523769378,0.1655398607254028
TS0330D,2028,13,283,413.01,338.5276794433594,74.48232055664062,0.5113844871520996,0.1742448508739471,0.9987932552375116,0.17341148853302,0.174130767583847,0.1742448508739471,0.1724908500909805,0.16083325445652,0.1448887586593628
TS0330D,2028,14,293,403.01,325.4386901855469,77.57130981445312,0.5149952173233032,0.1829004138708114,0.9931136869770596,0.1828460842370987,0.1829004138708114,0.1825424879789352,0.1801466345787048,0.1573289632797241,0.1142353862524032
TS0330D,2028,15,303,393.01,300.0474548339844,92.96254516601562,0.5137796998023987,0.1845567524433136,0.998936165911825,0.1546213924884796,0.1576729118824005,0.1615910232067108,0.1665124148130417,0.1750454902648925,0.1845567524433136
TS0330D,2028,16,313,383.01,281.7133178710937,101.29668212890624,0.5140156745910645,0.2096851766109466,0.9949292114094004,0.1444401443004608,0.148073673248291,0.1531977951526641,0.1623142063617706,0.1822889745235443,0.2096851766109466
TS0330D,2028,17,323,373.01,270.032958984375,102.977041015625,0.5163050293922424,0.2185060977935791,0.992045183518272,0.1366071701049804,0.1421751081943512,0.1507964879274368,0.163784310221672,0.1881308704614639,0.2185060977935791
TS0330D,2028,18,333,363.01,252.7838287353516,110.22617126464844,0.5146998763084412,0.2530257999897003,0.9807309560779832,0.1248772963881492,0.1303710043430328,0.1393590867519378,0.1559581160545349,0.1964086890220642,0.2530257999897003
TS0330D,2028,19,343,353.01,257.35699462890625,95.65300537109374,0.5191009044647217,0.3243332803249359,0.9411002559363122,0.1001817733049392,0.104735180735588,0.1146682277321815,0.1390165239572525,0.2170650064945221,0.3243332803249359
TS0330D,2028,20,353,343.01,241.22027587890625,101.78972412109374,0.517771303653717,0.2904277741909027,0.9661342407705586,0.1170985549688339,0.1218767911195755,0.1297673881053924,0.1451436728239059,0.1956857591867447,0.2904277741909027
TS0330D,2028,21,363,333.01,233.6108856201172,99.3991143798828,0.518452525138855,0.2540408074855804,0.982543885763444,0.1292406171560287,0.1339641958475113,0.1414707452058792,0.1548053324222564,0.186478391289711,0.2540408074855804
TS0330D,2028,22,373,323.01,223.61944580078125,99.39055419921874,0.5188018083572388,0.2000513225793838,0.9964649689025008,0.1459815502166748,0.1501187682151794,0.1561623811721801,0.1659297496080398,0.1817562729120254,0.2000513225793838
TS0330D,2028,23,383,313.01,239.2301177978516,73.77988220214843,0.5271072387695312,0.1723560541868209,0.999838339442408,0.1723560541868209,0.1701921820640564,0.1669746190309524,0.162947803735733,0.1605368703603744,0.1669924706220626
TS0330D,2028,24,393,303.01,215.9443206787109,87.06567932128905,0.5218481421470642,0.1761299073696136,0.9991764793920952,0.1664319336414337,0.1679065525531768,0.1705041229724884,0.1761299073696136,0.1711652725934982,0.1478621810674667
TS0330D,2028,25,403,293.01,203.89698791503903,89.11301208496093,0.5185311436653137,0.1718612164258957,0.999821639917616,0.1633767932653427,0.1666069775819778,0.1698991805315017,0.1718612164258957,0.1688636392354965,0.1593921184539795
TS0330D,2028,26,413,283.01,210.3514862060547,72.6585137939453,0.5214850902557373,0.1787857115268707,0.9993687567891,0.1565940082073211,0.1588493138551712,0.163162350654602,0.1687231212854385,0.1738854348659515,0.1787857115268707
TS0330D,2028,27,423,273.01,197.51983642578125,75.49016357421874,0.5150194764137268,0.1764766871929168,0.9993247126241114,0.1545735895633697,0.1588380187749862,0.164047822356224,0.1707800477743148,0.1764766871929168,0.1752838194370269
TS0330D,2028,28,433,263.01,198.78598022460935,64.22401977539062,0.5149232745170593,0.208904355764389,0.9914924359008618,0.1325658112764358,0.1398779600858688,0.1492449939250946,0.168452113866806,0.200954794883728,0.208904355764389
TS0330D,2028,29,443,253.01,204.5843811035156,48.425618896484366,0.5141779780387878,0.230742871761322,0.985408885510786,0.1253416538238525,0.1327815651893615,0.1433989554643631,0.1627913564443588,0.2049437165260315,0.230742871761322
TS0330D,2028,30,453,243.01,203.92860412597656,39.08139587402343,0.5151147246360779,0.2514393031597137,0.9804291670562484,0.1230676472187042,0.1297703981399536,0.1392399221658706,0.1568787097930908,0.1996040046215057,0.2514393031597137
TS0330D,2028,31,463,233.01,204.7303009033203,28.27969909667968,0.5173481106758118,0.2458677440881729,0.9838322108553472,0.1280065327882766,0.133961334824562,0.1420403122901916,0.1567199230194091,0.1934041380882263,0.2458677440881729
TS0330E,2026,0,154,526.8,509.7091064453125,17.090893554687455,0.4598421454429626,0.1945874840021133,0.9938506616229492,0.1945874840021133,0.189604252576828,0.1801456212997436,0.1650739759206771,0.1429697871208191,0.1276188939809799
TS0330E,2026,1,164,516.8,500.2386779785156,16.56132202148433,0.4606977701187134,0.1955188512802124,0.992443111238509,0.1955188512802124,0.1914792507886886,0.1825269907712936,0.1671538650989532,0.1416069865226745,0.121714062988758
TS0330E,2026,2,174,506.8,489.56640625,17.233593749999955,0.461358368396759,0.1942579597234726,0.9927159588527362,0.1942579597234726,0.1904957592487335,0.1821613758802414,0.1683116108179092,0.1436435282230377,0.1211298257112503
TS0330E,2026,3,184,496.8,477.5322570800781,19.26774291992183,0.4620863199234009,0.1926504224538803,0.9933490105594835,0.1926504224538803,0.189587190747261,0.1817489266395568,0.1682353615760803,0.1448277533054351,0.122950367629528
TS0330E,2026,4,194,486.8,466.1082458496094,20.69175415039058,0.4627821147441864,0.1891521364450454,0.9944704069354404,0.1891521364450454,0.1872832179069519,0.1810486614704132,0.1695102602243423,0.146814152598381,0.1261915415525436
TS0330E,2026,5,204,476.8,453.8119201660156,22.98807983398433,0.463362842798233,0.186035007238388,0.9959237978480936,0.186035007238388,0.1844793409109115,0.1788473278284073,0.1689943969249725,0.1501351594924926,0.131508782505989
TS0330E,2026,6,214,466.8,441.9267272949219,24.87327270507808,0.4640680253505707,0.1849130541086197,0.9963639733700947,0.1849130541086197,0.1836969256401062,0.1783326268196106,0.1686320006847381,0.150814339518547,0.1336110234260559
TS0330E,2026,7,224,456.8,430.9034729003906,25.89652709960933,0.4647828936576843,0.1834291815757751,0.996732627022968,0.1834291815757751,0.1826471984386444,0.1779733300209045,0.1693036705255508,0.1514933556318283,0.1351533085107803
TS0330E,2026,8,234,446.8,421.4297180175781,25.37028198242183,0.4656217396259308,0.1831663995981216,0.9963890559232682,0.1831663995981216,0.1829960495233535,0.1789513379335403,0.170438528060913,0.1518015414476394,0.1326460987329483
TS0330E,2026,9,244,436.8,410.5322265625,26.267773437499955,0.4660837948322296,0.1787316650152206,0.998131395187199,0.1783572286367416,0.1787316650152206,0.1757795959711074,0.1693965047597885,0.1553398668766021,0.1423951238393783
TS0330E,2026,10,254,426.8,399.8546752929688,26.945324707031205,0.4666770696640014,0.1765320152044296,0.9987591908682152,0.1758426427841186,0.1765320152044296,0.1741614639759063,0.1690659075975418,0.1578715741634369,0.1465263962745666
TS0330E,2026,11,264,416.8,391.1365966796875,25.66340332031245,0.4672652781009674,0.1770301312208175,0.9987307817164778,0.1765671819448471,0.1770301312208175,0.1741292625665664,0.1682476699352264,0.1570934355258941,0.1469322592020034
TS0330E,2026,12,274,406.8,384.1461486816406,22.65385131835933,0.4677753448486328,0.1794965118169784,0.9979513596729102,0.1790699660778045,0.1794965118169784,0.1763019859790802,0.1694139987230301,0.1537618935108184,0.1419556736946106
TS0330E,2026,13,284,396.8,375.5822448730469,21.21775512695308,0.4682862460613251,0.177991971373558,0.9982056448671496,0.1768668889999389,0.177991971373558,0.1761322170495987,0.1706016808748245,0.1561708599328994,0.1422363817691803
TS0330E,2026,14,294,386.8,369.6195373535156,17.18046264648433,0.4688766300678253,0.1902837008237838,0.99232534964934,0.1902837008237838,0.1890676766633987,0.1842229664325714,0.17355477809906,0.1461000144481659,0.1167709529399871
TS0330E,2026,15,304,376.8,361.0462646484375,15.753735351562456,0.4691639244556427,0.1809730529785156,0.9968851848331174,0.1809730529785156,0.180869847536087,0.1782628297805786,0.1718437224626541,0.1540325284004211,0.1340179741382599
TS0330E,2026,16,314,366.8,352.23486328125,14.565136718749956,0.4695296287536621,0.1793073564767837,0.9981976610305958,0.1793073564767837,0.1789455860853195,0.1751539856195449,0.1679109930992126,0.1552765369415283,0.1434055268764495
TS0330E,2026,17,324,356.79999999999995,344.1812438964844,12.61875610351558,0.4709917902946472,0.2024495154619217,0.9882430809554242,0.2024495154619217,0.197585329413414,0.1873329579830169,0.1674644947052002,0.1317391246557235,0.1134285777807235
TS0330E,2026,18,334,346.79999999999995,339.1241455078125,7.6758544921874545,0.4704858362674713,0.185904860496521,0.9954418402481277,0.185904860496521,0.1847613006830215,0.1799786239862442,0.1710831224918365,0.1493580937385559,0.128914013504982
TS0330E,2026,19,344,336.79999999999995,332.0268859863281,4.7731140136718295,0.4716539084911346,0.1978513598442077,0.9891213029763456,0.1978513598442077,0.1947325766086578,0.1873432099819183,0.1710918843746185,0.138149157166481,0.1108317375183105
TS0330E,2026,20,354,326.79999999999995,327.0770874023437,0.2770874023437955,0.4718083441257477,0.1928113847970962,0.9923276117363636,0.1928113847970962,0.1901556551456451,0.1835603266954422,0.1709894388914108,0.1437864601612091,0.1186966374516487
TS0330E,2026,21,364,316.79999999999995,318.9671936035156,2.1671936035156705,0.471672773361206,0.1815848797559738,0.9971123915150452,0.1815848797559738,0.1813756227493286,0.1779434829950332,0.1700368225574493,0.1522037982940673,0.1368554085493087
TS0330E,2026,22,374,306.79999999999995,309.92535400390625,3.1253540039062955,0.4719884991645813,0.1852196305990219,0.995676298914925,0.1852196305990219,0.1844237744808197,0.1802852749824524,0.1708465069532394,0.1487027257680893,0.1305221170186996
TS0330E,2026,23,384,296.79999999999995,301.7125244140625,4.9125244140625455,0.4724228680133819,0.187197059392929,0.9941358841838348,0.187197059392929,0.1863005310297012,0.1827930510044098,0.1728759407997131,0.1472949236631393,0.1235384792089462
TS0330E,2026,24,394,286.79999999999995,297.2103271484375,10.410327148437544,0.4726386368274688,0.1820967942476272,0.9963985699951616,0.1820967942476272,0.1809334307909011,0.1784089356660843,0.1734803617000579,0.154168501496315,0.1309119611978531
TS0330E,2026,25,404,276.79999999999995,292.1654052734375,15.365405273437544,0.4720420241355896,0.1746989041566848,0.9990863951029796,0.1741217225790023,0.1746989041566848,0.1735429912805557,0.1694251447916031,0.1588854640722274,0.1493258774280548
TS0330E,2026,26,414,266.79999999999995,283.5829772949219,16.78297729492192,0.4719527065753937,0.1733247339725494,0.9993455371311226,0.1723745912313461,0.1733247339725494,0.1727611869573593,0.1699111461639404,0.1593623906373977,0.1522659659385681
TS0330E,2026,27,424,256.79999999999995,274.0719299316406,17.27192993164067,0.4719292223453522,0.1731709539890289,0.9994125348262036,0.1700156182050705,0.1719831973314285,0.1731709539890289,0.171580284833908,0.1609740406274795,0.1522759050130844
TS0330E,2026,28,434,246.79999999999995,267.1021423339844,20.30214233398442,0.4722762107849121,0.1731661558151245,0.9994385488269748,0.1691436320543289,0.1704057902097702,0.1716921776533126,0.1731661558151245,0.1642633974552154,0.1513288170099258
TS0330E,2026,29,444,236.79999999999995,259.37078857421875,22.570788574218795,0.4719662368297577,0.1703628152608871,0.9998052730526809,0.1680000722408294,0.1695201098918914,0.1703628152608871,0.1696566194295883,0.164652407169342,0.1578079611063003
TS0330E,2026,30,454,226.79999999999995,251.197265625,24.397265625000045,0.4725673794746399,0.1722133159637451,0.9996342193545148,0.1681272387504577,0.1700038909912109,0.1722133159637451,0.1721576154232025,0.1616408228874206,0.1558570861816406
TS0330E,2026,31,464,216.79999999999995,247.3024444580078,30.502444458007854,0.4720857143402099,0.1721756011247635,0.9998345471200448,0.1640625894069671,0.1660994589328766,0.1688192784786224,0.1721756011247635,0.1692320555448532,0.1596110612154007
TS0330E,2026,32,474,206.79999999999995,236.9870758056641,30.187075805664108,0.4726625084877014,0.1705140620470047,0.99988983518818,0.1616044342517852,0.1632883548736572,0.1665259897708892,0.1701809167861938,0.1705140620470047,0.1678863018751144
TS0330E,2026,33,484,196.79999999999995,230.62026977539065,33.82026977539067,0.4731801152229309,0.1712932735681533,0.9998952242778538,0.1712932735681533,0.1700793653726577,0.1675668954849243,0.1648247689008712,0.1634210497140884,0.1628145575523376
TS0330E,2026,34,494,186.79999999999995,230.2146453857422,43.41464538574223,0.4730417430400848,0.180916890501976,0.9978041909524346,0.1806844919919967,0.180916890501976,0.1771672815084457,0.1672799438238144,0.1486574858427047,0.1452939659357071
TS0330E,2026,35,504,176.79999999999995,230.65313720703125,53.853137207031295,0.4720763564109802,0.1750172674655914,0.9996670196163568,0.161868616938591,0.1668135821819305,0.1712163537740707,0.1750172674655914,0.167586013674736,0.157498151063919
TS0330E,2026,36,514,166.79999999999995,229.51646423339844,62.71646423339848,0.4722835123538971,0.1746237576007843,0.9996714772584328,0.1598295718431472,0.1648581475019455,0.1696470528841018,0.1746237576007843,0.1714894473552703,0.1595520675182342
TS0330E,2026,37,524,156.79999999999995,230.12405395507807,73.32405395507817,0.4723339676856994,0.1734025478363037,0.9996330883110032,0.1565539240837097,0.1617637425661087,0.1672173887491226,0.1733678579330444,0.1734025478363037,0.1676944941282272
TS0330E,2026,38,534,146.79999999999995,230.89239501953125,84.0923950195313,0.4725883603096008,0.173958733677864,0.9996254371343056,0.15668486058712,0.1613064706325531,0.1659780591726303,0.172106847167015,0.173958733677864,0.1699650585651397
TS0330E,2027,0,154,526.8,484.4509582519531,42.34904174804683,0.4534240663051605,0.1703172624111175,0.999910127439421,0.1703172624111175,0.1696292161941528,0.1681296676397323,0.1659244149923324,0.1639727503061294,0.1620266884565353
TS0330E,2027,1,164,516.8,480.6925048828125,36.107495117187455,0.4533706903457641,0.1707987636327743,0.9998841799706212,0.1707987636327743,0.170045867562294,0.1684067994356155,0.1658331453800201,0.1632940173149109,0.1616213172674179
TS0330E,2027,2,174,506.8,475.9944458007813,30.805554199218705,0.4532703459262848,0.1709411740303039,0.999865551018662,0.1709411740303039,0.1702190935611724,0.1686667501926422,0.1660769283771515,0.1630967259407043,0.1609993427991867
TS0330E,2027,3,184,496.8,470.06689453125,26.733105468749955,0.4532117247581482,0.1708872318267822,0.9998693433410252,0.1708872318267822,0.1701348274946212,0.168610394001007,0.1660874038934707,0.1633394807577133,0.1609406471252441
TS0330E,2027,4,194,486.8,463.2668762207031,23.53312377929683,0.4531604945659637,0.1708550155162811,0.9998730025994456,0.1708550155162811,0.170106902718544,0.168596550822258,0.1660422533750534,0.1632584184408188,0.1611408144235611
TS0330E,2027,5,204,476.8,455.6246337890625,21.17536621093745,0.4530670344829559,0.1706282943487167,0.9998873735052426,0.1706282943487167,0.1699050217866897,0.1684649437665939,0.1660926789045334,0.1634218394756317,0.1614872068166732
TS0330E,2027,6,214,466.8,446.81787109375,19.982128906249955,0.4530385136604309,0.1705270558595657,0.9998953573417964,0.1705270558595657,0.1697873175144195,0.1683753728866577,0.1660486906766891,0.1635973006486892,0.161664217710495
TS0330E,2027,7,224,456.8,438.0070190429688,18.792980957031205,0.4529869556427002,0.1704995185136795,0.9998991496641596,0.1704995185136795,0.1697520166635513,0.1683230847120285,0.1660154312849044,0.1635441929101944,0.1618658006191253
TS0330E,2027,8,234,446.8,429.0300903320313,17.769909667968705,0.4529588222503662,0.1705276519060135,0.9998958230655954,0.1705276519060135,0.1697645634412765,0.1683707535266876,0.1660878509283065,0.1635341346263885,0.1617150157690048
TS0330E,2027,9,244,436.8,419.793212890625,17.006787109374955,0.4527956545352936,0.1702011823654174,0.999916514508664,0.1702011823654174,0.169448122382164,0.1681659966707229,0.1660477668046951,0.1637910306453704,0.1623459309339523
TS0330E,2027,10,254,426.8,410.2912902832031,16.50870971679683,0.4526229202747345,0.169996902346611,0.9999279580077246,0.169996902346611,0.1692430973052978,0.1680368036031723,0.1660566478967666,0.163958191871643,0.1627083420753479
TS0330E,2027,11,264,416.8,400.55950927734375,16.240490722656205,0.4524038136005401,0.1699095368385315,0.9999338793531688,0.1699095368385315,0.1691422909498214,0.167961910367012,0.1659952849149704,0.1640311628580093,0.1629597693681717
TS0330E,2027,12,274,406.8,391.2993469238281,15.50065307617183,0.4521399140357971,0.1698588132858276,0.9999374055476464,0.1698588132858276,0.1690593361854553,0.1679152101278305,0.1660157442092895,0.1639778912067413,0.163173034787178
TS0330E,2027,13,284,396.8,382.0327453613281,14.76725463867183,0.4517247378826141,0.169389545917511,0.9999547703921512,0.169389545917511,0.168687105178833,0.1677542030811309,0.1661029309034347,0.164323478937149,0.1637427806854248
TS0330E,2027,14,294,386.8,371.7685852050781,15.03141479492183,0.4514321088790893,0.1688276678323745,0.9999742642597368,0.1688276678323745,0.1681808084249496,0.1674019694328308,0.1661261618137359,0.1649251580238342,0.16453817486763
TS0330E,2027,15,304,376.8,362.4027099609375,14.397290039062456,0.4508270919322967,0.1678165346384048,0.9999948226388627,0.1678165346384048,0.1672782301902771,0.1667969971895218,0.166057676076889,0.1657422631978988,0.1663083732128143
TS0330E,2027,16,314,366.8,353.0707092285156,13.72929077148433,0.4501768946647644,0.1673952639102935,0.9999968851299726,0.1672942340373993,0.166815385222435,0.1664715111255645,0.1658955663442611,0.1661280840635299,0.1673952639102935
TS0330E,2027,17,324,356.79999999999995,342.7300109863281,14.06998901367183,0.4497264921665191,0.1684352308511734,0.999993425467466,0.1665587276220321,0.1662380397319793,0.1661903709173202,0.1660571098327636,0.1665205061435699,0.1684352308511734
TS0330E,2027,18,334,346.79999999999995,334.4799194335937,12.320080566406205,0.448968768119812,0.1679856330156326,0.9999959536823748,0.1664121747016906,0.1661494225263595,0.1662332415580749,0.1663223505020141,0.1668971329927444,0.1679856330156326
TS0330E,2027,19,344,336.79999999999995,325.1845092773437,11.615490722656205,0.4484284222126007,0.1685648560523986,0.9999900323369306,0.1658009439706802,0.1657131910324096,0.1660958379507064,0.1665612459182739,0.1672638803720474,0.1685648560523986
TS0330E,2027,20,354,326.79999999999995,317.3727111816406,9.42728881835933,0.4478307366371155,0.168466180562973,0.9999895666131317,0.1657050997018814,0.1656555533409118,0.166064366698265,0.1666130572557449,0.1674957871437072,0.168466180562973
TS0330E,2027,21,364,316.79999999999995,309.7832946777344,7.01670532226558,0.4471403658390045,0.1683117598295211,0.9999910968484712,0.1656835079193115,0.165697768330574,0.1661975085735321,0.1667604595422744,0.1673490107059478,0.1683117598295211
TS0330E,2027,22,374,306.79999999999995,301.5191650390625,5.280834960937455,0.4465706944465637,0.1681101024150848,0.999991762168184,0.1656200736761093,0.1656826287508011,0.1662489771842956,0.1669100970029831,0.1674281060695648,0.1681101024150848
TS0330E,2027,23,384,296.79999999999995,294.3617248535156,2.438275146484329,0.4460830092430115,0.1681678593158722,0.999988701697505,0.165324866771698,0.1655077189207077,0.1662390679121017,0.167119413614273,0.1676410883665084,0.1681678593158722
TS0330E,2027,24,394,286.79999999999995,287.63726806640625,0.8372680664062955,0.4455386102199554,0.1683958768844604,0.9999840444595152,0.165096029639244,0.1653087735176086,0.1660936027765274,0.1671332269906997,0.1679725497961044,0.1683958768844604
TS0330E,2027,25,404,276.79999999999995,282.3905334472656,5.590533447265671,0.444873034954071,0.1682918667793274,0.9999874375900506,0.1652681678533554,0.165462464094162,0.166199043393135,0.1670731455087661,0.1677052825689315,0.1682918667793274
TS0330E,2027,26,414,266.79999999999995,276.6944885253906,9.89448852539067,0.4443220198154449,0.1680976599454879,0.9999901654008732,0.1654035598039627,0.165593683719635,0.1662885844707489,0.1670859158039093,0.1675305813550949,0.1680976599454879
TS0330E,2027,27,424,256.79999999999995,271.36328125,14.563281250000044,0.443850427865982,0.1678600311279297,0.999991762168184,0.1654237210750579,0.1656568348407745,0.1664037406444549,0.1672092527151107,0.1674463301897049,0.1678600311279297
TS0330E,2027,28,434,246.79999999999995,265.9129943847656,19.11299438476567,0.4433818757534027,0.1678905636072158,0.9999895000811604,0.1653023958206176,0.1655383557081222,0.1663001179695129,0.1672475785017013,0.1677209883928299,0.1678905636072158
TS0330E,2027,29,444,236.79999999999995,262.3082275390625,25.508227539062545,0.4429350197315216,0.1678742319345474,0.9999913629763564,0.1654221713542938,0.1656396687030792,0.16636922955513,0.1671764552593231,0.1675182580947876,0.1678742319345474
TS0330E,2027,30,454,226.79999999999995,257.250732421875,30.450732421875045,0.4424601793289184,0.1679674834012985,0.9999893670172176,0.1652505248785019,0.1655395030975341,0.1663447469472885,0.1672850549221038,0.1676126271486282,0.1679674834012985
TS0330E,2027,31,464,216.79999999999995,254.47740173339844,37.67740173339848,0.442026823759079,0.1678477972745895,0.999990098868902,0.1653086394071579,0.1655691564083099,0.1663376688957214,0.1672552675008773,0.1676815152168274,0.1678477972745895
TS0330E,2027,32,474,206.79999999999995,251.15020751953125,44.350207519531295,0.4416454434394836,0.1680936813354492,0.999987770249907,0.165176659822464,0.165458545088768,0.1662835776805877,0.1672653704881668,0.1677221804857254,0.1680936813354492
TS0330E,2027,33,484,196.79999999999995,247.8477783203125,51.04777832031255,0.4412417709827423,0.1678995788097381,0.9999918952321264,0.165508896112442,0.165661334991455,0.1663275510072708,0.1671076118946075,0.1674950569868087,0.1678995788097381
TS0330E,2027,34,494,186.79999999999995,244.07472229003903,57.27472229003911,0.4407198131084442,0.1670741587877273,0.999999080685025,0.166246086359024,0.1663029342889785,0.1667433828115463,0.1670029014348983,0.1666305512189865,0.1670741587877273
TS0330E,2027,35,504,176.79999999999995,241.85232543945312,65.05232543945317,0.4402757287025451,0.1672576814889907,0.999997683513628,0.1667462885379791,0.166739746928215,0.1671381145715713,0.1672576814889907,0.1661996096372604,0.1659184992313385
TS0330E,2027,36,514,166.79999999999995,239.32310485839844,72.52310485839848,0.4398530721664428,0.1673264652490615,0.9999958871504034,0.1668511778116226,0.1668636351823806,0.1672749370336532,0.1673264652490615,0.1661621332168579,0.1655216068029403
TS0330E,2027,37,524,156.79999999999995,237.180908203125,80.38090820312505,0.4394327104091644,0.1674485951662063,0.9999963528742024,0.1666186451911926,0.1667289286851883,0.1672559827566146,0.1674485951662063,0.1663379967212677,0.1656097918748855
TS0330E,2027,38,534,146.79999999999995,235.6106109619141,88.81061096191411,0.439145028591156,0.1675212383270263,0.9999972177898292,0.1662938892841339,0.1664666980504989,0.1670853644609451,0.1675212383270263,0.1667427867650985,0.1658900380134582
TS0330E,2028,0,154,526.8,472.8981323242188,53.901867675781205,0.4549684524536133,0.1775179058313369,0.9981996569897342,0.1775179058313369,0.1769688576459884,0.1755646467208862,0.1713040918111801,0.157045379281044,0.1415991783142089
TS0330E,2028,1,164,516.8,469.9302368164063,46.869763183593705,0.4574183523654938,0.1782667934894561,0.997897069584344,0.1782667934894561,0.1777592599391937,0.1762498766183853,0.1716804951429367,0.1566123962402343,0.1394312083721161
TS0330E,2028,2,174,506.8,466.0547790527344,40.74522094726558,0.4598060548305511,0.1756907105445861,0.998509496379994,0.17567840218544,0.1756907105445861,0.1749614775180816,0.1716195493936538,0.1587869375944137,0.1432629078626632
TS0330E,2028,3,184,496.8,461.5925903320313,35.207409667968705,0.4623236954212188,0.1744258254766464,0.9988364344868734,0.1739882379770279,0.1744258254766464,0.1741959899663925,0.1715951114892959,0.1600896120071411,0.1457052528858184
TS0330E,2028,4,194,486.8,456.7009582519531,30.09904174804683,0.4648295044898987,0.1731002628803253,0.999218660661888,0.171652153134346,0.1726806759834289,0.1731002628803253,0.1715309470891952,0.1619130969047546,0.149122804403305
TS0330E,2028,5,204,476.8,450.4004821777344,26.39951782226558,0.4673441052436828,0.1710969805717468,0.9997571039054726,0.1672351211309433,0.1690100580453872,0.1706314980983734,0.1710969805717468,0.1653838604688644,0.1566423922777176
TS0330E,2028,6,214,466.8,444.18304443359375,22.616955566406205,0.4699463546276092,0.1710468381643295,0.9998194443625638,0.166178673505783,0.168263703584671,0.1701995134353637,0.1710468381643295,0.1661360263824463,0.1581751704216003
TS0330E,2028,7,224,456.8,437.7839965820313,19.016003417968705,0.4725867807865143,0.1711670607328415,0.9998593635453328,0.1651545763015747,0.1674657315015792,0.1697493493556976,0.1711670607328415,0.1669188439846038,0.159544438123703
TS0330E,2028,8,234,446.8,431.32720947265625,15.472790527343705,0.4753971993923187,0.1716934293508529,0.9997211101090092,0.1666473895311355,0.1689907759428024,0.1710112392902374,0.1716934293508529,0.1656667441129684,0.1559904217720031
TS0330E,2028,9,244,436.8,423.4507141113281,13.34928588867183,0.4776545166969299,0.1709194779396057,0.9998934944466004,0.1612923592329025,0.1644695997238159,0.1678640246391296,0.1709194779396057,0.169725626707077,0.1657289266586303
TS0330E,2028,10,254,426.8,415.479248046875,11.320751953124956,0.4800550043582916,0.1714713275432586,0.9998012146024324,0.1592665165662765,0.1626146733760833,0.1664663106203079,0.170530304312706,0.1714713275432586,0.1696508526802063
TS0330E,2028,11,264,416.8,407.9334411621094,8.86655883789058,0.4825112223625183,0.1709047257900238,0.9998472547265596,0.1601235121488571,0.1631866544485092,0.1666003465652465,0.170232281088829,0.1709047257900238,0.1689524501562118
TS0330E,2028,12,274,406.8,399.9402160644531,6.8597839355468295,0.4851974546909332,0.1710535734891891,0.9999131213781288,0.1626929640769958,0.1655979007482528,0.168558657169342,0.1710535734891891,0.1684354990720749,0.1636614501476287
TS0330E,2028,13,284,396.8,390.9115905761719,5.88840942382808,0.487586498260498,0.1716052442789077,0.9998848452903338,0.1620862185955047,0.1653863489627838,0.1688413023948669,0.1716052442789077,0.1688879877328872,0.1631928235292434
TS0330E,2028,14,294,386.8,382.0209045410156,4.7790954589843295,0.4922197461128235,0.1806884706020355,0.996339423072692,0.1756958216428756,0.1786247342824936,0.1806884706020355,0.1787196993827819,0.1573272198438644,0.1289440691471099
TS0330E,2028,15,304,376.8,372.5057373046875,4.294262695312455,0.4938095808029175,0.1771905869245529,0.9989366981675952,0.1665353626012802,0.1701763123273849,0.1743372678756714,0.1771905869245529,0.165984109044075,0.1457762718200683
TS0330E,2028,16,314,366.8,363.121826171875,3.6781738281249545,0.4950681030750274,0.1714979708194732,0.9996857151002873,0.1674285680055618,0.1695119589567184,0.1710253804922104,0.1714979708194732,0.1653721183538437,0.1551639884710312
TS0330E,2028,17,324,356.79999999999995,352.4370422363281,4.3629577636718295,0.4992605745792389,0.189861461520195,0.9939446712983706,0.189861461520195,0.1879514455795288,0.1831343322992324,0.1706152260303497,0.1414907574653625,0.1269467771053314
TS0330E,2028,18,334,346.79999999999995,344.29510498046875,2.5048950195312045,0.499216228723526,0.1828924864530563,0.9958873383278312,0.1828924864530563,0.1825026720762252,0.1801601648330688,0.1736278235912323,0.1511688083410263,0.1296480894088745
TS0330E,2028,19,344,336.79999999999995,334.2369689941406,2.563031005859329,0.5018872618675232,0.1943371444940567,0.9896687945680244,0.1943371444940567,0.1924529820680618,0.1878514289855957,0.174487367272377,0.1404237896203994,0.1104473173618316
TS0330E,2028,20,354,326.79999999999995,324.6217346191406,2.178265380859329,0.5028460621833801,0.1922167986631393,0.9914345530858464,0.1922167986631393,0.1901106834411621,0.1851786822080612,0.1740328967571258,0.1437398195266723,0.1147210970520973
TS0330E,2028,21,364,316.79999999999995,315.02960205078125,1.7703979492187043,0.5028907656669617,0.1857524365186691,0.9952303351114224,0.1857524365186691,0.1844150573015213,0.1806980520486831,0.1720823496580124,0.1495221555233001,0.1275299042463302
TS0330E,2028,22,374,306.79999999999995,304.6698913574219,2.1301086425780795,0.5044301748275757,0.1933426707983017,0.9918992123732794,0.1933426707983017,0.1904653012752533,0.1843815892934799,0.1716328561305999,0.1425195038318634,0.1176581308245658
TS0330E,2028,23,384,296.79999999999995,294.4438171386719,2.3561828613280795,0.5059512853622437,0.1916545033454895,0.9912323624251208,0.1916545033454895,0.1903591156005859,0.1863961368799209,0.1743678301572799,0.1428348869085312,0.114387534558773
TS0330E,2028,24,394,286.79999999999995,284.72564697265625,2.0743530273437045,0.5068901777267456,0.1792388558387756,0.9962023006798798,0.1790602058172226,0.1791927963495254,0.1792388558387756,0.1774287819862365,0.1567448377609253,0.1283345371484756
TS0330E,2028,25,404,276.79999999999995,277.0203552246094,0.2203552246094204,0.5056975483894348,0.1756118386983871,0.998409432295186,0.1751869469881057,0.1756118386983871,0.1752237975597381,0.1722625494003296,0.1598947644233703,0.1418201029300689
TS0330E,2028,26,414,266.79999999999995,268.0903015136719,1.2903015136719205,0.5055997371673584,0.1744146049022674,0.9991090825051868,0.1744146049022674,0.174226701259613,0.1729809790849685,0.1697599440813064,0.1593317538499832,0.1492859870195388
TS0330E,2028,27,424,256.79999999999995,259.6950988769531,2.8950988769531705,0.5061237215995789,0.1745554953813552,0.9990248530295438,0.1737247556447982,0.1745554953813552,0.1742890477180481,0.1703453510999679,0.1582166701555252,0.1488687545061111
TS0330E,2028,28,434,246.79999999999995,251.49710083007807,4.6971008300781705,0.5076130628585815,0.1738583892583847,0.9994026215624826,0.1691777855157852,0.17013980448246,0.171749085187912,0.1738583892583847,0.1641359329223632,0.1509389877319336
TS0330E,2028,29,444,236.79999999999995,245.11558532714844,8.315585327148483,0.5069152116775513,0.1709773987531662,0.999598358621994,0.1701522320508957,0.1707212179899215,0.1709773987531662,0.1700920313596725,0.1645062118768692,0.15355084836483
TS0330E,2028,30,454,226.79999999999995,238.3301696777344,11.53016967773442,0.5084202885627747,0.1697327941656112,0.999909395587737,0.1671278774738311,0.1681515127420425,0.1695618033409118,0.1697327941656112,0.1638244390487671,0.161601573228836
TS0330E,2028,31,464,216.79999999999995,233.5795440673828,16.779544067382858,0.507646918296814,0.1722152531147003,0.9998451257034786,0.1637137532234192,0.1653980910778045,0.1680931001901626,0.1722152531147003,0.1700554937124252,0.160524234175682
TS0330E,2028,32,474,206.79999999999995,227.1931304931641,20.393130493164108,0.5086814165115356,0.1719827353954315,0.9998576337140797,0.1621415317058563,0.162975326180458,0.1645524650812149,0.1674786508083343,0.1719827353954315,0.1708692908287048
TS0330E,2028,33,484,196.79999999999995,221.69482421875,24.894824218750045,0.5090738534927368,0.1687550097703933,0.9999747299835358,0.168524831533432,0.1667291969060897,0.1649620980024337,0.1645808815956115,0.1664479523897171,0.1687550097703933
TS0330E,2028,34,494,186.79999999999995,218.6828765869141,31.882876586914108,0.5088550448417664,0.1957083940505981,0.9947140470142748,0.1957083940505981,0.1890571415424347,0.1780261695384979,0.1607111394405365,0.1387852281332016,0.1377119570970535
TS0330E,2028,35,504,176.79999999999995,217.14480590820312,40.34480590820317,0.5072731971740723,0.1978763490915298,0.9914869802792168,0.1978763490915298,0.1923116743564605,0.1831821054220199,0.168045699596405,0.1390163600444793,0.1195678487420082
TS0330E,2028,36,514,166.79999999999995,214.66961669921875,47.8696166992188,0.5072312951087952,0.2018810957670211,0.9885825270729046,0.2018810957670211,0.1957160830497741,0.1856453120708465,0.1689870059490203,0.1373047679662704,0.1104656979441642
TS0330E,2028,37,524,156.79999999999995,213.1779022216797,56.37790222167973,0.5068328976631165,0.2002111375331878,0.989318969463024,0.2002111375331878,0.1946096122264862,0.1852047443389892,0.1694022119045257,0.1388938575983047,0.1116784363985061
TS0330E,2028,38,534,146.79999999999995,211.0691375732422,64.26913757324223,0.5066603422164917,0.1984040588140487,0.9898860879862312,0.1984040588140487,0.1935760676860809,0.1850763410329818,0.1702489554882049,0.1402810364961624,0.1124135106801986
TS0330F,2026,0,170,515.35,541.8656616210938,26.515661621093727,0.467376708984375,0.174159973859787,0.9993760753059412,0.174159973859787,0.1735146790742874,0.1716983467340469,0.1677854657173156,0.1601939052343368,0.1526476889848709
TS0330F,2026,1,180,505.35,543.297119140625,37.94711914062498,0.4681667387485504,0.1730507463216781,0.9994972965576168,0.1730507463216781,0.1726602464914322,0.1711911559104919,0.1680549532175064,0.161403477191925,0.1536393761634826
TS0330F,2026,2,190,495.35,543.22216796875,47.87216796874998,0.469005823135376,0.1722614914178848,0.999613927103274,0.1722614914178848,0.1719591468572616,0.1706887036561966,0.1677894294261932,0.1620288044214248,0.1552724093198776
TS0330F,2026,3,200,485.35,539.4510498046875,54.10104980468748,0.469821572303772,0.1718000322580337,0.9996822554377804,0.1718000322580337,0.1714990586042404,0.1702271252870559,0.1677485108375549,0.1623367369174957,0.1563885509967804
TS0330F,2026,4,210,475.35,532.0269775390625,56.67697753906248,0.4703682661056518,0.173742413520813,0.99951200012327,0.173742413520813,0.1729749590158462,0.1708948016166687,0.1669740825891494,0.160894513130188,0.1545192748308181
TS0330F,2026,5,220,465.35,520.95361328125,55.60361328124998,0.4707250297069549,0.1779840439558029,0.9987657110014008,0.1779840439558029,0.1766829937696457,0.1737182736396789,0.1672873646020889,0.1559035629034042,0.1484237611293792
TS0330F,2026,6,230,455.35,510.1849060058594,54.83490600585935,0.4714277386665344,0.1786242574453354,0.9983486886054056,0.1786242574453354,0.1776254624128341,0.1749553233385086,0.1689002811908722,0.1558606475591659,0.1440340429544448
TS0330F,2026,7,240,445.35,497.448486328125,52.09848632812498,0.471860408782959,0.1803019344806671,0.9978077836788838,0.1803019344806671,0.1789401322603225,0.1759400367736816,0.1695313304662704,0.1553927958011627,0.1398937553167343
TS0330F,2026,8,250,435.35,484.3364868164063,48.98648681640623,0.4723029136657715,0.1819347590208053,0.9973907612828888,0.1819347590208053,0.1803579330444336,0.1768022328615188,0.1691547632217407,0.1536944359540939,0.1380559355020523
TS0330F,2026,9,260,425.35,470.36328125,45.01328124999998,0.472656100988388,0.18599234521389,0.9962872620072069,0.18599234521389,0.1833085268735885,0.1779811233282089,0.1688328087329864,0.1504886597394943,0.1333965063095092
TS0330F,2026,10,270,415.35,453.1923522949219,37.84235229492185,0.4721056818962097,0.1934570670127868,0.993421330812267,0.1934570670127868,0.1890216916799545,0.1816681623458862,0.1681270897388458,0.1436430364847183,0.1240829229354858
TS0330F,2026,11,280,405.35,442.9419860839844,37.59198608398435,0.4728683531284332,0.1940644532442093,0.9923035936947308,0.1940644532442093,0.1900283247232437,0.1830976456403732,0.1704481691122055,0.1431968212127685,0.1191646456718444
TS0330F,2026,12,290,395.35,433.23046875,37.88046874999998,0.4738236963748932,0.1909573674201965,0.9934700987472168,0.1909573674201965,0.1877846270799636,0.182068333029747,0.1709346175193786,0.1466374993324279,0.1216175407171249
TS0330F,2026,13,300,385.35,421.3528137207031,36.0028137207031,0.4741628170013428,0.1899729818105697,0.9943704759145748,0.1899729818105697,0.1864798963069915,0.1805596649646759,0.1701861470937729,0.1476650685071945,0.1251362562179565
TS0330F,2026,14,310,375.35,410.3296203613281,34.9796203613281,0.4750587344169616,0.1882089227437973,0.9952879517985525,0.1882089227437973,0.1853978484869003,0.1798837929964065,0.1688665896654129,0.1481799483299255,0.1294629424810409
TS0330F,2026,15,320,365.35,395.8849182128906,30.5349182128906,0.4752683341503143,0.1881414353847503,0.9953715159544826,0.1881414353847503,0.1850492805242538,0.1796187758445739,0.1694961935281753,0.1475551426410675,0.1301390826702118
TS0330F,2026,16,330,355.35,380.6337585449219,25.28375854492185,0.4750719666481018,0.1911463439464569,0.9948695322311604,0.1911463439464569,0.186513066291809,0.179304301738739,0.1673221588134765,0.1467660218477249,0.1289480477571487
TS0330F,2026,17,340,345.35,368.9516296386719,23.60162963867185,0.4757884442806244,0.1911942511796951,0.9949173687185122,0.1911942511796951,0.1867766231298446,0.1795612275600433,0.1669277548789978,0.1452206671237945,0.1303194314241409
TS0330F,2026,18,350,335.35,358.1746520996094,22.824652099609352,0.476605087518692,0.186872124671936,0.9959616545397532,0.186872124671936,0.1838207840919494,0.1788973361253738,0.1692185401916504,0.1484314352273941,0.1327598541975021
TS0330F,2026,19,360,325.35,345.2215881347656,19.8715881347656,0.4769126772880554,0.1826102882623672,0.9974540997195492,0.1826102882623672,0.1799077093601226,0.1760765165090561,0.1690093725919723,0.1539303660392761,0.1384657770395279
TS0330F,2026,20,370,315.35,334.9315795898437,19.581579589843727,0.4776482284069061,0.1774214804172516,0.998880012928063,0.1774214804172516,0.1754081845283508,0.1727261245250702,0.1684348583221435,0.1581296473741531,0.1478797495365142
TS0330F,2026,21,380,305.35,321.2045288085937,15.854528808593727,0.4774906933307647,0.1760370582342147,0.9993064828639802,0.1760370582342147,0.173854574561119,0.1712457090616226,0.1669991463422775,0.1590373665094375,0.1528262346982956
TS0330F,2026,22,390,295.35,314.59234619140625,19.242346191406227,0.4782381951808929,0.1739799380302429,0.9995048146703716,0.1739799380302429,0.1724555641412735,0.1708883643150329,0.1679572463035583,0.159929871559143,0.1547890305519104
TS0330F,2026,23,400,285.35,307.558349609375,22.208349609374977,0.4786868989467621,0.1733851134777069,0.9995810603094608,0.1733851134777069,0.1721213012933731,0.1704965382814407,0.1675147414207458,0.1610464006662368,0.1554359644651413
TS0330F,2026,24,410,275.35,300.64434814453125,25.294348144531227,0.4791548550128937,0.1720267385244369,0.9996609652069702,0.1720267385244369,0.1713555455207824,0.1705771386623382,0.1683155596256256,0.1611184626817703,0.1566065847873687
TS0330F,2026,25,420,265.35,292.1542663574219,26.80426635742185,0.479089617729187,0.1709257513284683,0.9997408035725084,0.1709257513284683,0.1703028827905655,0.1700219810009002,0.168848916888237,0.1627470701932907,0.1571533977985382
TS0330F,2026,26,430,255.35,287.8200988769531,32.4700988769531,0.4795621037483215,0.1690204292535781,0.9998696094689103,0.1690191030502319,0.1688275784254074,0.1690204292535781,0.1689352989196777,0.1647983789443969,0.1593993157148361
TS0330F,2026,27,440,245.35,281.3099060058594,35.95990600585935,0.4797095060348511,0.1740464866161346,0.9996453967256904,0.1740464866161346,0.1722247153520584,0.1693394780158996,0.1659190505743026,0.1611589044332504,0.1573114693164825
TS0330F,2026,28,450,235.35,277.6964416503906,42.3464416503906,0.4796928167343139,0.1811348050832748,0.9985041072903202,0.1811348050832748,0.1782609969377517,0.1734119057655334,0.1650910973548889,0.1528723686933517,0.1492287516593933
TS0330F,2026,29,460,225.35,276.2466735839844,50.89667358398435,0.4799924790859222,0.1821994036436081,0.997681572529362,0.1821994036436081,0.1801989525556564,0.1762974262237548,0.1680926978588104,0.1507963091135025,0.1424152553081512
TS0330F,2026,30,470,215.35,273.47509765625,58.12509765624998,0.4803604781627655,0.1793637722730636,0.9978651342381288,0.1793637722730636,0.1784474104642868,0.1763043254613876,0.1709269285202026,0.1543478816747665,0.1406097710132599
TS0330F,2026,31,480,205.35,271.4158020019531,66.0658020019531,0.4806511402130127,0.1759465783834457,0.9985892016815898,0.1759465783834457,0.1756894886493683,0.1746323555707931,0.1711155176162719,0.1583396345376968,0.1442764401435852
TS0330F,2026,32,490,195.35,269.23358154296875,73.88358154296873,0.4808239638805389,0.1737646162509918,0.999054858948592,0.1737130731344223,0.1737646162509918,0.1733047217130661,0.1709690243005752,0.1602500081062317,0.1479985117912292
TS0330F,2027,0,170,515.35,539.2401123046875,23.89011230468748,0.4523169100284576,0.1771483421325683,0.9988541985232056,0.1771483421325683,0.175365000963211,0.1728290021419525,0.1685649156570434,0.1590934097766876,0.146999329328537
TS0330F,2027,1,180,505.35,533.3326416015625,27.98264160156248,0.4517124891281128,0.1740777790546417,0.9994619015488948,0.1740777790546417,0.1726618409156799,0.1708014458417892,0.1677398085594177,0.1615428179502487,0.153176337480545
TS0330F,2027,2,190,495.35,526.8754272460938,31.525427246093727,0.4512165188789367,0.1739639341831207,0.9996920356375588,0.1739639341831207,0.1715511828660965,0.1688497811555862,0.1658058762550354,0.1620974093675613,0.1577317863702774
TS0330F,2027,3,200,485.35,520.2887573242188,34.93875732421873,0.4509776532649994,0.1751621961593628,0.9996223101316556,0.1751621961593628,0.1727315932512283,0.169205904006958,0.163825437426567,0.1600667089223861,0.1590081453323364
TS0330F,2027,4,210,475.35,517.2587890625,41.90878906249998,0.4512615799903869,0.1753306686878204,0.9996123303359632,0.1753306686878204,0.172740489244461,0.1691184639930725,0.1639266610145568,0.1603710055351257,0.1585126668214798
TS0330F,2027,5,220,465.35,515.18603515625,49.83603515624998,0.4521214365959167,0.1776414513587951,0.9989420872572692,0.1776414513587951,0.1755778640508651,0.1727301031351089,0.1672400534152984,0.1575773060321808,0.1492332816123962
TS0330F,2027,6,230,455.35,502.104248046875,46.75424804687498,0.4521934390068054,0.1756676435470581,0.9994177243199636,0.1756676435470581,0.1736106276512146,0.1706371307373047,0.1659474223852157,0.159864604473114,0.1542726159095764
TS0330F,2027,7,240,445.35,493.5793151855469,48.22931518554685,0.4528616070747375,0.177347645163536,0.9990016333715664,0.177347645163536,0.1748395711183548,0.1718025505542755,0.1678758710622787,0.1595678627490997,0.1485664695501327
TS0330F,2027,8,250,435.35,482.8164367675781,47.4664367675781,0.4534354209899902,0.1822336912155151,0.99804477056059,0.1822336912155151,0.178672969341278,0.1739445030689239,0.1671508401632309,0.1554024368524551,0.1425955295562744
TS0330F,2027,9,260,425.35,473.8501281738281,48.5001281738281,0.4549193382263183,0.1930038779973983,0.9942230410662142,0.1930038779973983,0.1877211332321167,0.1798867583274841,0.1668510138988495,0.145802304148674,0.1267348527908325
TS0330F,2027,10,270,415.35,453.2499694824219,37.89996948242185,0.4670179486274719,0.1939582824707031,0.995387217499705,0.1939582824707031,0.1871880739927292,0.1771091222763061,0.1614295542240142,0.1431880295276641,0.1371269524097442
TS0330F,2027,11,280,405.35,446.4442443847656,41.0942443847656,0.4636722505092621,0.2041255086660385,0.9859162583237818,0.2041255086660385,0.1981787234544754,0.188234344124794,0.171636089682579,0.1338180601596832,0.1040073558688163
TS0330F,2027,12,290,395.35,439.0175476074219,43.66754760742185,0.4596813321113586,0.1893045604228973,0.9936964405135178,0.1893045604228973,0.186701014637947,0.1821142584085464,0.172378122806549,0.1481179445981979,0.1213841512799263
TS0330F,2027,13,300,385.35,428.1605224609375,42.81052246093748,0.4612038433551788,0.1807628870010376,0.9969944968619336,0.1807628870010376,0.1788210123777389,0.1765813380479812,0.1734379380941391,0.1575686186552047,0.1328282952308654
TS0330F,2027,14,310,375.35,418.9915161132813,43.64151611328123,0.4600314795970917,0.1759250909090042,0.9990881914662042,0.1759250909090042,0.1748313009738922,0.1726478338241577,0.1678402423858642,0.1591067910194397,0.1496486961841583
TS0330F,2027,15,320,365.35,409.9428405761719,44.59284057617185,0.4618618190288543,0.1735901981592178,0.9992766765408458,0.1735901981592178,0.1733927279710769,0.1727714538574218,0.1695724576711654,0.159205287694931,0.1514678448438644
TS0330F,2027,16,330,355.35,388.2013549804688,32.85135498046873,0.4704429805278778,0.1848741322755813,0.998290672726448,0.1848741322755813,0.1789979338645935,0.1712866425514221,0.1623091548681259,0.1544506102800369,0.1480815261602401
TS0330F,2027,17,340,345.35,378.6983642578125,33.34836425781248,0.4710297286510467,0.202874019742012,0.9908664365830702,0.202874019742012,0.1946455985307693,0.1824689954519271,0.1631644368171692,0.13299660384655,0.1238502785563469
TS0330F,2027,18,350,335.35,373.8204345703125,38.47043457031248,0.4695681631565094,0.1958466917276382,0.9910507966754925,0.1958466917276382,0.1919419020414352,0.1850319653749466,0.1706672608852386,0.140358418226242,0.1161538064479827
TS0330F,2027,19,360,325.35,350.4964904785156,25.1464904785156,0.4753114879131317,0.1754037290811538,0.9981755724161302,0.1754037290811538,0.1751190274953842,0.174620971083641,0.1733801960945129,0.1626323014497757,0.1388438791036605
TS0330F,2027,20,370,315.35,348.721435546875,33.37143554687498,0.4735586643218994,0.1738560050725937,0.99918605999596,0.1705700755119323,0.1702261865139007,0.1708287000656128,0.1738560050725937,0.1672072857618332,0.1473118066787719
TS0330F,2027,21,380,305.35,298.1167907714844,7.233209228515648,0.4816271662712097,0.1738402098417282,0.999787908208176,0.1606744974851608,0.1624131202697754,0.1646000891923904,0.1678317636251449,0.170640230178833,0.1738402098417282
TS0330F,2027,22,390,295.35,308.4769897460937,13.126989746093727,0.4797142148017883,0.1724615693092346,0.9998748654946416,0.1625854223966598,0.1633717119693756,0.1647411882877349,0.1670041680335998,0.1698359549045562,0.1724615693092346
TS0330F,2027,23,400,285.35,301.2362365722656,15.886236572265602,0.479991614818573,0.1698602437973022,0.9999201072351132,0.1698602437973022,0.1695765405893325,0.1682135164737701,0.1661010384559631,0.1639016270637512,0.1623470485210418
TS0330F,2027,24,410,275.35,297.5472717285156,22.1972717285156,0.4797495603561401,0.1742980480194091,0.9991030280958,0.1742777228355407,0.1742980480194091,0.1733041107654571,0.1700728386640548,0.1582227051258087,0.1498245596885681
TS0330F,2027,25,420,265.35,264.14080810546875,1.2091918945312727,0.4835396409034729,0.170893132686615,0.999886508589616,0.1620600074529647,0.1634844988584518,0.1652442812919616,0.1677181422710418,0.170893132686615,0.1705999076366424
TS0330F,2027,26,430,255.35,268.7857971191406,13.435797119140602,0.4825058281421661,0.1714734137058258,0.9998078677995608,0.1662389785051345,0.1676373779773712,0.1692303419113159,0.1714734137058258,0.1677800565958023,0.1576399058103561
TS0330F,2027,27,440,245.35,249.30296325683597,3.9529632568359143,0.4842845201492309,0.1785432994365692,0.9989469440911728,0.1785432994365692,0.1759765744209289,0.1722516119480133,0.1669061630964279,0.1530301719903946,0.1532921344041824
TS0330F,2027,28,450,235.35,229.3640594482422,5.985940551757835,0.4867470264434814,0.1817173808813095,0.9982195500491476,0.1817173808813095,0.1788027733564376,0.1741597652435302,0.1670061200857162,0.151074081659317,0.1472398489713668
TS0330F,2027,29,460,225.35,232.30075073242188,6.950750732421852,0.4866071939468384,0.1845260262489318,0.996994097670106,0.1845260262489318,0.1815489083528518,0.1765794605016708,0.168279767036438,0.1525055021047592,0.1365602761507034
TS0330F,2027,30,470,215.35,236.53900146484372,21.189001464843727,0.4860187470912933,0.1854262202978134,0.9965113416864844,0.1854262202978134,0.1825063079595565,0.1775594800710678,0.1689475327730178,0.1515490263700485,0.1340114027261734
TS0330F,2027,31,480,205.35,237.59983825683597,32.249838256835915,0.4856590330600738,0.1840531229972839,0.9967780018273824,0.1840531229972839,0.1816093027591705,0.1773616224527359,0.1695787161588668,0.1526868641376495,0.134710356593132
TS0330F,2027,32,490,195.35,233.61083984375,38.26083984374998,0.4859248399734497,0.1810877323150634,0.9977121772361516,0.1810877323150634,0.1791802048683166,0.1757922172546386,0.1693697571754455,0.1551505327224731,0.1394195407629013
TS0330F,2028,0,170,515.35,537.5017700195312,22.151770019531227,0.4922772943973541,0.1692044734954834,0.9999403994863544,0.1658923625946045,0.1675820350646972,0.1687885820865631,0.1692044734954834,0.1666607856750488,0.1618717461824417
TS0330F,2028,1,180,505.35,534.638916015625,29.288916015624977,0.4935882985591888,0.1690190434455871,0.9999696070217472,0.1639482378959655,0.1660882830619812,0.1677193939685821,0.1690190434455871,0.1679904758930206,0.1652345955371856
TS0330F,2028,2,190,495.35,529.8619384765625,34.51193847656248,0.4949928522109985,0.1693772673606872,0.9999260285805572,0.1618174165487289,0.1645237952470779,0.166859358549118,0.1690011918544769,0.1693772673606872,0.1684210449457168
TS0330F,2028,3,200,485.35,522.7745971679688,37.42459716796873,0.4964117407798767,0.1719112992286682,0.999789970699286,0.1595121175050735,0.1625709235668182,0.1655018627643585,0.1691298931837082,0.1713739037513733,0.1719112992286682
TS0330F,2028,4,210,475.35,515.1490478515625,39.79904785156248,0.4974779188632965,0.1701359897851944,0.9998969541091072,0.1612389087677002,0.1640144437551498,0.1663770079612732,0.1685112565755844,0.1697223782539367,0.1701359897851944
TS0330F,2028,5,220,465.35,506.5357666015625,41.18576660156248,0.4984072148799896,0.1711379885673523,0.9997797913076796,0.1684384047985077,0.1703372150659561,0.1711379885673523,0.1696207225322723,0.1613625586032867,0.159103125333786
TS0330F,2028,6,230,455.35,498.4964599609375,43.14645996093748,0.4999473094940185,0.1714856326580047,0.9997066726712408,0.1667218804359436,0.1694780588150024,0.1713031530380249,0.1714856326580047,0.1652193814516067,0.1557918339967727
TS0330F,2028,7,240,445.35,488.987060546875,43.63706054687498,0.5010524392127991,0.1734312176704406,0.9992202574291988,0.1692604720592498,0.1717913746833801,0.1734312176704406,0.1730542331933975,0.1638859212398529,0.1485767960548401
TS0330F,2028,8,250,435.35,478.09423828125,42.74423828124998,0.5022999048233032,0.1744884103536605,0.999021127239152,0.1705790758132934,0.1733130067586898,0.1744884103536605,0.1726166903972625,0.1621765792369842,0.1468262523412704
TS0330F,2028,9,260,425.35,465.85260009765625,40.50260009765623,0.5033370852470398,0.17691570520401,0.9982077073582594,0.1761638075113296,0.17691570520401,0.175397589802742,0.1726489961147308,0.1577259451150894,0.1411479711532592
TS0330F,2028,10,270,415.35,451.5335083007813,36.18350830078123,0.5029194355010986,0.1807566583156585,0.9978415819202948,0.1807566583156585,0.1795874089002609,0.1762548387050628,0.1684141159057617,0.1532449871301651,0.141741931438446
TS0330F,2028,11,280,405.35,443.7221984863281,38.3721984863281,0.5047000646591187,0.1832566559314727,0.9953322620914262,0.1832566559314727,0.1830772310495376,0.1810352504253387,0.1755543202161789,0.1497398763895034,0.127336636185646
TS0330F,2028,12,290,395.35,435.7720336914063,40.42203369140623,0.5066766142845154,0.1781437695026397,0.9972817819139288,0.1739595085382461,0.1764243245124817,0.1781437695026397,0.1773068159818649,0.1609887480735778,0.1331768184900283
TS0330F,2028,13,300,385.35,424.42669677734375,39.07669677734373,0.5076311826705933,0.1743817329406738,0.999262571762934,0.1679186671972274,0.169763907790184,0.1717227101325988,0.1743817329406738,0.1677519381046295,0.148461028933525
TS0330F,2028,14,310,375.35,413.32171630859375,37.97171630859373,0.5093020796775818,0.1698861867189407,0.9999115911427892,0.163551777601242,0.1671619117259979,0.1695104390382766,0.1698861867189407,0.1679733991622924,0.1619163155555725
TS0330F,2028,15,320,365.35,398.6810302734375,33.33103027343748,0.5098219513893127,0.1735582202672958,0.9997174508505886,0.1657134890556335,0.1685607880353927,0.1713873893022537,0.1735582202672958,0.1631257683038711,0.1576543748378753
TS0330F,2028,16,330,355.35,382.326904296875,26.976904296874977,0.509061336517334,0.1801575273275375,0.998267120408614,0.1801575273275375,0.1779713034629821,0.1741378605365753,0.1681260913610458,0.1560419499874115,0.1435652524232864
TS0330F,2028,17,340,345.35,371.0635986328125,25.71359863281248,0.5097950100898743,0.1907607764005661,0.9952777724069464,0.1907607764005661,0.1869441717863083,0.1791892647743225,0.1654515117406845,0.1442864537239074,0.1333678364753723
TS0330F,2028,18,350,335.35,360.57855224609375,25.228552246093727,0.5107989311218262,0.1894327700138092,0.9924382544046054,0.1894327700138092,0.1887873113155365,0.1857722103595733,0.1746525913476944,0.1421548277139663,0.1192003190517425
TS0330F,2028,19,360,325.35,345.2728576660156,19.9228576660156,0.5104334950447083,0.180164024233818,0.9968501890162232,0.180164024233818,0.1792791783809662,0.1774435192346573,0.1734920740127563,0.1577976047992706,0.1318235099315643
TS0330F,2028,20,370,315.35,334.04656982421875,18.696569824218727,0.5112427473068237,0.172734186053276,0.9993310996933544,0.1694009602069854,0.16990727186203,0.1707954257726669,0.172734186053276,0.1682205647230148,0.1489415466785431
TS0330F,2028,21,380,305.35,316.4351806640625,11.085180664062475,0.5098848342895508,0.1722841113805771,0.999756039393932,0.1722841113805771,0.1711404770612716,0.1693183481693267,0.1666691154241562,0.1618995517492294,0.1586883664131164
TS0330F,2028,22,390,295.35,309.1481628417969,13.798162841796852,0.5105636119842529,0.1694384068250656,0.9999535062846968,0.1694384068250656,0.1686534434556961,0.1676777154207229,0.1663831919431686,0.1638215035200119,0.1640257686376571
TS0330F,2028,23,400,285.35,299.95855712890625,14.608557128906227,0.5105963349342346,0.1716004163026809,0.9998765287939236,0.1716004163026809,0.1701707243919372,0.1678002625703811,0.1651783734560012,0.1633288562297821,0.1619213670492172
TS0330F,2028,24,410,275.35,291.4098815917969,16.059881591796852,0.5107206702232361,0.1762354373931884,0.9990869273587498,0.1762354373931884,0.175244390964508,0.1729708611965179,0.1678696870803833,0.1553010791540146,0.1523786038160324
TS0330F,2028,25,420,265.35,279.0994873046875,13.749487304687475,0.5098254084587097,0.1692737787961959,0.9999238995574764,0.1692737787961959,0.1688330769538879,0.168306291103363,0.1674807518720626,0.1645146012306213,0.161591500043869
TS0330F,2028,26,430,255.35,273.0579833984375,17.707983398437477,0.510140061378479,0.1697095483541488,0.9998074686077332,0.1688065975904464,0.1686745882034301,0.1688316315412521,0.1697095483541488,0.166838601231575,0.1571390181779861
TS0330F,2028,27,440,245.35,263.87518310546875,18.525183105468727,0.5096911787986755,0.190306156873703,0.9975731919481438,0.190306156873703,0.182272732257843,0.1700012534856796,0.1576990336179733,0.150577038526535,0.149143785238266
TS0330F,2028,28,450,235.35,258.27178955078125,22.921789550781227,0.5089568495750427,0.2038970738649368,0.9913331583616128,0.2038970738649368,0.1949611157178878,0.1810973286628723,0.1595367342233657,0.1309454292058944,0.1295623183250427
TS0330F,2028,29,460,225.35,255.20851135253903,29.85851135253904,0.5089151859283447,0.2082398235797882,0.9859861834255992,0.2082398235797882,0.2001425176858902,0.187312051653862,0.1664231568574905,0.1282239556312561,0.1096585094928741
TS0330F,2028,30,470,215.35,251.67535400390625,36.32535400390623,0.5090470314025879,0.2064487487077713,0.9849169481151276,0.2064487487077713,0.1997134685516357,0.1884924918413162,0.1698120534420013,0.1335992366075515,0.1019339561462402
TS0330F,2028,31,480,205.35,247.949951171875,42.59995117187498,0.5091161727905273,0.2013276517391204,0.9879158101886886,0.2013276517391204,0.1960037499666214,0.1865561604499817,0.1704880595207214,0.1382122933864593,0.107412040233612
TS0330F,2028,32,490,195.35,243.82310485839844,48.473104858398415,0.5090274810791016,0.1966322958469391,0.9905129522196494,0.1966322958469391,0.1925686001777649,0.1846972554922104,0.1708353757858276,0.1418670266866684,0.1133994460105896
TS0330G,2026,0,142,531.33,497.3702392578125,33.95976074218754,0.4745161235332489,0.1752872467041015,0.9992070175669138,0.1752872467041015,0.1740987449884414,0.1720660328865051,0.1680173277854919,0.1600610762834549,0.1504696756601333
TS0330G,2026,1,152,521.33,511.27728271484375,10.052717285156293,0.4751206636428833,0.1753273010253906,0.9992156001912093,0.1753273010253906,0.1741708219051361,0.1721074134111404,0.1678762137889862,0.1596884578466415,0.1508297622203827
TS0330G,2026,2,162,511.33,521.8136596679688,10.483659667968707,0.4757620096206665,0.1756948381662368,0.9991774773716644,0.1756948381662368,0.1743376106023788,0.1721051931381225,0.1678782701492309,0.1594770699739456,0.1505069285631179
TS0330G,2026,3,172,501.33,523.2012329101562,21.87123291015621,0.4763159453868866,0.1758408397436142,0.9992008966255558,0.1758408397436142,0.1743695735931396,0.171904906630516,0.1674612760543823,0.1595134884119033,0.1509100198745727
TS0330G,2026,4,182,491.33,518.9280395507812,27.59803955078121,0.4767581820487976,0.1760889142751693,0.9992253138590164,0.1760889142751693,0.1744304001331329,0.1716726869344711,0.1670451611280441,0.1591570377349853,0.1516058295965194
TS0330G,2026,5,192,481.33,510.8753051757813,29.54530517578121,0.4770232141017914,0.1792414933443069,0.998648481668002,0.1792414933443069,0.1769304126501083,0.1732268929481506,0.1671164780855178,0.156398519873619,0.1470863074064254
TS0330G,2026,6,202,471.33,501.1290588378906,29.799058837890584,0.4773670136928558,0.1810486018657684,0.9982190843253486,0.1810486018657684,0.1783975809812545,0.1741570085287094,0.1671994924545288,0.1551577001810073,0.1440396606922149
TS0330G,2026,7,212,461.33,487.48876953125,26.15876953124996,0.4776454567909241,0.1829695552587509,0.9976849656598972,0.1829695552587509,0.1800376027822494,0.1753052920103073,0.1673178970813751,0.1533699184656143,0.1409997195005417
TS0330G,2026,8,222,451.33,471.526123046875,20.19612304687496,0.4777992069721222,0.1841096431016922,0.997301874569256,0.1841096431016922,0.1810244917869568,0.1760781705379486,0.1675942987203598,0.1522419601678848,0.1389514952898025
TS0330G,2026,9,232,441.33,453.3914184570313,12.061418457031207,0.4780142903327942,0.1845011860132217,0.9971025447832954,0.1845011860132217,0.1814400106668472,0.1765022873878479,0.1679109781980514,0.1519129425287246,0.137732520699501
TS0330G,2026,10,242,431.33,435.55859375,4.228593749999959,0.4781297147274017,0.184513971209526,0.9971691432865486,0.184513971209526,0.1813690513372421,0.1763296127319336,0.1676212102174759,0.1518638283014297,0.1383023411035537
TS0330G,2026,11,252,421.33,416.9895629882813,4.340437011718791,0.4786337018013,0.1855672746896743,0.9967434052023156,0.1855672746896743,0.1824259459972381,0.1772346794605255,0.1678682416677475,0.1505507379770279,0.136353000998497
TS0330G,2026,12,262,411.33,396.75494384765625,14.575056152343793,0.4791042804718017,0.1854357570409774,0.9968143282837022,0.1854357570409774,0.1822379976511001,0.1771203577518463,0.1678191572427749,0.1506272852420807,0.1367594748735427
TS0330G,2026,13,272,401.33,375.2556457519531,26.07435424804692,0.4793151617050171,0.1829816848039627,0.99760206682368,0.1829816848039627,0.1802132576704025,0.1757599860429763,0.167629212141037,0.1527435928583145,0.1406722217798233
TS0330G,2026,14,282,391.33,354.82452392578125,36.50547607421879,0.4797039628028869,0.1806721836328506,0.9982431688989526,0.1806721836328506,0.1782483011484146,0.1744389981031417,0.1675294190645218,0.1547588258981704,0.1443522572517395
TS0330G,2026,15,292,381.33,335.9371643066406,45.392835693359416,0.479963481426239,0.178254097700119,0.99881600917169,0.178254097700119,0.1762076765298843,0.1730787456035614,0.1673051714897155,0.1566814631223678,0.1484728455543518
TS0330G,2026,16,302,371.33,317.6540832519531,53.67591674804692,0.480174720287323,0.1759688109159469,0.9992431444273198,0.1759688109159469,0.1743256747722625,0.1718236804008484,0.1671575605869293,0.1584987044334411,0.1522254794836044
TS0330G,2026,17,312,361.33,299.7407531738281,61.58924682617192,0.4804238677024841,0.1736398488283157,0.999557774119512,0.1736398488283157,0.1724331378936767,0.170686736702919,0.1672494858503341,0.1605560183525085,0.1554347574710846
TS0330G,2026,18,322,351.33000000000004,283.1041259765625,68.22587402343754,0.4807875454425812,0.1714532524347305,0.9997677490208776,0.1714532524347305,0.170717716217041,0.1697489768266677,0.1674437522888183,0.1622841507196426,0.1583521962165832
TS0330G,2026,19,332,341.33000000000004,268.91778564453125,72.41221435546879,0.4810553193092346,0.1695980131626129,0.9999014117511832,0.1695980131626129,0.1691824346780777,0.168760061264038,0.1674604266881942,0.1639000475406646,0.1610990613698959
TS0330G,2026,20,342,331.33000000000004,255.51939392089844,75.8106060791016,0.4812440276145935,0.1677906662225723,0.999980252137152,0.1675736606121063,0.1675764620304107,0.1677906662225723,0.167509377002716,0.1654871106147766,0.1640626788139343
TS0330G,2026,21,352,321.33000000000004,244.2239227294922,77.10607727050785,0.4815249741077423,0.1675780713558197,0.9999945565109778,0.1665845960378646,0.1668030023574829,0.1673630475997924,0.1675780713558197,0.1663394570350647,0.1653318703174591
TS0330G,2026,22,362,311.33000000000004,234.9651641845703,76.36483581542973,0.481650173664093,0.1677278876304626,0.9999908972525572,0.165148064494133,0.1656752824783325,0.1667243093252182,0.1677278876304626,0.1674169600009918,0.167307510972023
TS0330G,2026,23,372,301.33000000000004,229.24868774414065,72.08131225585942,0.4818669557571411,0.1680742353200912,0.9999805182650372,0.1645130515098571,0.1652117371559143,0.1664932072162628,0.1677627265453338,0.1679450571537017,0.1680742353200912
TS0330G,2026,24,382,291.33000000000004,224.22036743164065,67.10963256835942,0.48197802901268,0.1691116839647293,0.9999590949702843,0.1637022793292999,0.1645979881286621,0.1661409139633178,0.1678529977798462,0.1685941815376281,0.1691116839647293
TS0330G,2026,25,392,281.33000000000004,220.66500854492188,60.664991455078166,0.4822213053703308,0.1689585447311401,0.9999599598859112,0.1636639237403869,0.1646127849817276,0.1662403494119644,0.1679951101541519,0.1685292869806289,0.1689585447311401
TS0330G,2026,26,402,271.33000000000004,217.3990478515625,53.93095214843754,0.4823700487613678,0.1688154190778732,0.9999605586736529,0.1636593490839004,0.1646203100681305,0.1662877798080444,0.1680646538734436,0.168552428483963,0.1688154190778732
TS0330G,2026,27,412,261.33000000000004,215.3470916748047,45.98290832519535,0.4824637174606323,0.1691547185182571,0.9999491817065634,0.1632866710424423,0.1643432229757309,0.1661753505468368,0.1681864261627197,0.1688535809516906,0.1691547185182571
TS0330G,2026,28,422,251.33000000000004,213.91754150390625,37.41245849609379,0.482552170753479,0.1694160997867584,0.9999387361870722,0.1629946231842041,0.1641214787960052,0.1660652905702591,0.1682684570550918,0.1691340953111648,0.1694160997867584
TS0330G,2026,29,432,241.33000000000004,213.00759887695312,28.32240112304692,0.4826249778270721,0.169908195734024,0.999925962048586,0.1626808941364288,0.1638969928026199,0.1659407466650009,0.1682496964931488,0.169323444366455,0.169908195734024
TS0330G,2026,30,442,231.33000000000004,211.658935546875,19.67106445312504,0.4826785624027252,0.1701173633337021,0.9999201737670844,0.1625608205795288,0.1637851893901825,0.1658886522054672,0.1682561933994293,0.169391855597496,0.1701173633337021
TS0330G,2027,0,142,531.33,518.383544921875,12.94645507812504,0.4576297998428345,0.1676453948020935,0.9999978165775706,0.1662920713424682,0.1666321158409118,0.166672483086586,0.1665402352809906,0.1676453948020935,0.1662176698446273
TS0330G,2027,1,152,521.33,516.9636840820312,4.366315917968791,0.4576828479766845,0.1699736267328262,0.9999628207606764,0.1642850935459137,0.1650197952985763,0.1657927334308624,0.1668038070201873,0.1681249141693115,0.1699736267328262
TS0330G,2027,2,162,511.33,512.806640625,1.476640624999959,0.4577560126781463,0.1726988404989242,0.9998651518268344,0.1625925898551941,0.1634555757045745,0.164623275399208,0.1663224548101425,0.1703072637319564,0.1726988404989242
TS0330G,2027,3,172,501.33,502.5505065917969,1.220506591796834,0.45791095495224,0.1776662915945053,0.9996083384176864,0.1601185947656631,0.1612403839826584,0.1629942804574966,0.1659740060567855,0.1720064431428909,0.1776662915945053
TS0330G,2027,4,182,491.33,488.3175354003906,3.012464599609416,0.4581511318683624,0.186145082116127,0.9988067612276816,0.1557936668395996,0.1572726964950561,0.1599234044551849,0.1647942811250686,0.1760709136724472,0.186145082116127
TS0330G,2027,5,192,481.33,471.71978759765625,9.610212402343793,0.4584447741508484,0.1927393227815628,0.998218951261406,0.1554618626832962,0.1562094986438751,0.1579517126083374,0.1620630025863647,0.1755746304988861,0.1927393227815628
TS0330G,2027,6,202,471.33,452.83306884765625,18.49693115234379,0.4587033987045288,0.1874889135360717,0.9988874645088468,0.1578829139471054,0.1584682762622833,0.1599013954401016,0.1630903929471969,0.1731680929660797,0.1874889135360717
TS0330G,2027,7,212,461.33,432.0120239257813,29.31797607421879,0.4590194523334503,0.1805664449930191,0.9994923066597706,0.1609188765287399,0.1611230820417404,0.1619438081979751,0.1641116887331009,0.1713360697031021,0.1805664449930191
TS0330G,2027,8,222,451.33,408.4523010253906,42.877698974609416,0.4593605995178222,0.1760815680027008,0.9997828517783588,0.1636074185371399,0.1633926630020141,0.1634408086538314,0.164290502667427,0.1691870689392089,0.1760815680027008
TS0330G,2027,9,232,441.33,383.3650817871094,57.964918212890666,0.4597068727016449,0.1753387451171875,0.9998241016005536,0.1638225317001342,0.1637704074382782,0.1639088541269302,0.1647273302078247,0.1684321016073227,0.1753387451171875
TS0330G,2027,10,242,431.33,361.40045166015625,69.92954833984379,0.4600719511508941,0.1738833338022232,0.9998736013871872,0.1639454960823059,0.1641042083501815,0.1645750254392624,0.1650605797767639,0.168431356549263,0.1738833338022232
TS0330G,2027,11,252,421.33,337.9677124023437,83.36228759765629,0.4605368971824646,0.1746743470430374,0.9998182467870806,0.1626811772584915,0.1630856692790985,0.1640726774930954,0.1658076643943786,0.1696784496307373,0.1746743470430374
TS0330G,2027,12,262,411.33,318.0735778808594,93.25642211914068,0.4609023332595825,0.1730202436447143,0.9998816517557124,0.1634238213300705,0.1637389063835144,0.164648562669754,0.1658761799335479,0.1692923009395599,0.1730202436447143
TS0330G,2027,13,272,401.33,300.0314636230469,101.29853637695317,0.4612272679805755,0.1745740473270416,0.9998209745979032,0.1626681089401245,0.1630643457174301,0.1641315519809723,0.1658778339624405,0.1696840822696685,0.1745740473270416
TS0330G,2027,14,282,391.33,284.215576171875,107.11442382812504,0.4614871144294739,0.1727565228939056,0.9998865751215872,0.1633691787719726,0.1636877059936523,0.1646756827831268,0.1661877483129501,0.1693231761455536,0.1727565228939056
TS0330G,2027,15,292,381.33,271.4531555175781,109.87684448242192,0.4617292284965515,0.1719995588064193,0.9999113915468754,0.1636555343866348,0.1639730930328369,0.164992943406105,0.1663730591535568,0.1690057516098022,0.1719995588064193
TS0330G,2027,16,302,371.33,260.7636413574219,110.56635864257817,0.4619477093219757,0.1712751239538192,0.9999282906675808,0.1638085395097732,0.1641179472208023,0.1652019172906875,0.1667094975709915,0.1688870191574096,0.1712751239538192
TS0330G,2027,17,312,361.33,251.20391845703125,110.1260815429688,0.4621341228485107,0.1707527339458465,0.9999378712714456,0.163928747177124,0.1642253249883651,0.165322795510292,0.1668258309364318,0.1689445376396179,0.1707527339458465
TS0330G,2027,18,322,351.33000000000004,242.79220581054688,108.53779418945317,0.4622887372970581,0.1704098135232925,0.9999463873637696,0.164092019200325,0.1643533557653427,0.1654311567544937,0.1669347584247589,0.1687788814306259,0.1704098135232925
TS0330G,2027,19,332,341.33000000000004,236.1833038330078,105.14669616699224,0.4624139964580536,0.1704021841287613,0.9999456555120856,0.1640757620334625,0.1643232107162475,0.1654133200645446,0.1669579893350601,0.1688275039196014,0.1704021841287613
TS0330G,2027,20,342,331.33000000000004,230.35813903808597,100.9718609619141,0.4625447392463684,0.1718113273382187,0.9999034077103216,0.1632273942232132,0.163651704788208,0.1649879813194275,0.1668935716152191,0.1694280952215194,0.1718113273382187
TS0330G,2027,21,352,321.33000000000004,225.6156311035156,95.71436889648442,0.4626213312149048,0.1705491989850998,0.9999421293176076,0.1639591455459594,0.1642425060272216,0.1654099524021148,0.1670194417238235,0.1688196957111358,0.1705491989850998
TS0330G,2027,22,362,311.33000000000004,221.63682556152344,89.6931744384766,0.4627342224121094,0.1717602610588073,0.9999065347129718,0.163317397236824,0.1637012958526611,0.1650008708238601,0.166871577501297,0.1693486422300338,0.1717602610588073
TS0330G,2027,23,372,301.33000000000004,218.29830932617188,83.03169067382817,0.4627995193004608,0.1712119728326797,0.9999247644731032,0.163626879453659,0.1639613807201385,0.1652083992958068,0.166959747672081,0.1690315902233123,0.1712119728326797
TS0330G,2027,24,382,291.33000000000004,215.6134490966797,75.71655090332035,0.4628844559192657,0.1721871048212051,0.9998943593622271,0.1631365120410919,0.163557082414627,0.1649000644683838,0.1668107807636261,0.1694084554910659,0.1721871048212051
TS0330G,2027,25,392,281.33000000000004,213.6284027099609,67.7015972900391,0.4629143476486206,0.1704854071140289,0.9999470526834824,0.1640948057174682,0.164377212524414,0.1654828488826751,0.1669512838125229,0.168608471751213,0.1704854071140289
TS0330G,2027,26,402,271.33000000000004,212.276123046875,59.05387695312504,0.4629461765289306,0.169252872467041,0.9999721352366556,0.1647137850522995,0.1648939251899719,0.1658760607242584,0.1671270281076431,0.1681362986564636,0.169252872467041
TS0330G,2027,27,412,261.33000000000004,211.09689331054688,50.233106689453166,0.463001936674118,0.1691914051771164,0.9999724678965122,0.1647120267152786,0.1648955792188644,0.1658818125724792,0.1671559065580368,0.1681632846593856,0.1691914051771164
TS0330G,2027,28,422,251.33000000000004,209.8934783935547,41.43652160644535,0.4630496203899383,0.1692655682563781,0.999971004193144,0.1646655797958374,0.1648542135953903,0.1658570021390915,0.1671529710292816,0.168204665184021,0.1692655682563781
TS0330G,2027,29,432,241.33000000000004,208.48971557617188,32.840284423828166,0.4630813896656036,0.1697618067264557,0.9999621554409636,0.1644304096698761,0.164665400981903,0.1657160967588424,0.1670401245355606,0.1683861315250396,0.1697618067264557
TS0330G,2027,30,442,231.33000000000004,207.6139373779297,23.716062622070357,0.4631027579307556,0.1696905046701431,0.9999643509960158,0.1644875109195709,0.1647210419178009,0.1657493263483047,0.1670679301023483,0.1682836860418319,0.1696905046701431
TS0330G,2028,0,142,531.33,416.0251159667969,115.30488403320317,0.5019193887710571,0.1676960885524749,0.9999926270838104,0.1653788238763809,0.1665526330471038,0.1672389507293701,0.1673882156610489,0.1676960885524749,0.1657453328371048
TS0330G,2028,1,152,521.33,416.9349365234375,104.39506347656254,0.5028406381607056,0.1681153029203415,0.999979520285468,0.1642615348100662,0.1654465198516845,0.1664795130491256,0.1678094118833542,0.1681153029203415,0.1678877025842666
TS0330G,2028,2,162,511.33,416.8964538574219,94.43354614257817,0.5038306713104248,0.1687193214893341,0.9999716695128568,0.1639699339866638,0.1652628183364868,0.1663210541009903,0.1673694998025894,0.1687193214893341,0.1683573722839355
TS0330G,2028,3,172,501.33,415.8172912597656,85.51270874023442,0.5048185586929321,0.1698833405971527,0.9999479175991092,0.1633848994970321,0.1646861881017685,0.1658125519752502,0.1673602014780044,0.1688727587461471,0.1698833405971527
TS0330G,2028,4,182,491.33,413.9593811035156,77.37061889648442,0.505729079246521,0.1701122522354126,0.9999440587447748,0.1633770018815994,0.1646254509687423,0.1657226085662841,0.1671608388423919,0.1690018773078918,0.1701122522354126
TS0330G,2028,5,192,481.33,411.4190673828125,69.91093261718754,0.5063003301620483,0.1672856509685516,0.999997483917714,0.1659316569566726,0.1667632162570953,0.1671214550733566,0.1672856509685516,0.1668068766593933,0.1660911291837692
TS0330G,2028,6,202,471.33,408.1986389160156,63.131361083984416,0.5071963667869568,0.1680527776479721,0.9999716029808856,0.1672260910272598,0.167914792895317,0.1680527776479721,0.1677448004484176,0.1657165139913559,0.1633449643850326
TS0330G,2028,7,212,461.33,404.1708068847656,57.159193115234416,0.5080114603042603,0.1695241928100586,0.999874732430699,0.1690791696310043,0.1695241928100586,0.1691874265670776,0.1680488884449005,0.1643113791942596,0.1598489731550216
TS0330G,2028,8,222,451.33,399.0890197753906,52.240980224609416,0.5088997483253479,0.1708293706178665,0.9997506503042582,0.170498177409172,0.1708293706178665,0.1701241731643676,0.1682518869638443,0.1629798710346222,0.157316580414772
TS0330G,2028,9,232,441.33,392.9870300292969,48.342969970703166,0.5098872184753418,0.1718726307153701,0.9996046791592658,0.1715262681245803,0.1718726307153701,0.1710385382175445,0.1687514632940292,0.1617693752050399,0.1550417691469192
TS0330G,2028,10,242,431.33,385.8385925292969,45.491407470703166,0.510694682598114,0.1724463999271392,0.9995099376321602,0.1722054630517959,0.1724463999271392,0.1713675409555435,0.1688287854194641,0.161607339978218,0.1535444408655166
TS0330G,2028,11,252,421.33,377.3252258300781,44.00477416992192,0.5117318630218506,0.1745291054248809,0.9991370924650964,0.1745291054248809,0.1744901090860366,0.1729105412960052,0.1690729558467865,0.159135639667511,0.1498616337776184
TS0330G,2028,12,262,411.33,367.9581604003906,43.371839599609416,0.5125768184661865,0.175758808851242,0.9988435534078006,0.175758808851242,0.1755270063877105,0.1737067252397537,0.1697578132152557,0.1582070291042328,0.1470426172018051
TS0330G,2028,13,272,401.33,357.4389343261719,43.891065673828166,0.5132418274879456,0.1747656166553497,0.9990348993572074,0.1747656166553497,0.1747577488422393,0.1732723265886306,0.1694906651973724,0.1590984761714935,0.1486151814460754
TS0330G,2028,14,282,391.33,346.2951354980469,45.034864501953166,0.5138557553291321,0.1733711808919906,0.9993169283834714,0.1731773465871811,0.1733711808919906,0.1722625941038131,0.1694068908691406,0.160526692867279,0.1512553840875625
TS0330G,2028,15,292,381.33,334.60821533203125,46.72178466796879,0.5143203139305115,0.1717408597469329,0.9996137940393314,0.1714437454938888,0.1717408597469329,0.170919582247734,0.1688088327646255,0.1620523482561111,0.1550346314907074
TS0330G,2028,16,302,371.33,322.2998352050781,49.03016479492192,0.5146665573120117,0.1703519076108932,0.9998110613341822,0.1699765473604202,0.1703519076108932,0.1697713285684585,0.1680927574634552,0.1630639433860778,0.1587434411048889
TS0330G,2028,17,312,361.33,310.6606750488281,50.66932495117192,0.5149062275886536,0.1689177453517913,0.9999318833940302,0.168431669473648,0.1689177453517913,0.1686347723007202,0.1676705330610275,0.1643961369991302,0.1619491577148437
TS0330G,2028,18,322,351.33000000000004,299.2135314941406,52.116468505859416,0.515051007270813,0.1675845980644226,0.999990631124672,0.1667551845312118,0.1674344539642334,0.1675845980644226,0.1673951148986816,0.1658817380666732,0.1649487912654876
TS0330G,2028,19,332,341.33000000000004,288.95440673828125,52.37559326171879,0.5151009559631348,0.1673530489206314,0.9999950222347768,0.1653592586517334,0.1662106662988662,0.1666953116655349,0.167200356721878,0.1671813726425171,0.1673530489206314
TS0330G,2028,20,342,331.33000000000004,279.0896911621094,52.240308837890666,0.514967143535614,0.1691492348909378,0.9999702058094886,0.164142221212387,0.1652112901210785,0.1660747081041336,0.1671682298183441,0.1682542860507965,0.1691492348909378
TS0330G,2028,21,352,321.33000000000004,270.0823974609375,51.24760253906254,0.5147759914398193,0.1703233569860458,0.9999415970618374,0.1633721441030502,0.164590984582901,0.1656616181135177,0.1671178787946701,0.168934017419815,0.1703233569860458
TS0330G,2028,22,362,311.33000000000004,262.22174072265625,49.10825927734379,0.5143811702728271,0.1709592640399933,0.9999184439358312,0.1627645492553711,0.1641713678836822,0.1654907763004303,0.167271077632904,0.169342964887619,0.1709592640399933
TS0330G,2028,23,372,301.33000000000004,255.6090087890625,45.72099121093754,0.5140326023101807,0.1709650307893753,0.9999149177413532,0.16264209151268,0.1641323715448379,0.1654888242483139,0.1672730445861816,0.1694985926151275,0.1709650307893753
TS0330G,2028,24,382,291.33000000000004,250.3007049560547,41.02929504394535,0.5136243104934692,0.1714126616716385,0.9999019440069532,0.1623545885086059,0.1639672815799713,0.1654103994369506,0.1673249304294586,0.1695301532745361,0.1714126616716385
TS0330G,2028,25,392,281.33000000000004,245.9088897705078,35.42111022949223,0.513373613357544,0.1707776635885238,0.999920772554826,0.1626966595649719,0.1642813235521316,0.1655773073434829,0.1672764122486114,0.1693905889987945,0.1707776635885238
TS0330G,2028,26,402,271.33000000000004,242.1759033203125,29.15409667968754,0.5131620764732361,0.1701386719942093,0.999941264401981,0.1631252467632293,0.1646556109189987,0.165810152888298,0.1673084199428558,0.1689619272947311,0.1701386719942093
TS0330G,2028,27,412,261.33000000000004,238.3843688964844,22.945631103515662,0.5128868222236633,0.1696847528219223,0.999953772412582,0.1634068489074707,0.1649354547262191,0.1659889221191406,0.1673065721988678,0.1686775088310241,0.1696847528219223
TS0330G,2028,28,422,251.33000000000004,235.55709838867188,15.772901611328166,0.5126265287399292,0.1693798750638961,0.999961556653222,0.1636299639940261,0.1651395112276077,0.1661048531532287,0.1672443896532058,0.168501392006874,0.1693798750638961
TS0330G,2028,29,432,241.33000000000004,233.11676025390625,8.213239746093791,0.5123395919799805,0.1692834496498108,0.9999638852722168,0.1637123525142669,0.1652122288942337,0.1661019176244735,0.1672180593013763,0.1684719622135162,0.1692834496498108
TS0330G,2028,30,442,231.33000000000004,232.2296905517578,0.8996905517577716,0.5121650099754333,0.1688598990440368,0.999972201768627,0.1639688611030578,0.1654417663812637,0.1662406772375106,0.1672535538673401,0.1682351976633072,0.1688598990440368
TS0330H,2026,0,157,479.86,532.0029907226562,52.14299072265624,0.4671117663383484,0.1734194755554199,0.9997921662543382,0.1734194755554199,0.1712193042039871,0.1680172085762024,0.1634802818298339,0.1611416190862655,0.1627221256494522
TS0330H,2026,1,167,469.86,539.1585083007812,69.29850830078124,0.4670294821262359,0.1840106844902038,0.9978434448154908,0.1840106844902038,0.18015056848526,0.17430280148983,0.1650619059801101,0.1531450152397155,0.1433290243148803
TS0330H,2026,2,177,459.86,541.6033935546875,81.74339355468749,0.467162013053894,0.1885430514812469,0.9965559181072432,0.1885430514812469,0.1835021525621414,0.1762275993824005,0.1650264114141464,0.1495504528284073,0.1371503323316574
TS0330H,2026,3,187,449.86,538.7950439453125,88.93504394531249,0.4673547744750976,0.1894879937171936,0.996212480071486,0.1894879937171936,0.1842273026704788,0.1767817586660385,0.165124773979187,0.1487559378147125,0.1356222331523895
TS0330H,2026,4,197,439.86,534.0484619140625,94.18846191406249,0.4675851762294769,0.1899041384458542,0.996065178287068,0.1899041384458542,0.1846172213554382,0.176903411746025,0.1650379449129104,0.1486160457134246,0.1349212080240249
TS0330H,2026,5,207,429.86,524.4600830078125,94.60008300781249,0.4683774411678314,0.190890371799469,0.9958919290338496,0.190890371799469,0.1851220875978469,0.1768331080675125,0.1645290851593017,0.1479011178016662,0.1347242593765258
TS0330H,2026,6,217,419.86,513.5064086914062,93.64640869140624,0.469146192073822,0.1935880035161972,0.99492867915363,0.1935880035161972,0.1871584206819534,0.1781659722328186,0.1643093973398208,0.1449412554502487,0.131836861371994
TS0330H,2026,7,227,409.86,490.6314392089844,80.77143920898436,0.4716260135173797,0.1941249519586563,0.9897856912415668,0.1941249519586563,0.193486750125885,0.187627226114273,0.1725135743618011,0.1418270617723465,0.1104204431176185
TS0330H,2026,8,237,399.86,488.523681640625,88.66368164062499,0.4703809916973114,0.2140468209981918,0.98799944087659,0.2140468209981918,0.1979889422655105,0.1775387674570083,0.1602492779493332,0.134567379951477,0.1156088784337043
TS0330H,2026,9,247,389.86,473.6071166992188,83.74711669921874,0.4712341129779815,0.2345181405544281,0.9646045376868448,0.2345181405544281,0.222517728805542,0.198549285531044,0.1566005945205688,0.1067501455545425,0.0810641348361969
TS0330H,2026,10,257,379.86,459.6239013671875,79.76390136718749,0.4721108973026275,0.2010400742292404,0.9849474197579746,0.2010400742292404,0.1977122873067855,0.1897923350334167,0.1774402856826782,0.1341162919998169,0.0998987704515457
TS0330H,2026,11,267,369.86,455.1087036132813,85.24870361328124,0.47136190533638,0.2370874136686325,0.969826099856992,0.2370874136686325,0.2164549678564071,0.1864468306303024,0.155208021402359,0.1221493631601333,0.0826533958315849
TS0330H,2026,12,277,359.86,443.4244384765625,83.56443847656249,0.4722533524036407,0.2344910055398941,0.966599964569532,0.2344910055398941,0.2196946591138839,0.1954163908958435,0.1588489562273025,0.1086907535791397,0.0828583464026451
TS0330H,2026,13,287,349.86,435.7358703613281,85.87587036132811,0.472011536359787,0.2508818507194519,0.9457006756225717,0.2508818507194519,0.2322531193494796,0.2025916427373886,0.1594328731298446,0.0946527048945427,0.0601878501474857
TS0330H,2026,14,297,339.86,424.8010864257813,84.94108642578124,0.4725953936576843,0.2328270822763443,0.960502176337602,0.2328270822763443,0.2199937105178833,0.2003721743822097,0.1679804474115371,0.1104620844125747,0.0683644860982894
TS0330H,2026,15,307,329.86,415.7211608886719,85.86116088867186,0.4728278517723083,0.234511449933052,0.961886374000122,0.234511449933052,0.2214153409004211,0.198835477232933,0.1624089032411575,0.1109993383288383,0.0718294978141784
TS0330H,2026,16,317,319.86,406.7569580078125,86.89695800781249,0.4729301631450653,0.2210416346788406,0.96904022421221,0.2210416346788406,0.2135503143072128,0.2000934332609176,0.1720920205116272,0.1146890372037887,0.0785335227847099
TS0330H,2026,17,327,309.86,398.2792053222656,88.41920532226561,0.4733398258686065,0.2065321654081344,0.980949447071673,0.2065321654081344,0.2024515122175216,0.1932380050420761,0.1731982827186584,0.1331808120012283,0.0913992226123809
TS0330H,2026,18,337,299.86,388.1188354492188,88.25883544921874,0.4737855494022369,0.1865078955888748,0.9939730139181367,0.1865078955888748,0.1851396709680557,0.1822108030319214,0.1752853989601135,0.1496314704418182,0.1212247833609581
TS0330H,2026,19,347,289.86,375.7443237304688,85.88432373046874,0.4745707809925079,0.1754347831010818,0.9985074338888844,0.1753465682268142,0.1754347831010818,0.1747785210609436,0.1714677661657333,0.1604940593242645,0.1424782425165176
TS0330H,2026,20,357,279.86,366.4721374511719,86.61213745117186,0.4726343750953674,0.1944892108440399,0.9926350559756574,0.1944892108440399,0.1899154335260391,0.182473823428154,0.169254183769226,0.142789825797081,0.1210775896906852
TS0330H,2026,21,367,269.86,354.95416259765625,85.09416259765624,0.4754453897476196,0.1711970418691635,0.9996730074937724,0.1703814566135406,0.1708318293094635,0.1711970418691635,0.1700168251991272,0.1605747640132904,0.1569979935884475
TS0330H,2026,22,377,259.86,337.5126647949219,77.65266479492186,0.4755016565322876,0.1816692948341369,0.99836033170038,0.1816692948341369,0.1779572814702987,0.1736679673194885,0.1664013266563415,0.1533807218074798,0.1469233334064483
TS0330H,2026,23,387,249.86,321.6578063964844,71.79780639648436,0.4724283516407013,0.1722979992628097,0.9994443371084764,0.1703634858131408,0.1715504974126815,0.1722979992628097,0.171528548002243,0.162195399403572,0.1520640701055526
TS0330H,2026,24,397,239.86,309.3500366210937,69.49003662109374,0.4730842113494873,0.1712344288825988,0.999898085152619,0.1642466336488723,0.1662938594818115,0.1687772423028946,0.1712344288825988,0.1680341511964798,0.1614136844873428
TS0330H,2026,25,407,229.86,295.14324951171875,65.28324951171874,0.4742144048213959,0.170388862490654,0.999758368012927,0.1703549772500991,0.170388862490654,0.1703108996152877,0.1688874959945678,0.162187710404396,0.1578700840473175
TS0330H,2026,26,417,219.86,285.0219116210937,65.16191162109374,0.4728701710700989,0.1701765954494476,0.999938403527216,0.1625078320503235,0.1648389548063278,0.167519986629486,0.1701765954494476,0.1684045791625976,0.1665521264076233
TS0330H,2026,27,427,209.86,278.71856689453125,68.85856689453124,0.4740276336669922,0.1711953282356262,0.9998366096111544,0.1663064956665039,0.1681913584470749,0.1701351404190063,0.1711953282356262,0.1652456074953079,0.1589260399341583
TS0330H,2026,28,437,199.86,271.0302124023437,71.17021240234374,0.4744986295700073,0.172121524810791,0.9995237097502156,0.1690883934497833,0.1705246865749359,0.1719285249710083,0.172121524810791,0.1635053008794784,0.1528316438198089
TS0330H,2026,29,447,189.86,265.4476318359375,75.58763183593749,0.4754392802715301,0.1874831616878509,0.9936597813973416,0.1874831616878509,0.186040386557579,0.182960107922554,0.1747099906206131,0.1479664444923401,0.1208398938179016
TS0330H,2026,30,457,179.86,258.0580749511719,78.19807495117186,0.4749691188335418,0.1745875775814056,0.9989428191089532,0.1704835742712021,0.1725624352693557,0.1745875775814056,0.174440324306488,0.1617102771997451,0.1462157815694809
TS0330H,2026,31,467,169.86,253.661376953125,83.80137695312499,0.4743839800357818,0.1722474843263626,0.99982183951353,0.1600254625082016,0.1632905751466751,0.1675381511449813,0.1722474843263626,0.1709450632333755,0.1659533232450485
TS0330H,2026,32,477,159.86,247.5313720703125,87.67137207031249,0.4757452309131622,0.1900639235973358,0.9970805227008012,0.1485584527254104,0.150860846042633,0.1554762870073318,0.1656939536333084,0.1900639235973358,0.189346507191658
TS0330H,2027,0,157,479.86,585.4298706054688,105.56987060546874,0.4568448066711426,0.1811175495386123,0.999141749703086,0.1811175495386123,0.1755963265895843,0.1681845337152481,0.1584686636924743,0.1553360372781753,0.1612968742847442
TS0330H,2027,1,167,469.86,600.0,130.14,0.4498920440673828,0.1976580023765564,0.9945840435423898,0.1976580023765564,0.1886937469244003,0.176475703716278,0.1599505394697189,0.1432928144931793,0.1339292079210281
TS0330H,2027,2,177,459.86,600.0,140.14,0.4460796415805816,0.1983774751424789,0.9943569033924332,0.1983774751424789,0.1891665160655975,0.176657497882843,0.1595851927995681,0.142925813794136,0.1332874894142151
TS0330H,2027,3,187,449.86,599.5541381835938,149.69413818359374,0.4439863860607147,0.1981017589569091,0.994454771922189,0.1981017589569091,0.1889828145503997,0.1765662729740142,0.1596328169107437,0.1431369036436081,0.1335794478654861
TS0330H,2027,4,197,439.86,590.0177001953125,150.1577001953125,0.4425394237041473,0.1977202296257019,0.994617575655916,0.1977202296257019,0.1886603385210037,0.1763319969177246,0.1596883982419967,0.1434793472290039,0.1341197341680526
TS0330H,2027,5,207,429.86,578.6412963867188,148.78129638671874,0.4426738917827606,0.1975354552268982,0.9946746600872758,0.1975354552268982,0.1885823011398315,0.1763840168714523,0.1595797687768936,0.1434884220361709,0.1344300806522369
TS0330H,2027,6,217,419.86,564.0742797851562,144.21427978515624,0.4434429705142975,0.1974189579486847,0.9947250247895362,0.1974189579486847,0.1884807795286178,0.1762671768665313,0.159649059176445,0.1436139792203903,0.1345699876546859
TS0330H,2027,7,227,409.86,499.0831604003906,89.22316040039061,0.4789412319660187,0.245167076587677,0.954595401395222,0.245167076587677,0.2269433885812759,0.1988085806369781,0.1578470468521118,0.1046321168541908,0.0666017979383468
TS0330H,2027,8,237,399.86,526.1026611328125,126.24266113281249,0.4475418925285339,0.2142799794673919,0.9915844496171446,0.2142799794673919,0.1907573491334915,0.1709221750497818,0.1544546335935592,0.1392059177160263,0.1303799897432327
TS0330H,2027,9,247,389.86,504.9975891113281,115.13758911132813,0.4592138528823852,0.2710828483104706,0.9413041764282912,0.2710828483104706,0.238903060555458,0.1949700862169265,0.1386298686265945,0.0849808901548385,0.0714331865310669
TS0330H,2027,10,257,379.86,476.380126953125,96.520126953125,0.4774811267852783,0.2513617873191833,0.9501508661176764,0.2513617873191833,0.2290090471506118,0.1985870599746704,0.1572497487068176,0.0999017134308815,0.06389070302248
TS0330H,2027,11,267,369.86,478.7571716308594,108.89717163085936,0.4533631205558777,0.2428421229124069,0.9724108669412944,0.2428421229124069,0.2138178795576095,0.1791072487831115,0.1474113166332245,0.1270115971565246,0.0898099020123481
TS0330H,2027,12,277,359.86,467.8451232910156,107.9851232910156,0.4722937643527984,0.2708415687084198,0.935846359228122,0.2708415687084198,0.238902136683464,0.1980994641780853,0.1459878087043762,0.0879312083125114,0.0582378394901752
TS0330H,2027,13,287,349.86,466.3640747070313,116.50407470703124,0.4619801640510559,0.248577743768692,0.963939284505997,0.248577743768692,0.2223675847053527,0.1893516480922699,0.1480167657136917,0.1033139005303382,0.0883723124861717
TS0330H,2027,14,297,339.86,449.2448425292969,109.38484252929686,0.4728176593780517,0.2522557079792022,0.959148051126101,0.2522557079792022,0.2252425551414489,0.191185787320137,0.1486372351646423,0.1028462946414947,0.0798323601484298
TS0330H,2027,15,307,329.86,435.975341796875,106.115341796875,0.4720674157142639,0.2251998782157898,0.9838447188659482,0.2251998782157898,0.204969897866249,0.1795028448104858,0.1490684151649475,0.1235346049070358,0.1177243664860725
TS0330H,2027,16,317,319.86,426.2880554199219,106.42805541992186,0.4683226644992828,0.1895897686481475,0.9976035305270484,0.1895897686481475,0.1787494570016861,0.1648908853530883,0.1491718888282776,0.1460883468389511,0.1715096831321716
TS0330H,2027,17,327,309.86,413.9808044433594,104.12080444335936,0.4708794355392456,0.2056639492511749,0.9965750793149724,0.1705757975578308,0.1614030003547668,0.1533053070306778,0.1476418823003769,0.1614100635051727,0.2056639492511749
TS0330H,2027,18,337,299.86,401.1798706054688,101.31987060546874,0.4713650643825531,0.194680705666542,0.997027629783632,0.1794434636831283,0.1710514426231384,0.158987671136856,0.142675906419754,0.1531608402729034,0.194680705666542
TS0330H,2027,19,347,289.86,390.1857299804688,100.32572998046874,0.4790991842746734,0.1896554082632064,0.9988638456590416,0.1638046950101852,0.1619465202093124,0.1591756045818328,0.1575953811407089,0.167822390794754,0.1896554082632064
TS0330H,2027,20,357,279.86,338.3287048339844,58.46870483398436,0.4266045689582824,0.1703348457813263,0.9999690082340056,0.1653011292219162,0.1659386307001114,0.1655505299568176,0.1655933558940887,0.1672815084457397,0.1703348457813263
TS0330H,2027,21,367,269.86,366.6225280761719,96.76252807617186,0.4774321019649505,0.1880067884922027,0.99808941351332,0.1880067884922027,0.1798611879348755,0.1654625087976455,0.1484638750553131,0.1532191336154937,0.1649865210056305
TS0330H,2027,22,377,259.86,340.9623107910156,81.10231079101561,0.4634656608104706,0.2045908272266388,0.9849242000999971,0.2045908272266388,0.2008613497018814,0.1912990510463714,0.1700958013534546,0.1278403252363205,0.1053126081824302
TS0330H,2027,23,387,249.86,291.7671813964844,41.90718139648436,0.4079039692878723,0.1703596711158752,0.9999541050724384,0.1636922359466552,0.1650317013263702,0.1659163385629654,0.1670638620853424,0.1679362058639526,0.1703596711158752
TS0330H,2027,24,397,239.86,278.3262023925781,38.46620239257811,0.405394434928894,0.1680897027254104,0.9999788549657552,0.1639593541622162,0.1656572073698043,0.1668515354394912,0.1680897027254104,0.1677612066268921,0.167681023478508
TS0330H,2027,25,407,229.86,267.25927734375,37.39927734374999,0.4068996906280517,0.1695812940597534,0.99993394588514,0.1622821688652038,0.1645760834217071,0.1666782349348068,0.1691319346427917,0.1695812940597534,0.167750284075737
TS0330H,2027,26,417,219.86,257.7498779296875,37.889877929687486,0.3976968228816986,0.1717442274093628,0.9998340148642744,0.1608678251504898,0.163009375333786,0.1650819778442382,0.1679138839244842,0.1713826805353164,0.1717442274093628
TS0330H,2027,27,427,209.86,251.09768676757807,41.23768676757811,0.398099422454834,0.1763377636671066,0.9996143928270728,0.1588839739561081,0.1612310409545898,0.1636279970407486,0.1670803874731063,0.1728388369083404,0.1763377636671066
TS0330H,2027,28,437,199.86,245.3504638671875,45.490463867187486,0.3979847431182861,0.1769738644361496,0.9996142597631305,0.1588800996541977,0.1613107025623321,0.16377954185009,0.1671613752841949,0.1718944162130355,0.1769738644361496
TS0330H,2027,29,447,189.86,244.29974365234372,54.439743652343736,0.4070171117782593,0.1729396879673004,0.999284726909371,0.1723256260156631,0.1729396879673004,0.1725101470947265,0.1704250872135162,0.1616966128349304,0.150102823972702
TS0330H,2027,30,457,179.86,238.15223693847656,58.29223693847655,0.396578699350357,0.1727105528116226,0.9998457910231914,0.161127284169197,0.1632468998432159,0.1653085350990295,0.1677282303571701,0.1698785722255706,0.1727105528116226
TS0330H,2027,31,467,169.86,234.72561645507807,64.86561645507811,0.3890262246131897,0.1694956570863723,0.999951177665702,0.1629837304353714,0.1648572087287902,0.1664365381002426,0.1679869294166565,0.1682399660348892,0.1694956570863723
TS0330H,2027,32,477,159.86,234.73123168945312,74.87123168945311,0.4011859893798828,0.1707663834095001,0.9996788623072452,0.1676847040653228,0.168484017252922,0.1689030528068542,0.1707663834095001,0.1698251217603683,0.1543367654085159
TS0330H,2028,0,157,479.86,540.941650390625,61.081650390624986,0.5036181807518005,0.1682030409574508,0.9999726009604548,0.16632179915905,0.1679906398057937,0.1682030409574508,0.1678673475980758,0.1661805659532547,0.1634365618228912
TS0330H,2028,1,167,469.86,536.1010131835938,66.24101318359374,0.5043122172355652,0.1690386980772018,0.999916714104578,0.1672584563493728,0.1687830984592437,0.1690386980772018,0.1687332391738891,0.1652375161647796,0.160949021577835
TS0330H,2028,2,177,459.86,530.09033203125,70.23033203124999,0.5048974752426147,0.1701317578554153,0.9998090653750438,0.1686324328184127,0.1701317578554153,0.1700769364833831,0.1689812541007995,0.1640761941671371,0.1581014841794967
TS0330H,2028,3,187,449.86,523.23046875,73.37046874999999,0.5053569078445435,0.1714102029800415,0.9996557757132104,0.1702399998903274,0.1714102029800415,0.1708976179361343,0.1691893637180328,0.1629905104637146,0.1552723199129104
TS0330H,2028,4,197,439.86,515.6375122070312,75.77751220703124,0.5057337284088135,0.1726895421743393,0.9994592402700436,0.1718384772539138,0.1726895421743393,0.1717928200960159,0.1692954450845718,0.1617835164070129,0.1526001989841461
TS0330H,2028,5,207,429.86,508.901611328125,79.04161132812499,0.5058545470237732,0.1748560667037964,0.9991007660087764,0.1746107935905456,0.1748560667037964,0.172863557934761,0.1688922792673111,0.1595221310853958,0.1492551863193512
TS0330H,2028,6,217,419.86,501.4619445800781,81.60194458007811,0.5059370994567871,0.1772160977125167,0.9985521433735858,0.1772160977125167,0.1769061684608459,0.1744700074195861,0.1693468391895294,0.157082512974739,0.1449783891439438
TS0330H,2028,7,227,409.86,497.7534790039063,87.89347900390624,0.5046343207359314,0.1796133667230606,0.99784703754194,0.1796133667230606,0.1791297644376754,0.1760954409837722,0.1696230918169021,0.1554175466299057,0.1401207894086837
TS0330H,2028,8,237,399.86,483.9797973632813,84.11979736328124,0.5061357617378235,0.1816751360893249,0.9974336078723942,0.1816751360893249,0.1802595406770706,0.1763495504856109,0.169556438922882,0.1541571319103241,0.1380021870136261
TS0330H,2028,9,247,389.86,477.2955932617188,87.43559326171874,0.5059816241264343,0.1839720904827118,0.9966092767482112,0.1839720904827118,0.1827459335327148,0.1782271862030029,0.1690490990877151,0.151577889919281,0.1344278454780578
TS0330H,2028,10,257,379.86,467.508544921875,87.64854492187499,0.5056573152542114,0.1841927319765091,0.9962690322470756,0.1841927319765091,0.1828772127628326,0.1787613630294799,0.170748233795166,0.1510292887687683,0.1323910653591156
TS0330H,2028,11,267,369.86,454.5042419433594,84.64424194335936,0.5067537426948547,0.1867464035749435,0.9957210749315978,0.1867464035749435,0.1842699944972992,0.1787673085927963,0.1696695238351822,0.1503814160823822,0.1301653236150741
TS0330H,2028,12,277,359.86,447.9703063964844,88.11030639648436,0.5064918398857117,0.1890182346105575,0.9948690665073616,0.1890182346105575,0.1863768845796585,0.1802168488502502,0.1691358685493469,0.1474238932132721,0.1278282850980758
TS0330H,2028,13,287,349.86,437.1016540527344,87.24165405273436,0.5070898532867432,0.1901506185531616,0.9940354874391704,0.1901506185531616,0.1876185089349746,0.1815274953842163,0.1701831221580505,0.1458522677421569,0.124668039381504
TS0330H,2028,14,297,339.86,425.84674072265625,85.98674072265624,0.507060170173645,0.1891190856695175,0.9943443953818324,0.1891190856695175,0.1867308914661407,0.1812182962894439,0.1706038415431976,0.1472341567277908,0.1250936686992645
TS0330H,2028,15,307,329.86,414.5640869140625,84.70408691406249,0.5073891878128052,0.1889665275812149,0.9947488432352553,0.1889665275812149,0.1863760948181152,0.1805265247821808,0.1695507019758224,0.1474969834089279,0.1270831823348999
TS0330H,2028,16,317,319.86,402.0825805664063,82.22258056640624,0.5077829957008362,0.1870718747377395,0.9954654590979326,0.1870718747377395,0.1848939806222915,0.1798189580440521,0.1699530780315399,0.1482711732387542,0.1299909502267837
TS0330H,2028,17,327,309.86,389.6766052246094,79.81660522460936,0.5080280303955078,0.1849672347307205,0.9964215235252538,0.1849672347307205,0.18295219540596,0.1782842874526977,0.169315829873085,0.1505472958087921,0.1339331269264221
TS0330H,2028,18,337,299.86,377.660888671875,77.80088867187499,0.5082418322563171,0.1821475327014923,0.9975919539640452,0.1821475327014923,0.1801944226026535,0.1760913282632827,0.1684947609901428,0.1528816670179367,0.1401903182268142
TS0330H,2028,19,347,289.86,366.0657348632813,76.20573486328124,0.508338451385498,0.1796594858169555,0.998399718627379,0.1796594858169555,0.17789326608181,0.1742689609527588,0.1677033752202987,0.1550506949424743,0.1454242914915084
TS0330H,2028,20,357,279.86,345.0346374511719,65.17463745117186,0.5087854862213135,0.1755436211824417,0.9992283743296952,0.1755436211824417,0.1743788868188858,0.1720181107521057,0.1677110940217971,0.1585837602615356,0.1517646014690399
TS0330H,2028,21,367,269.86,343.3290405273437,73.46904052734374,0.508443295955658,0.1736522912979126,0.9995823909488862,0.1736522912979126,0.1725430935621261,0.1704483479261398,0.1668661683797836,0.1602676212787628,0.1562225073575973
TS0330H,2028,22,377,259.86,329.71014404296875,69.85014404296874,0.5082840323448181,0.1712915450334549,0.9998417991049144,0.1712915450334549,0.170399785041809,0.168856143951416,0.1663030087947845,0.1625963449478149,0.1605531275272369
TS0330H,2028,23,387,249.86,302.88897705078125,53.02897705078124,0.5065631866455078,0.1691035479307174,0.999888903740582,0.1691035479307174,0.1690690815448761,0.168866291642189,0.1682018041610717,0.1646366417407989,0.1601226478815078
TS0330H,2028,24,397,239.86,292.27410888671875,52.414108886718736,0.5057721734046936,0.167109802365303,0.9999975504496854,0.166689321398735,0.1666786670684814,0.1667879819869995,0.1671047806739807,0.167109802365303,0.1656294465065002
TS0330H,2028,25,407,229.86,284.3077392578125,54.447739257812486,0.5053608417510986,0.1673967093229293,0.999997883109542,0.1673967093229293,0.166953295469284,0.1664694845676422,0.1660230308771133,0.1662324368953704,0.1669249981641769
TS0330H,2028,26,417,219.86,266.85614013671875,46.996140136718736,0.503242015838623,0.1685546636581421,0.9999694074258332,0.1685546636581421,0.1682967841625213,0.1677994728088379,0.1666314899921417,0.1641105264425277,0.1646070331335067
TS0330H,2028,27,427,209.86,260.7964172363281,50.93641723632811,0.503034234046936,0.1708371490240097,0.9997954928529024,0.1708371490240097,0.1705510914325714,0.1698361784219741,0.1677045673131942,0.161683514714241,0.1593874990940094
TS0330H,2028,28,437,199.86,254.6100311279297,54.75003112792968,0.5025069713592529,0.170660063624382,0.9997472571737228,0.170660063624382,0.1704367101192474,0.1700199544429779,0.1687349677085876,0.1629690080881118,0.1571793258190155
TS0330H,2028,29,447,189.86,250.35841369628903,60.49841369628905,0.5023777484893799,0.1688936203718185,0.999912722186301,0.1685584783554077,0.1688707023859024,0.1688936203718185,0.1679386049509048,0.1648657917976379,0.1608728766441345
TS0330H,2028,30,457,179.86,241.474365234375,61.614365234374986,0.5010685324668884,0.1690829843282699,0.9999404660183256,0.1668810993432998,0.1677620708942413,0.1686702668666839,0.1690829843282699,0.1657848209142685,0.1618187427520752
TS0330H,2028,31,467,169.86,233.33135986328125,63.47135986328124,0.4997516274452209,0.1691622287034988,0.999970072745546,0.1643063277006149,0.165428876876831,0.1668229550123214,0.1685648113489151,0.1691622287034988,0.1657147854566574
TS0330H,2028,32,477,159.86,231.9138946533203,72.0538946533203,0.5000630021095276,0.1690807491540908,0.999968409446264,0.1640705019235611,0.1650599688291549,0.1660898476839065,0.1673150360584259,0.1683839112520218,0.1690807491540908
