heldout,model,representation,t_end_s,tau_true_s,tau_pred_s,abs_error_s
TS0330A,huber,temperature,216,599.89,573.8071440742054,26.082855925794547
TS0330A,huber,temperature,226,589.89,560.576387181324,29.313612818676006
TS0330A,huber,temperature,236,579.89,550.3162282983636,29.57377170163636
TS0330A,huber,temperature,246,569.89,527.9031881482422,41.98681185175781
TS0330A,huber,temperature,256,559.89,521.0827244480527,38.80727555194733
TS0330A,huber,temperature,266,549.89,520.3353467743345,29.554653225665447
TS0330A,huber,temperature,276,539.89,510.675576454932,29.214423545067973
TS0330A,huber,temperature,286,529.89,517.1555235476642,12.734476452335798
TS0330A,huber,temperature,296,519.89,522.5682469291023,2.678246929102329
TS0330A,huber,temperature,306,509.89,519.6014908397544,9.711490839754447
TS0330A,huber,temperature,316,499.89,516.3218184307266,16.431818430726594
TS0330A,huber,temperature,326,489.89,509.7891108796039,19.89911087960394
TS0330A,huber,temperature,336,479.89,513.415959097422,33.52595909742206
TS0330A,huber,temperature,346,469.89,501.67341843498775,31.783418434987766
TS0330A,huber,temperature,356,459.89,486.16442679656683,26.274426796566843
TS0330A,huber,temperature,366,449.89,466.8260130694456,16.936013069445607
TS0330A,huber,temperature,376,439.89,453.98746202345984,14.097462023459855
TS0330A,huber,temperature,386,429.89,433.2316770814908,3.3416770814907863
TS0330A,huber,temperature,396,419.89,422.94976541642325,3.059765416423261
TS0330A,huber,temperature,406,409.89,404.6552283748884,5.234771625111591
TS0330A,huber,temperature,416,399.89,399.48484353267827,0.4051564673217172
TS0330A,huber,temperature,426,389.89,380.33373688189766,9.556263118102322
TS0330A,huber,temperature,436,379.89,374.52993685428095,5.360063145719039
TS0330A,huber,temperature,446,369.89,367.5642945158227,2.325705484177263
TS0330A,huber,temperature,456,359.89,348.29057198382407,11.59942801617592
TS0330A,huber,temperature,466,349.89,333.1464363301946,16.743563669805383
TS0330A,huber,temperature,476,339.89,320.85640175597314,19.033598244026848
TS0330A,huber,temperature,486,329.89,314.7279166851861,15.162083314813913
TS0330A,huber,temperature,496,319.89,306.1332750063177,13.756724993682269
TS0330A,huber,temperature,506,309.89,285.6751264436599,24.21487355634008
TS0330A,huber,temperature,516,299.89,283.3380976858592,16.55190231414076
TS0330A,huber,temperature,526,289.89,278.88951748654927,11.00048251345072
TS0330A,huber,temperature,536,279.89,266.24566541396234,13.644334586037644
TS0330A,huber,temperature,546,269.89,271.45445323208537,1.5644532320853841
TS0330A,huber,temperature,556,259.89,278.4040171966917,18.514017196691725
TS0330A,huber,temperature,566,249.89,273.1003573940284,23.210357394028392
TS0330A,huber,temperature,576,239.89,254.6864900118931,14.796490011893127
TS0330A,huber,temperature,586,229.89,240.48143762641814,10.591437626418156
TS0330A,huber,temperature,596,219.89,234.96833631255137,15.078336312551386
TS0330A,huber,temperature,606,209.89,228.8800332387656,18.99003323876562
TS0330A,huber,temperature,616,199.89,212.79114496894624,12.901144968946255
TS0330A,huber,pressure_absolute,216,599.89,398.4857143156463,201.40428568435368
TS0330A,huber,pressure_absolute,226,589.89,400.6020691927526,189.2879308072474
TS0330A,huber,pressure_absolute,236,579.89,415.8209282712324,164.0690717287676
TS0330A,huber,pressure_absolute,246,569.89,423.5715013752578,146.31849862474218
TS0330A,huber,pressure_absolute,256,559.89,434.4021370983221,125.48786290167789
TS0330A,huber,pressure_absolute,266,549.89,458.6210680234384,91.26893197656159
TS0330A,huber,pressure_absolute,276,539.89,472.6437742195817,67.24622578041829
TS0330A,huber,pressure_absolute,286,529.89,472.2495443908483,57.64045560915167
TS0330A,huber,pressure_absolute,296,519.89,493.46525603382514,26.424743966174844
TS0330A,huber,pressure_absolute,306,509.89,505.7613906058506,4.128609394149407
TS0330A,huber,pressure_absolute,316,499.89,529.8033778376093,29.913377837609346
TS0330A,huber,pressure_absolute,326,489.89,539.9269831863573,50.03698318635736
TS0330A,huber,pressure_absolute,336,479.89,562.6592889677992,82.76928896779918
TS0330A,huber,pressure_absolute,346,469.89,576.1107082090957,106.22070820909573
TS0330A,huber,pressure_absolute,356,459.89,564.8717706352849,104.98177063528487
TS0330A,huber,pressure_absolute,366,449.89,562.5987999501953,112.70879995019527
TS0330A,huber,pressure_absolute,376,439.89,554.6215209463339,114.73152094633394
TS0330A,huber,pressure_absolute,386,429.89,537.2066181206542,107.3166181206542
TS0330A,huber,pressure_absolute,396,419.89,534.4338216898504,114.54382168985046
TS0330A,huber,pressure_absolute,406,409.89,538.144872402963,128.25487240296297
TS0330A,huber,pressure_absolute,416,399.89,520.7753337720382,120.88533377203817
TS0330A,huber,pressure_absolute,426,389.89,501.9392210669886,112.0492210669886
TS0330A,huber,pressure_absolute,436,379.89,493.3296767963433,113.43967679634329
TS0330A,huber,pressure_absolute,446,369.89,500.82403881820153,130.93403881820154
TS0330A,huber,pressure_absolute,456,359.89,481.79565065906576,121.90565065906577
TS0330A,huber,pressure_absolute,466,349.89,475.14404741403735,125.25404741403736
TS0330A,huber,pressure_absolute,476,339.89,470.46590722953056,130.57590722953057
TS0330A,huber,pressure_absolute,486,329.89,461.7272281417102,131.83722814171023
TS0330A,huber,pressure_absolute,496,319.89,452.9668532163885,133.07685321638849
TS0330A,huber,pressure_absolute,506,309.89,441.1409644418266,131.25096444182662
TS0330A,huber,pressure_absolute,516,299.89,430.150716002175,130.260716002175
TS0330A,huber,pressure_absolute,526,289.89,422.73454221727684,132.84454221727685
TS0330A,huber,pressure_absolute,536,279.89,425.52847810541635,145.63847810541637
TS0330A,huber,pressure_absolute,546,269.89,424.6311344566334,154.7411344566334
TS0330A,huber,pressure_absolute,556,259.89,419.78188752427053,159.89188752427054
TS0330A,huber,pressure_absolute,566,249.89,408.33806485626565,158.44806485626566
TS0330A,huber,pressure_absolute,576,239.89,405.69491064940166,165.80491064940168
TS0330A,huber,pressure_absolute,586,229.89,404.2050774603082,174.3150774603082
TS0330A,huber,pressure_absolute,596,219.89,402.4134157332297,182.52341573322974
TS0330A,huber,pressure_absolute,606,209.89,399.97864155578606,190.08864155578607
TS0330A,huber,pressure_absolute,616,199.89,398.5070180423909,198.6170180423909
TS0330A,huber,pressure_shape,216,599.89,300.1910891201644,299.6989108798356
TS0330A,huber,pressure_shape,226,589.89,298.9747995869406,290.9152004130594
TS0330A,huber,pressure_shape,236,579.89,325.0616335196152,254.82836648038477
TS0330A,huber,pressure_shape,246,569.89,348.4353857649151,221.45461423508488
TS0330A,huber,pressure_shape,256,559.89,365.8709083965323,194.0190916034677
TS0330A,huber,pressure_shape,266,549.89,371.62597040270913,178.26402959729086
TS0330A,huber,pressure_shape,276,539.89,377.49411947642926,162.39588052357072
TS0330A,huber,pressure_shape,286,529.89,373.3865771276036,156.5034228723964
TS0330A,huber,pressure_shape,296,519.89,364.590935004985,155.299064995015
TS0330A,huber,pressure_shape,306,509.89,352.63419403956084,157.25580596043915
TS0330A,huber,pressure_shape,316,499.89,331.0780083972395,168.8119916027605
TS0330A,huber,pressure_shape,326,489.89,337.00063500152385,152.88936499847614
TS0330A,huber,pressure_shape,336,479.89,356.92291485202054,122.96708514797945
TS0330A,huber,pressure_shape,346,469.89,395.72134636917497,74.16865363082502
TS0330A,huber,pressure_shape,356,459.89,360.8969805486793,98.99301945132066
TS0330A,huber,pressure_shape,366,449.89,487.8018503023458,37.91185030234584
TS0330A,huber,pressure_shape,376,439.89,583.8784066578751,143.9884066578751
TS0330A,huber,pressure_shape,386,429.89,575.9790748600883,146.08907486008832
TS0330A,huber,pressure_shape,396,419.89,454.5123364518047,34.6223364518047
TS0330A,huber,pressure_shape,406,409.89,464.25664530444135,54.36664530444136
TS0330A,huber,pressure_shape,416,399.89,468.4978189743998,68.60781897439983
TS0330A,huber,pressure_shape,426,389.89,448.6090508548837,58.71905085488373
TS0330A,huber,pressure_shape,436,379.89,487.6056119045253,107.7156119045253
TS0330A,huber,pressure_shape,446,369.89,463.53640448148155,93.64640448148157
TS0330A,huber,pressure_shape,456,359.89,336.3558264505597,23.53417354944031
TS0330A,huber,pressure_shape,466,349.89,359.42811480019196,9.538114800191977
TS0330A,huber,pressure_shape,476,339.89,301.74573843459643,38.14426156540355
TS0330A,huber,pressure_shape,486,329.89,219.1947565675897,110.69524343241028
TS0330A,huber,pressure_shape,496,319.89,238.7415343217541,81.14846567824588
TS0330A,huber,pressure_shape,506,309.89,262.14953130938807,47.74046869061192
TS0330A,huber,pressure_shape,516,299.89,273.64039695139354,26.249603048606446
TS0330A,huber,pressure_shape,526,289.89,297.19757306466545,7.307573064665462
TS0330A,huber,pressure_shape,536,279.89,305.1845755838815,25.29457558388151
TS0330A,huber,pressure_shape,546,269.89,318.08417700386167,48.19417700386168
TS0330A,huber,pressure_shape,556,259.89,331.02000965928676,71.13000965928677
TS0330A,huber,pressure_shape,566,249.89,343.14352425991626,93.25352425991628
TS0330A,huber,pressure_shape,576,239.89,353.7797126559743,113.88971265597434
TS0330A,huber,pressure_shape,586,229.89,355.81082325139715,125.92082325139717
TS0330A,huber,pressure_shape,596,219.89,353.56822119535383,133.67822119535384
TS0330A,huber,pressure_shape,606,209.89,350.01327028727815,140.12327028727816
TS0330A,huber,pressure_shape,616,199.89,345.8767233487426,145.9867233487426
TS0330A,huber,fusion_absolute,216,599.89,701.3380548645475,101.44805486454754
TS0330A,huber,fusion_absolute,226,589.89,700.2697111829132,110.37971118291318
TS0330A,huber,fusion_absolute,236,579.89,693.0521573624403,113.16215736244033
TS0330A,huber,fusion_absolute,246,569.89,682.3708754659338,112.48087546593376
TS0330A,huber,fusion_absolute,256,559.89,663.1815328756147,103.29153287561473
TS0330A,huber,fusion_absolute,266,549.89,644.2047774781502,94.31477747815018
TS0330A,huber,fusion_absolute,276,539.89,632.7786423346272,92.8886423346272
TS0330A,huber,fusion_absolute,286,529.89,621.7654533721608,91.87545337216079
TS0330A,huber,fusion_absolute,296,519.89,614.3958134516847,94.50581345168473
TS0330A,huber,fusion_absolute,306,509.89,604.5305811315832,94.64058113158319
TS0330A,huber,fusion_absolute,316,499.89,594.6865397327114,94.79653973271138
TS0330A,huber,fusion_absolute,326,489.89,583.8783220522467,93.98832205224676
TS0330A,huber,fusion_absolute,336,479.89,573.7262695808454,93.8362695808454
TS0330A,huber,fusion_absolute,346,469.89,564.8297253313822,94.93972533138219
TS0330A,huber,fusion_absolute,356,459.89,556.1829644441052,96.29296444410522
TS0330A,huber,fusion_absolute,366,449.89,544.2181301306476,94.32813013064765
TS0330A,huber,fusion_absolute,376,439.89,534.3808419712707,94.4908419712707
TS0330A,huber,fusion_absolute,386,429.89,522.823523776292,92.93352377629196
TS0330A,huber,fusion_absolute,396,419.89,504.13225361329893,84.24225361329894
TS0330A,huber,fusion_absolute,406,409.89,495.25613430203464,85.36613430203465
TS0330A,huber,fusion_absolute,416,399.89,478.6679023597161,78.77790235971611
TS0330A,huber,fusion_absolute,426,389.89,463.88293469227773,73.99293469227774
TS0330A,huber,fusion_absolute,436,379.89,448.8623906445817,68.97239064458171
TS0330A,huber,fusion_absolute,446,369.89,437.1681695409456,67.27816954094561
TS0330A,huber,fusion_absolute,456,359.89,433.44665317217203,73.55665317217205
TS0330A,huber,fusion_absolute,466,349.89,421.94501938132106,72.05501938132107
TS0330A,huber,fusion_absolute,476,339.89,406.8544562893393,66.9644562893393
TS0330A,huber,fusion_absolute,486,329.89,391.674463885537,61.784463885537036
TS0330A,huber,fusion_absolute,496,319.89,385.4392252968399,65.5492252968399
TS0330A,huber,fusion_absolute,506,309.89,379.6511656459212,69.76116564592121
TS0330A,huber,fusion_absolute,516,299.89,370.72515547496107,70.83515547496108
TS0330A,huber,fusion_absolute,526,289.89,358.856311507387,68.96631150738699
TS0330A,huber,fusion_absolute,536,279.89,358.2659357446547,78.37593574465473
TS0330A,huber,fusion_absolute,546,269.89,342.65918459437194,72.76918459437195
TS0330A,huber,fusion_absolute,556,259.89,341.7613189153062,81.87131891530623
TS0330A,huber,fusion_absolute,566,249.89,342.7824768258529,92.8924768258529
TS0330A,huber,fusion_absolute,576,239.89,339.3946529863235,99.50465298632349
TS0330A,huber,fusion_absolute,586,229.89,335.46586198296643,105.57586198296644
TS0330A,huber,fusion_absolute,596,219.89,328.5250098441617,108.63500984416169
TS0330A,huber,fusion_absolute,606,209.89,326.6749780462266,116.78497804622663
TS0330A,huber,fusion_absolute,616,199.89,327.10829984724137,127.21829984724138
TS0330A,huber,fusion_shape,216,599.89,546.6609596093193,53.229040390680666
TS0330A,huber,fusion_shape,226,589.89,550.1707717918877,39.71922820811233
TS0330A,huber,fusion_shape,236,579.89,548.5765654857307,31.31343451426926
TS0330A,huber,fusion_shape,246,569.89,545.3187899098444,24.571210090155546
TS0330A,huber,fusion_shape,256,559.89,550.0294790056564,9.860520994343574
TS0330A,huber,fusion_shape,266,549.89,561.5771462073071,11.687146207307137
TS0330A,huber,fusion_shape,276,539.89,556.9152581046982,17.025258104698196
TS0330A,huber,fusion_shape,286,529.89,569.796039861598,39.90603986159806
TS0330A,huber,fusion_shape,296,519.89,574.565175433808,54.67517543380802
TS0330A,huber,fusion_shape,306,509.89,570.1718170799898,60.281817079989764
TS0330A,huber,fusion_shape,316,499.89,564.2899854289958,64.39998542899582
TS0330A,huber,fusion_shape,326,489.89,552.3535609329817,62.46356093298175
TS0330A,huber,fusion_shape,336,479.89,528.661720562127,48.77172056212703
TS0330A,huber,fusion_shape,346,469.89,513.5323159101172,43.64231591011719
TS0330A,huber,fusion_shape,356,459.89,490.05420346823905,30.164203468239066
TS0330A,huber,fusion_shape,366,449.89,457.48096147215557,7.590961472155584
TS0330A,huber,fusion_shape,376,439.89,447.5483949063142,7.658394906314186
TS0330A,huber,fusion_shape,386,429.89,429.56184622410836,0.32815377589162154
TS0330A,huber,fusion_shape,396,419.89,414.24805652296794,5.641943477032044
TS0330A,huber,fusion_shape,406,409.89,404.1615500228559,5.7284499771440665
TS0330A,huber,fusion_shape,416,399.89,394.0208351125559,5.869164887444072
TS0330A,huber,fusion_shape,426,389.89,364.1093520589546,25.7806479410454
TS0330A,huber,fusion_shape,436,379.89,349.2019445477045,30.688055452295487
TS0330A,huber,fusion_shape,446,369.89,340.05669261962123,29.833307380378756
TS0330A,huber,fusion_shape,456,359.89,304.96544083353103,54.92455916646895
TS0330A,huber,fusion_shape,466,349.89,309.07825385766967,40.81174614233032
TS0330A,huber,fusion_shape,476,339.89,302.93028094076334,36.95971905923665
TS0330A,huber,fusion_shape,486,329.89,289.90231411279774,39.98768588720225
TS0330A,huber,fusion_shape,496,319.89,287.4472024048892,32.44279759511079
TS0330A,huber,fusion_shape,506,309.89,279.16179742534655,30.728202574653437
TS0330A,huber,fusion_shape,516,299.89,286.13427383993326,13.755726160066729
TS0330A,huber,fusion_shape,526,289.89,288.7553671323334,1.1346328676665962
TS0330A,huber,fusion_shape,536,279.89,284.4688706638213,4.578870663821306
TS0330A,huber,fusion_shape,546,269.89,297.39972746602257,27.509727466022582
TS0330A,huber,fusion_shape,556,259.89,304.3605406992061,44.47054069920614
TS0330A,huber,fusion_shape,566,249.89,298.66571155386396,48.77571155386397
TS0330A,huber,fusion_shape,576,239.89,286.2987650390906,46.40876503909061
TS0330A,huber,fusion_shape,586,229.89,267.00414213731085,37.114142137310864
TS0330A,huber,fusion_shape,596,219.89,251.14873135100683,31.258731351006844
TS0330A,huber,fusion_shape,606,209.89,234.2719167588739,24.381916758873928
TS0330A,huber,fusion_shape,616,199.89,220.44071922649923,20.55071922649924
TS0330A,rf,temperature,216,599.89,522.0461703312424,77.84382966875762
TS0330A,rf,temperature,226,589.89,547.2966972077525,42.59330279224753
TS0330A,rf,temperature,236,579.89,564.3284262457317,15.561573754268238
TS0330A,rf,temperature,246,569.89,563.2735807443114,6.616419255688584
TS0330A,rf,temperature,256,559.89,563.9884550300256,4.0984550300256615
TS0330A,rf,temperature,266,549.89,565.0620831781739,15.17208317817392
TS0330A,rf,temperature,276,539.89,566.9529791966925,27.06297919669248
TS0330A,rf,temperature,286,529.89,568.6012895498578,38.71128954985784
TS0330A,rf,temperature,296,519.89,567.9159343681034,48.025934368103435
TS0330A,rf,temperature,306,509.89,511.3063077152145,1.4163077152144865
TS0330A,rf,temperature,316,499.89,498.86150147170196,1.0284985282980301
TS0330A,rf,temperature,326,489.89,484.78657318911274,5.1034268108872425
TS0330A,rf,temperature,336,479.89,475.40201898579915,4.487981014200841
TS0330A,rf,temperature,346,469.89,466.9773871936618,2.9126128063381884
TS0330A,rf,temperature,356,459.89,457.50070795712594,2.3892920428740467
TS0330A,rf,temperature,366,449.89,444.8349636434462,5.055036356553785
TS0330A,rf,temperature,376,439.89,437.6480141163556,2.241985883644361
TS0330A,rf,temperature,386,429.89,434.5339563389822,4.643956338982207
TS0330A,rf,temperature,396,419.89,440.0308119303962,20.14081193039624
TS0330A,rf,temperature,406,409.89,430.614835274721,20.724835274720988
TS0330A,rf,temperature,416,399.89,394.3168028860495,5.573197113950471
TS0330A,rf,temperature,426,389.89,393.14481505429967,3.2548150542996837
TS0330A,rf,temperature,436,379.89,382.4004546036254,2.510454603625419
TS0330A,rf,temperature,446,369.89,372.7042140254698,2.8142140254698234
TS0330A,rf,temperature,456,359.89,353.09750794272736,6.792492057272625
TS0330A,rf,temperature,466,349.89,353.9071750396407,4.017175039640733
TS0330A,rf,temperature,476,339.89,355.49547208134186,15.605472081341873
TS0330A,rf,temperature,486,329.89,345.05132290195803,15.161322901958044
TS0330A,rf,temperature,496,319.89,336.1239857702781,16.23398577027814
TS0330A,rf,temperature,506,309.89,314.00665044325933,4.116650443259346
TS0330A,rf,temperature,516,299.89,311.5531299332578,11.663129933257835
TS0330A,rf,temperature,526,289.89,294.4857988615064,4.59579886150641
TS0330A,rf,temperature,536,279.89,293.1659426900303,13.27594269003032
TS0330A,rf,temperature,546,269.89,287.3162082253976,17.426208225397602
TS0330A,rf,temperature,556,259.89,271.3138787871687,11.42387878716869
TS0330A,rf,temperature,566,249.89,246.4747400096756,3.4152599903243868
TS0330A,rf,temperature,576,239.89,232.14073527945433,7.7492647205456535
TS0330A,rf,temperature,586,229.89,260.86204438621195,30.972044386211962
TS0330A,rf,temperature,596,219.89,252.8402049813111,32.95020498131112
TS0330A,rf,temperature,606,209.89,249.2963122100648,39.40631221006481
TS0330A,rf,temperature,616,199.89,219.8721401256399,19.982140125639916
TS0330A,rf,pressure_absolute,216,599.89,288.38891412365115,311.50108587634884
TS0330A,rf,pressure_absolute,226,589.89,395.9361175682165,193.95388243178348
TS0330A,rf,pressure_absolute,236,579.89,409.9954143400324,169.89458565996756
TS0330A,rf,pressure_absolute,246,569.89,374.827432638443,195.062567361557
TS0330A,rf,pressure_absolute,256,559.89,356.05531748258164,203.83468251741834
TS0330A,rf,pressure_absolute,266,549.89,373.5748884790094,176.31511152099057
TS0330A,rf,pressure_absolute,276,539.89,373.5748884790094,166.31511152099057
TS0330A,rf,pressure_absolute,286,529.89,374.8069525283262,155.0830474716738
TS0330A,rf,pressure_absolute,296,519.89,412.16878752359173,107.72121247640825
TS0330A,rf,pressure_absolute,306,509.89,431.9081282622673,77.98187173773266
TS0330A,rf,pressure_absolute,316,499.89,432.6956293892612,67.19437061073876
TS0330A,rf,pressure_absolute,326,489.89,427.0769706292824,62.81302937071757
TS0330A,rf,pressure_absolute,336,479.89,426.10140519451323,53.78859480548675
TS0330A,rf,pressure_absolute,346,469.89,415.8896088002209,54.000391199779074
TS0330A,rf,pressure_absolute,356,459.89,520.4203938025573,60.53039380255734
TS0330A,rf,pressure_absolute,366,449.89,554.0438086053895,104.15380860538949
TS0330A,rf,pressure_absolute,376,439.89,556.6814860392303,116.79148603923034
TS0330A,rf,pressure_absolute,386,429.89,503.66749134021967,73.77749134021968
TS0330A,rf,pressure_absolute,396,419.89,497.2563453010301,77.3663453010301
TS0330A,rf,pressure_absolute,406,409.89,362.96218957559626,46.92781042440373
TS0330A,rf,pressure_absolute,416,399.89,353.82077986984444,46.06922013015554
TS0330A,rf,pressure_absolute,426,389.89,351.4857700814846,38.4042299185154
TS0330A,rf,pressure_absolute,436,379.89,333.86076086461304,46.029239135386945
TS0330A,rf,pressure_absolute,446,369.89,337.19593103043786,32.694068969562124
TS0330A,rf,pressure_absolute,456,359.89,309.20390668490313,50.686093315096855
TS0330A,rf,pressure_absolute,466,349.89,307.7405763364553,42.14942366354467
TS0330A,rf,pressure_absolute,476,339.89,315.67294334175074,24.21705665824925
TS0330A,rf,pressure_absolute,486,329.89,320.71583924858413,9.174160751415855
TS0330A,rf,pressure_absolute,496,319.89,298.74995376579477,21.140046234205215
TS0330A,rf,pressure_absolute,506,309.89,299.70944226249526,10.180557737504728
TS0330A,rf,pressure_absolute,516,299.89,371.92212648020035,72.03212648020036
TS0330A,rf,pressure_absolute,526,289.89,369.0937812112005,79.20378121120052
TS0330A,rf,pressure_absolute,536,279.89,377.49974120016765,97.60974120016766
TS0330A,rf,pressure_absolute,546,269.89,371.6764322017858,101.78643220178583
TS0330A,rf,pressure_absolute,556,259.89,356.92223117711575,97.03223117711576
TS0330A,rf,pressure_absolute,566,249.89,356.6522103651499,106.76221036514994
TS0330A,rf,pressure_absolute,576,239.89,356.6522103651499,116.76221036514994
TS0330A,rf,pressure_absolute,586,229.89,356.6522103651499,126.76221036514994
TS0330A,rf,pressure_absolute,596,219.89,371.6764322017858,151.78643220178583
TS0330A,rf,pressure_absolute,606,209.89,373.6027404831234,163.7127404831234
TS0330A,rf,pressure_absolute,616,199.89,368.7617954222331,168.8717954222331
TS0330A,rf,pressure_shape,216,599.89,320.9205872991405,278.9694127008595
TS0330A,rf,pressure_shape,226,589.89,337.63177912058137,252.25822087941862
TS0330A,rf,pressure_shape,236,579.89,376.74393273975704,203.14606726024294
TS0330A,rf,pressure_shape,246,569.89,363.95693754153126,205.93306245846873
TS0330A,rf,pressure_shape,256,559.89,361.38464533546204,198.50535466453795
TS0330A,rf,pressure_shape,266,549.89,370.83516264697647,179.05483735302352
TS0330A,rf,pressure_shape,276,539.89,375.06446715930036,164.82553284069962
TS0330A,rf,pressure_shape,286,529.89,371.34531219485945,158.54468780514054
TS0330A,rf,pressure_shape,296,519.89,363.43407046055637,156.45592953944362
TS0330A,rf,pressure_shape,306,509.89,325.53749071509196,184.35250928490802
TS0330A,rf,pressure_shape,316,499.89,342.10678846576513,157.78321153423485
TS0330A,rf,pressure_shape,326,489.89,331.40522050471,158.48477949529
TS0330A,rf,pressure_shape,336,479.89,361.2547092673098,118.63529073269018
TS0330A,rf,pressure_shape,346,469.89,392.82826747627485,77.06173252372514
TS0330A,rf,pressure_shape,356,459.89,380.5366029248185,79.35339707518148
TS0330A,rf,pressure_shape,366,449.89,479.85686415056085,29.966864150560866
TS0330A,rf,pressure_shape,376,439.89,396.5787910045843,43.31120899541571
TS0330A,rf,pressure_shape,386,429.89,414.4242097202258,15.465790279774183
TS0330A,rf,pressure_shape,396,419.89,484.6017688358184,64.71176883581842
TS0330A,rf,pressure_shape,406,409.89,475.15542700575304,65.26542700575305
TS0330A,rf,pressure_shape,416,399.89,444.6704258253427,44.78042582534272
TS0330A,rf,pressure_shape,426,389.89,414.9818880434799,25.091888043479912
TS0330A,rf,pressure_shape,436,379.89,412.9780957711618,33.08809577116182
TS0330A,rf,pressure_shape,446,369.89,400.3817218644459,30.491721864445935
TS0330A,rf,pressure_shape,456,359.89,372.5530738141573,12.663073814157315
TS0330A,rf,pressure_shape,466,349.89,338.6391995387276,11.250800461272377
TS0330A,rf,pressure_shape,476,339.89,326.09966109210166,13.790338907898331
TS0330A,rf,pressure_shape,486,329.89,325.33478298046515,4.555217019534837
TS0330A,rf,pressure_shape,496,319.89,316.78010723421687,3.1098927657831155
TS0330A,rf,pressure_shape,506,309.89,311.41016892743346,1.520168927433474
TS0330A,rf,pressure_shape,516,299.89,313.7922248568451,13.902224856845123
TS0330A,rf,pressure_shape,526,289.89,315.10867401791677,25.218674017916783
TS0330A,rf,pressure_shape,536,279.89,370.6119265308198,90.72192653081981
TS0330A,rf,pressure_shape,546,269.89,387.45148836969526,117.56148836969527
TS0330A,rf,pressure_shape,556,259.89,367.68753914983023,107.79753914983024
TS0330A,rf,pressure_shape,566,249.89,366.84950103863747,116.95950103863748
TS0330A,rf,pressure_shape,576,239.89,356.1595110016404,116.26951100164041
TS0330A,rf,pressure_shape,586,229.89,352.55366065593154,122.66366065593155
TS0330A,rf,pressure_shape,596,219.89,337.5498890221204,117.65988902212041
TS0330A,rf,pressure_shape,606,209.89,328.80072053346976,118.91072053346977
TS0330A,rf,pressure_shape,616,199.89,342.5196410613427,142.62964106134274
TS0330A,rf,fusion_absolute,216,599.89,543.5136806001846,56.37631939981543
TS0330A,rf,fusion_absolute,226,589.89,549.4640236954227,40.42597630457726
TS0330A,rf,fusion_absolute,236,579.89,539.3441208444003,40.545879155599664
TS0330A,rf,fusion_absolute,246,569.89,544.5406447465168,25.349355253483168
TS0330A,rf,fusion_absolute,256,559.89,544.9534980798502,14.936501920149794
TS0330A,rf,fusion_absolute,266,549.89,544.8477636883158,5.042236311684178
TS0330A,rf,fusion_absolute,276,539.89,544.8629937412259,4.972993741225878
TS0330A,rf,fusion_absolute,286,529.89,543.2298556236212,13.339855623621247
TS0330A,rf,fusion_absolute,296,519.89,540.509618643154,20.619618643154013
TS0330A,rf,fusion_absolute,306,509.89,530.7592503715517,20.869250371551743
TS0330A,rf,fusion_absolute,316,499.89,522.4871640323883,22.597164032388264
TS0330A,rf,fusion_absolute,326,489.89,517.3813911308642,27.49139113086426
TS0330A,rf,fusion_absolute,336,479.89,512.0220264889292,32.13202648892923
TS0330A,rf,fusion_absolute,346,469.89,506.4230752508635,36.53307525086353
TS0330A,rf,fusion_absolute,356,459.89,501.1694527258174,41.27945272581741
TS0330A,rf,fusion_absolute,366,449.89,495.5582002886756,45.66820028867562
TS0330A,rf,fusion_absolute,376,439.89,488.0076579314219,48.11765793142189
TS0330A,rf,fusion_absolute,386,429.89,482.61901353315926,52.729013533159275
TS0330A,rf,fusion_absolute,396,419.89,473.49897713947684,53.60897713947685
TS0330A,rf,fusion_absolute,406,409.89,458.1251117032975,48.23511170329749
TS0330A,rf,fusion_absolute,416,399.89,442.3283185606282,42.438318560628204
TS0330A,rf,fusion_absolute,426,389.89,426.659606910082,36.76960691008202
TS0330A,rf,fusion_absolute,436,379.89,406.12269749106525,26.232697491065267
TS0330A,rf,fusion_absolute,446,369.89,389.23383343598886,19.34383343598887
TS0330A,rf,fusion_absolute,456,359.89,368.22008238965094,8.330082389650954
TS0330A,rf,fusion_absolute,466,349.89,360.0351977027259,10.145197702725909
TS0330A,rf,fusion_absolute,476,339.89,353.4982180743968,13.608218074396802
TS0330A,rf,fusion_absolute,486,329.89,351.67100765961396,21.781007659613977
TS0330A,rf,fusion_absolute,496,319.89,354.34168781987466,34.45168781987468
TS0330A,rf,fusion_absolute,506,309.89,349.7336093890107,39.84360938901074
TS0330A,rf,fusion_absolute,516,299.89,346.94208319758235,47.05208319758236
TS0330A,rf,fusion_absolute,526,289.89,340.13119819602457,50.241198196024584
TS0330A,rf,fusion_absolute,536,279.89,342.53716871831307,62.64716871831308
TS0330A,rf,fusion_absolute,546,269.89,322.06579521779645,52.17579521779646
TS0330A,rf,fusion_absolute,556,259.89,309.73496453542333,49.844964535423344
TS0330A,rf,fusion_absolute,566,249.89,299.6667921214898,49.77679212148979
TS0330A,rf,fusion_absolute,576,239.89,279.4097520913476,39.51975209134764
TS0330A,rf,fusion_absolute,586,229.89,273.8141543344042,43.92415433440419
TS0330A,rf,fusion_absolute,596,219.89,258.36358414432783,38.473584144327845
TS0330A,rf,fusion_absolute,606,209.89,255.2091528682891,45.31915286828911
TS0330A,rf,fusion_absolute,616,199.89,270.1179811146609,70.2279811146609
TS0330A,rf,fusion_shape,216,599.89,501.41063352747307,98.47936647252692
TS0330A,rf,fusion_shape,226,589.89,518.7074871027373,71.18251289726265
TS0330A,rf,fusion_shape,236,579.89,525.7774549304065,54.112545069593466
TS0330A,rf,fusion_shape,246,569.89,528.6044355149871,41.285564485012856
TS0330A,rf,fusion_shape,256,559.89,527.9311767274044,31.958823272595623
TS0330A,rf,fusion_shape,266,549.89,527.6470298897975,22.242970110202464
TS0330A,rf,fusion_shape,276,539.89,524.1273281358269,15.762671864173058
TS0330A,rf,fusion_shape,286,529.89,521.1232394535847,8.766760546415298
TS0330A,rf,fusion_shape,296,519.89,517.4310032635091,2.458996736490917
TS0330A,rf,fusion_shape,306,509.89,492.5878322596993,17.30216774030066
TS0330A,rf,fusion_shape,316,499.89,483.8874975358782,16.00250246412179
TS0330A,rf,fusion_shape,326,489.89,477.7497298717557,12.14027012824431
TS0330A,rf,fusion_shape,336,479.89,472.02584061247006,7.864159387529924
TS0330A,rf,fusion_shape,346,469.89,462.5487892656493,7.341210734350682
TS0330A,rf,fusion_shape,356,459.89,460.1863332135248,0.2963332135248038
TS0330A,rf,fusion_shape,366,449.89,435.6469079383971,14.243092061602908
TS0330A,rf,fusion_shape,376,439.89,450.30369800364366,10.413698003643674
TS0330A,rf,fusion_shape,386,429.89,436.1894737002346,6.299473700234614
TS0330A,rf,fusion_shape,396,419.89,436.4052107409005,16.5152107409005
TS0330A,rf,fusion_shape,406,409.89,420.31503012106845,10.42503012106846
TS0330A,rf,fusion_shape,416,399.89,393.27736990652846,6.612630093471523
TS0330A,rf,fusion_shape,426,389.89,365.1925053878728,24.697494612127173
TS0330A,rf,fusion_shape,436,379.89,354.48889306250453,25.401106937495456
TS0330A,rf,fusion_shape,446,369.89,348.02437716640816,21.86562283359183
TS0330A,rf,fusion_shape,456,359.89,321.2936576604855,38.59634233951448
TS0330A,rf,fusion_shape,466,349.89,315.69760149296627,34.192398507033715
TS0330A,rf,fusion_shape,476,339.89,310.10840835898864,29.781591641011346
TS0330A,rf,fusion_shape,486,329.89,316.20372215434156,13.686277845658424
TS0330A,rf,fusion_shape,496,319.89,315.6175852661744,4.272414733825599
TS0330A,rf,fusion_shape,506,309.89,313.3576162647265,3.46761626472653
TS0330A,rf,fusion_shape,516,299.89,324.14128250374563,24.251282503745642
TS0330A,rf,fusion_shape,526,289.89,308.68099931671696,18.790999316716977
TS0330A,rf,fusion_shape,536,279.89,303.73188887615714,23.841888876157157
TS0330A,rf,fusion_shape,546,269.89,280.4101128391285,10.520112839128501
TS0330A,rf,fusion_shape,556,259.89,259.7766494379297,0.11335056207030902
TS0330A,rf,fusion_shape,566,249.89,247.71904859750362,2.170951402496371
TS0330A,rf,fusion_shape,576,239.89,236.97165067379828,2.9183493262017066
TS0330A,rf,fusion_shape,586,229.89,243.0411129879419,13.1511129879419
TS0330A,rf,fusion_shape,596,219.89,240.3047402242116,20.414740224211613
TS0330A,rf,fusion_shape,606,209.89,242.3770254244465,32.4870254244465
TS0330A,rf,fusion_shape,616,199.89,239.9459821545983,40.055982154598325
TS0330B,huber,temperature,203,593.36,508.7259337263388,84.63406627366123
TS0330B,huber,temperature,213,583.36,503.4508992018525,79.9091007981475
TS0330B,huber,temperature,223,573.36,501.73110664924127,71.62889335075874
TS0330B,huber,temperature,233,563.36,499.1734495634113,64.18655043658873
TS0330B,huber,temperature,243,553.36,494.8343724594515,58.5256275405485
TS0330B,huber,temperature,253,543.36,488.8052603957118,54.554739604288216
TS0330B,huber,temperature,263,533.36,480.7512644892298,52.6087355107702
TS0330B,huber,temperature,273,523.36,470.7733571479939,52.586642852006094
TS0330B,huber,temperature,283,513.36,462.4752712211765,50.8847287788235
TS0330B,huber,temperature,293,503.36,454.00654795544017,49.353452044559845
TS0330B,huber,temperature,303,493.36,437.83915355021526,55.520846449784756
TS0330B,huber,temperature,313,483.36,419.9346897003675,63.425310299632486
TS0330B,huber,temperature,323,473.36,404.0347407314749,69.32525926852509
TS0330B,huber,temperature,333,463.36,397.86288720515876,65.49711279484126
TS0330B,huber,temperature,343,453.36,381.7493775308738,71.61062246912621
TS0330B,huber,temperature,353,443.36,374.18166090736634,69.17833909263368
TS0330B,huber,temperature,363,433.36,359.5718088759957,73.7881911240043
TS0330B,huber,temperature,373,423.36,353.80302753562836,69.55697246437165
TS0330B,huber,temperature,383,413.36,338.9817654787506,74.3782345212494
TS0330B,huber,temperature,393,403.36,333.3981984817607,69.96180151823933
TS0330B,huber,temperature,403,393.36,316.6775484392027,76.68245156079729
TS0330B,huber,temperature,413,383.36,309.01628041338813,74.34371958661188
TS0330B,huber,temperature,423,373.36,301.5759351733826,71.7840648266174
TS0330B,huber,temperature,433,363.36,297.0040092303945,66.35599076960551
TS0330B,huber,temperature,443,353.36,287.01320146492594,66.34679853507407
TS0330B,huber,temperature,453,343.36,273.9251491709927,69.4348508290073
TS0330B,huber,temperature,463,333.36,269.55785647221035,63.80214352778967
TS0330B,huber,temperature,473,323.36,262.5591531997311,60.800846800268914
TS0330B,huber,temperature,483,313.36,264.01779362814113,49.34220637185888
TS0330B,huber,temperature,493,303.36,265.14383428307224,38.216165716927776
TS0330B,huber,temperature,503,293.36,262.3516177587421,31.00838224125789
TS0330B,huber,temperature,513,283.36,253.8781998511842,29.481800148815807
TS0330B,huber,temperature,523,273.36,233.94176947255403,39.418230527445985
TS0330B,huber,temperature,533,263.36,231.61780880988601,31.742191190114
TS0330B,huber,temperature,543,253.36,242.89181448661577,10.468185513384242
TS0330B,huber,temperature,553,243.36,260.9078728130167,17.54787281301668
TS0330B,huber,temperature,563,233.36,246.8807401372561,13.520740137256098
TS0330B,huber,temperature,573,223.36,236.44699853623104,13.086998536231022
TS0330B,huber,pressure_absolute,203,593.36,421.00186806639294,172.35813193360707
TS0330B,huber,pressure_absolute,213,583.36,432.13309280192726,151.22690719807275
TS0330B,huber,pressure_absolute,223,573.36,442.8739287606382,130.48607123936182
TS0330B,huber,pressure_absolute,233,563.36,426.25437804866465,137.10562195133537
TS0330B,huber,pressure_absolute,243,553.36,445.20001863691016,108.15998136308986
TS0330B,huber,pressure_absolute,253,543.36,441.7863479779286,101.57365202207143
TS0330B,huber,pressure_absolute,263,533.36,445.17725471089267,88.18274528910734
TS0330B,huber,pressure_absolute,273,523.36,423.0350938609167,100.32490613908334
TS0330B,huber,pressure_absolute,283,513.36,416.12676313311874,97.23323686688127
TS0330B,huber,pressure_absolute,293,503.36,408.15371586792287,95.20628413207714
TS0330B,huber,pressure_absolute,303,493.36,400.62420548527376,92.73579451472625
TS0330B,huber,pressure_absolute,313,483.36,411.7836774462089,71.5763225537911
TS0330B,huber,pressure_absolute,323,473.36,403.99741846898854,69.36258153101147
TS0330B,huber,pressure_absolute,333,463.36,396.7233143889913,66.63668561100872
TS0330B,huber,pressure_absolute,343,453.36,398.60057950649934,54.75942049350067
TS0330B,huber,pressure_absolute,353,443.36,385.4528101614459,57.90718983855413
TS0330B,huber,pressure_absolute,363,433.36,385.11789920831615,48.24210079168387
TS0330B,huber,pressure_absolute,373,423.36,383.433338952132,39.92666104786804
TS0330B,huber,pressure_absolute,383,413.36,377.42062132316,35.93937867684002
TS0330B,huber,pressure_absolute,393,403.36,380.61390387057565,22.74609612942436
TS0330B,huber,pressure_absolute,403,393.36,378.70925291169857,14.650747088301443
TS0330B,huber,pressure_absolute,413,383.36,434.83708202241763,51.47708202241762
TS0330B,huber,pressure_absolute,423,373.36,417.07598828058906,43.715988280589045
TS0330B,huber,pressure_absolute,433,363.36,400.9302202965926,37.570220296592595
TS0330B,huber,pressure_absolute,443,353.36,409.13993107242874,55.779931072428724
TS0330B,huber,pressure_absolute,453,343.36,423.160511639308,79.80051163930801
TS0330B,huber,pressure_absolute,463,333.36,434.5169950134087,101.15699501340868
TS0330B,huber,pressure_absolute,473,323.36,438.46750144413846,115.10750144413845
TS0330B,huber,pressure_absolute,483,313.36,433.5869977778438,120.22699777784379
TS0330B,huber,pressure_absolute,493,303.36,431.20253384956726,127.84253384956725
TS0330B,huber,pressure_absolute,503,293.36,430.57348506074675,137.21348506074673
TS0330B,huber,pressure_absolute,513,283.36,430.39738393297523,147.03738393297522
TS0330B,huber,pressure_absolute,523,273.36,441.4264744080284,168.0664744080284
TS0330B,huber,pressure_absolute,533,263.36,354.7074322278898,91.34743222788978
TS0330B,huber,pressure_absolute,543,253.36,357.2723356668571,103.91233566685708
TS0330B,huber,pressure_absolute,553,243.36,362.1278885203464,118.76788852034639
TS0330B,huber,pressure_absolute,563,233.36,360.1207790477981,126.76077904779811
TS0330B,huber,pressure_absolute,573,223.36,369.91297782368497,146.55297782368496
TS0330B,huber,pressure_shape,203,593.36,387.1653354663525,206.19466453364754
TS0330B,huber,pressure_shape,213,583.36,374.24556216521347,209.11443783478654
TS0330B,huber,pressure_shape,223,573.36,383.1824668445585,190.1775331554415
TS0330B,huber,pressure_shape,233,563.36,393.9779133284785,169.3820866715215
TS0330B,huber,pressure_shape,243,553.36,402.09388619865973,151.26611380134028
TS0330B,huber,pressure_shape,253,543.36,378.92943040773446,164.43056959226556
TS0330B,huber,pressure_shape,263,533.36,335.3171848928587,198.04281510714134
TS0330B,huber,pressure_shape,273,523.36,337.59756065243806,185.76243934756195
TS0330B,huber,pressure_shape,283,513.36,384.7659774182959,128.5940225817041
TS0330B,huber,pressure_shape,293,503.36,360.1899879286473,143.1700120713527
TS0330B,huber,pressure_shape,303,493.36,217.52561635885678,275.83438364114323
TS0330B,huber,pressure_shape,313,483.36,278.6566359763942,204.7033640236058
TS0330B,huber,pressure_shape,323,473.36,295.9938953406778,177.36610465932222
TS0330B,huber,pressure_shape,333,463.36,298.8810998685081,164.4789001314919
TS0330B,huber,pressure_shape,343,453.36,269.97728037359127,183.38271962640874
TS0330B,huber,pressure_shape,353,443.36,284.1667427741857,159.1932572258143
TS0330B,huber,pressure_shape,363,433.36,307.3165068232428,126.04349317675724
TS0330B,huber,pressure_shape,373,423.36,312.206463857101,111.15353614289899
TS0330B,huber,pressure_shape,383,413.36,312.69682642895884,100.66317357104117
TS0330B,huber,pressure_shape,393,403.36,332.99857604481025,70.36142395518976
TS0330B,huber,pressure_shape,403,393.36,327.7859346272487,65.5740653727513
TS0330B,huber,pressure_shape,413,383.36,332.3101693850546,51.04983061494539
TS0330B,huber,pressure_shape,423,373.36,318.10171156258855,55.258288437411466
TS0330B,huber,pressure_shape,433,363.36,297.06646965358595,66.29353034641406
TS0330B,huber,pressure_shape,443,353.36,276.1781191520621,77.18188084793792
TS0330B,huber,pressure_shape,453,343.36,278.859280630183,64.50071936981703
TS0330B,huber,pressure_shape,463,333.36,332.96130904023164,0.39869095976837343
TS0330B,huber,pressure_shape,473,323.36,374.94833772533605,51.58833772533603
TS0330B,huber,pressure_shape,483,313.36,328.11771538955907,14.757715389559053
TS0330B,huber,pressure_shape,493,303.36,281.6025524035034,21.757447596496604
TS0330B,huber,pressure_shape,503,293.36,275.1615638350684,18.198436164931593
TS0330B,huber,pressure_shape,513,283.36,316.42969200888746,33.06969200888744
TS0330B,huber,pressure_shape,523,273.36,345.0332522675532,71.67325226755321
TS0330B,huber,pressure_shape,533,263.36,344.3117353696198,80.95173536961977
TS0330B,huber,pressure_shape,543,253.36,390.27118976300426,136.91118976300424
TS0330B,huber,pressure_shape,553,243.36,443.7729625733889,200.41296257338888
TS0330B,huber,pressure_shape,563,233.36,465.3393715122463,231.9793715122463
TS0330B,huber,pressure_shape,573,223.36,446.0433828175785,222.6833828175785
TS0330B,huber,fusion_absolute,203,593.36,528.6279757059616,64.73202429403841
TS0330B,huber,fusion_absolute,213,583.36,528.039534803931,55.320465196068994
TS0330B,huber,fusion_absolute,223,573.36,524.3326358841935,49.02736411580656
TS0330B,huber,fusion_absolute,233,563.36,513.4884893746637,49.87151062533633
TS0330B,huber,fusion_absolute,243,553.36,512.7683978506341,40.59160214936594
TS0330B,huber,fusion_absolute,253,543.36,505.289354837545,38.07064516245504
TS0330B,huber,fusion_absolute,263,533.36,499.00797892363744,34.352021076362576
TS0330B,huber,fusion_absolute,273,523.36,485.1652332005909,38.19476679940914
TS0330B,huber,fusion_absolute,283,513.36,471.1348098579752,42.225190142024815
TS0330B,huber,fusion_absolute,293,503.36,460.6476178466774,42.71238215332261
TS0330B,huber,fusion_absolute,303,493.36,447.95286558026623,45.40713441973378
TS0330B,huber,fusion_absolute,313,483.36,439.7722016229519,43.5877983770481
TS0330B,huber,fusion_absolute,323,473.36,423.68656528029203,49.673434719707984
TS0330B,huber,fusion_absolute,333,463.36,408.332252248851,55.027747751149036
TS0330B,huber,fusion_absolute,343,453.36,393.34681514831306,60.01318485168696
TS0330B,huber,fusion_absolute,353,443.36,389.5134643272717,53.846535672728294
TS0330B,huber,fusion_absolute,363,433.36,381.5607410459361,51.79925895406393
TS0330B,huber,fusion_absolute,373,423.36,364.5426950920053,58.817304907994696
TS0330B,huber,fusion_absolute,383,413.36,354.2566934934059,59.103306506594095
TS0330B,huber,fusion_absolute,393,403.36,346.24752702448563,57.11247297551438
TS0330B,huber,fusion_absolute,403,393.36,331.5088287678804,61.85117123211961
TS0330B,huber,fusion_absolute,413,383.36,323.29334332565713,60.06665667434288
TS0330B,huber,fusion_absolute,423,373.36,316.1336254314992,57.22637456850083
TS0330B,huber,fusion_absolute,433,363.36,299.97067800366347,63.38932199633655
TS0330B,huber,fusion_absolute,443,353.36,293.46132316705496,59.89867683294506
TS0330B,huber,fusion_absolute,453,343.36,287.23120374340726,56.12879625659275
TS0330B,huber,fusion_absolute,463,333.36,294.32020468981693,39.03979531018308
TS0330B,huber,fusion_absolute,473,323.36,292.142405616868,31.217594383131996
TS0330B,huber,fusion_absolute,483,313.36,283.57650710864436,29.78349289135565
TS0330B,huber,fusion_absolute,493,303.36,283.9512230000467,19.408776999953318
TS0330B,huber,fusion_absolute,503,293.36,282.8010885531057,10.558911446894285
TS0330B,huber,fusion_absolute,513,283.36,282.97580951762257,0.38419048237744846
TS0330B,huber,fusion_absolute,523,273.36,282.83059648982146,9.470596489821446
TS0330B,huber,fusion_absolute,533,263.36,262.6723420842144,0.6876579157856213
TS0330B,huber,fusion_absolute,543,253.36,266.8381931139462,13.47819311394619
TS0330B,huber,fusion_absolute,553,243.36,276.9024733774728,33.54247337747279
TS0330B,huber,fusion_absolute,563,233.36,265.36631879778446,32.006318797784445
TS0330B,huber,fusion_absolute,573,223.36,258.3620112693536,35.0020112693536
TS0330B,huber,fusion_shape,203,593.36,478.5744594718901,114.78554052810989
TS0330B,huber,fusion_shape,213,583.36,481.14506099412046,102.21493900587956
TS0330B,huber,fusion_shape,223,573.36,475.8517853515947,97.50821464840533
TS0330B,huber,fusion_shape,233,563.36,476.69887232169725,86.66112767830276
TS0330B,huber,fusion_shape,243,553.36,482.89060486275537,70.46939513724465
TS0330B,huber,fusion_shape,253,543.36,470.33041506079485,73.02958493920517
TS0330B,huber,fusion_shape,263,533.36,456.5017616040508,76.85823839594923
TS0330B,huber,fusion_shape,273,523.36,451.652156137107,71.70784386289301
TS0330B,huber,fusion_shape,283,513.36,449.1435716120353,64.2164283879647
TS0330B,huber,fusion_shape,293,503.36,443.5220838379768,59.83791616202319
TS0330B,huber,fusion_shape,303,493.36,434.99241645087915,58.367583549120866
TS0330B,huber,fusion_shape,313,483.36,438.38322149670665,44.97677850329336
TS0330B,huber,fusion_shape,323,473.36,416.90537576637985,56.454624233620166
TS0330B,huber,fusion_shape,333,463.36,404.08400480278016,59.275995197219856
TS0330B,huber,fusion_shape,343,453.36,392.5116022909873,60.848397709012715
TS0330B,huber,fusion_shape,353,443.36,385.22053802216226,58.139461977837755
TS0330B,huber,fusion_shape,363,433.36,366.94987747521367,66.41012252478635
TS0330B,huber,fusion_shape,373,423.36,355.9113839396075,67.44861606039251
TS0330B,huber,fusion_shape,383,413.36,340.2028064870668,73.15719351293319
TS0330B,huber,fusion_shape,393,403.36,328.5715432283939,74.78845677160609
TS0330B,huber,fusion_shape,403,393.36,316.289408526781,77.070591473219
TS0330B,huber,fusion_shape,413,383.36,305.0434439461823,78.31655605381769
TS0330B,huber,fusion_shape,423,373.36,300.47540150394593,72.88459849605408
TS0330B,huber,fusion_shape,433,363.36,290.7373796739429,72.62262032605713
TS0330B,huber,fusion_shape,443,353.36,286.7359290992096,66.6240709007904
TS0330B,huber,fusion_shape,453,343.36,248.61227041577303,94.74772958422699
TS0330B,huber,fusion_shape,463,333.36,263.0525565486751,70.3074434513249
TS0330B,huber,fusion_shape,473,323.36,257.7034877272904,65.65651227270962
TS0330B,huber,fusion_shape,483,313.36,263.98357369111824,49.376426308881776
TS0330B,huber,fusion_shape,493,303.36,264.782265888836,38.577734111164034
TS0330B,huber,fusion_shape,503,293.36,275.39890702099865,17.961092979001364
TS0330B,huber,fusion_shape,513,283.36,264.8750370655855,18.48496293441451
TS0330B,huber,fusion_shape,523,273.36,250.82012322365767,22.53987677634234
TS0330B,huber,fusion_shape,533,263.36,239.40612136677166,23.953878633228356
TS0330B,huber,fusion_shape,543,253.36,237.892003451942,15.46799654805801
TS0330B,huber,fusion_shape,553,243.36,252.85648619567291,9.496486195672901
TS0330B,huber,fusion_shape,563,233.36,242.0382696846216,8.678269684621597
TS0330B,huber,fusion_shape,573,223.36,239.43490522132035,16.074905221320336
TS0330B,rf,temperature,203,593.36,565.4395262902833,27.920473709716703
TS0330B,rf,temperature,213,583.36,561.122940492424,22.237059507575964
TS0330B,rf,temperature,223,573.36,516.1975981261606,57.16240187383937
TS0330B,rf,temperature,233,563.36,495.07532878966845,68.28467121033157
TS0330B,rf,temperature,243,553.36,485.08087238364146,68.27912761635855
TS0330B,rf,temperature,253,543.36,480.15194107122903,63.20805892877098
TS0330B,rf,temperature,263,533.36,476.7316104251554,56.62838957484462
TS0330B,rf,temperature,273,523.36,466.5934791236364,56.766520876363586
TS0330B,rf,temperature,283,513.36,440.7179538514336,72.64204614856641
TS0330B,rf,temperature,293,503.36,434.4623509342243,68.89764906577574
TS0330B,rf,temperature,303,493.36,427.6340528459022,65.72594715409781
TS0330B,rf,temperature,313,483.36,424.72489699929724,58.63510300070277
TS0330B,rf,temperature,323,473.36,390.2622736503696,83.09772634963042
TS0330B,rf,temperature,333,463.36,376.1932622106406,87.16673778935939
TS0330B,rf,temperature,343,453.36,375.0119012075006,78.3480987924994
TS0330B,rf,temperature,353,443.36,374.6997006615188,68.6602993384812
TS0330B,rf,temperature,363,433.36,369.13392799824203,64.22607200175798
TS0330B,rf,temperature,373,423.36,363.3264293773065,60.0335706226935
TS0330B,rf,temperature,383,413.36,355.80675933784676,57.55324066215326
TS0330B,rf,temperature,393,403.36,346.9756458295899,56.38435417041012
TS0330B,rf,temperature,403,393.36,341.2436269138095,52.11637308619049
TS0330B,rf,temperature,413,383.36,316.4469479006153,66.91305209938469
TS0330B,rf,temperature,423,373.36,314.85748009556124,58.50251990443877
TS0330B,rf,temperature,433,363.36,307.0344174102921,56.32558258970789
TS0330B,rf,temperature,443,353.36,302.768840321995,50.591159678005
TS0330B,rf,temperature,453,343.36,302.84240536682825,40.51759463317177
TS0330B,rf,temperature,463,333.36,274.12399086181887,59.236009138181146
TS0330B,rf,temperature,473,323.36,269.51856308966046,53.84143691033955
TS0330B,rf,temperature,483,313.36,258.98536266159186,54.37463733840815
TS0330B,rf,temperature,493,303.36,229.77559693448373,73.58440306551628
TS0330B,rf,temperature,503,293.36,235.99579977400217,57.36420022599785
TS0330B,rf,temperature,513,283.36,232.4885050398514,50.871494960148624
TS0330B,rf,temperature,523,273.36,231.01587742575265,42.344122574247365
TS0330B,rf,temperature,533,263.36,231.47413010612786,31.885869893872155
TS0330B,rf,temperature,543,253.36,244.89131039027808,8.468689609721935
TS0330B,rf,temperature,553,243.36,245.39821528445802,2.038215284458005
TS0330B,rf,temperature,563,233.36,249.61767553606697,16.257675536066955
TS0330B,rf,temperature,573,223.36,248.57144934767697,25.21144934767696
TS0330B,rf,pressure_absolute,203,593.36,270.8555651715831,322.5044348284169
TS0330B,rf,pressure_absolute,213,583.36,268.4389901210781,314.9210098789219
TS0330B,rf,pressure_absolute,223,573.36,253.17738817362732,320.1826118263727
TS0330B,rf,pressure_absolute,233,563.36,245.4611902654043,317.8988097345957
TS0330B,rf,pressure_absolute,243,553.36,245.5573123866164,307.8026876133836
TS0330B,rf,pressure_absolute,253,543.36,246.0194130864721,297.3405869135279
TS0330B,rf,pressure_absolute,263,533.36,245.99417540248945,287.3658245975106
TS0330B,rf,pressure_absolute,273,523.36,330.39187688637867,192.96812311362135
TS0330B,rf,pressure_absolute,283,513.36,330.3871780846085,182.97282191539153
TS0330B,rf,pressure_absolute,293,503.36,327.48678364469674,175.87321635530327
TS0330B,rf,pressure_absolute,303,493.36,300.6518623591484,192.7081376408516
TS0330B,rf,pressure_absolute,313,483.36,276.70191257403707,206.65808742596295
TS0330B,rf,pressure_absolute,323,473.36,216.455317387357,256.904682612643
TS0330B,rf,pressure_absolute,333,463.36,496.8328362756531,33.472836275653094
TS0330B,rf,pressure_absolute,343,453.36,497.4832631914594,44.12326319145939
TS0330B,rf,pressure_absolute,353,443.36,497.72535208034833,54.365352080348316
TS0330B,rf,pressure_absolute,363,433.36,499.3061057509832,65.94610575098318
TS0330B,rf,pressure_absolute,373,423.36,499.5402053863926,76.18020538639257
TS0330B,rf,pressure_absolute,383,413.36,499.5402053863926,86.18020538639257
TS0330B,rf,pressure_absolute,393,403.36,499.5402053863926,96.18020538639257
TS0330B,rf,pressure_absolute,403,393.36,499.5402053863926,106.18020538639257
TS0330B,rf,pressure_absolute,413,383.36,497.3809435473732,114.02094354737318
TS0330B,rf,pressure_absolute,423,373.36,497.15753481721447,123.79753481721445
TS0330B,rf,pressure_absolute,433,363.36,496.91544592832554,133.55544592832553
TS0330B,rf,pressure_absolute,443,353.36,497.2327507212106,143.8727507212106
TS0330B,rf,pressure_absolute,453,343.36,497.7501267313115,154.3901267313115
TS0330B,rf,pressure_absolute,463,333.36,496.7098543471558,163.34985434715577
TS0330B,rf,pressure_absolute,473,323.36,509.03558190040553,185.67558190040552
TS0330B,rf,pressure_absolute,483,313.36,497.2905939304892,183.93059393048918
TS0330B,rf,pressure_absolute,493,303.36,500.22235117423776,196.86235117423774
TS0330B,rf,pressure_absolute,503,293.36,508.49532071714435,215.13532071714434
TS0330B,rf,pressure_absolute,513,283.36,509.6676807265533,226.30768072655326
TS0330B,rf,pressure_absolute,523,273.36,457.74954770618257,184.38954770618255
TS0330B,rf,pressure_absolute,533,263.36,297.84484753521025,34.484847535210235
TS0330B,rf,pressure_absolute,543,253.36,299.3652027921755,46.00520279217551
TS0330B,rf,pressure_absolute,553,243.36,307.809251551242,64.44925155124201
TS0330B,rf,pressure_absolute,563,233.36,306.0963763175101,72.73637631751006
TS0330B,rf,pressure_absolute,573,223.36,309.4697387302494,86.10973873024938
TS0330B,rf,pressure_shape,203,593.36,354.69867249329616,238.66132750670386
TS0330B,rf,pressure_shape,213,583.36,390.4605801043505,192.8994198956495
TS0330B,rf,pressure_shape,223,573.36,382.64846495465605,190.71153504534396
TS0330B,rf,pressure_shape,233,563.36,408.20874346858045,155.15125653141956
TS0330B,rf,pressure_shape,243,553.36,450.6142147679987,102.74578523200131
TS0330B,rf,pressure_shape,253,543.36,434.0111091242491,109.3488908757509
TS0330B,rf,pressure_shape,263,533.36,441.1951999794928,92.16480002050719
TS0330B,rf,pressure_shape,273,523.36,457.7135938140258,65.64640618597423
TS0330B,rf,pressure_shape,283,513.36,430.66873633222554,82.69126366777448
TS0330B,rf,pressure_shape,293,503.36,321.448419688222,181.91158031177804
TS0330B,rf,pressure_shape,303,493.36,278.00958849058577,215.35041150941424
TS0330B,rf,pressure_shape,313,483.36,303.375812380925,179.984187619075
TS0330B,rf,pressure_shape,323,473.36,342.9435332310582,130.4164667689418
TS0330B,rf,pressure_shape,333,463.36,341.7236232447264,121.6363767552736
TS0330B,rf,pressure_shape,343,453.36,371.10615749121797,82.25384250878204
TS0330B,rf,pressure_shape,353,443.36,335.3162070404727,108.04379295952731
TS0330B,rf,pressure_shape,363,433.36,354.05558565689466,79.30441434310535
TS0330B,rf,pressure_shape,373,423.36,441.8639187033065,18.50391870330651
TS0330B,rf,pressure_shape,383,413.36,402.240084669233,11.119915330767014
TS0330B,rf,pressure_shape,393,403.36,426.5272135163843,23.167213516384265
TS0330B,rf,pressure_shape,403,393.36,424.6348115642142,31.27481156421419
TS0330B,rf,pressure_shape,413,383.36,413.3085286309709,29.948528630970884
TS0330B,rf,pressure_shape,423,373.36,383.26974680872826,9.909746808728244
TS0330B,rf,pressure_shape,433,363.36,357.75868471704666,5.601315282953351
TS0330B,rf,pressure_shape,443,353.36,335.85602585996384,17.503974140036178
TS0330B,rf,pressure_shape,453,343.36,344.50542281080544,1.145422810805428
TS0330B,rf,pressure_shape,463,333.36,325.0177336074293,8.342266392570707
TS0330B,rf,pressure_shape,473,323.36,325.6586524360186,2.2986524360185854
TS0330B,rf,pressure_shape,483,313.36,327.4467556983484,14.086755698348384
TS0330B,rf,pressure_shape,493,303.36,273.0584973046565,30.301502695343515
TS0330B,rf,pressure_shape,503,293.36,281.68004268888086,11.679957311119153
TS0330B,rf,pressure_shape,513,283.36,300.73928099122094,17.379280991220924
TS0330B,rf,pressure_shape,523,273.36,338.496585690016,65.13658569001598
TS0330B,rf,pressure_shape,533,263.36,382.97836920733107,119.61836920733106
TS0330B,rf,pressure_shape,543,253.36,364.13133155774966,110.77133155774965
TS0330B,rf,pressure_shape,553,243.36,389.61007177725406,146.25007177725405
TS0330B,rf,pressure_shape,563,233.36,396.95680765021746,163.59680765021744
TS0330B,rf,pressure_shape,573,223.36,377.0693862259659,153.7093862259659
TS0330B,rf,fusion_absolute,203,593.36,579.1775313928666,14.182468607133387
TS0330B,rf,fusion_absolute,213,583.36,576.5820834056784,6.777916594321596
TS0330B,rf,fusion_absolute,223,573.36,560.8650139740195,12.494986025980552
TS0330B,rf,fusion_absolute,233,563.36,546.8181167217255,16.541883278274554
TS0330B,rf,fusion_absolute,243,553.36,533.8002508111256,19.559749188874434
TS0330B,rf,fusion_absolute,253,543.36,520.9018688468476,22.458131153152408
TS0330B,rf,fusion_absolute,263,533.36,510.40084447170125,22.959155528298766
TS0330B,rf,fusion_absolute,273,523.36,487.6008627968452,35.75913720315481
TS0330B,rf,fusion_absolute,283,513.36,440.1057209670655,73.2542790329345
TS0330B,rf,fusion_absolute,293,503.36,429.0994356885708,74.26056431142922
TS0330B,rf,fusion_absolute,303,493.36,422.6882822628377,70.67171773716234
TS0330B,rf,fusion_absolute,313,483.36,419.0290438105343,64.33095618946572
TS0330B,rf,fusion_absolute,323,473.36,404.565129552339,68.79487044766103
TS0330B,rf,fusion_absolute,333,463.36,404.33614471473317,59.02385528526685
TS0330B,rf,fusion_absolute,343,453.36,406.6611518543963,46.69884814560373
TS0330B,rf,fusion_absolute,353,443.36,403.86755802930844,39.49244197069157
TS0330B,rf,fusion_absolute,363,433.36,400.898310363653,32.46168963634699
TS0330B,rf,fusion_absolute,373,423.36,400.88879595921395,22.471204040786063
TS0330B,rf,fusion_absolute,383,413.36,397.1634782578386,16.196521742161394
TS0330B,rf,fusion_absolute,393,403.36,391.9715930778327,11.388406922167292
TS0330B,rf,fusion_absolute,403,393.36,388.3577095873858,5.002290412614229
TS0330B,rf,fusion_absolute,413,383.36,378.28599261095235,5.074007389047665
TS0330B,rf,fusion_absolute,423,373.36,359.9302803987291,13.429719601270904
TS0330B,rf,fusion_absolute,433,363.36,344.25004735251514,19.109952647484874
TS0330B,rf,fusion_absolute,443,353.36,335.5263116485809,17.83368835141914
TS0330B,rf,fusion_absolute,453,343.36,334.93321335968835,8.426786640311661
TS0330B,rf,fusion_absolute,463,333.36,310.7570112396568,22.602988760343237
TS0330B,rf,fusion_absolute,473,323.36,294.5844624444786,28.775537555521396
TS0330B,rf,fusion_absolute,483,313.36,278.2732274074365,35.086772592563534
TS0330B,rf,fusion_absolute,493,303.36,260.28273940744305,43.07726059255697
TS0330B,rf,fusion_absolute,503,293.36,250.81759221497444,42.542407785025574
TS0330B,rf,fusion_absolute,513,283.36,248.22051946904278,35.13948053095723
TS0330B,rf,fusion_absolute,523,273.36,260.1356454171735,13.224354582826493
TS0330B,rf,fusion_absolute,533,263.36,262.34636763532563,1.013632364674379
TS0330B,rf,fusion_absolute,543,253.36,265.20683104303237,11.846831043032353
TS0330B,rf,fusion_absolute,553,243.36,264.5520839319213,21.192083931921275
TS0330B,rf,fusion_absolute,563,233.36,265.59796678460094,32.23796678460093
TS0330B,rf,fusion_absolute,573,223.36,265.2978156574776,41.937815657477586
TS0330B,rf,fusion_shape,203,593.36,579.0199754343809,14.34002456561916
TS0330B,rf,fusion_shape,213,583.36,576.1011560284164,7.2588439715835875
TS0330B,rf,fusion_shape,223,573.36,524.0707615129862,49.28923848701379
TS0330B,rf,fusion_shape,233,563.36,493.0639077610732,70.2960922389268
TS0330B,rf,fusion_shape,243,553.36,474.83840816875346,78.52159183124655
TS0330B,rf,fusion_shape,253,543.36,475.4016804756261,67.9583195243739
TS0330B,rf,fusion_shape,263,533.36,465.2631452336422,68.09685476635781
TS0330B,rf,fusion_shape,273,523.36,459.781030808871,63.57896919112903
TS0330B,rf,fusion_shape,283,513.36,434.03578454158793,79.32421545841208
TS0330B,rf,fusion_shape,293,503.36,430.9408015174218,72.41919848257822
TS0330B,rf,fusion_shape,303,493.36,426.07773458355143,67.28226541644858
TS0330B,rf,fusion_shape,313,483.36,419.84478928159206,63.51521071840796
TS0330B,rf,fusion_shape,323,473.36,399.4718160140747,73.88818398592531
TS0330B,rf,fusion_shape,333,463.36,393.3092070789827,70.05079292101732
TS0330B,rf,fusion_shape,343,453.36,390.8106072835121,62.54939271648789
TS0330B,rf,fusion_shape,353,443.36,380.25608790524063,63.10391209475938
TS0330B,rf,fusion_shape,363,433.36,384.21766425924983,49.142335740750184
TS0330B,rf,fusion_shape,373,423.36,402.67956220436025,20.68043779563976
TS0330B,rf,fusion_shape,383,413.36,391.82639535064874,21.533604649351275
TS0330B,rf,fusion_shape,393,403.36,389.0615997572462,14.298400242753814
TS0330B,rf,fusion_shape,403,393.36,377.24259646463827,16.117403535361746
TS0330B,rf,fusion_shape,413,383.36,356.9963206081709,26.363679391829123
TS0330B,rf,fusion_shape,423,373.36,330.498193894841,42.86180610515902
TS0330B,rf,fusion_shape,433,363.36,333.4140283569154,29.94597164308459
TS0330B,rf,fusion_shape,443,353.36,331.714565838637,21.645434161363028
TS0330B,rf,fusion_shape,453,343.36,332.63687414555386,10.723125854446153
TS0330B,rf,fusion_shape,463,333.36,300.98259947390187,32.37740052609814
TS0330B,rf,fusion_shape,473,323.36,281.9302007912675,41.429799208732504
TS0330B,rf,fusion_shape,483,313.36,270.1271792013605,43.23282079863952
TS0330B,rf,fusion_shape,493,303.36,229.48500371780906,73.87499628219095
TS0330B,rf,fusion_shape,503,293.36,233.13479254548318,60.225207454516834
TS0330B,rf,fusion_shape,513,283.36,232.340941626492,51.01905837350802
TS0330B,rf,fusion_shape,523,273.36,225.2938355049634,48.06616449503662
TS0330B,rf,fusion_shape,533,263.36,230.97024224404439,32.38975775595563
TS0330B,rf,fusion_shape,543,253.36,238.17791731287963,15.182082687120385
TS0330B,rf,fusion_shape,553,243.36,237.71154290248188,5.648457097518133
TS0330B,rf,fusion_shape,563,233.36,241.67234704253661,8.3123470425366
TS0330B,rf,fusion_shape,573,223.36,243.182020641464,19.82202064146398
TS0330C,huber,temperature,149,593.94,512.4900307187233,81.44996928127671
TS0330C,huber,temperature,159,583.94,510.7984894858539,73.14151051414615
TS0330C,huber,temperature,169,573.94,508.0329820086255,65.90701799137457
TS0330C,huber,temperature,179,563.94,493.89302287521895,70.04697712478111
TS0330C,huber,temperature,189,553.94,488.4554945918323,65.48450540816776
TS0330C,huber,temperature,199,543.94,481.15256267921364,62.78743732078641
TS0330C,huber,temperature,209,533.94,471.6388464619867,62.30115353801335
TS0330C,huber,temperature,219,523.94,461.5761119420176,62.36388805798248
TS0330C,huber,temperature,229,513.94,455.50869138490737,58.43130861509269
TS0330C,huber,temperature,239,503.94000000000005,439.3443772433811,64.59562275661898
TS0330C,huber,temperature,249,493.94000000000005,432.6302529443406,61.30974705565944
TS0330C,huber,temperature,259,483.94000000000005,426.25508099684174,57.68491900315831
TS0330C,huber,temperature,269,473.94000000000005,408.9173693203712,65.02263067962883
TS0330C,huber,temperature,279,463.94000000000005,400.0097322074379,63.93026779256218
TS0330C,huber,temperature,289,453.94000000000005,385.26265977304945,68.6773402269506
TS0330C,huber,temperature,299,443.94000000000005,367.3526598035226,76.58734019647744
TS0330C,huber,temperature,309,433.94000000000005,361.7348838106553,72.20511618934478
TS0330C,huber,temperature,319,423.94000000000005,354.1239770332139,69.81602296678614
TS0330C,huber,temperature,329,413.94000000000005,335.34928400963224,78.59071599036781
TS0330C,huber,temperature,339,403.94000000000005,324.20682150233745,79.7331784976626
TS0330C,huber,temperature,349,393.94000000000005,313.39814487359956,80.54185512640049
TS0330C,huber,temperature,359,383.94000000000005,292.7627140849642,91.17728591503584
TS0330C,huber,temperature,369,373.94000000000005,285.8961461713885,88.04385382861153
TS0330C,huber,temperature,379,363.94000000000005,279.6551698663975,84.28483013360255
TS0330C,huber,temperature,389,353.94000000000005,271.042174763699,82.89782523630106
TS0330C,huber,temperature,399,343.94000000000005,258.6840433977115,85.25595660228856
TS0330C,huber,temperature,409,333.94000000000005,244.1225432699898,89.81745673001026
TS0330C,huber,temperature,419,323.94000000000005,239.57462436453088,84.36537563546918
TS0330C,huber,temperature,429,313.94000000000005,240.07035126299647,73.86964873700359
TS0330C,huber,temperature,439,303.94000000000005,245.02307403044568,58.91692596955437
TS0330C,huber,temperature,449,293.94000000000005,245.306869109935,48.63313089006505
TS0330C,huber,temperature,459,283.94000000000005,239.03897857220207,44.901021427797986
TS0330C,huber,temperature,469,273.94000000000005,219.56232398991992,54.37767601008014
TS0330C,huber,pressure_absolute,149,593.94,427.970765727781,165.96923427221907
TS0330C,huber,pressure_absolute,159,583.94,427.2384717928787,156.70152820712133
TS0330C,huber,pressure_absolute,169,573.94,432.4948237514583,141.44517624854177
TS0330C,huber,pressure_absolute,179,563.94,429.294375228127,134.64562477187303
TS0330C,huber,pressure_absolute,189,553.94,418.6647091962309,135.27529080376917
TS0330C,huber,pressure_absolute,199,543.94,420.7306504481644,123.20934955183566
TS0330C,huber,pressure_absolute,209,533.94,427.5386736662731,106.40132633372696
TS0330C,huber,pressure_absolute,219,523.94,420.45359987023465,103.4864001297654
TS0330C,huber,pressure_absolute,229,513.94,426.0381337715767,87.90186622842333
TS0330C,huber,pressure_absolute,239,503.94000000000005,427.0077254590234,76.93227454097666
TS0330C,huber,pressure_absolute,249,493.94000000000005,433.2875763175306,60.652423682469475
TS0330C,huber,pressure_absolute,259,483.94000000000005,428.3281280806689,55.61187191933118
TS0330C,huber,pressure_absolute,269,473.94000000000005,415.6233535721329,58.31664642786717
TS0330C,huber,pressure_absolute,279,463.94000000000005,419.29493876861545,44.6450612313846
TS0330C,huber,pressure_absolute,289,453.94000000000005,413.7251430142207,40.21485698577936
TS0330C,huber,pressure_absolute,299,443.94000000000005,413.09770669036925,30.842293309630804
TS0330C,huber,pressure_absolute,309,433.94000000000005,416.65048078293546,17.289519217064594
TS0330C,huber,pressure_absolute,319,423.94000000000005,407.34938871626366,16.590611283736393
TS0330C,huber,pressure_absolute,329,413.94000000000005,398.2347518134759,15.705248186524159
TS0330C,huber,pressure_absolute,339,403.94000000000005,388.92427282995783,15.015727170042226
TS0330C,huber,pressure_absolute,349,393.94000000000005,362.2858215876066,31.654178412393435
TS0330C,huber,pressure_absolute,359,383.94000000000005,368.0765181863977,15.863481813602334
TS0330C,huber,pressure_absolute,369,373.94000000000005,322.8157403722631,51.12425962773693
TS0330C,huber,pressure_absolute,379,363.94000000000005,325.3876252954135,38.552374704586555
TS0330C,huber,pressure_absolute,389,353.94000000000005,329.8975843707537,24.042415629246364
TS0330C,huber,pressure_absolute,399,343.94000000000005,329.67675592214124,14.263244077858815
TS0330C,huber,pressure_absolute,409,333.94000000000005,326.4047750199117,7.535224980088344
TS0330C,huber,pressure_absolute,419,323.94000000000005,326.54588036113853,2.6058803611384747
TS0330C,huber,pressure_absolute,429,313.94000000000005,368.5325941734638,54.59259417346374
TS0330C,huber,pressure_absolute,439,303.94000000000005,324.2855911221558,20.345591122155724
TS0330C,huber,pressure_absolute,449,293.94000000000005,312.53207667278707,18.592076672787016
TS0330C,huber,pressure_absolute,459,283.94000000000005,318.99859443544756,35.0585944354475
TS0330C,huber,pressure_absolute,469,273.94000000000005,323.6475516083543,49.707551608354265
TS0330C,huber,pressure_shape,149,593.94,414.23085632979746,179.7091436702026
TS0330C,huber,pressure_shape,159,583.94,439.9744063122022,143.96559368779788
TS0330C,huber,pressure_shape,169,573.94,443.4066978800615,130.53330211993858
TS0330C,huber,pressure_shape,179,563.94,461.0539488681244,102.88605113187566
TS0330C,huber,pressure_shape,189,553.94,481.40778717914,72.53221282086008
TS0330C,huber,pressure_shape,199,543.94,450.56276583868475,93.3772341613153
TS0330C,huber,pressure_shape,209,533.94,456.6968184525868,77.24318154741326
TS0330C,huber,pressure_shape,219,523.94,506.661892029667,17.278107970333053
TS0330C,huber,pressure_shape,229,513.94,338.3021850349642,175.63781496503583
TS0330C,huber,pressure_shape,239,503.94000000000005,373.6593729513946,130.28062704860548
TS0330C,huber,pressure_shape,249,493.94000000000005,316.22226964307634,177.7177303569237
TS0330C,huber,pressure_shape,259,483.94000000000005,324.464623120262,159.47537687973806
TS0330C,huber,pressure_shape,269,473.94000000000005,332.02700754389855,141.9129924561015
TS0330C,huber,pressure_shape,279,463.94000000000005,333.6767273207293,130.26327267927076
TS0330C,huber,pressure_shape,289,453.94000000000005,336.48453529712566,117.4554647028744
TS0330C,huber,pressure_shape,299,443.94000000000005,350.23215229093455,93.7078477090655
TS0330C,huber,pressure_shape,309,433.94000000000005,352.7611448682707,81.17885513172934
TS0330C,huber,pressure_shape,319,423.94000000000005,362.634281442962,61.30571855703806
TS0330C,huber,pressure_shape,329,413.94000000000005,368.582087181003,45.35791281899708
TS0330C,huber,pressure_shape,339,403.94000000000005,356.897043982134,47.04295601786606
TS0330C,huber,pressure_shape,349,393.94000000000005,347.6799116866447,46.26008831335537
TS0330C,huber,pressure_shape,359,383.94000000000005,341.96845821998113,41.971541780018924
TS0330C,huber,pressure_shape,369,373.94000000000005,336.36543077437227,37.57456922562778
TS0330C,huber,pressure_shape,379,363.94000000000005,324.4122576424595,39.527742357540546
TS0330C,huber,pressure_shape,389,353.94000000000005,322.0085457518526,31.931454248147475
TS0330C,huber,pressure_shape,399,343.94000000000005,335.42766557699895,8.512334423001107
TS0330C,huber,pressure_shape,409,333.94000000000005,314.8839345090845,19.056065490915557
TS0330C,huber,pressure_shape,419,323.94000000000005,333.0725170625806,9.132517062580519
TS0330C,huber,pressure_shape,429,313.94000000000005,432.65512009609904,118.71512009609899
TS0330C,huber,pressure_shape,439,303.94000000000005,222.01508597042925,81.9249140295708
TS0330C,huber,pressure_shape,449,293.94000000000005,324.8848804055131,30.94488040551306
TS0330C,huber,pressure_shape,459,283.94000000000005,347.64373695336747,63.70373695336741
TS0330C,huber,pressure_shape,469,273.94000000000005,370.2175971130871,96.27759711308704
TS0330C,huber,fusion_absolute,149,593.94,535.3000947497912,58.63990525020881
TS0330C,huber,fusion_absolute,159,583.94,533.166336702726,50.773663297274084
TS0330C,huber,fusion_absolute,169,573.94,530.3638534833361,43.576146516663925
TS0330C,huber,fusion_absolute,179,563.94,519.2015248824468,44.73847511755321
TS0330C,huber,fusion_absolute,189,553.94,512.3396524439402,41.60034755605989
TS0330C,huber,fusion_absolute,199,543.94,505.8017061607236,38.13829383927646
TS0330C,huber,fusion_absolute,209,533.94,503.1149196478374,30.825080352162672
TS0330C,huber,fusion_absolute,219,523.94,493.5106201701781,30.429379829821983
TS0330C,huber,fusion_absolute,229,513.94,482.13129410616233,31.808705893837725
TS0330C,huber,fusion_absolute,239,503.94000000000005,467.78950634629314,36.15049365370692
TS0330C,huber,fusion_absolute,249,493.94000000000005,451.43612104769556,42.50387895230449
TS0330C,huber,fusion_absolute,259,483.94000000000005,438.87032775245285,45.0696722475472
TS0330C,huber,fusion_absolute,269,473.94000000000005,419.3941911283378,54.545808871662246
TS0330C,huber,fusion_absolute,279,463.94000000000005,405.7650808691386,58.17491913086144
TS0330C,huber,fusion_absolute,289,453.94000000000005,388.7751058255439,65.16489417445615
TS0330C,huber,fusion_absolute,299,443.94000000000005,373.25599169899914,70.68400830100092
TS0330C,huber,fusion_absolute,309,433.94000000000005,363.47046700669665,70.4695329933034
TS0330C,huber,fusion_absolute,319,423.94000000000005,352.3326146410728,71.60738535892727
TS0330C,huber,fusion_absolute,329,413.94000000000005,341.8584097534273,72.08159024657277
TS0330C,huber,fusion_absolute,339,403.94000000000005,326.4372693735388,77.50273062646124
TS0330C,huber,fusion_absolute,349,393.94000000000005,320.74215974292684,73.19784025707321
TS0330C,huber,fusion_absolute,359,383.94000000000005,309.87819735415457,74.06180264584549
TS0330C,huber,fusion_absolute,369,373.94000000000005,297.5793518015547,76.36064819844535
TS0330C,huber,fusion_absolute,379,363.94000000000005,294.54008580301115,69.3999141969889
TS0330C,huber,fusion_absolute,389,353.94000000000005,289.1053248815279,64.83467511847215
TS0330C,huber,fusion_absolute,399,343.94000000000005,281.1578957801006,62.78210421989945
TS0330C,huber,fusion_absolute,409,333.94000000000005,268.1096269367559,65.83037306324417
TS0330C,huber,fusion_absolute,419,323.94000000000005,258.4927171810304,65.44728281896965
TS0330C,huber,fusion_absolute,429,313.94000000000005,275.80404313129486,38.13595686870519
TS0330C,huber,fusion_absolute,439,303.94000000000005,236.72948981497578,67.21051018502428
TS0330C,huber,fusion_absolute,449,293.94000000000005,235.9298821175218,58.010117882478255
TS0330C,huber,fusion_absolute,459,283.94000000000005,232.06095358785845,51.879046412141605
TS0330C,huber,fusion_absolute,469,273.94000000000005,220.89517811987682,53.04482188012324
TS0330C,huber,fusion_shape,149,593.94,499.02583549449014,94.91416450550992
TS0330C,huber,fusion_shape,159,583.94,505.1162078459949,78.82379215400516
TS0330C,huber,fusion_shape,169,573.94,509.3632255066626,64.57677449333744
TS0330C,huber,fusion_shape,179,563.94,498.0887601552761,65.85123984472398
TS0330C,huber,fusion_shape,189,553.94,493.35213708250865,60.58786291749141
TS0330C,huber,fusion_shape,199,543.94,485.4870357460957,58.45296425390433
TS0330C,huber,fusion_shape,209,533.94,510.3368405042812,23.60315949571884
TS0330C,huber,fusion_shape,219,523.94,470.65860412226345,53.2813958777366
TS0330C,huber,fusion_shape,229,513.94,475.5568953931848,38.383104606815266
TS0330C,huber,fusion_shape,239,503.94000000000005,461.78631726986697,42.153682730133085
TS0330C,huber,fusion_shape,249,493.94000000000005,436.04601640749627,57.89398359250379
TS0330C,huber,fusion_shape,259,483.94000000000005,452.027424078532,31.912575921468033
TS0330C,huber,fusion_shape,269,473.94000000000005,419.8471235392788,54.09287646072124
TS0330C,huber,fusion_shape,279,463.94000000000005,413.4467113354364,50.493288664563636
TS0330C,huber,fusion_shape,289,453.94000000000005,397.3279339467614,56.612066053238664
TS0330C,huber,fusion_shape,299,443.94000000000005,377.5610212354838,66.37897876451626
TS0330C,huber,fusion_shape,309,433.94000000000005,368.89907945196353,65.04092054803652
TS0330C,huber,fusion_shape,319,423.94000000000005,354.9823391376484,68.95766086235164
TS0330C,huber,fusion_shape,329,413.94000000000005,341.44812766560096,72.49187233439909
TS0330C,huber,fusion_shape,339,403.94000000000005,335.6754402933368,68.26455970666325
TS0330C,huber,fusion_shape,349,393.94000000000005,321.7731373059147,72.16686269408535
TS0330C,huber,fusion_shape,359,383.94000000000005,299.25973322027176,84.6802667797283
TS0330C,huber,fusion_shape,369,373.94000000000005,281.83461904813225,92.1053809518678
TS0330C,huber,fusion_shape,379,363.94000000000005,292.84904084762167,71.09095915237839
TS0330C,huber,fusion_shape,389,353.94000000000005,276.048614230957,77.89138576904304
TS0330C,huber,fusion_shape,399,343.94000000000005,240.13640484263925,103.8035951573608
TS0330C,huber,fusion_shape,409,333.94000000000005,244.85269809523837,89.08730190476169
TS0330C,huber,fusion_shape,419,323.94000000000005,228.44377768572443,95.49622231427563
TS0330C,huber,fusion_shape,429,313.94000000000005,322.03915190907543,8.099151909075374
TS0330C,huber,fusion_shape,439,303.94000000000005,219.42546131548613,84.51453868451392
TS0330C,huber,fusion_shape,449,293.94000000000005,268.99486450858063,24.94513549141942
TS0330C,huber,fusion_shape,459,283.94000000000005,251.12055579266433,32.81944420733572
TS0330C,huber,fusion_shape,469,273.94000000000005,231.27939226677364,42.66060773322641
TS0330C,rf,temperature,149,593.94,558.9303871201265,35.00961287987354
TS0330C,rf,temperature,159,583.94,549.4881072030685,34.45189279693159
TS0330C,rf,temperature,169,573.94,527.941993972244,45.998006027756105
TS0330C,rf,temperature,179,563.94,504.2691824742124,59.67081752578764
TS0330C,rf,temperature,189,553.94,492.4432641321053,61.496735867894756
TS0330C,rf,temperature,199,543.94,484.2836828083397,59.65631719166038
TS0330C,rf,temperature,209,533.94,478.1361551973304,55.80384480266963
TS0330C,rf,temperature,219,523.94,463.1048902936237,60.83510970637633
TS0330C,rf,temperature,229,513.94,451.69858674025494,62.241413259745116
TS0330C,rf,temperature,239,503.94000000000005,439.2160464374783,64.72395356252173
TS0330C,rf,temperature,249,493.94000000000005,429.4623054462195,64.47769455378057
TS0330C,rf,temperature,259,483.94000000000005,416.04814564737495,67.8918543526251
TS0330C,rf,temperature,269,473.94000000000005,400.8138075355139,73.12619246448617
TS0330C,rf,temperature,279,463.94000000000005,395.7259515255422,68.21404847445785
TS0330C,rf,temperature,289,453.94000000000005,390.2985502146637,63.64144978533636
TS0330C,rf,temperature,299,443.94000000000005,367.3649096703684,76.57509032963168
TS0330C,rf,temperature,309,433.94000000000005,350.6938970265658,83.24610297343423
TS0330C,rf,temperature,319,423.94000000000005,340.967926795661,82.97207320433904
TS0330C,rf,temperature,329,413.94000000000005,338.2520331497932,75.68796685020686
TS0330C,rf,temperature,339,403.94000000000005,328.8660190540726,75.07398094592747
TS0330C,rf,temperature,349,393.94000000000005,312.0677968284062,81.87220317159387
TS0330C,rf,temperature,359,383.94000000000005,306.4056807839959,77.53431921600418
TS0330C,rf,temperature,369,373.94000000000005,296.62737520468016,77.31262479531989
TS0330C,rf,temperature,379,363.94000000000005,289.2251612213571,74.71483877864296
TS0330C,rf,temperature,389,353.94000000000005,270.9739283282954,82.96607167170464
TS0330C,rf,temperature,399,343.94000000000005,260.02916545103136,83.9108345489687
TS0330C,rf,temperature,409,333.94000000000005,260.6446012571462,73.29539874285388
TS0330C,rf,temperature,419,323.94000000000005,247.1252815140123,76.81471848598775
TS0330C,rf,temperature,429,313.94000000000005,235.38160880018097,78.55839119981908
TS0330C,rf,temperature,439,303.94000000000005,234.9648602422143,68.97513975778577
TS0330C,rf,temperature,449,293.94000000000005,227.92594533262508,66.01405466737498
TS0330C,rf,temperature,459,283.94000000000005,225.7163799121764,58.22362008782366
TS0330C,rf,temperature,469,273.94000000000005,222.60471657515396,51.3352834248461
TS0330C,rf,pressure_absolute,149,593.94,418.381717815553,175.55828218444708
TS0330C,rf,pressure_absolute,159,583.94,418.0488201645504,165.89117983544963
TS0330C,rf,pressure_absolute,169,573.94,420.03961917573315,153.9003808242669
TS0330C,rf,pressure_absolute,179,563.94,419.6593323575513,144.28066764244875
TS0330C,rf,pressure_absolute,189,553.94,415.82351025019227,138.11648974980778
TS0330C,rf,pressure_absolute,199,543.94,415.9620150317626,127.97798496823748
TS0330C,rf,pressure_absolute,209,533.94,419.22456705491106,114.71543294508899
TS0330C,rf,pressure_absolute,219,523.94,418.82638156549297,105.11361843450709
TS0330C,rf,pressure_absolute,229,513.94,387.1477350864703,126.79226491352978
TS0330C,rf,pressure_absolute,239,503.94000000000005,383.1454244858421,120.79457551415794
TS0330C,rf,pressure_absolute,249,493.94000000000005,370.4065945648321,123.53340543516794
TS0330C,rf,pressure_absolute,259,483.94000000000005,387.3709933042022,96.56900669579784
TS0330C,rf,pressure_absolute,269,473.94000000000005,388.1636974318534,85.77630256814666
TS0330C,rf,pressure_absolute,279,463.94000000000005,388.08915883371077,75.85084116628929
TS0330C,rf,pressure_absolute,289,453.94000000000005,386.478780036821,67.46121996317908
TS0330C,rf,pressure_absolute,299,443.94000000000005,384.7942860145704,59.145713985429666
TS0330C,rf,pressure_absolute,309,433.94000000000005,385.17355534563615,48.76644465436391
TS0330C,rf,pressure_absolute,319,423.94000000000005,381.44668744365083,42.493312556349224
TS0330C,rf,pressure_absolute,329,413.94000000000005,384.81288986945395,29.1271101305461
TS0330C,rf,pressure_absolute,339,403.94000000000005,385.0961115590025,18.843888440997546
TS0330C,rf,pressure_absolute,349,393.94000000000005,363.833980357494,30.106019642506055
TS0330C,rf,pressure_absolute,359,383.94000000000005,367.29931604088154,16.64068395911852
TS0330C,rf,pressure_absolute,369,373.94000000000005,359.25435071799194,14.685649282008114
TS0330C,rf,pressure_absolute,379,363.94000000000005,350.35570087315386,13.58429912684619
TS0330C,rf,pressure_absolute,389,353.94000000000005,349.0800989341718,4.8599010658282396
TS0330C,rf,pressure_absolute,399,343.94000000000005,296.9080555115685,47.03194448843158
TS0330C,rf,pressure_absolute,409,333.94000000000005,300.24705747177256,33.69294252822749
TS0330C,rf,pressure_absolute,419,323.94000000000005,300.7746644247053,23.165335575294762
TS0330C,rf,pressure_absolute,429,313.94000000000005,386.8110893647887,72.87108936478865
TS0330C,rf,pressure_absolute,439,303.94000000000005,361.3170397009975,57.37703970099744
TS0330C,rf,pressure_absolute,449,293.94000000000005,359.6396586735571,65.69965867355705
TS0330C,rf,pressure_absolute,459,283.94000000000005,359.99526139791607,76.05526139791601
TS0330C,rf,pressure_absolute,469,273.94000000000005,362.056585167212,88.11658516721195
TS0330C,rf,pressure_shape,149,593.94,440.06241493971106,153.877585060289
TS0330C,rf,pressure_shape,159,583.94,431.82203561052535,152.1179643894747
TS0330C,rf,pressure_shape,169,573.94,434.90200110317727,139.03799889682278
TS0330C,rf,pressure_shape,179,563.94,433.46836975538446,130.4716302446156
TS0330C,rf,pressure_shape,189,553.94,478.316882158426,75.62311784157407
TS0330C,rf,pressure_shape,199,543.94,446.4346314188733,97.50536858112673
TS0330C,rf,pressure_shape,209,533.94,395.53488952267645,138.4051104773236
TS0330C,rf,pressure_shape,219,523.94,387.3686725054725,136.57132749452757
TS0330C,rf,pressure_shape,229,513.94,358.4825881835357,155.45741181646434
TS0330C,rf,pressure_shape,239,503.94000000000005,350.77458311795414,153.16541688204592
TS0330C,rf,pressure_shape,249,493.94000000000005,328.90857937205783,165.03142062794223
TS0330C,rf,pressure_shape,259,483.94000000000005,371.6096704062764,112.33032959372366
TS0330C,rf,pressure_shape,269,473.94000000000005,426.9181704981909,47.02182950180918
TS0330C,rf,pressure_shape,279,463.94000000000005,409.45930093768044,54.480699062319616
TS0330C,rf,pressure_shape,289,453.94000000000005,411.1087004892865,42.83129951071356
TS0330C,rf,pressure_shape,299,443.94000000000005,413.1404298264911,30.799570173508982
TS0330C,rf,pressure_shape,309,433.94000000000005,406.0938264587071,27.846173541292956
TS0330C,rf,pressure_shape,319,423.94000000000005,397.32981606654255,26.610183933457506
TS0330C,rf,pressure_shape,329,413.94000000000005,401.02984697605194,12.910153023948112
TS0330C,rf,pressure_shape,339,403.94000000000005,379.75456561070104,24.18543438929902
TS0330C,rf,pressure_shape,349,393.94000000000005,367.28391972319696,26.656080276803095
TS0330C,rf,pressure_shape,359,383.94000000000005,374.8960067201202,9.043993279879828
TS0330C,rf,pressure_shape,369,373.94000000000005,349.1686691256483,24.771330874351747
TS0330C,rf,pressure_shape,379,363.94000000000005,354.00136475389445,9.938635246105605
TS0330C,rf,pressure_shape,389,353.94000000000005,376.9943768171712,23.054376817171146
TS0330C,rf,pressure_shape,399,343.94000000000005,331.1427446792548,12.79725532074525
TS0330C,rf,pressure_shape,409,333.94000000000005,347.7583807953987,13.818380795398639
TS0330C,rf,pressure_shape,419,323.94000000000005,366.89322056388437,42.953220563884315
TS0330C,rf,pressure_shape,429,313.94000000000005,327.30408175480534,13.364081754805284
TS0330C,rf,pressure_shape,439,303.94000000000005,314.75256991857157,10.812569918571512
TS0330C,rf,pressure_shape,449,293.94000000000005,340.86311733641105,46.923117336410996
TS0330C,rf,pressure_shape,459,283.94000000000005,352.806910485822,68.86691048582196
TS0330C,rf,pressure_shape,469,273.94000000000005,353.5934932452598,79.65349324525977
TS0330C,rf,fusion_absolute,149,593.94,567.3811768303971,26.558823169602988
TS0330C,rf,fusion_absolute,159,583.94,560.6345423066507,23.305457693349354
TS0330C,rf,fusion_absolute,169,573.94,547.1804717156731,26.75952828432696
TS0330C,rf,fusion_absolute,179,563.94,535.8882231687487,28.051776831251345
TS0330C,rf,fusion_absolute,189,553.94,522.627467957557,31.31253204244308
TS0330C,rf,fusion_absolute,199,543.94,512.9109168211065,31.02908317889353
TS0330C,rf,fusion_absolute,209,533.94,495.16472374173776,38.775276258262295
TS0330C,rf,fusion_absolute,219,523.94,469.27329054080474,54.66670945919532
TS0330C,rf,fusion_absolute,229,513.94,453.3088683999586,60.63113160004144
TS0330C,rf,fusion_absolute,239,503.94000000000005,447.4212145373232,56.518785462676874
TS0330C,rf,fusion_absolute,249,493.94000000000005,444.5986489703351,49.34135102966496
TS0330C,rf,fusion_absolute,259,483.94000000000005,436.82249890079606,47.11750109920399
TS0330C,rf,fusion_absolute,269,473.94000000000005,424.6561013798806,49.28389862011943
TS0330C,rf,fusion_absolute,279,463.94000000000005,419.82672210057814,44.11327789942192
TS0330C,rf,fusion_absolute,289,453.94000000000005,410.3279985479925,43.612001452007576
TS0330C,rf,fusion_absolute,299,443.94000000000005,392.9978287323956,50.942171267604465
TS0330C,rf,fusion_absolute,309,433.94000000000005,387.97510338986416,45.964896610135895
TS0330C,rf,fusion_absolute,319,423.94000000000005,376.9408953529647,46.99910464703538
TS0330C,rf,fusion_absolute,329,413.94000000000005,370.52056722747426,43.419432772525795
TS0330C,rf,fusion_absolute,339,403.94000000000005,363.35567044203526,40.58432955796479
TS0330C,rf,fusion_absolute,349,393.94000000000005,354.4793862231653,39.46061377683475
TS0330C,rf,fusion_absolute,359,383.94000000000005,338.17953683884366,45.760463161156395
TS0330C,rf,fusion_absolute,369,373.94000000000005,323.3269445278499,50.613055472150165
TS0330C,rf,fusion_absolute,379,363.94000000000005,315.388448611104,48.55155138889603
TS0330C,rf,fusion_absolute,389,353.94000000000005,294.6048850645426,59.335114935457455
TS0330C,rf,fusion_absolute,399,343.94000000000005,286.72688646499824,57.21311353500181
TS0330C,rf,fusion_absolute,409,333.94000000000005,279.9044190475993,54.03558095240078
TS0330C,rf,fusion_absolute,419,323.94000000000005,267.2956907632374,56.64430923676264
TS0330C,rf,fusion_absolute,429,313.94000000000005,262.1826764507382,51.757323549261855
TS0330C,rf,fusion_absolute,439,303.94000000000005,257.61119374941313,46.32880625058692
TS0330C,rf,fusion_absolute,449,293.94000000000005,246.95500181675422,46.984998183245835
TS0330C,rf,fusion_absolute,459,283.94000000000005,237.54713563525104,46.392864364749016
TS0330C,rf,fusion_absolute,469,273.94000000000005,235.22979839462133,38.71020160537873
TS0330C,rf,fusion_shape,149,593.94,572.220803999689,21.719196000311058
TS0330C,rf,fusion_shape,159,583.94,565.2240630979985,18.715936902001545
TS0330C,rf,fusion_shape,169,573.94,551.0649467401298,22.875053259870242
TS0330C,rf,fusion_shape,179,563.94,513.5133672206128,50.426632779387205
TS0330C,rf,fusion_shape,189,553.94,504.2507722862662,49.68922771373383
TS0330C,rf,fusion_shape,199,543.94,499.7837768985297,44.156223101470346
TS0330C,rf,fusion_shape,209,533.94,480.4583008106567,53.481699189343374
TS0330C,rf,fusion_shape,219,523.94,446.32806198473276,77.6119380152673
TS0330C,rf,fusion_shape,229,513.94,433.4093297524247,80.53067024757536
TS0330C,rf,fusion_shape,239,503.94000000000005,428.30483307722807,75.63516692277199
TS0330C,rf,fusion_shape,249,493.94000000000005,424.0261575389108,69.91384246108925
TS0330C,rf,fusion_shape,259,483.94000000000005,423.09023814074897,60.84976185925109
TS0330C,rf,fusion_shape,269,473.94000000000005,416.9518047260933,56.98819527390674
TS0330C,rf,fusion_shape,279,463.94000000000005,410.1729978274794,53.76700217252068
TS0330C,rf,fusion_shape,289,453.94000000000005,398.58548222440544,55.354517775594616
TS0330C,rf,fusion_shape,299,443.94000000000005,378.2455085053378,65.69449149466226
TS0330C,rf,fusion_shape,309,433.94000000000005,375.7069567436206,58.23304325637946
TS0330C,rf,fusion_shape,319,423.94000000000005,368.26339990921156,55.6766000907885
TS0330C,rf,fusion_shape,329,413.94000000000005,361.5884308784219,52.351569121578166
TS0330C,rf,fusion_shape,339,403.94000000000005,351.8532194086892,52.086780591310855
TS0330C,rf,fusion_shape,349,393.94000000000005,334.8870053590188,59.05299464098124
TS0330C,rf,fusion_shape,359,383.94000000000005,324.0524090654735,59.88759093452654
TS0330C,rf,fusion_shape,369,373.94000000000005,318.4140472509591,55.52595274904098
TS0330C,rf,fusion_shape,379,363.94000000000005,311.96733919302613,51.97266080697392
TS0330C,rf,fusion_shape,389,353.94000000000005,284.83477678155714,69.10522321844292
TS0330C,rf,fusion_shape,399,343.94000000000005,270.9643981618716,72.97560183812845
TS0330C,rf,fusion_shape,409,333.94000000000005,273.62597667024284,60.31402332975722
TS0330C,rf,fusion_shape,419,323.94000000000005,252.37062044209824,71.56937955790181
TS0330C,rf,fusion_shape,429,313.94000000000005,241.84805362383378,72.09194637616628
TS0330C,rf,fusion_shape,439,303.94000000000005,240.797706894851,63.142293105149065
TS0330C,rf,fusion_shape,449,293.94000000000005,237.6863480647314,56.253651935268664
TS0330C,rf,fusion_shape,459,283.94000000000005,229.29426589797058,54.64573410202948
TS0330C,rf,fusion_shape,469,273.94000000000005,225.33480214579365,48.60519785420641
TS0330D,huber,temperature,153,543.01,509.1939856695156,33.81601433048439
TS0330D,huber,temperature,163,533.01,497.61617374655776,35.39382625344223
TS0330D,huber,temperature,173,523.01,502.4903931297022,20.519606870297764
TS0330D,huber,temperature,183,513.01,496.74947852901806,16.260521470981928
TS0330D,huber,temperature,193,503.01,491.07137820913863,11.938621790861362
TS0330D,huber,temperature,203,493.01,487.0428692965204,5.967130703479597
TS0330D,huber,temperature,213,483.01,480.6866782551619,2.323321744838097
TS0330D,huber,temperature,223,473.01,462.20566224972606,10.80433775027393
TS0330D,huber,temperature,233,463.01,461.0698425722389,1.9401574277611076
TS0330D,huber,temperature,243,453.01,454.9051906171337,1.8951906171337214
TS0330D,huber,temperature,253,443.01,438.9085774648327,4.1014225351672735
TS0330D,huber,temperature,263,433.01,438.78776495458965,5.7777649545896566
TS0330D,huber,temperature,273,423.01,420.13257806274964,2.8774219372503467
TS0330D,huber,temperature,283,413.01,399.18474401891854,13.825255981081455
TS0330D,huber,temperature,293,403.01,391.1673153203454,11.84268467965461
TS0330D,huber,temperature,303,393.01,366.36511294924355,26.644887050756438
TS0330D,huber,temperature,313,383.01,355.92907654808715,27.080923451912838
TS0330D,huber,temperature,323,373.01,334.85427645349347,38.15572354650652
TS0330D,huber,temperature,333,363.01,321.46260747558995,41.54739252441004
TS0330D,huber,temperature,343,353.01,312.5185962678384,40.49140373216159
TS0330D,huber,temperature,353,343.01,289.88271213671777,53.12728786328222
TS0330D,huber,temperature,363,333.01,286.55239928507353,46.45760071492646
TS0330D,huber,temperature,373,323.01,281.94031374129054,41.06968625870945
TS0330D,huber,temperature,383,313.01,274.13311019074376,38.87688980925623
TS0330D,huber,temperature,393,303.01,252.83746536844802,50.17253463155197
TS0330D,huber,temperature,403,293.01,247.84300742418802,45.166992575811975
TS0330D,huber,temperature,413,283.01,243.83090849504586,39.17909150495413
TS0330D,huber,temperature,423,273.01,229.8707741687857,43.139225831214304
TS0330D,huber,temperature,433,263.01,235.30299062895924,27.707009371040755
TS0330D,huber,temperature,443,253.01,238.83490402283016,14.175095977169832
TS0330D,huber,temperature,453,243.01,237.91281894774804,5.097181052251955
TS0330D,huber,temperature,463,233.01,227.43330513305526,5.5766948669447345
TS0330D,huber,pressure_absolute,153,543.01,405.0720731724831,137.9379268275169
TS0330D,huber,pressure_absolute,163,533.01,419.70989209708966,113.30010790291033
TS0330D,huber,pressure_absolute,173,523.01,423.71731582175465,99.29268417824534
TS0330D,huber,pressure_absolute,183,513.01,425.7808434461356,87.22915655386441
TS0330D,huber,pressure_absolute,193,503.01,417.9751436123255,85.0348563876745
TS0330D,huber,pressure_absolute,203,493.01,419.8228793367978,73.18712066320217
TS0330D,huber,pressure_absolute,213,483.01,417.6526765805284,65.35732341947158
TS0330D,huber,pressure_absolute,223,473.01,427.66626026712413,45.34373973287586
TS0330D,huber,pressure_absolute,233,463.01,412.2936395769621,50.716360423037884
TS0330D,huber,pressure_absolute,243,453.01,405.8302894420114,47.179710557988585
TS0330D,huber,pressure_absolute,253,443.01,399.86610367988163,43.14389632011836
TS0330D,huber,pressure_absolute,263,433.01,397.99760315327916,35.01239684672083
TS0330D,huber,pressure_absolute,273,423.01,368.5048437356396,54.50515626436038
TS0330D,huber,pressure_absolute,283,413.01,357.3366146026345,55.67338539736551
TS0330D,huber,pressure_absolute,293,403.01,351.3909863318743,51.61901366812572
TS0330D,huber,pressure_absolute,303,393.01,336.67573584263624,56.33426415736375
TS0330D,huber,pressure_absolute,313,383.01,343.36751349912646,39.64248650087353
TS0330D,huber,pressure_absolute,323,373.01,318.21277999295626,54.797220007043734
TS0330D,huber,pressure_absolute,333,363.01,324.59487087158465,38.415129128415344
TS0330D,huber,pressure_absolute,343,353.01,327.090623258146,25.919376741853966
TS0330D,huber,pressure_absolute,353,343.01,330.9851784223358,12.02482157766417
TS0330D,huber,pressure_absolute,363,333.01,327.7165434791172,5.293456520882785
TS0330D,huber,pressure_absolute,373,323.01,327.9375586801416,4.927558680141601
TS0330D,huber,pressure_absolute,383,313.01,298.6173760308128,14.392623969187184
TS0330D,huber,pressure_absolute,393,303.01,300.30887672610436,2.7011232738956323
TS0330D,huber,pressure_absolute,403,293.01,298.22509646144437,5.215096461444375
TS0330D,huber,pressure_absolute,413,283.01,292.57747405073883,9.567474050738838
TS0330D,huber,pressure_absolute,423,273.01,288.7846663262955,15.774666326295517
TS0330D,huber,pressure_absolute,433,263.01,349.2087019740505,86.1987019740505
TS0330D,huber,pressure_absolute,443,253.01,293.484491567215,40.47449156721501
TS0330D,huber,pressure_absolute,453,243.01,284.1684370074346,41.1584370074346
TS0330D,huber,pressure_absolute,463,233.01,288.96622106945784,55.956221069457854
TS0330D,huber,pressure_shape,153,543.01,470.5504379397957,72.45956206020429
TS0330D,huber,pressure_shape,163,533.01,463.6385957192497,69.37140428075031
TS0330D,huber,pressure_shape,173,523.01,447.8773068373338,75.13269316266621
TS0330D,huber,pressure_shape,183,513.01,468.3691687980303,44.64083120196972
TS0330D,huber,pressure_shape,193,503.01,503.9580252387203,0.9480252387203336
TS0330D,huber,pressure_shape,203,493.01,569.4983069548151,76.48830695481513
TS0330D,huber,pressure_shape,213,483.01,528.6856492532586,45.6756492532586
TS0330D,huber,pressure_shape,223,473.01,495.30593339530594,22.29593339530595
TS0330D,huber,pressure_shape,233,463.01,488.86636244457634,25.856362444576348
TS0330D,huber,pressure_shape,243,453.01,484.1657794923327,31.155779492332726
TS0330D,huber,pressure_shape,253,443.01,476.9961299551463,33.98612995514628
TS0330D,huber,pressure_shape,263,433.01,404.69280203161503,28.31719796838496
TS0330D,huber,pressure_shape,273,423.01,385.6707606684014,37.339239331598606
TS0330D,huber,pressure_shape,283,413.01,406.04693040201255,6.963069597987442
TS0330D,huber,pressure_shape,293,403.01,386.1986875204879,16.811312479512083
TS0330D,huber,pressure_shape,303,393.01,362.21779661017354,30.792203389826454
TS0330D,huber,pressure_shape,313,383.01,354.14996263673356,28.86003736326643
TS0330D,huber,pressure_shape,323,373.01,311.80819186252853,61.20180813747146
TS0330D,huber,pressure_shape,333,363.01,337.5025554032747,25.507444596725293
TS0330D,huber,pressure_shape,343,353.01,335.0813568665178,17.928643133482183
TS0330D,huber,pressure_shape,353,343.01,336.01388768649343,6.996112313506558
TS0330D,huber,pressure_shape,363,333.01,341.7715068202159,8.761506820215914
TS0330D,huber,pressure_shape,373,323.01,353.7719290089638,30.76192900896382
TS0330D,huber,pressure_shape,383,313.01,345.41153560111,32.40153560111003
TS0330D,huber,pressure_shape,393,303.01,331.4571469002538,28.447146900253813
TS0330D,huber,pressure_shape,403,293.01,312.6379913438341,19.627991343834083
TS0330D,huber,pressure_shape,413,283.01,306.781628809871,23.771628809871004
TS0330D,huber,pressure_shape,423,273.01,275.505952097129,2.4959520971290203
TS0330D,huber,pressure_shape,433,263.01,225.57315619036464,37.43684380963535
TS0330D,huber,pressure_shape,443,253.01,304.4000899864294,51.390089986429416
TS0330D,huber,pressure_shape,453,243.01,335.22258009339197,92.21258009339198
TS0330D,huber,pressure_shape,463,233.01,369.7020076662798,136.69200766627984
TS0330D,huber,fusion_absolute,153,543.01,518.7576821652315,24.25231783476852
TS0330D,huber,fusion_absolute,163,533.01,514.0945783589374,18.915421641062608
TS0330D,huber,fusion_absolute,173,523.01,517.3013345032758,5.708665496724166
TS0330D,huber,fusion_absolute,183,513.01,508.304962052513,4.7050379474869715
TS0330D,huber,fusion_absolute,193,503.01,503.1778053116949,0.16780531169490587
TS0330D,huber,fusion_absolute,203,493.01,495.1604083393877,2.1504083393876954
TS0330D,huber,fusion_absolute,213,483.01,486.49785354103585,3.487853541035861
TS0330D,huber,fusion_absolute,223,473.01,471.70112715902417,1.3088728409758232
TS0330D,huber,fusion_absolute,233,463.01,467.00226249876323,3.992262498763239
TS0330D,huber,fusion_absolute,243,453.01,455.13798791363433,2.1279879136343425
TS0330D,huber,fusion_absolute,253,443.01,438.16037243422784,4.849627565772153
TS0330D,huber,fusion_absolute,263,433.01,429.6064598669069,3.403540133093088
TS0330D,huber,fusion_absolute,273,423.01,413.8214303957747,9.188569604225279
TS0330D,huber,fusion_absolute,283,413.01,396.82039560428336,16.18960439571663
TS0330D,huber,fusion_absolute,293,403.01,385.42511941338415,17.58488058661584
TS0330D,huber,fusion_absolute,303,393.01,364.70439289170395,28.305607108296044
TS0330D,huber,fusion_absolute,313,383.01,353.52092351856203,29.489076481437962
TS0330D,huber,fusion_absolute,323,373.01,332.6139096717891,40.3960903282109
TS0330D,huber,fusion_absolute,333,363.01,326.2335986683801,36.776401331619866
TS0330D,huber,fusion_absolute,343,353.01,317.26025409101794,35.74974590898205
TS0330D,huber,fusion_absolute,353,343.01,304.53935968898566,38.470640311014336
TS0330D,huber,fusion_absolute,363,333.01,298.9443663352114,34.065633664788606
TS0330D,huber,fusion_absolute,373,323.01,289.6190978235945,33.39090217640552
TS0330D,huber,fusion_absolute,383,313.01,275.04889463216205,37.961105367837945
TS0330D,huber,fusion_absolute,393,303.01,255.07510784913973,47.934892150860264
TS0330D,huber,fusion_absolute,403,293.01,244.83340906024435,48.17659093975564
TS0330D,huber,fusion_absolute,413,283.01,239.89588879612143,43.114111203878565
TS0330D,huber,fusion_absolute,423,273.01,228.26019296493064,44.74980703506935
TS0330D,huber,fusion_absolute,433,263.01,269.3556886127843,6.345688612784329
TS0330D,huber,fusion_absolute,443,253.01,263.640825486254,10.630825486254025
TS0330D,huber,fusion_absolute,453,243.01,261.83688977815416,18.826889778154168
TS0330D,huber,fusion_absolute,463,233.01,255.21531493581,22.20531493581001
TS0330D,huber,fusion_shape,153,543.01,455.26005976393463,87.74994023606536
TS0330D,huber,fusion_shape,163,533.01,447.89827475522054,85.11172524477945
TS0330D,huber,fusion_shape,173,523.01,463.3658248618124,59.64417513818756
TS0330D,huber,fusion_shape,183,513.01,456.87626469181396,56.13373530818603
TS0330D,huber,fusion_shape,193,503.01,447.45827859157265,55.55172140842734
TS0330D,huber,fusion_shape,203,493.01,436.37078879747685,56.63921120252314
TS0330D,huber,fusion_shape,213,483.01,431.0416754380906,51.96832456190941
TS0330D,huber,fusion_shape,223,473.01,415.18214637488944,57.82785362511055
TS0330D,huber,fusion_shape,233,463.01,417.82582740998794,45.184172590012054
TS0330D,huber,fusion_shape,243,453.01,405.8088328354163,47.201167164583694
TS0330D,huber,fusion_shape,253,443.01,387.65801015326394,55.351989846736046
TS0330D,huber,fusion_shape,263,433.01,386.6007037234625,46.409296276537475
TS0330D,huber,fusion_shape,273,423.01,401.59865093178,21.411349068219977
TS0330D,huber,fusion_shape,283,413.01,386.4539214087778,26.556078591222217
TS0330D,huber,fusion_shape,293,403.01,371.65965666319,31.35034333681
TS0330D,huber,fusion_shape,303,393.01,361.25112536987314,31.758874630126854
TS0330D,huber,fusion_shape,313,383.01,352.7369279151079,30.27307208489208
TS0330D,huber,fusion_shape,323,373.01,330.559056036533,42.45094396346701
TS0330D,huber,fusion_shape,333,363.01,331.3669883016059,31.643011698394105
TS0330D,huber,fusion_shape,343,353.01,312.6057884398357,40.4042115601643
TS0330D,huber,fusion_shape,353,343.01,297.8112290884496,45.19877091155041
TS0330D,huber,fusion_shape,363,333.01,292.96799190281496,40.04200809718503
TS0330D,huber,fusion_shape,373,323.01,275.0725037022842,47.93749629771577
TS0330D,huber,fusion_shape,383,313.01,253.42450257561848,59.585497424381515
TS0330D,huber,fusion_shape,393,303.01,223.60131401950167,79.40868598049832
TS0330D,huber,fusion_shape,403,293.01,208.42018175932665,84.58981824067334
TS0330D,huber,fusion_shape,413,283.01,211.42387858973632,71.58612141026367
TS0330D,huber,fusion_shape,423,273.01,196.33430839436093,76.67569160563906
TS0330D,huber,fusion_shape,433,263.01,299.9839028475664,36.97390284756642
TS0330D,huber,fusion_shape,443,253.01,227.7926602948241,25.217339705175903
TS0330D,huber,fusion_shape,453,243.01,236.35299181934215,6.65700818065784
TS0330D,huber,fusion_shape,463,233.01,234.08959383765114,1.0795938376511458
TS0330D,rf,temperature,153,543.01,532.237877051355,10.772122948645006
TS0330D,rf,temperature,163,533.01,530.7569772441593,2.253022755840675
TS0330D,rf,temperature,173,523.01,511.05396523350083,11.956034766499158
TS0330D,rf,temperature,183,513.01,500.3728832032154,12.637116796784596
TS0330D,rf,temperature,193,503.01,486.9625207440802,16.047479255919768
TS0330D,rf,temperature,203,493.01,480.78098908031274,12.229010919687255
TS0330D,rf,temperature,213,483.01,466.629810535987,16.38018946401297
TS0330D,rf,temperature,223,473.01,449.89409552809394,23.11590447190605
TS0330D,rf,temperature,233,463.01,440.1809717574347,22.8290282425653
TS0330D,rf,temperature,243,453.01,432.18811311550604,20.82188688449395
TS0330D,rf,temperature,253,443.01,422.888346290038,20.121653709962004
TS0330D,rf,temperature,263,433.01,413.49635179003934,19.51364820996065
TS0330D,rf,temperature,273,423.01,406.2784776681254,16.7315223318746
TS0330D,rf,temperature,283,413.01,408.1912025086297,4.818797491370276
TS0330D,rf,temperature,293,403.01,390.1955381696138,12.814461830386165
TS0330D,rf,temperature,303,393.01,375.6626517012731,17.3473482987269
TS0330D,rf,temperature,313,383.01,355.8950854879733,27.1149145120267
TS0330D,rf,temperature,323,373.01,343.7770184445592,29.2329815554408
TS0330D,rf,temperature,333,363.01,336.005217775494,27.004782224506016
TS0330D,rf,temperature,343,353.01,331.88692702760085,21.123072972399143
TS0330D,rf,temperature,353,343.01,313.5152901567371,29.49470984326291
TS0330D,rf,temperature,363,333.01,306.0946160018712,26.91538399812879
TS0330D,rf,temperature,373,323.01,301.9940772159238,21.015922784076167
TS0330D,rf,temperature,383,313.01,298.75251055180985,14.257489448190142
TS0330D,rf,temperature,393,303.01,269.44774502149806,33.562254978501926
TS0330D,rf,temperature,403,293.01,271.0336857317377,21.976314268262286
TS0330D,rf,temperature,413,283.01,270.80651587263384,12.203484127366153
TS0330D,rf,temperature,423,273.01,252.82241222242374,20.187587777576255
TS0330D,rf,temperature,433,263.01,221.5138912027352,41.49610879726478
TS0330D,rf,temperature,443,253.01,222.9369766276387,30.07302337236129
TS0330D,rf,temperature,453,243.01,227.531429310753,15.478570689246993
TS0330D,rf,temperature,463,233.01,223.66751888332325,9.342481116676737
TS0330D,rf,pressure_absolute,153,543.01,427.6310404290764,115.3789595709236
TS0330D,rf,pressure_absolute,163,533.01,430.7488497411109,102.26115025888907
TS0330D,rf,pressure_absolute,173,523.01,443.2723410960596,79.73765890394037
TS0330D,rf,pressure_absolute,183,513.01,452.9347125692823,60.07528743071771
TS0330D,rf,pressure_absolute,193,503.01,437.71631187427573,65.29368812572426
TS0330D,rf,pressure_absolute,203,493.01,451.63657984378904,41.373420156210955
TS0330D,rf,pressure_absolute,213,483.01,449.9039783973953,33.1060216026047
TS0330D,rf,pressure_absolute,223,473.01,454.3565964545336,18.653403545466404
TS0330D,rf,pressure_absolute,233,463.01,453.13800800415436,9.871991995845633
TS0330D,rf,pressure_absolute,243,453.01,442.81520741917075,10.194792580829244
TS0330D,rf,pressure_absolute,253,443.01,440.8864088335289,2.123591166471101
TS0330D,rf,pressure_absolute,263,433.01,441.44648582622875,8.436485826228761
TS0330D,rf,pressure_absolute,273,423.01,429.41695210514223,6.4069521051422385
TS0330D,rf,pressure_absolute,283,413.01,401.8773158204378,11.132684179562204
TS0330D,rf,pressure_absolute,293,403.01,389.60036659674404,13.409633403255953
TS0330D,rf,pressure_absolute,303,393.01,384.72326326209225,8.286736737907745
TS0330D,rf,pressure_absolute,313,383.01,384.8640232620923,1.854023262092312
TS0330D,rf,pressure_absolute,323,373.01,362.8506836506404,10.159316349359585
TS0330D,rf,pressure_absolute,333,363.01,370.6541347143242,7.644134714324196
TS0330D,rf,pressure_absolute,343,353.01,342.32629647155096,10.68370352844903
TS0330D,rf,pressure_absolute,353,343.01,339.7642119177914,3.2457880822086054
TS0330D,rf,pressure_absolute,363,333.01,340.1947501555521,7.184750155552081
TS0330D,rf,pressure_absolute,373,323.01,341.7663303905948,18.756330390594826
TS0330D,rf,pressure_absolute,383,313.01,350.94258987350935,37.93258987350936
TS0330D,rf,pressure_absolute,393,303.01,348.2579925327683,45.24799253276831
TS0330D,rf,pressure_absolute,403,293.01,346.8168090663817,53.80680906638173
TS0330D,rf,pressure_absolute,413,283.01,344.38307409473293,61.37307409473294
TS0330D,rf,pressure_absolute,423,273.01,345.8479061851888,72.83790618518879
TS0330D,rf,pressure_absolute,433,263.01,361.9910670553406,98.98106705534059
TS0330D,rf,pressure_absolute,443,253.01,419.61915413111166,166.60915413111167
TS0330D,rf,pressure_absolute,453,243.01,419.24069263363276,176.23069263363277
TS0330D,rf,pressure_absolute,463,233.01,401.75424844307963,168.74424844307964
TS0330D,rf,pressure_shape,153,543.01,459.0840695950655,83.92593040493449
TS0330D,rf,pressure_shape,163,533.01,458.29441943953327,74.71558056046672
TS0330D,rf,pressure_shape,173,523.01,473.8703206377646,49.13967936223537
TS0330D,rf,pressure_shape,183,513.01,484.1630870968767,28.84691290312327
TS0330D,rf,pressure_shape,193,503.01,432.2680086247346,70.7419913752654
TS0330D,rf,pressure_shape,203,493.01,453.1425962842415,39.867403715758485
TS0330D,rf,pressure_shape,213,483.01,440.0094849119945,43.0005150880055
TS0330D,rf,pressure_shape,223,473.01,438.6850949180335,34.324905081966506
TS0330D,rf,pressure_shape,233,463.01,441.98453632396325,21.025463676036736
TS0330D,rf,pressure_shape,243,453.01,438.2792783640593,14.73072163594071
TS0330D,rf,pressure_shape,253,443.01,446.27436329905953,3.2643632990595393
TS0330D,rf,pressure_shape,263,433.01,395.03401339060804,37.97598660939195
TS0330D,rf,pressure_shape,273,423.01,432.6610927902803,9.651092790280302
TS0330D,rf,pressure_shape,283,413.01,407.60849763953115,5.4015023604688395
TS0330D,rf,pressure_shape,293,403.01,436.78968248564604,33.77968248564605
TS0330D,rf,pressure_shape,303,393.01,443.72228323500883,50.71228323500884
TS0330D,rf,pressure_shape,313,383.01,437.11785441891686,54.10785441891687
TS0330D,rf,pressure_shape,323,373.01,249.1882121729689,123.8217878270311
TS0330D,rf,pressure_shape,333,363.01,263.5921706849034,99.41782931509658
TS0330D,rf,pressure_shape,343,353.01,286.48431447688625,66.52568552311374
TS0330D,rf,pressure_shape,353,343.01,295.38147589766305,47.62852410233694
TS0330D,rf,pressure_shape,363,333.01,293.3526374593914,39.657362540608574
TS0330D,rf,pressure_shape,373,323.01,292.083476842263,30.926523157736995
TS0330D,rf,pressure_shape,383,313.01,299.29542771045635,13.71457228954364
TS0330D,rf,pressure_shape,393,303.01,259.4556935116222,43.55430648837779
TS0330D,rf,pressure_shape,403,293.01,243.86350367045273,49.14649632954726
TS0330D,rf,pressure_shape,413,283.01,261.90690627900455,21.103093720995446
TS0330D,rf,pressure_shape,423,273.01,218.20241673127012,54.80758326872987
TS0330D,rf,pressure_shape,433,263.01,306.2377023711001,43.22770237110012
TS0330D,rf,pressure_shape,443,253.01,313.4159941370326,60.40599413703262
TS0330D,rf,pressure_shape,453,243.01,326.97116003953073,83.96116003953074
TS0330D,rf,pressure_shape,463,233.01,390.5332186873991,157.5232186873991
TS0330D,rf,fusion_absolute,153,543.01,569.7339236532794,26.72392365327937
TS0330D,rf,fusion_absolute,163,533.01,552.0920015881472,19.08200158814725
TS0330D,rf,fusion_absolute,173,523.01,543.0104353851079,20.00043538510795
TS0330D,rf,fusion_absolute,183,513.01,531.4785470467571,18.468547046757067
TS0330D,rf,fusion_absolute,193,503.01,515.5563224748859,12.54632247488587
TS0330D,rf,fusion_absolute,203,493.01,507.6527591129715,14.642759112971532
TS0330D,rf,fusion_absolute,213,483.01,489.44384243858957,6.433842438589579
TS0330D,rf,fusion_absolute,223,473.01,468.1374829619244,4.872517038075614
TS0330D,rf,fusion_absolute,233,463.01,466.390934713867,3.3809347138670205
TS0330D,rf,fusion_absolute,243,453.01,461.60462531060506,8.594625310605068
TS0330D,rf,fusion_absolute,253,443.01,457.3970002479864,14.387000247986407
TS0330D,rf,fusion_absolute,263,433.01,446.93631543346334,13.926315433463344
TS0330D,rf,fusion_absolute,273,423.01,437.4878441986435,14.477844198643481
TS0330D,rf,fusion_absolute,283,413.01,402.2516152186226,10.758384781377401
TS0330D,rf,fusion_absolute,293,403.01,373.3143931550765,29.695606844923475
TS0330D,rf,fusion_absolute,303,393.01,348.4670036256818,44.54299637431819
TS0330D,rf,fusion_absolute,313,383.01,332.63306393167835,50.37693606832164
TS0330D,rf,fusion_absolute,323,373.01,321.3435830226557,51.666416977344284
TS0330D,rf,fusion_absolute,333,363.01,318.72826279524077,44.281737204759224
TS0330D,rf,fusion_absolute,343,353.01,321.9918583422245,31.018141657775516
TS0330D,rf,fusion_absolute,353,343.01,325.71140671585,17.29859328415
TS0330D,rf,fusion_absolute,363,333.01,327.9810427229885,5.0289572770115
TS0330D,rf,fusion_absolute,373,323.01,323.17873971930237,0.16873971930237985
TS0330D,rf,fusion_absolute,383,313.01,305.15125426618476,7.858745733815226
TS0330D,rf,fusion_absolute,393,303.01,291.67095813577146,11.339041864228534
TS0330D,rf,fusion_absolute,403,293.01,285.59454199266924,7.415458007330756
TS0330D,rf,fusion_absolute,413,283.01,283.44899081775236,0.43899081775236937
TS0330D,rf,fusion_absolute,423,273.01,270.4958694920007,2.5141305079993117
TS0330D,rf,fusion_absolute,433,263.01,281.93610061609263,18.92610061609264
TS0330D,rf,fusion_absolute,443,253.01,268.75105161578534,15.741051615785352
TS0330D,rf,fusion_absolute,453,243.01,260.6201443342942,17.610144334294205
TS0330D,rf,fusion_absolute,463,233.01,259.1263496180008,26.11634961800081
TS0330D,rf,fusion_shape,153,543.01,524.4597478628523,18.55025213714771
TS0330D,rf,fusion_shape,163,533.01,523.1232593608064,9.88674063919359
TS0330D,rf,fusion_shape,173,523.01,556.0263341689196,33.01633416891957
TS0330D,rf,fusion_shape,183,513.01,535.3398488131428,22.329848813142803
TS0330D,rf,fusion_shape,193,503.01,496.78061018402104,6.229389815978948
TS0330D,rf,fusion_shape,203,493.01,492.09260780889844,0.9173921911015555
TS0330D,rf,fusion_shape,213,483.01,475.03978335165596,7.970216648344035
TS0330D,rf,fusion_shape,223,473.01,452.2398744447181,20.77012555528188
TS0330D,rf,fusion_shape,233,463.01,441.57459321405213,21.435406785947862
TS0330D,rf,fusion_shape,243,453.01,432.0431001694678,20.966899830532213
TS0330D,rf,fusion_shape,253,443.01,426.88868338975624,16.121316610243753
TS0330D,rf,fusion_shape,263,433.01,416.9453630661461,16.064636933853876
TS0330D,rf,fusion_shape,273,423.01,400.27400233592516,22.73599766407483
TS0330D,rf,fusion_shape,283,413.01,374.089011016123,38.92098898387701
TS0330D,rf,fusion_shape,293,403.01,345.5837586150825,57.42624138491749
TS0330D,rf,fusion_shape,303,393.01,321.72632898453736,71.28367101546263
TS0330D,rf,fusion_shape,313,383.01,295.2083652074542,87.80163479254577
TS0330D,rf,fusion_shape,323,373.01,285.536374204934,87.47362579506597
TS0330D,rf,fusion_shape,333,363.01,292.3984124803119,70.6115875196881
TS0330D,rf,fusion_shape,343,353.01,298.4236491161297,54.586350883870296
TS0330D,rf,fusion_shape,353,343.01,297.39945440652593,45.61054559347406
TS0330D,rf,fusion_shape,363,333.01,290.8859862325456,42.124013767454414
TS0330D,rf,fusion_shape,373,323.01,283.17381991901107,39.836180080988925
TS0330D,rf,fusion_shape,383,313.01,291.8158503591308,21.19414964086917
TS0330D,rf,fusion_shape,393,303.01,261.8114791193407,41.198520880659316
TS0330D,rf,fusion_shape,403,293.01,248.1725908937897,44.83740910621029
TS0330D,rf,fusion_shape,413,283.01,258.1511233968031,24.858876603196904
TS0330D,rf,fusion_shape,423,273.01,207.90955038044532,65.10044961955467
TS0330D,rf,fusion_shape,433,263.01,226.87830021173508,36.13169978826491
TS0330D,rf,fusion_shape,443,253.01,222.1899964745248,30.820003525475187
TS0330D,rf,fusion_shape,453,243.01,227.45926968155956,15.55073031844043
TS0330D,rf,fusion_shape,463,233.01,219.45523854236768,13.55476145763231
TS0330E,huber,temperature,154,526.8,543.4510842014707,16.65108420147078
TS0330E,huber,temperature,164,516.8,539.9369936285063,23.13699362850639
TS0330E,huber,temperature,174,506.79999999999995,537.5768467315476,30.776846731547607
TS0330E,huber,temperature,184,496.79999999999995,531.5504162233394,34.75041622333947
TS0330E,huber,temperature,194,486.79999999999995,523.9446285859566,37.14462858595664
TS0330E,huber,temperature,204,476.79999999999995,519.1669527474388,42.36695274743886
TS0330E,huber,temperature,214,466.79999999999995,508.22898973644226,41.428989736442304
TS0330E,huber,temperature,224,456.79999999999995,504.92832171426573,48.12832171426578
TS0330E,huber,temperature,234,446.79999999999995,503.414938160848,56.614938160848055
TS0330E,huber,temperature,244,436.79999999999995,490.0996455295177,53.29964552951776
TS0330E,huber,temperature,254,426.79999999999995,472.989791170952,46.18979117095205
TS0330E,huber,temperature,264,416.79999999999995,464.36050873175066,47.5605087317507
TS0330E,huber,temperature,274,406.79999999999995,449.0502609318092,42.25026093180924
TS0330E,huber,temperature,284,396.79999999999995,432.9243851899488,36.12438518994884
TS0330E,huber,temperature,294,386.79999999999995,421.4017597708379,34.60175977083793
TS0330E,huber,temperature,304,376.79999999999995,409.44520123486,32.64520123486005
TS0330E,huber,temperature,314,366.79999999999995,390.5203161017089,23.72031610170893
TS0330E,huber,temperature,324,356.79999999999995,387.52126040278335,30.7212604027834
TS0330E,huber,temperature,334,346.79999999999995,368.4107994917605,21.61079949176053
TS0330E,huber,temperature,344,336.79999999999995,365.99264981578136,29.192649815781408
TS0330E,huber,temperature,354,326.79999999999995,363.56022772914287,36.76022772914291
TS0330E,huber,temperature,364,316.79999999999995,358.4142127348635,41.61421273486354
TS0330E,huber,temperature,374,306.79999999999995,338.93507500720386,32.13507500720391
TS0330E,huber,temperature,384,296.79999999999995,330.7117097194774,33.91170971947747
TS0330E,huber,temperature,394,286.79999999999995,324.47471568743515,37.674715687435196
TS0330E,huber,temperature,404,276.79999999999995,319.3745411218191,42.57454112181915
TS0330E,huber,temperature,414,266.79999999999995,325.80010636311926,59.0001063631193
TS0330E,huber,temperature,424,256.79999999999995,318.5200774653014,61.72007746530147
TS0330E,huber,temperature,434,246.79999999999995,306.71627534694284,59.91627534694288
TS0330E,huber,temperature,444,236.79999999999995,297.3618229347321,60.56182293473216
TS0330E,huber,temperature,454,226.79999999999995,269.89598141976313,43.09598141976318
TS0330E,huber,temperature,464,216.79999999999995,265.45072150674287,48.65072150674291
TS0330E,huber,temperature,474,206.79999999999995,261.01495673105177,54.214956731051814
TS0330E,huber,temperature,484,196.79999999999995,255.93535890369864,59.13535890369869
TS0330E,huber,temperature,494,186.79999999999995,229.87551109302632,43.075511093026364
TS0330E,huber,temperature,504,176.79999999999995,223.50644243300565,46.70644243300569
TS0330E,huber,temperature,514,166.79999999999995,229.4938109292334,62.69381092923345
TS0330E,huber,temperature,524,156.79999999999995,233.4182953790355,76.61829537903554
TS0330E,huber,temperature,534,146.79999999999995,230.48037255453426,83.6803725545343
TS0330E,huber,pressure_absolute,154,526.8,409.023428617094,117.77657138290596
TS0330E,huber,pressure_absolute,164,516.8,435.4560222012205,81.34397779877946
TS0330E,huber,pressure_absolute,174,506.79999999999995,436.5380956940654,70.26190430593454
TS0330E,huber,pressure_absolute,184,496.79999999999995,451.19693018754845,45.60306981245151
TS0330E,huber,pressure_absolute,194,486.79999999999995,448.68605995764676,38.11394004235319
TS0330E,huber,pressure_absolute,204,476.79999999999995,440.9311320204924,35.86886797950757
TS0330E,huber,pressure_absolute,214,466.79999999999995,455.91905618679124,10.880943813208717
TS0330E,huber,pressure_absolute,224,456.79999999999995,452.0603793323038,4.739620667696158
TS0330E,huber,pressure_absolute,234,446.79999999999995,437.6214527929173,9.178547207082659
TS0330E,huber,pressure_absolute,244,436.79999999999995,414.80377264481433,21.996227355185624
TS0330E,huber,pressure_absolute,254,426.79999999999995,413.4622345053485,13.337765494651478
TS0330E,huber,pressure_absolute,264,416.79999999999995,402.3945158532907,14.405484146709227
TS0330E,huber,pressure_absolute,274,406.79999999999995,365.8498778944627,40.950122105537275
TS0330E,huber,pressure_absolute,284,396.79999999999995,347.26000772402176,49.53999227597819
TS0330E,huber,pressure_absolute,294,386.79999999999995,344.83326522408686,41.966734775913096
TS0330E,huber,pressure_absolute,304,376.79999999999995,331.5361014374978,45.26389856250216
TS0330E,huber,pressure_absolute,314,366.79999999999995,323.0159918521103,43.784008147889665
TS0330E,huber,pressure_absolute,324,356.79999999999995,322.7707552795366,34.02924472046334
TS0330E,huber,pressure_absolute,334,346.79999999999995,305.5525705339903,41.247429466009635
TS0330E,huber,pressure_absolute,344,336.79999999999995,313.354643123178,23.44535687682196
TS0330E,huber,pressure_absolute,354,326.79999999999995,311.57607970825717,15.223920291742786
TS0330E,huber,pressure_absolute,364,316.79999999999995,304.3127108018916,12.487289198108328
TS0330E,huber,pressure_absolute,374,306.79999999999995,302.2246818107765,4.575318189223481
TS0330E,huber,pressure_absolute,384,296.79999999999995,309.2375554317341,12.437555431734154
TS0330E,huber,pressure_absolute,394,286.79999999999995,305.0202231920256,18.220223192025628
TS0330E,huber,pressure_absolute,404,276.79999999999995,292.86384837249295,16.063848372493
TS0330E,huber,pressure_absolute,414,266.79999999999995,289.6918987141828,22.891898714182844
TS0330E,huber,pressure_absolute,424,256.79999999999995,300.7930312916746,43.99303129167464
TS0330E,huber,pressure_absolute,434,246.79999999999995,300.28603884629564,53.486038846295685
TS0330E,huber,pressure_absolute,444,236.79999999999995,295.53992428655283,58.73992428655288
TS0330E,huber,pressure_absolute,454,226.79999999999995,301.9015704018859,75.10157040188597
TS0330E,huber,pressure_absolute,464,216.79999999999995,291.928483861423,75.12848386142304
TS0330E,huber,pressure_absolute,474,206.79999999999995,295.63959996254374,88.83959996254379
TS0330E,huber,pressure_absolute,484,196.79999999999995,302.5893961413323,105.78939614133236
TS0330E,huber,pressure_absolute,494,186.79999999999995,293.4780521025561,106.67805210255614
TS0330E,huber,pressure_absolute,504,176.79999999999995,271.10406380932363,94.30406380932368
TS0330E,huber,pressure_absolute,514,166.79999999999995,261.757774180335,94.95777418033504
TS0330E,huber,pressure_absolute,524,156.79999999999995,258.7949086977185,101.99490869771853
TS0330E,huber,pressure_absolute,534,146.79999999999995,264.65708360529703,117.85708360529708
TS0330E,huber,pressure_shape,154,526.8,362.39526801455816,164.4047319854418
TS0330E,huber,pressure_shape,164,516.8,355.2955869662693,161.50441303373066
TS0330E,huber,pressure_shape,174,506.79999999999995,360.67648521888395,146.123514781116
TS0330E,huber,pressure_shape,184,496.79999999999995,371.11583755618767,125.68416244381228
TS0330E,huber,pressure_shape,194,486.79999999999995,375.76535531789375,111.0346446821062
TS0330E,huber,pressure_shape,204,476.79999999999995,379.98237494587204,96.81762505412792
TS0330E,huber,pressure_shape,214,466.79999999999995,381.2096331346487,85.59036686535126
TS0330E,huber,pressure_shape,224,456.79999999999995,388.8942619627594,67.90573803724055
TS0330E,huber,pressure_shape,234,446.79999999999995,384.38069382502204,62.41930617497792
TS0330E,huber,pressure_shape,244,436.79999999999995,368.6809087120559,68.11909128794406
TS0330E,huber,pressure_shape,254,426.79999999999995,357.310531517813,69.48946848218696
TS0330E,huber,pressure_shape,264,416.79999999999995,371.038895954258,45.761104045741945
TS0330E,huber,pressure_shape,274,406.79999999999995,356.85554815849093,49.94445184150902
TS0330E,huber,pressure_shape,284,396.79999999999995,316.11776253361677,80.68223746638319
TS0330E,huber,pressure_shape,294,386.79999999999995,365.8867328263507,20.913267173649274
TS0330E,huber,pressure_shape,304,376.79999999999995,350.3468782271011,26.45312177289884
TS0330E,huber,pressure_shape,314,366.79999999999995,370.8368136910133,4.036813691013322
TS0330E,huber,pressure_shape,324,356.79999999999995,403.4655298586785,46.66552985867855
TS0330E,huber,pressure_shape,334,346.79999999999995,347.5819080177027,0.7819080177027331
TS0330E,huber,pressure_shape,344,336.79999999999995,360.56136823200825,23.761368232008294
TS0330E,huber,pressure_shape,354,326.79999999999995,377.1507486362465,50.35074863624652
TS0330E,huber,pressure_shape,364,316.79999999999995,370.29900386049155,53.4990038604916
TS0330E,huber,pressure_shape,374,306.79999999999995,373.49988027927407,66.69988027927411
TS0330E,huber,pressure_shape,384,296.79999999999995,337.8970818246688,41.09708182466886
TS0330E,huber,pressure_shape,394,286.79999999999995,347.8393773522704,61.039377352270435
TS0330E,huber,pressure_shape,404,276.79999999999995,355.01916805538195,78.219168055382
TS0330E,huber,pressure_shape,414,266.79999999999995,354.56216485673156,87.7621648567316
TS0330E,huber,pressure_shape,424,256.79999999999995,319.6240850804351,62.82408508043517
TS0330E,huber,pressure_shape,434,246.79999999999995,366.03618841031795,119.236188410318
TS0330E,huber,pressure_shape,444,236.79999999999995,383.7694945708019,146.96949457080194
TS0330E,huber,pressure_shape,454,226.79999999999995,367.3647422574926,140.56474225749264
TS0330E,huber,pressure_shape,464,216.79999999999995,376.3536865306589,159.55368653065892
TS0330E,huber,pressure_shape,474,206.79999999999995,423.87543275134726,217.0754327513473
TS0330E,huber,pressure_shape,484,196.79999999999995,377.71368934965625,180.9136893496563
TS0330E,huber,pressure_shape,494,186.79999999999995,331.04693371387765,144.2469337138777
TS0330E,huber,pressure_shape,504,176.79999999999995,311.7287948791917,134.92879487919174
TS0330E,huber,pressure_shape,514,166.79999999999995,318.8722053926398,152.07220539263983
TS0330E,huber,pressure_shape,524,156.79999999999995,340.86363482510484,184.06363482510488
TS0330E,huber,pressure_shape,534,146.79999999999995,356.4462445986218,209.64624459862182
TS0330E,huber,fusion_absolute,154,526.8,557.9783017498627,31.178301749862726
TS0330E,huber,fusion_absolute,164,516.8,549.5398377598387,32.73983775983879
TS0330E,huber,fusion_absolute,174,506.79999999999995,542.6836776504673,35.88367765046735
TS0330E,huber,fusion_absolute,184,496.79999999999995,536.5947749810275,39.79477498102756
TS0330E,huber,fusion_absolute,194,486.79999999999995,533.3435367843076,46.54353678430766
TS0330E,huber,fusion_absolute,204,476.79999999999995,526.9225724058872,50.12257240588724
TS0330E,huber,fusion_absolute,214,466.79999999999995,514.2884381762191,47.48843817621912
TS0330E,huber,fusion_absolute,224,456.79999999999995,509.7476736645318,52.94767366453186
TS0330E,huber,fusion_absolute,234,446.79999999999995,516.746302873928,69.94630287392806
TS0330E,huber,fusion_absolute,244,436.79999999999995,507.0319188854679,70.23191888546796
TS0330E,huber,fusion_absolute,254,426.79999999999995,496.05521993248306,69.2552199324831
TS0330E,huber,fusion_absolute,264,416.79999999999995,499.6483455745394,82.84834557453945
TS0330E,huber,fusion_absolute,274,406.79999999999995,454.2468009764675,47.44680097646756
TS0330E,huber,fusion_absolute,284,396.79999999999995,436.83765271855464,40.03765271855468
TS0330E,huber,fusion_absolute,294,386.79999999999995,420.79831716701125,33.998317167011294
TS0330E,huber,fusion_absolute,304,376.79999999999995,408.2484229651395,31.44842296513957
TS0330E,huber,fusion_absolute,314,366.79999999999995,390.3356609974352,23.53566099743523
TS0330E,huber,fusion_absolute,324,356.79999999999995,385.25009012306134,28.450090123061386
TS0330E,huber,fusion_absolute,334,346.79999999999995,365.6129210687949,18.812921068794935
TS0330E,huber,fusion_absolute,344,336.79999999999995,358.44594300464087,21.645943004640912
TS0330E,huber,fusion_absolute,354,326.79999999999995,354.657383485114,27.857383485114042
TS0330E,huber,fusion_absolute,364,316.79999999999995,346.1423035631061,29.342303563106157
TS0330E,huber,fusion_absolute,374,306.79999999999995,332.80524950412206,26.005249504122105
TS0330E,huber,fusion_absolute,384,296.79999999999995,320.57032489001654,23.77032489001658
TS0330E,huber,fusion_absolute,394,286.79999999999995,313.7369012172853,26.936901217285367
TS0330E,huber,fusion_absolute,404,276.79999999999995,306.35983851408935,29.559838514089392
TS0330E,huber,fusion_absolute,414,266.79999999999995,303.06318616100486,36.26318616100491
TS0330E,huber,fusion_absolute,424,256.79999999999995,293.65526665381446,36.85526665381451
TS0330E,huber,fusion_absolute,434,246.79999999999995,279.28152184231624,32.48152184231628
TS0330E,huber,fusion_absolute,444,236.79999999999995,273.39797162590946,36.59797162590951
TS0330E,huber,fusion_absolute,454,226.79999999999995,252.43241250935623,25.63241250935627
TS0330E,huber,fusion_absolute,464,216.79999999999995,243.78018659699046,26.980186596990507
TS0330E,huber,fusion_absolute,474,206.79999999999995,239.71982408408266,32.919824084082705
TS0330E,huber,fusion_absolute,484,196.79999999999995,249.83828738879018,53.03828738879022
TS0330E,huber,fusion_absolute,494,186.79999999999995,237.19184506131083,50.391845061310875
TS0330E,huber,fusion_absolute,504,176.79999999999995,226.99105212862776,50.1910521286278
TS0330E,huber,fusion_absolute,514,166.79999999999995,220.56706999976063,53.76706999976068
TS0330E,huber,fusion_absolute,524,156.79999999999995,219.78961869963192,62.98961869963196
TS0330E,huber,fusion_absolute,534,146.79999999999995,225.7081098657745,78.90810986577455
TS0330E,huber,fusion_shape,154,526.8,561.6426054707854,34.84260547078543
TS0330E,huber,fusion_shape,164,516.8,566.4107425476603,49.61074254766038
TS0330E,huber,fusion_shape,174,506.79999999999995,568.9035406490285,62.10354064902856
TS0330E,huber,fusion_shape,184,496.79999999999995,565.3286875452561,68.52868754525616
TS0330E,huber,fusion_shape,194,486.79999999999995,559.7202444846953,72.92024448469533
TS0330E,huber,fusion_shape,204,476.79999999999995,560.2916960687236,83.49169606872363
TS0330E,huber,fusion_shape,214,466.79999999999995,540.4592482997574,73.65924829975745
TS0330E,huber,fusion_shape,224,456.79999999999995,535.5521994318435,78.75219943184356
TS0330E,huber,fusion_shape,234,446.79999999999995,541.6822366689603,94.88223666896033
TS0330E,huber,fusion_shape,244,436.79999999999995,526.8266017770002,90.02660177700022
TS0330E,huber,fusion_shape,254,426.79999999999995,499.70301527589004,72.90301527589008
TS0330E,huber,fusion_shape,264,416.79999999999995,505.61281043210226,88.81281043210231
TS0330E,huber,fusion_shape,274,406.79999999999995,485.8894439797989,79.08944397979894
TS0330E,huber,fusion_shape,284,396.79999999999995,442.23622693699195,45.436226936992
TS0330E,huber,fusion_shape,294,386.79999999999995,433.1371887695643,46.337188769564364
TS0330E,huber,fusion_shape,304,376.79999999999995,430.67134739978246,53.87134739978251
TS0330E,huber,fusion_shape,314,366.79999999999995,398.8075042416872,32.00750424168723
TS0330E,huber,fusion_shape,324,356.79999999999995,398.82829178812847,42.02829178812851
TS0330E,huber,fusion_shape,334,346.79999999999995,378.7760030578603,31.97600305786034
TS0330E,huber,fusion_shape,344,336.79999999999995,365.21739616560893,28.417396165608977
TS0330E,huber,fusion_shape,354,326.79999999999995,372.55657282924415,45.75657282924419
TS0330E,huber,fusion_shape,364,316.79999999999995,364.1678752383656,47.36787523836563
TS0330E,huber,fusion_shape,374,306.79999999999995,349.4099684575801,42.60996845758012
TS0330E,huber,fusion_shape,384,296.79999999999995,328.6453142690816,31.845314269081655
TS0330E,huber,fusion_shape,394,286.79999999999995,327.0477303538182,40.24773035381827
TS0330E,huber,fusion_shape,404,276.79999999999995,327.00290235454753,50.202902354547575
TS0330E,huber,fusion_shape,414,266.79999999999995,322.15868567604906,55.358685676049106
TS0330E,huber,fusion_shape,424,256.79999999999995,292.5709257889946,35.770925788994646
TS0330E,huber,fusion_shape,434,246.79999999999995,277.9544592566201,31.154459256620157
TS0330E,huber,fusion_shape,444,236.79999999999995,266.97722483629474,30.177224836294783
TS0330E,huber,fusion_shape,454,226.79999999999995,228.32873003301341,1.5287300330134599
TS0330E,huber,fusion_shape,464,216.79999999999995,209.16005930600392,7.639940693996039
TS0330E,huber,fusion_shape,474,206.79999999999995,217.64863014082516,10.848630140825207
TS0330E,huber,fusion_shape,484,196.79999999999995,261.00387175475873,64.20387175475878
TS0330E,huber,fusion_shape,494,186.79999999999995,200.5930681197706,13.793068119770652
TS0330E,huber,fusion_shape,504,176.79999999999995,217.3514214333741,40.551421433374145
TS0330E,huber,fusion_shape,514,166.79999999999995,214.24673823169698,47.446738231697026
TS0330E,huber,fusion_shape,524,156.79999999999995,215.87900211562072,59.07900211562077
TS0330E,huber,fusion_shape,534,146.79999999999995,220.2748771313214,73.47487713132145
TS0330E,rf,temperature,154,526.8,578.3446118055775,51.544611805577574
TS0330E,rf,temperature,164,516.8,539.5321323668759,22.73213236687593
TS0330E,rf,temperature,174,506.79999999999995,532.8849741162518,26.08497411625183
TS0330E,rf,temperature,184,496.79999999999995,515.4329944540524,18.632994454052437
TS0330E,rf,temperature,194,486.79999999999995,512.8842131992837,26.084213199283795
TS0330E,rf,temperature,204,476.79999999999995,511.84570286003554,35.04570286003559
TS0330E,rf,temperature,214,466.79999999999995,503.511595794524,36.711595794524044
TS0330E,rf,temperature,224,456.79999999999995,484.0481611233621,27.248161123362138
TS0330E,rf,temperature,234,446.79999999999995,473.6376712431622,26.83767124316222
TS0330E,rf,temperature,244,436.79999999999995,467.45787155071446,30.657871550714503
TS0330E,rf,temperature,254,426.79999999999995,459.8216479883206,33.02164798832064
TS0330E,rf,temperature,264,416.79999999999995,451.08631970301707,34.286319703017114
TS0330E,rf,temperature,274,406.79999999999995,442.1059337325882,35.305933732588244
TS0330E,rf,temperature,284,396.79999999999995,420.034917730749,23.234917730749032
TS0330E,rf,temperature,294,386.79999999999995,430.43267983888535,43.632679838885394
TS0330E,rf,temperature,304,376.79999999999995,429.71533879833225,52.9153387983323
TS0330E,rf,temperature,314,366.79999999999995,419.21375121084463,52.41375121084468
TS0330E,rf,temperature,324,356.79999999999995,413.94121668622404,57.141216686224084
TS0330E,rf,temperature,334,346.79999999999995,402.41627396178535,55.616273961785396
TS0330E,rf,temperature,344,336.79999999999995,394.25506010503653,57.45506010503658
TS0330E,rf,temperature,354,326.79999999999995,384.94041349409986,58.1404134940999
TS0330E,rf,temperature,364,316.79999999999995,377.8816134304898,61.081613430489824
TS0330E,rf,temperature,374,306.79999999999995,367.7643050910293,60.96430509102936
TS0330E,rf,temperature,384,296.79999999999995,362.4173400356298,65.61734003562987
TS0330E,rf,temperature,394,286.79999999999995,351.62770687213055,64.82770687213059
TS0330E,rf,temperature,404,276.79999999999995,342.3975172412427,65.59751724124277
TS0330E,rf,temperature,414,266.79999999999995,335.1921059307639,68.39210593076393
TS0330E,rf,temperature,424,256.79999999999995,324.6229180412926,67.82291804129267
TS0330E,rf,temperature,434,246.79999999999995,316.8765111814625,70.07651118146254
TS0330E,rf,temperature,444,236.79999999999995,294.3192649179411,57.51926491794114
TS0330E,rf,temperature,454,226.79999999999995,285.2254238097175,58.42542380971753
TS0330E,rf,temperature,464,216.79999999999995,280.9594300624977,64.15943006249773
TS0330E,rf,temperature,474,206.79999999999995,266.4095198225957,59.60951982259576
TS0330E,rf,temperature,484,196.79999999999995,254.7548331910132,57.95483319101325
TS0330E,rf,temperature,494,186.79999999999995,232.35447165479889,45.55447165479893
TS0330E,rf,temperature,504,176.79999999999995,229.51284938644173,52.712849386441775
TS0330E,rf,temperature,514,166.79999999999995,226.98874990944412,60.18874990944417
TS0330E,rf,temperature,524,156.79999999999995,226.30980889502277,69.50980889502281
TS0330E,rf,temperature,534,146.79999999999995,217.9738929071521,71.17389290715215
TS0330E,rf,pressure_absolute,154,526.8,376.1268337443673,150.67316625563268
TS0330E,rf,pressure_absolute,164,516.8,373.873794208926,142.92620579107398
TS0330E,rf,pressure_absolute,174,506.79999999999995,346.1146288720568,160.68537112794314
TS0330E,rf,pressure_absolute,184,496.79999999999995,350.1835971335622,146.61640286643774
TS0330E,rf,pressure_absolute,194,486.79999999999995,353.4974228450356,133.30257715496435
TS0330E,rf,pressure_absolute,204,476.79999999999995,336.05089449616025,140.7491055038397
TS0330E,rf,pressure_absolute,214,466.79999999999995,354.1655555026933,112.63444449730667
TS0330E,rf,pressure_absolute,224,456.79999999999995,366.21743467851854,90.58256532148141
TS0330E,rf,pressure_absolute,234,446.79999999999995,373.756594208926,73.04340579107395
TS0330E,rf,pressure_absolute,244,436.79999999999995,375.40075459715285,61.3992454028471
TS0330E,rf,pressure_absolute,254,426.79999999999995,376.92005654656515,49.879943453434805
TS0330E,rf,pressure_absolute,264,416.79999999999995,353.93270282512236,62.86729717487759
TS0330E,rf,pressure_absolute,274,406.79999999999995,390.822497235433,15.977502764566964
TS0330E,rf,pressure_absolute,284,396.79999999999995,370.5732029477557,26.22679705224425
TS0330E,rf,pressure_absolute,294,386.79999999999995,358.4461638964562,28.353836103543756
TS0330E,rf,pressure_absolute,304,376.79999999999995,354.47631638517856,22.32368361482139
TS0330E,rf,pressure_absolute,314,366.79999999999995,353.19109906435125,13.608900935648705
TS0330E,rf,pressure_absolute,324,356.79999999999995,354.35220184245,2.4477981575499825
TS0330E,rf,pressure_absolute,334,346.79999999999995,326.75588063756805,20.0441193624319
TS0330E,rf,pressure_absolute,344,336.79999999999995,327.6457824629649,9.154217537035038
TS0330E,rf,pressure_absolute,354,326.79999999999995,327.0222463783088,0.22224637830885285
TS0330E,rf,pressure_absolute,364,316.79999999999995,326.67254121957865,9.872541219578693
TS0330E,rf,pressure_absolute,374,306.79999999999995,325.9863842354516,19.18638423545167
TS0330E,rf,pressure_absolute,384,296.79999999999995,307.16112234418773,10.361122344187777
TS0330E,rf,pressure_absolute,394,286.79999999999995,306.6373207039761,19.83732070397616
TS0330E,rf,pressure_absolute,404,276.79999999999995,306.5251772383677,29.725177238367735
TS0330E,rf,pressure_absolute,414,266.79999999999995,306.3422522383677,39.54225223836772
TS0330E,rf,pressure_absolute,424,256.79999999999995,300.9471581777981,44.14715817779813
TS0330E,rf,pressure_absolute,434,246.79999999999995,297.48717376207765,50.68717376207769
TS0330E,rf,pressure_absolute,444,236.79999999999995,297.2948964075803,60.49489640758037
TS0330E,rf,pressure_absolute,454,226.79999999999995,297.2121683555767,70.41216835557674
TS0330E,rf,pressure_absolute,464,216.79999999999995,297.22004292784106,80.42004292784111
TS0330E,rf,pressure_absolute,474,206.79999999999995,321.11980097076815,114.3198009707682
TS0330E,rf,pressure_absolute,484,196.79999999999995,350.87623036097756,154.0762303609776
TS0330E,rf,pressure_absolute,494,186.79999999999995,318.12872911525415,131.3287291152542
TS0330E,rf,pressure_absolute,504,176.79999999999995,291.14040131032726,114.34040131032731
TS0330E,rf,pressure_absolute,514,166.79999999999995,303.52977473000135,136.7297747300014
TS0330E,rf,pressure_absolute,524,156.79999999999995,301.0230306086917,144.22303060869177
TS0330E,rf,pressure_absolute,534,146.79999999999995,297.931689228334,151.13168922833404
TS0330E,rf,pressure_shape,154,526.8,361.0568702481262,165.74312975187377
TS0330E,rf,pressure_shape,164,516.8,386.9329859853935,129.86701401460647
TS0330E,rf,pressure_shape,174,506.79999999999995,394.33540937167953,112.46459062832042
TS0330E,rf,pressure_shape,184,496.79999999999995,392.9747374092386,103.82526259076133
TS0330E,rf,pressure_shape,194,486.79999999999995,367.68300098716884,119.11699901283112
TS0330E,rf,pressure_shape,204,476.79999999999995,369.8324492630848,106.96755073691514
TS0330E,rf,pressure_shape,214,466.79999999999995,378.64318020572614,88.15681979427382
TS0330E,rf,pressure_shape,224,456.79999999999995,370.93529339950396,85.86470660049599
TS0330E,rf,pressure_shape,234,446.79999999999995,362.80579499811137,83.99420500188859
TS0330E,rf,pressure_shape,244,436.79999999999995,361.78555193350155,75.0144480664984
TS0330E,rf,pressure_shape,254,426.79999999999995,371.21364138716393,55.58635861283602
TS0330E,rf,pressure_shape,264,416.79999999999995,420.1121147587376,3.312114758737664
TS0330E,rf,pressure_shape,274,406.79999999999995,357.9402587917659,48.85974120823403
TS0330E,rf,pressure_shape,284,396.79999999999995,421.9003060415044,25.10030604150444
TS0330E,rf,pressure_shape,294,386.79999999999995,355.49741679998635,31.3025832000136
TS0330E,rf,pressure_shape,304,376.79999999999995,338.9098718370645,37.89012816293547
TS0330E,rf,pressure_shape,314,366.79999999999995,429.7372347930113,62.93723479301133
TS0330E,rf,pressure_shape,324,356.79999999999995,453.02359157394733,96.22359157394737
TS0330E,rf,pressure_shape,334,346.79999999999995,348.37827951707226,1.5782795170723034
TS0330E,rf,pressure_shape,344,336.79999999999995,352.8514372663735,16.05143726637357
TS0330E,rf,pressure_shape,354,326.79999999999995,341.06480576137517,14.264805761375214
TS0330E,rf,pressure_shape,364,316.79999999999995,359.9626876247658,43.16268762476585
TS0330E,rf,pressure_shape,374,306.79999999999995,346.9027915895249,40.10279158952494
TS0330E,rf,pressure_shape,384,296.79999999999995,341.09136674249595,44.291366742495995
TS0330E,rf,pressure_shape,394,286.79999999999995,341.35809616947984,54.55809616947988
TS0330E,rf,pressure_shape,404,276.79999999999995,342.6959349994525,65.89593499945255
TS0330E,rf,pressure_shape,414,266.79999999999995,353.58413803418375,86.7841380341838
TS0330E,rf,pressure_shape,424,256.79999999999995,359.55837167364916,102.75837167364921
TS0330E,rf,pressure_shape,434,246.79999999999995,343.8784777110048,97.07847771100484
TS0330E,rf,pressure_shape,444,236.79999999999995,365.1431564986649,128.34315649866494
TS0330E,rf,pressure_shape,454,226.79999999999995,316.9343460904935,90.13434609049352
TS0330E,rf,pressure_shape,464,216.79999999999995,330.2960044240057,113.49600442400572
TS0330E,rf,pressure_shape,474,206.79999999999995,376.8634405798795,170.06344057987957
TS0330E,rf,pressure_shape,484,196.79999999999995,365.78295370597647,168.9829537059765
TS0330E,rf,pressure_shape,494,186.79999999999995,353.39454949665424,166.59454949665428
TS0330E,rf,pressure_shape,504,176.79999999999995,339.8551727898324,163.05517278983245
TS0330E,rf,pressure_shape,514,166.79999999999995,376.54207307961605,209.7420730796161
TS0330E,rf,pressure_shape,524,156.79999999999995,345.5267719973146,188.72677199731464
TS0330E,rf,pressure_shape,534,146.79999999999995,315.5522325049899,168.75223250498993
TS0330E,rf,fusion_absolute,154,526.8,520.5770050129292,6.222994987070706
TS0330E,rf,fusion_absolute,164,516.8,511.7275063394497,5.072493660550265
TS0330E,rf,fusion_absolute,174,506.79999999999995,506.94508925159334,0.14508925159339014
TS0330E,rf,fusion_absolute,184,496.79999999999995,492.3959673709425,4.40403262905744
TS0330E,rf,fusion_absolute,194,486.79999999999995,483.4506122807277,3.349387719272272
TS0330E,rf,fusion_absolute,204,476.79999999999995,481.5633621802026,4.763362180202648
TS0330E,rf,fusion_absolute,214,466.79999999999995,475.15921774966097,8.359217749661013
TS0330E,rf,fusion_absolute,224,456.79999999999995,464.466344674842,7.666344674842037
TS0330E,rf,fusion_absolute,234,446.79999999999995,453.50449967853325,6.7044996785332955
TS0330E,rf,fusion_absolute,244,436.79999999999995,449.30755742043186,12.507557420431908
TS0330E,rf,fusion_absolute,254,426.79999999999995,442.8212555954399,16.021255595439925
TS0330E,rf,fusion_absolute,264,416.79999999999995,438.09060923166993,21.290609231669976
TS0330E,rf,fusion_absolute,274,406.79999999999995,432.8970950074622,26.097095007462258
TS0330E,rf,fusion_absolute,284,396.79999999999995,426.9399501687269,30.139950168726955
TS0330E,rf,fusion_absolute,294,386.79999999999995,419.1753423501516,32.37534235015164
TS0330E,rf,fusion_absolute,304,376.79999999999995,412.1584296892837,35.35842968928375
TS0330E,rf,fusion_absolute,314,366.79999999999995,403.3938678109428,36.59386781094287
TS0330E,rf,fusion_absolute,324,356.79999999999995,398.320269437205,41.52026943720506
TS0330E,rf,fusion_absolute,334,346.79999999999995,385.1272780208742,38.327278020874246
TS0330E,rf,fusion_absolute,344,336.79999999999995,372.3805453106986,35.58054531069865
TS0330E,rf,fusion_absolute,354,326.79999999999995,363.4134342315159,36.61343423151595
TS0330E,rf,fusion_absolute,364,316.79999999999995,354.06749931942,37.26749931942004
TS0330E,rf,fusion_absolute,374,306.79999999999995,342.54993606253277,35.74993606253281
TS0330E,rf,fusion_absolute,384,296.79999999999995,338.7917531356307,41.991753135630745
TS0330E,rf,fusion_absolute,394,286.79999999999995,333.74689971496906,46.946899714969106
TS0330E,rf,fusion_absolute,404,276.79999999999995,327.87313076093363,51.07313076093368
TS0330E,rf,fusion_absolute,414,266.79999999999995,322.75841466903637,55.958414669036415
TS0330E,rf,fusion_absolute,424,256.79999999999995,316.7426858931571,59.94268589315715
TS0330E,rf,fusion_absolute,434,246.79999999999995,308.3946782972682,61.59467829726822
TS0330E,rf,fusion_absolute,444,236.79999999999995,296.937486354608,60.13748635460803
TS0330E,rf,fusion_absolute,454,226.79999999999995,288.7167543325231,61.91675433252317
TS0330E,rf,fusion_absolute,464,216.79999999999995,287.05438404522346,70.2543840452235
TS0330E,rf,fusion_absolute,474,206.79999999999995,275.5945478034782,68.79454780347822
TS0330E,rf,fusion_absolute,484,196.79999999999995,267.80762770499723,71.00762770499728
TS0330E,rf,fusion_absolute,494,186.79999999999995,268.91529490205113,82.11529490205118
TS0330E,rf,fusion_absolute,504,176.79999999999995,266.4150514813731,89.61505148137314
TS0330E,rf,fusion_absolute,514,166.79999999999995,250.99242517551423,84.19242517551427
TS0330E,rf,fusion_absolute,524,156.79999999999995,247.04541897677413,90.24541897677418
TS0330E,rf,fusion_absolute,534,146.79999999999995,245.64843903931688,98.84843903931693
TS0330E,rf,fusion_shape,154,526.8,554.8251004601483,28.025100460148337
TS0330E,rf,fusion_shape,164,516.8,543.9135994780125,27.11359947801259
TS0330E,rf,fusion_shape,174,506.79999999999995,537.7883663996888,30.988366399688857
TS0330E,rf,fusion_shape,184,496.79999999999995,515.9658835628463,19.165883562846375
TS0330E,rf,fusion_shape,194,486.79999999999995,506.46837244888223,19.66837244888228
TS0330E,rf,fusion_shape,204,476.79999999999995,493.3680971839314,16.568097183931457
TS0330E,rf,fusion_shape,214,466.79999999999995,485.0307305268279,18.230730526827926
TS0330E,rf,fusion_shape,224,456.79999999999995,470.1087089008674,13.30870890086743
TS0330E,rf,fusion_shape,234,446.79999999999995,461.37467256474076,14.574672564740808
TS0330E,rf,fusion_shape,244,436.79999999999995,451.41475263366726,14.614752633667308
TS0330E,rf,fusion_shape,254,426.79999999999995,444.66749986919547,17.867499869195512
TS0330E,rf,fusion_shape,264,416.79999999999995,434.3870440702515,17.587044070251522
TS0330E,rf,fusion_shape,274,406.79999999999995,422.69915676657894,15.899156766578983
TS0330E,rf,fusion_shape,284,396.79999999999995,404.6260473145681,7.826047314568143
TS0330E,rf,fusion_shape,294,386.79999999999995,392.15633487682385,5.356334876823894
TS0330E,rf,fusion_shape,304,376.79999999999995,384.7849085737727,7.9849085737727705
TS0330E,rf,fusion_shape,314,366.79999999999995,384.252185123115,17.452185123115044
TS0330E,rf,fusion_shape,324,356.79999999999995,389.2555135662226,32.455513566222635
TS0330E,rf,fusion_shape,334,346.79999999999995,367.52862888185916,20.72862888185921
TS0330E,rf,fusion_shape,344,336.79999999999995,369.1035567097309,32.30355670973097
TS0330E,rf,fusion_shape,354,326.79999999999995,354.3208341257193,27.52083412571932
TS0330E,rf,fusion_shape,364,316.79999999999995,353.5597746929069,36.759774692906944
TS0330E,rf,fusion_shape,374,306.79999999999995,335.7285423567669,28.928542356766968
TS0330E,rf,fusion_shape,384,296.79999999999995,333.8517310788019,37.051731078801936
TS0330E,rf,fusion_shape,394,286.79999999999995,334.4480240735526,47.64802407355262
TS0330E,rf,fusion_shape,404,276.79999999999995,334.100051681766,57.300051681766035
TS0330E,rf,fusion_shape,414,266.79999999999995,334.5647620692198,67.76476206921984
TS0330E,rf,fusion_shape,424,256.79999999999995,331.0186636115724,74.21866361157242
TS0330E,rf,fusion_shape,434,246.79999999999995,306.16242913844997,59.36242913845001
TS0330E,rf,fusion_shape,444,236.79999999999995,306.3183473155113,69.51834731551133
TS0330E,rf,fusion_shape,454,226.79999999999995,262.3531359028233,35.55313590282333
TS0330E,rf,fusion_shape,464,216.79999999999995,279.3552327568974,62.55523275689745
TS0330E,rf,fusion_shape,474,206.79999999999995,232.0449768587601,25.24497685876014
TS0330E,rf,fusion_shape,484,196.79999999999995,257.7075975808681,60.90759758086813
TS0330E,rf,fusion_shape,494,186.79999999999995,256.8112094782559,70.01120947825592
TS0330E,rf,fusion_shape,504,176.79999999999995,259.7890029805734,82.98900298057345
TS0330E,rf,fusion_shape,514,166.79999999999995,258.7739065948836,91.97390659488366
TS0330E,rf,fusion_shape,524,156.79999999999995,254.8301400340332,98.03014003403325
TS0330E,rf,fusion_shape,534,146.79999999999995,236.48864528897224,89.68864528897228
TS0330F,huber,temperature,170,515.35,544.0714598366159,28.72145983661585
TS0330F,huber,temperature,180,505.35,526.6724726353874,21.322472635387385
TS0330F,huber,temperature,190,495.35,517.8792426700503,22.52924267005028
TS0330F,huber,temperature,200,485.35,513.8367009992565,28.486700999256527
TS0330F,huber,temperature,210,475.35,512.4943043527195,37.14430435271947
TS0330F,huber,temperature,220,465.35,510.1756051379964,44.82560513799638
TS0330F,huber,temperature,230,455.35,498.562470118938,43.21247011893797
TS0330F,huber,temperature,240,445.35,495.584359794934,50.234359794933994
TS0330F,huber,temperature,250,435.35,490.21235849999096,54.86235849999093
TS0330F,huber,temperature,260,425.35,483.2788579548472,57.92885795484716
TS0330F,huber,temperature,270,415.35,473.23219281497904,57.88219281497902
TS0330F,huber,temperature,280,405.35,462.2536221048977,56.90362210489769
TS0330F,huber,temperature,290,395.35,449.505680250568,54.15568025056797
TS0330F,huber,temperature,300,385.35,444.93911107730327,59.589111077303244
TS0330F,huber,temperature,310,375.35,432.08069642578204,56.730696425782014
TS0330F,huber,temperature,320,365.35,416.086550844191,50.73655084419096
TS0330F,huber,temperature,330,355.35,405.98318125504477,50.63318125504475
TS0330F,huber,temperature,340,345.35,395.7306151491417,50.380615149141704
TS0330F,huber,temperature,350,335.35,381.74965402302627,46.399654023026244
TS0330F,huber,temperature,360,325.35,361.30755752007366,35.957557520073635
TS0330F,huber,temperature,370,315.35,348.3847161504258,33.034716150425766
TS0330F,huber,temperature,380,305.35,322.954201284944,17.604201284943997
TS0330F,huber,temperature,390,295.35,309.9010165118207,14.551016511820706
TS0330F,huber,temperature,400,285.35,301.0104540045224,15.660454004522364
TS0330F,huber,temperature,410,275.35,292.5194855700933,17.169485570093286
TS0330F,huber,temperature,420,265.35,283.07048036249637,17.720480362496346
TS0330F,huber,temperature,430,255.35000000000002,267.80570364702805,12.455703647028031
TS0330F,huber,temperature,440,245.35000000000002,262.63743012962857,17.287430129628547
TS0330F,huber,temperature,450,235.35000000000002,269.8505421737897,34.500542173789654
TS0330F,huber,temperature,460,225.35000000000002,267.98885706144307,42.63885706144305
TS0330F,huber,temperature,470,215.35000000000002,258.8514165964271,43.50141659642708
TS0330F,huber,temperature,480,205.35000000000002,251.4304821586411,46.080482158641075
TS0330F,huber,temperature,490,195.35000000000002,233.7428328991591,38.39283289915909
TS0330F,huber,pressure_absolute,170,515.35,351.1446317333297,164.20536826667035
TS0330F,huber,pressure_absolute,180,505.35,361.86794725356003,143.48205274644
TS0330F,huber,pressure_absolute,190,495.35,367.96667277568463,127.3833272243154
TS0330F,huber,pressure_absolute,200,485.35,376.42197415767964,108.92802584232038
TS0330F,huber,pressure_absolute,210,475.35,389.0555063933023,86.2944936066977
TS0330F,huber,pressure_absolute,220,465.35,406.4108658416961,58.93913415830394
TS0330F,huber,pressure_absolute,230,455.35,398.5863010538568,56.76369894614322
TS0330F,huber,pressure_absolute,240,445.35,399.54424402445375,45.805755975546276
TS0330F,huber,pressure_absolute,250,435.35,404.11493852752557,31.235061472474456
TS0330F,huber,pressure_absolute,260,425.35,370.8408159160415,54.50918408395853
TS0330F,huber,pressure_absolute,270,415.35,377.6957745663899,37.65422543361012
TS0330F,huber,pressure_absolute,280,405.35,379.3592901144921,25.990709885507897
TS0330F,huber,pressure_absolute,290,395.35,350.05860610877727,45.291393891222754
TS0330F,huber,pressure_absolute,300,385.35,333.23980702090194,52.11019297909809
TS0330F,huber,pressure_absolute,310,375.35,330.59813156839346,44.75186843160657
TS0330F,huber,pressure_absolute,320,365.35,321.60216992229266,43.74783007770736
TS0330F,huber,pressure_absolute,330,355.35,312.0725150931974,43.27748490680261
TS0330F,huber,pressure_absolute,340,345.35,291.87378905693635,53.47621094306368
TS0330F,huber,pressure_absolute,350,335.35,289.5579472622404,45.792052737759604
TS0330F,huber,pressure_absolute,360,325.35,289.11878222362566,36.231217776374365
TS0330F,huber,pressure_absolute,370,315.35,275.2231065874619,40.126893412538095
TS0330F,huber,pressure_absolute,380,305.35,271.7031870776157,33.6468129223843
TS0330F,huber,pressure_absolute,390,295.35,267.39600331713916,27.95399668286086
TS0330F,huber,pressure_absolute,400,285.35,260.10989031589565,25.240109684104368
TS0330F,huber,pressure_absolute,410,275.35,256.5201469772256,18.829853022774444
TS0330F,huber,pressure_absolute,420,265.35,256.2380512290903,9.111948770909748
TS0330F,huber,pressure_absolute,430,255.35000000000002,241.78332792366976,13.566672076330264
TS0330F,huber,pressure_absolute,440,245.35000000000002,262.3649088571955,17.01490885719545
TS0330F,huber,pressure_absolute,450,235.35000000000002,226.26746533805914,9.082534661940883
TS0330F,huber,pressure_absolute,460,225.35000000000002,206.79329614043877,18.556703859561253
TS0330F,huber,pressure_absolute,470,215.35000000000002,207.45117153713042,7.898828462869602
TS0330F,huber,pressure_absolute,480,205.35000000000002,213.4395011554308,8.089501155430781
TS0330F,huber,pressure_absolute,490,195.35000000000002,224.1300948916825,28.780094891682467
TS0330F,huber,pressure_shape,170,515.35,407.6217017635158,107.72829823648425
TS0330F,huber,pressure_shape,180,505.35,396.6758432167724,108.6741567832276
TS0330F,huber,pressure_shape,190,495.35,376.77454767340606,118.57545232659396
TS0330F,huber,pressure_shape,200,485.35,374.61277272354675,110.73722727645327
TS0330F,huber,pressure_shape,210,475.35,475.79854867655604,0.4485486765560154
TS0330F,huber,pressure_shape,220,465.35,479.94677228902026,14.596772289020237
TS0330F,huber,pressure_shape,230,455.35,458.6088764503172,3.2588764503171888
TS0330F,huber,pressure_shape,240,445.35,452.62722800859126,7.277228008591237
TS0330F,huber,pressure_shape,250,435.35,458.4326179743417,23.0826179743417
TS0330F,huber,pressure_shape,260,425.35,467.2100063036944,41.86000630369438
TS0330F,huber,pressure_shape,270,415.35,393.7499965698255,21.600003430174525
TS0330F,huber,pressure_shape,280,405.35,400.2147069605279,5.135293039472117
TS0330F,huber,pressure_shape,290,395.35,362.17438376354085,33.17561623645918
TS0330F,huber,pressure_shape,300,385.35,359.90316891841735,25.446831081582673
TS0330F,huber,pressure_shape,310,375.35,381.88767038174007,6.537670381740043
TS0330F,huber,pressure_shape,320,365.35,437.52321603860196,72.17321603860194
TS0330F,huber,pressure_shape,330,355.35,513.6027941594657,158.25279415946568
TS0330F,huber,pressure_shape,340,345.35,444.13017812759585,98.78017812759583
TS0330F,huber,pressure_shape,350,335.35,411.86988769491177,76.51988769491174
TS0330F,huber,pressure_shape,360,325.35,378.70476762366405,53.35476762366403
TS0330F,huber,pressure_shape,370,315.35,414.8697297237077,99.51972972370766
TS0330F,huber,pressure_shape,380,305.35,349.2439084795772,43.89390847957719
TS0330F,huber,pressure_shape,390,295.35,347.7663476090307,52.41634760903065
TS0330F,huber,pressure_shape,400,285.35,375.2220948588728,89.8720948588728
TS0330F,huber,pressure_shape,410,275.35,379.16007828550806,103.81007828550804
TS0330F,huber,pressure_shape,420,265.35,355.82117085051493,90.47117085051491
TS0330F,huber,pressure_shape,430,255.35000000000002,354.24624003084625,98.89624003084623
TS0330F,huber,pressure_shape,440,245.35000000000002,271.88287788585245,26.53287788585243
TS0330F,huber,pressure_shape,450,235.35000000000002,291.6458111822267,56.29581118222666
TS0330F,huber,pressure_shape,460,225.35000000000002,345.2210881785428,119.87108817854278
TS0330F,huber,pressure_shape,470,215.35000000000002,366.02808049809755,150.67808049809753
TS0330F,huber,pressure_shape,480,205.35000000000002,398.2605153999551,192.9105153999551
TS0330F,huber,pressure_shape,490,195.35000000000002,421.99681490265493,226.6468149026549
TS0330F,huber,fusion_absolute,170,515.35,514.4108439009374,0.9391560990626431
TS0330F,huber,fusion_absolute,180,505.35,505.6026408226452,0.2526408226451622
TS0330F,huber,fusion_absolute,190,495.35,503.64646525179603,8.296465251796008
TS0330F,huber,fusion_absolute,200,485.35,499.04917546346104,13.699175463461017
TS0330F,huber,fusion_absolute,210,475.35,497.6074358830982,22.257435883098196
TS0330F,huber,fusion_absolute,220,465.35,494.55741935246556,29.207419352465536
TS0330F,huber,fusion_absolute,230,455.35,490.1981049151727,34.848104915172655
TS0330F,huber,fusion_absolute,240,445.35,484.61772817421866,39.26772817421863
TS0330F,huber,fusion_absolute,250,435.35,475.48057309460063,40.13057309460061
TS0330F,huber,fusion_absolute,260,425.35,468.1808382240441,42.8308382240441
TS0330F,huber,fusion_absolute,270,415.35,461.2926988758708,45.9426988758708
TS0330F,huber,fusion_absolute,280,405.35,451.3738419191337,46.0238419191337
TS0330F,huber,fusion_absolute,290,395.35,437.04496116045385,41.69496116045383
TS0330F,huber,fusion_absolute,300,385.35,423.60126229688206,38.25126229688203
TS0330F,huber,fusion_absolute,310,375.35,407.90800656605063,32.55800656605061
TS0330F,huber,fusion_absolute,320,365.35,392.55378110960834,27.203781109608315
TS0330F,huber,fusion_absolute,330,355.35,383.35449375452197,28.004493754521945
TS0330F,huber,fusion_absolute,340,345.35,370.4226634240078,25.07266342400777
TS0330F,huber,fusion_absolute,350,335.35,352.6635595343904,17.31355953439038
TS0330F,huber,fusion_absolute,360,325.35,336.2484718004531,10.89847180045308
TS0330F,huber,fusion_absolute,370,315.35,319.16306269582515,3.813062695825124
TS0330F,huber,fusion_absolute,380,305.35,299.6022622308046,5.747737769195396
TS0330F,huber,fusion_absolute,390,295.35,289.0512811545503,6.298718845449741
TS0330F,huber,fusion_absolute,400,285.35,278.64123644596623,6.708763554033794
TS0330F,huber,fusion_absolute,410,275.35,267.56660073386047,7.783399266139554
TS0330F,huber,fusion_absolute,420,265.35,259.8518782989629,5.498121701037121
TS0330F,huber,fusion_absolute,430,255.35000000000002,247.18396544384154,8.166034556158479
TS0330F,huber,fusion_absolute,440,245.35000000000002,257.7304546871918,12.380454687191786
TS0330F,huber,fusion_absolute,450,235.35000000000002,255.17850041617237,19.828500416172346
TS0330F,huber,fusion_absolute,460,225.35000000000002,255.3989030810206,30.04890308102057
TS0330F,huber,fusion_absolute,470,215.35000000000002,251.62493630592198,36.274936305921955
TS0330F,huber,fusion_absolute,480,205.35000000000002,245.95740207245922,40.607402072459195
TS0330F,huber,fusion_absolute,490,195.35000000000002,240.11570492790207,44.76570492790205
TS0330F,huber,fusion_shape,170,515.35,537.2300705970952,21.88007059709514
TS0330F,huber,fusion_shape,180,505.35,528.6040249453074,23.25402494530738
TS0330F,huber,fusion_shape,190,495.35,525.9148257068978,30.56482570689775
TS0330F,huber,fusion_shape,200,485.35,524.0610383026226,38.71103830262257
TS0330F,huber,fusion_shape,210,475.35,511.5996527760195,36.2496527760195
TS0330F,huber,fusion_shape,220,465.35,512.7214399101317,47.3714399101317
TS0330F,huber,fusion_shape,230,455.35,500.88356506816706,45.533565068167036
TS0330F,huber,fusion_shape,240,445.35,506.1733335967919,60.82333359679188
TS0330F,huber,fusion_shape,250,435.35,488.83495520201797,53.48495520201794
TS0330F,huber,fusion_shape,260,425.35,493.7089784767699,68.35897847676989
TS0330F,huber,fusion_shape,270,415.35,496.4570157031819,81.1070157031819
TS0330F,huber,fusion_shape,280,405.35,478.6309145815938,73.28091458159378
TS0330F,huber,fusion_shape,290,395.35,459.4855636305018,64.13556363050179
TS0330F,huber,fusion_shape,300,385.35,448.46363802218127,63.11363802218125
TS0330F,huber,fusion_shape,310,375.35,406.7195083222515,31.369508322251477
TS0330F,huber,fusion_shape,320,365.35,403.38292669036696,38.032926690366935
TS0330F,huber,fusion_shape,330,355.35,403.16806741662134,47.81806741662132
TS0330F,huber,fusion_shape,340,345.35,386.17581355207597,40.82581355207594
TS0330F,huber,fusion_shape,350,335.35,352.6161910364821,17.2661910364821
TS0330F,huber,fusion_shape,360,325.35,332.30977118437045,6.959771184370425
TS0330F,huber,fusion_shape,370,315.35,318.2164806164777,2.866480616477702
TS0330F,huber,fusion_shape,380,305.35,308.8016174718476,3.4516174718475554
TS0330F,huber,fusion_shape,390,295.35,292.12492637808737,3.2250736219126566
TS0330F,huber,fusion_shape,400,285.35,280.8984139811319,4.451586018868113
TS0330F,huber,fusion_shape,410,275.35,256.7828863055045,18.567113694495504
TS0330F,huber,fusion_shape,420,265.35,248.77149581773966,16.57850418226036
TS0330F,huber,fusion_shape,430,255.35000000000002,240.9666785851849,14.383321414815128
TS0330F,huber,fusion_shape,440,245.35000000000002,261.46656403572666,16.11656403572664
TS0330F,huber,fusion_shape,450,235.35000000000002,256.84471631564526,21.494716315645235
TS0330F,huber,fusion_shape,460,225.35000000000002,264.25204210760774,38.90204210760771
TS0330F,huber,fusion_shape,470,215.35000000000002,254.06179966258833,38.711799662588305
TS0330F,huber,fusion_shape,480,205.35000000000002,237.76208921828763,32.412089218287605
TS0330F,huber,fusion_shape,490,195.35000000000002,220.81043746272096,25.460437462720932
TS0330F,rf,temperature,170,515.35,555.3441417162544,39.994141716254376
TS0330F,rf,temperature,180,505.35,537.4202819920381,32.070281992038076
TS0330F,rf,temperature,190,495.35,535.2803215004008,39.93032150040074
TS0330F,rf,temperature,200,485.35,535.3801197673813,50.03011976738128
TS0330F,rf,temperature,210,475.35,515.760353869024,40.41035386902399
TS0330F,rf,temperature,220,465.35,508.7899359621779,43.439935962177856
TS0330F,rf,temperature,230,455.35,502.34879558706024,46.998795587060215
TS0330F,rf,temperature,240,445.35,497.1438387071663,51.79383870716629
TS0330F,rf,temperature,250,435.35,489.1563374595758,53.806337459575786
TS0330F,rf,temperature,260,425.35,479.0741773296174,53.72417732961736
TS0330F,rf,temperature,270,415.35,471.4211260632736,56.071126063273596
TS0330F,rf,temperature,280,405.35,462.26299943793776,56.91299943793774
TS0330F,rf,temperature,290,395.35,454.50174869185935,59.151748691859325
TS0330F,rf,temperature,300,385.35,441.1145894550896,55.76458945508955
TS0330F,rf,temperature,310,375.35,435.5852766131767,60.235276613176666
TS0330F,rf,temperature,320,365.35,426.05751748148975,60.70751748148973
TS0330F,rf,temperature,330,355.35,407.23165431856756,51.88165431856754
TS0330F,rf,temperature,340,345.35,383.9438254877904,38.593825487790355
TS0330F,rf,temperature,350,335.35,361.98016911908144,26.630169119081415
TS0330F,rf,temperature,360,325.35,355.4384572846125,30.088457284612502
TS0330F,rf,temperature,370,315.35,346.8220337201874,31.47203372018737
TS0330F,rf,temperature,380,305.35,335.727614356802,30.377614356801985
TS0330F,rf,temperature,390,295.35,320.82714186428433,25.477141864284306
TS0330F,rf,temperature,400,285.35,310.30443031189145,24.95443031189143
TS0330F,rf,temperature,410,275.35,317.7018841431425,42.351884143142456
TS0330F,rf,temperature,420,265.35,312.06362107572505,46.71362107572503
TS0330F,rf,temperature,430,255.35000000000002,301.5498719891541,46.199871989154076
TS0330F,rf,temperature,440,245.35000000000002,294.82404070442027,49.47404070442025
TS0330F,rf,temperature,450,235.35000000000002,287.29258927543424,51.942589275434216
TS0330F,rf,temperature,460,225.35000000000002,262.6528766380307,37.30287663803068
TS0330F,rf,temperature,470,215.35000000000002,240.69699447002455,25.346994470024526
TS0330F,rf,temperature,480,205.35000000000002,247.96603490705272,42.61603490705269
TS0330F,rf,temperature,490,195.35000000000002,240.4096144613295,45.05961446132949
TS0330F,rf,pressure_absolute,170,515.35,374.1933813151582,141.15661868484182
TS0330F,rf,pressure_absolute,180,505.35,374.6257926787946,130.72420732120543
TS0330F,rf,pressure_absolute,190,495.35,377.41957746223017,117.93042253776986
TS0330F,rf,pressure_absolute,200,485.35,400.554235625997,84.795764374003
TS0330F,rf,pressure_absolute,210,475.35,406.88447814492974,68.46552185507028
TS0330F,rf,pressure_absolute,220,465.35,456.9674229696297,8.382577030370328
TS0330F,rf,pressure_absolute,230,455.35,457.24646723657605,1.8964672365760293
TS0330F,rf,pressure_absolute,240,445.35,462.3995751538101,17.049575153810054
TS0330F,rf,pressure_absolute,250,435.35,464.9075499599134,29.557549959913388
TS0330F,rf,pressure_absolute,260,425.35,457.6961151860655,32.346115186065504
TS0330F,rf,pressure_absolute,270,415.35,448.6325275580123,33.282527558012305
TS0330F,rf,pressure_absolute,280,405.35,446.9743010800727,41.624301080072655
TS0330F,rf,pressure_absolute,290,395.35,442.2179619011965,46.86796190119645
TS0330F,rf,pressure_absolute,300,385.35,486.0362292215675,100.68622922156749
TS0330F,rf,pressure_absolute,310,375.35,492.5301497948466,117.18014979484656
TS0330F,rf,pressure_absolute,320,365.35,495.5852065584471,130.2352065584471
TS0330F,rf,pressure_absolute,330,355.35,448.97673835499796,93.62673835499794
TS0330F,rf,pressure_absolute,340,345.35,247.46227713311575,97.88772286688427
TS0330F,rf,pressure_absolute,350,335.35,250.4890012462249,84.86099875377514
TS0330F,rf,pressure_absolute,360,325.35,243.97731461683586,81.37268538316417
TS0330F,rf,pressure_absolute,370,315.35,239.30299772678137,76.04700227321865
TS0330F,rf,pressure_absolute,380,305.35,237.74202374890743,67.6079762510926
TS0330F,rf,pressure_absolute,390,295.35,237.97410959667076,57.375890403329265
TS0330F,rf,pressure_absolute,400,285.35,241.3916217200104,43.95837827998963
TS0330F,rf,pressure_absolute,410,275.35,241.75551936551307,33.594480634486956
TS0330F,rf,pressure_absolute,420,265.35,234.64815512096135,30.701844879038674
TS0330F,rf,pressure_absolute,430,255.35000000000002,229.73734423944978,25.61265576055024
TS0330F,rf,pressure_absolute,440,245.35000000000002,315.13883605560426,69.78883605560424
TS0330F,rf,pressure_absolute,450,235.35000000000002,374.7389921465047,139.38899214650468
TS0330F,rf,pressure_absolute,460,225.35000000000002,407.0486185498098,181.6986185498098
TS0330F,rf,pressure_absolute,470,215.35000000000002,408.66388039969166,193.31388039969164
TS0330F,rf,pressure_absolute,480,205.35000000000002,408.9729939329174,203.62299393291738
TS0330F,rf,pressure_absolute,490,195.35000000000002,392.36226779511225,197.01226779511222
TS0330F,rf,pressure_shape,170,515.35,395.1866257467014,120.16337425329863
TS0330F,rf,pressure_shape,180,505.35,372.2389902279228,133.11100977207724
TS0330F,rf,pressure_shape,190,495.35,338.5727318669646,156.77726813303542
TS0330F,rf,pressure_shape,200,485.35,355.10733181490303,130.242668185097
TS0330F,rf,pressure_shape,210,475.35,399.84435143757315,75.50564856242687
TS0330F,rf,pressure_shape,220,465.35,472.6312204748197,7.2812204748196905
TS0330F,rf,pressure_shape,230,455.35,420.1272726649154,35.22272733508464
TS0330F,rf,pressure_shape,240,445.35,497.8051179727226,52.455117972722576
TS0330F,rf,pressure_shape,250,435.35,406.0358195202937,29.314180479706295
TS0330F,rf,pressure_shape,260,425.35,400.6364516313923,24.713548368607746
TS0330F,rf,pressure_shape,270,415.35,412.0888877484566,3.261112251543409
TS0330F,rf,pressure_shape,280,405.35,428.5006411842021,23.150641184202073
TS0330F,rf,pressure_shape,290,395.35,424.75895162685833,29.40895162685831
TS0330F,rf,pressure_shape,300,385.35,419.9295304562247,34.57953045622469
TS0330F,rf,pressure_shape,310,375.35,406.26051792251826,30.91051792251824
TS0330F,rf,pressure_shape,320,365.35,493.6576942725273,128.30769427252727
TS0330F,rf,pressure_shape,330,355.35,517.2343388412303,161.88433884123026
TS0330F,rf,pressure_shape,340,345.35,433.7644944587987,88.41449445879869
TS0330F,rf,pressure_shape,350,335.35,352.62926280711736,17.279262807117334
TS0330F,rf,pressure_shape,360,325.35,422.06173877694675,96.71173877694673
TS0330F,rf,pressure_shape,370,315.35,425.8116837129785,110.46168371297847
TS0330F,rf,pressure_shape,380,305.35,303.80406394942395,1.5459360505760742
TS0330F,rf,pressure_shape,390,295.35,317.0765090847433,21.72650908474327
TS0330F,rf,pressure_shape,400,285.35,321.5484747546227,36.19847475462268
TS0330F,rf,pressure_shape,410,275.35,329.42909645425704,54.07909645425701
TS0330F,rf,pressure_shape,420,265.35,318.50946650045427,53.15946650045424
TS0330F,rf,pressure_shape,430,255.35000000000002,315.1181572347226,59.768157234722594
TS0330F,rf,pressure_shape,440,245.35000000000002,439.40716318674276,194.05716318674274
TS0330F,rf,pressure_shape,450,235.35000000000002,327.7260871528891,92.37608715288906
TS0330F,rf,pressure_shape,460,225.35000000000002,343.2309465624659,117.88094656246585
TS0330F,rf,pressure_shape,470,215.35000000000002,373.47478117900954,158.12478117900952
TS0330F,rf,pressure_shape,480,205.35000000000002,391.5465780213527,186.19657802135265
TS0330F,rf,pressure_shape,490,195.35000000000002,393.794947993312,198.44494799331198
TS0330F,rf,fusion_absolute,170,515.35,530.3722439870513,15.022243987051297
TS0330F,rf,fusion_absolute,180,505.35,527.8384792269383,22.48847922693824
TS0330F,rf,fusion_absolute,190,495.35,525.037258953631,29.68725895363093
TS0330F,rf,fusion_absolute,200,485.35,520.0183909714278,34.66839097142781
TS0330F,rf,fusion_absolute,210,475.35,501.7266854771873,26.376685477187266
TS0330F,rf,fusion_absolute,220,465.35,491.8790108002931,26.529010800293065
TS0330F,rf,fusion_absolute,230,455.35,486.62555374336296,31.275553743362934
TS0330F,rf,fusion_absolute,240,445.35,478.4225187689337,33.07251876893366
TS0330F,rf,fusion_absolute,250,435.35,468.5350773894774,33.185077389477385
TS0330F,rf,fusion_absolute,260,425.35,455.12282669116007,29.77282669116005
TS0330F,rf,fusion_absolute,270,415.35,446.97271480957534,31.622714809575314
TS0330F,rf,fusion_absolute,280,405.35,440.38389856808004,35.03389856808002
TS0330F,rf,fusion_absolute,290,395.35,434.7421675296541,39.3921675296541
TS0330F,rf,fusion_absolute,300,385.35,423.3872763060332,38.037276306033164
TS0330F,rf,fusion_absolute,310,375.35,417.4090738779372,42.05907387793718
TS0330F,rf,fusion_absolute,320,365.35,406.2665292924624,40.91652929246237
TS0330F,rf,fusion_absolute,330,355.35,386.73398944113336,31.383989441133338
TS0330F,rf,fusion_absolute,340,345.35,362.66049154982375,17.310491549823723
TS0330F,rf,fusion_absolute,350,335.35,342.6863168458453,7.336316845845261
TS0330F,rf,fusion_absolute,360,325.35,334.0345285648676,8.684528564867605
TS0330F,rf,fusion_absolute,370,315.35,326.507662547303,11.157662547303005
TS0330F,rf,fusion_absolute,380,305.35,323.91401219206847,18.564012192068446
TS0330F,rf,fusion_absolute,390,295.35,319.021649464486,23.671649464485995
TS0330F,rf,fusion_absolute,400,285.35,314.04067015248955,28.69067015248953
TS0330F,rf,fusion_absolute,410,275.35,303.2610541861591,27.91105418615905
TS0330F,rf,fusion_absolute,420,265.35,291.88766609489477,26.537666094894746
TS0330F,rf,fusion_absolute,430,255.35000000000002,282.589778616396,27.239778616395995
TS0330F,rf,fusion_absolute,440,245.35000000000002,254.97209490416319,9.622094904163163
TS0330F,rf,fusion_absolute,450,235.35000000000002,232.37381285472065,2.9761871452793685
TS0330F,rf,fusion_absolute,460,225.35000000000002,207.0760854451841,18.273914554815917
TS0330F,rf,fusion_absolute,470,215.35000000000002,192.91883551987604,22.431164480123982
TS0330F,rf,fusion_absolute,480,205.35000000000002,186.68399648538568,18.666003514614346
TS0330F,rf,fusion_absolute,490,195.35000000000002,186.03800845203983,9.31199154796019
TS0330F,rf,fusion_shape,170,515.35,550.0573191863257,34.70731918632566
TS0330F,rf,fusion_shape,180,505.35,534.0404048898289,28.69040488982887
TS0330F,rf,fusion_shape,190,495.35,525.0874936188411,29.737493618841086
TS0330F,rf,fusion_shape,200,485.35,520.395425429269,35.04542542926902
TS0330F,rf,fusion_shape,210,475.35,506.90186079194876,31.55186079194874
TS0330F,rf,fusion_shape,220,465.35,513.5633608516524,48.213360851652396
TS0330F,rf,fusion_shape,230,455.35,502.7699790013183,47.41997900131827
TS0330F,rf,fusion_shape,240,445.35,503.79121096602245,58.441210966022425
TS0330F,rf,fusion_shape,250,435.35,492.25296232438086,56.90296232438084
TS0330F,rf,fusion_shape,260,425.35,483.6453062637494,58.29530626374935
TS0330F,rf,fusion_shape,270,415.35,469.93533449097373,54.58533449097371
TS0330F,rf,fusion_shape,280,405.35,459.94318066231637,54.59318066231634
TS0330F,rf,fusion_shape,290,395.35,449.11688637367695,53.766886373676925
TS0330F,rf,fusion_shape,300,385.35,429.67726453317914,44.32726453317912
TS0330F,rf,fusion_shape,310,375.35,436.88830509377664,61.538305093776614
TS0330F,rf,fusion_shape,320,365.35,422.25702130643145,56.90702130643143
TS0330F,rf,fusion_shape,330,355.35,401.2045406057424,45.854540605742386
TS0330F,rf,fusion_shape,340,345.35,375.60225579053844,30.252255790538413
TS0330F,rf,fusion_shape,350,335.35,342.15347735175715,6.803477351757124
TS0330F,rf,fusion_shape,360,325.35,329.0487230597231,3.698723059723079
TS0330F,rf,fusion_shape,370,315.35,317.249659569145,1.8996595691450011
TS0330F,rf,fusion_shape,380,305.35,321.34493464449275,15.99493464449273
TS0330F,rf,fusion_shape,390,295.35,315.25110857392957,19.901108573929548
TS0330F,rf,fusion_shape,400,285.35,310.8209661717643,25.470966171764303
TS0330F,rf,fusion_shape,410,275.35,312.2968517460048,36.94685174600477
TS0330F,rf,fusion_shape,420,265.35,298.4416259532197,33.091625953219705
TS0330F,rf,fusion_shape,430,255.35000000000002,300.126878150242,44.776878150242
TS0330F,rf,fusion_shape,440,245.35000000000002,302.60065452529574,57.250654525295715
TS0330F,rf,fusion_shape,450,235.35000000000002,279.24001004373065,43.890010043730626
TS0330F,rf,fusion_shape,460,225.35000000000002,262.8193187996851,37.469318799685084
TS0330F,rf,fusion_shape,470,215.35000000000002,249.00634250117295,33.65634250117293
TS0330F,rf,fusion_shape,480,205.35000000000002,249.8115345096552,44.461534509655166
TS0330F,rf,fusion_shape,490,195.35000000000002,248.17427503545807,52.824275035458044
TS0330G,huber,temperature,142,531.33,517.4121368913063,13.917863108693723
TS0330G,huber,temperature,152,521.33,511.05829209392834,10.271707906071697
TS0330G,huber,temperature,162,511.33000000000004,500.8372330070182,10.492766992981842
TS0330G,huber,temperature,172,501.33000000000004,494.94091072217475,6.389089277825292
TS0330G,huber,temperature,182,491.33000000000004,489.37729414634276,1.9527058536572781
TS0330G,huber,temperature,192,481.33000000000004,481.09743316966643,0.23256683033361014
TS0330G,huber,temperature,202,471.33000000000004,470.2939669551121,1.0360330448879154
TS0330G,huber,temperature,212,461.33000000000004,462.73896982028856,1.4089698202885188
TS0330G,huber,temperature,222,451.33000000000004,450.2491798683141,1.0808201316859254
TS0330G,huber,temperature,232,441.33000000000004,436.97579054460914,4.354209455390901
TS0330G,huber,temperature,242,431.33000000000004,424.4456550085165,6.884344991483545
TS0330G,huber,temperature,252,421.33000000000004,412.7500001557107,8.579999844289318
TS0330G,huber,temperature,262,411.33000000000004,400.2203211980367,11.109678801963355
TS0330G,huber,temperature,272,401.33000000000004,386.9496370897649,14.380362910235135
TS0330G,huber,temperature,282,391.33000000000004,385.6156581769023,5.7143418230977545
TS0330G,huber,temperature,292,381.33000000000004,380.5707629863341,0.7592370136659383
TS0330G,huber,temperature,302,371.33000000000004,368.9954838105678,2.334516189432236
TS0330G,huber,temperature,312,361.33000000000004,350.45830199655217,10.871698003447875
TS0330G,huber,temperature,322,351.33000000000004,344.56330835413456,6.766691645865478
TS0330G,huber,temperature,332,341.33000000000004,338.9135982290342,2.4164017709658197
TS0330G,huber,temperature,342,331.33000000000004,315.1299330170041,16.200066982995963
TS0330G,huber,temperature,352,321.33000000000004,305.8707811358231,15.459218864176933
TS0330G,huber,temperature,362,311.33000000000004,295.2241638554638,16.105836144536227
TS0330G,huber,temperature,372,301.33000000000004,285.07197978112424,16.2580202188758
TS0330G,huber,temperature,382,291.33000000000004,280.44091832502266,10.889081674977376
TS0330G,huber,temperature,392,281.33000000000004,283.8972700351585,2.567270035158458
TS0330G,huber,temperature,402,271.33000000000004,264.38057943077234,6.949420569227698
TS0330G,huber,temperature,412,261.33000000000004,245.8966697943333,15.43333020566675
TS0330G,huber,temperature,422,251.33000000000004,227.00192364566666,24.328076354333376
TS0330G,huber,temperature,432,241.33000000000004,538.1728193299955,296.84281932999545
TS0330G,huber,temperature,442,231.33000000000004,472.4700863276072,241.14008632760715
TS0330G,huber,pressure_absolute,142,531.33,734.096946859316,202.7669468593159
TS0330G,huber,pressure_absolute,152,521.33,710.9432445106635,189.61324451066343
TS0330G,huber,pressure_absolute,162,511.33000000000004,668.7312578827868,157.4012578827868
TS0330G,huber,pressure_absolute,172,501.33000000000004,583.1025374966322,81.77253749663214
TS0330G,huber,pressure_absolute,182,491.33000000000004,480.04933294268534,11.280667057314702
TS0330G,huber,pressure_absolute,192,481.33000000000004,443.27635522686137,38.05364477313867
TS0330G,huber,pressure_absolute,202,471.33000000000004,412.4457494149764,58.884250585023665
TS0330G,huber,pressure_absolute,212,461.33000000000004,422.5845837232057,38.745416276794344
TS0330G,huber,pressure_absolute,222,451.33000000000004,516.8113280889602,65.48132808896014
TS0330G,huber,pressure_absolute,232,441.33000000000004,596.6365929697886,155.30659296978854
TS0330G,huber,pressure_absolute,242,431.33000000000004,645.9586936879119,214.6286936879119
TS0330G,huber,pressure_absolute,252,421.33000000000004,600.4567783552855,179.1267783552854
TS0330G,huber,pressure_absolute,262,411.33000000000004,415.6456065844963,4.315606584496265
TS0330G,huber,pressure_absolute,272,401.33000000000004,439.6698066319947,38.339806631994634
TS0330G,huber,pressure_absolute,282,391.33000000000004,360.4507328189444,30.87926718105564
TS0330G,huber,pressure_absolute,292,381.33000000000004,324.7464805370971,56.58351946290293
TS0330G,huber,pressure_absolute,302,371.33000000000004,301.725100050283,69.60489994971704
TS0330G,huber,pressure_absolute,312,361.33000000000004,274.0661465867713,87.26385341322873
TS0330G,huber,pressure_absolute,322,351.33000000000004,258.06075463588564,93.2692453641144
TS0330G,huber,pressure_absolute,332,341.33000000000004,269.6399847544556,71.69001524554443
TS0330G,huber,pressure_absolute,342,331.33000000000004,281.2989387784813,50.03106122151877
TS0330G,huber,pressure_absolute,352,321.33000000000004,244.26054122833065,77.06945877166939
TS0330G,huber,pressure_absolute,362,311.33000000000004,259.12675626902563,52.20324373097441
TS0330G,huber,pressure_absolute,372,301.33000000000004,227.41372129487883,73.91627870512121
TS0330G,huber,pressure_absolute,382,291.33000000000004,244.0830894553202,47.24691054467985
TS0330G,huber,pressure_absolute,392,281.33000000000004,211.78141471468578,69.54858528531426
TS0330G,huber,pressure_absolute,402,271.33000000000004,166.72510220188715,104.60489779811289
TS0330G,huber,pressure_absolute,412,261.33000000000004,182.02202403988807,79.30797596011197
TS0330G,huber,pressure_absolute,422,251.33000000000004,180.877693999507,70.45230600049305
TS0330G,huber,pressure_absolute,432,241.33000000000004,262.04902281613107,20.71902281613103
TS0330G,huber,pressure_absolute,442,231.33000000000004,388.68146275971395,157.3514627597139
TS0330G,huber,pressure_shape,142,531.33,426.45226231810955,104.8777376818905
TS0330G,huber,pressure_shape,152,521.33,399.1492978140674,122.18070218593266
TS0330G,huber,pressure_shape,162,511.33000000000004,375.7278207862815,135.60217921371856
TS0330G,huber,pressure_shape,172,501.33000000000004,337.54282168604715,163.7871783139529
TS0330G,huber,pressure_shape,182,491.33000000000004,292.1323866545338,199.19761334546627
TS0330G,huber,pressure_shape,192,481.33000000000004,280.8373719611108,200.49262803888922
TS0330G,huber,pressure_shape,202,471.33000000000004,271.74507782898297,199.58492217101707
TS0330G,huber,pressure_shape,212,461.33000000000004,275.7773386416185,185.55266135838156
TS0330G,huber,pressure_shape,222,451.33000000000004,320.76629827685605,130.563701723144
TS0330G,huber,pressure_shape,232,441.33000000000004,373.1922099708436,68.13779002915646
TS0330G,huber,pressure_shape,242,431.33000000000004,422.88835730543195,8.441642694568088
TS0330G,huber,pressure_shape,252,421.33000000000004,403.0554847506827,18.274515249317346
TS0330G,huber,pressure_shape,262,411.33000000000004,380.4721579338341,30.857842066165915
TS0330G,huber,pressure_shape,272,401.33000000000004,383.3114041982307,18.018595801769322
TS0330G,huber,pressure_shape,282,391.33000000000004,375.7755902652124,15.554409734787669
TS0330G,huber,pressure_shape,292,381.33000000000004,382.262430005306,0.932430005305946
TS0330G,huber,pressure_shape,302,371.33000000000004,374.3461913254992,3.0161913254991646
TS0330G,huber,pressure_shape,312,361.33000000000004,353.6134337742808,7.716566225719248
TS0330G,huber,pressure_shape,322,351.33000000000004,341.5587085724158,9.77129142758423
TS0330G,huber,pressure_shape,332,341.33000000000004,341.82914428437317,0.49914428437313063
TS0330G,huber,pressure_shape,342,331.33000000000004,357.12536390213626,25.795363902136216
TS0330G,huber,pressure_shape,352,321.33000000000004,352.09714664781336,30.76714664781332
TS0330G,huber,pressure_shape,362,311.33000000000004,365.51938715450035,54.18938715450031
TS0330G,huber,pressure_shape,372,301.33000000000004,359.698587297234,58.368587297233944
TS0330G,huber,pressure_shape,382,291.33000000000004,357.794501019544,66.46450101954395
TS0330G,huber,pressure_shape,392,281.33000000000004,355.94585644136106,74.61585644136102
TS0330G,huber,pressure_shape,402,271.33000000000004,338.5607744627556,67.23077446275556
TS0330G,huber,pressure_shape,412,261.33000000000004,340.68525317174294,79.3552531717429
TS0330G,huber,pressure_shape,422,251.33000000000004,330.49264656384753,79.16264656384749
TS0330G,huber,pressure_shape,432,241.33000000000004,372.99389569179283,131.6638956917928
TS0330G,huber,pressure_shape,442,231.33000000000004,432.03177104385304,200.701771043853
TS0330G,huber,fusion_absolute,142,531.33,481.31139536065734,50.0186046393427
TS0330G,huber,fusion_absolute,152,521.33,463.81724954212734,57.5127504578727
TS0330G,huber,fusion_absolute,162,511.33000000000004,447.7277577201904,63.602242279809616
TS0330G,huber,fusion_absolute,172,501.33000000000004,430.7299502461344,70.60004975386562
TS0330G,huber,fusion_absolute,182,491.33000000000004,413.4841964678793,77.84580353212073
TS0330G,huber,fusion_absolute,192,481.33000000000004,397.8350761272614,83.49492387273864
TS0330G,huber,fusion_absolute,202,471.33000000000004,389.1570833552851,82.17291664471492
TS0330G,huber,fusion_absolute,212,461.33000000000004,381.3756052653755,79.95439473462454
TS0330G,huber,fusion_absolute,222,451.33000000000004,384.6415894116274,66.68841058837262
TS0330G,huber,fusion_absolute,232,441.33000000000004,390.0199791525894,51.31002084741061
TS0330G,huber,fusion_absolute,242,431.33000000000004,393.8526296782477,37.477370321752346
TS0330G,huber,fusion_absolute,252,421.33000000000004,393.25542952188,28.07457047812005
TS0330G,huber,fusion_absolute,262,411.33000000000004,355.65283447477657,55.67716552522347
TS0330G,huber,fusion_absolute,272,401.33000000000004,346.3981304895013,54.93186951049876
TS0330G,huber,fusion_absolute,282,391.33000000000004,316.48222058285944,74.8477794171406
TS0330G,huber,fusion_absolute,292,381.33000000000004,303.22838227140414,78.1016177285959
TS0330G,huber,fusion_absolute,302,371.33000000000004,289.9489793182679,81.38102068173214
TS0330G,huber,fusion_absolute,312,361.33000000000004,278.2744830532896,83.05551694671044
TS0330G,huber,fusion_absolute,322,351.33000000000004,269.91573760264464,81.4142623973554
TS0330G,huber,fusion_absolute,332,341.33000000000004,265.735748134993,75.59425186500704
TS0330G,huber,fusion_absolute,342,331.33000000000004,253.74022486968454,77.5897751303155
TS0330G,huber,fusion_absolute,352,321.33000000000004,243.93517776490523,77.39482223509481
TS0330G,huber,fusion_absolute,362,311.33000000000004,234.40526540842285,76.92473459157719
TS0330G,huber,fusion_absolute,372,301.33000000000004,224.38722277690368,76.94277722309636
TS0330G,huber,fusion_absolute,382,291.33000000000004,218.63005997081402,72.69994002918602
TS0330G,huber,fusion_absolute,392,281.33000000000004,213.83963353571158,67.49036646428846
TS0330G,huber,fusion_absolute,402,271.33000000000004,207.60224927817404,63.727750721826
TS0330G,huber,fusion_absolute,412,261.33000000000004,205.84017958638464,55.489820413615405
TS0330G,huber,fusion_absolute,422,251.33000000000004,192.36072445594309,58.969275544056956
TS0330G,huber,fusion_absolute,432,241.33000000000004,418.00705557294975,176.6770555729497
TS0330G,huber,fusion_absolute,442,231.33000000000004,406.0526452019112,174.72264520191118
TS0330G,huber,fusion_shape,142,531.33,483.1564579422429,48.17354205775712
TS0330G,huber,fusion_shape,152,521.33,474.3802083046991,46.94979169530092
TS0330G,huber,fusion_shape,162,511.33000000000004,465.3605000389655,45.96949996103456
TS0330G,huber,fusion_shape,172,501.33000000000004,450.5776769460665,50.75232305393354
TS0330G,huber,fusion_shape,182,491.33000000000004,445.038108895142,46.29189110485805
TS0330G,huber,fusion_shape,192,481.33000000000004,434.2886461682043,47.04135383179573
TS0330G,huber,fusion_shape,202,471.33000000000004,426.00950983036466,45.32049016963538
TS0330G,huber,fusion_shape,212,461.33000000000004,427.24923738841863,34.080762611581406
TS0330G,huber,fusion_shape,222,451.33000000000004,444.7651890067907,6.564810993209335
TS0330G,huber,fusion_shape,232,441.33000000000004,429.6011609212259,11.728839078774115
TS0330G,huber,fusion_shape,242,431.33000000000004,440.5929104593493,9.262910459349257
TS0330G,huber,fusion_shape,252,421.33000000000004,432.30694406834084,10.9769440683408
TS0330G,huber,fusion_shape,262,411.33000000000004,428.0045105905757,16.674510590575665
TS0330G,huber,fusion_shape,272,401.33000000000004,407.8538346272599,6.523834627259873
TS0330G,huber,fusion_shape,282,391.33000000000004,389.7605480656867,1.5694519343133493
TS0330G,huber,fusion_shape,292,381.33000000000004,387.42695524351615,6.096955243516106
TS0330G,huber,fusion_shape,302,371.33000000000004,389.40397916209264,18.0739791620926
TS0330G,huber,fusion_shape,312,361.33000000000004,392.72156084918674,31.391560849186703
TS0330G,huber,fusion_shape,322,351.33000000000004,387.838868860413,36.508868860412974
TS0330G,huber,fusion_shape,332,341.33000000000004,383.07769739845946,41.74769739845942
TS0330G,huber,fusion_shape,342,331.33000000000004,355.1699099510184,23.839909951018342
TS0330G,huber,fusion_shape,352,321.33000000000004,334.0419101189964,12.711910118996343
TS0330G,huber,fusion_shape,362,311.33000000000004,317.9160359047368,6.586035904736775
TS0330G,huber,fusion_shape,372,301.33000000000004,302.6754544029366,1.345454402936582
TS0330G,huber,fusion_shape,382,291.33000000000004,290.9262260978311,0.40377390216895037
TS0330G,huber,fusion_shape,392,281.33000000000004,290.00791004758366,8.677910047583623
TS0330G,huber,fusion_shape,402,271.33000000000004,279.3964839977807,8.066483997780665
TS0330G,huber,fusion_shape,412,261.33000000000004,281.7274183307014,20.397418330701385
TS0330G,huber,fusion_shape,422,251.33000000000004,257.5394545956074,6.209454595607383
TS0330G,huber,fusion_shape,432,241.33000000000004,892.9682764140455,651.6382764140454
TS0330G,huber,fusion_shape,442,231.33000000000004,825.0788156893316,593.7488156893315
TS0330G,rf,temperature,142,531.33,525.5677891071623,5.762210892837743
TS0330G,rf,temperature,152,521.33,518.7479213175138,2.5820786824862125
TS0330G,rf,temperature,162,511.33000000000004,522.7142217207926,11.384221720792539
TS0330G,rf,temperature,172,501.33000000000004,523.5271436465547,22.19714364655465
TS0330G,rf,temperature,182,491.33000000000004,518.5855729547274,27.255572954727313
TS0330G,rf,temperature,192,481.33000000000004,513.1939529646908,31.863952964690725
TS0330G,rf,temperature,202,471.33000000000004,505.8323083420865,34.50230834208645
TS0330G,rf,temperature,212,461.33000000000004,495.75418921099964,34.4241892109996
TS0330G,rf,temperature,222,451.33000000000004,488.47474263526277,37.14474263526273
TS0330G,rf,temperature,232,441.33000000000004,475.4087983251107,34.078798325110654
TS0330G,rf,temperature,242,431.33000000000004,462.83121150826406,31.50121150826402
TS0330G,rf,temperature,252,421.33000000000004,448.621179991051,27.291179991050967
TS0330G,rf,temperature,262,411.33000000000004,434.59171966578714,23.261719665787098
TS0330G,rf,temperature,272,401.33000000000004,415.61931548708696,14.289315487086924
TS0330G,rf,temperature,282,391.33000000000004,376.99016936590635,14.339830634093687
TS0330G,rf,temperature,292,381.33000000000004,348.2884530737522,33.04154692624786
TS0330G,rf,temperature,302,371.33000000000004,364.30741907745045,7.022580922549594
TS0330G,rf,temperature,312,361.33000000000004,353.6176341121069,7.7123658878931565
TS0330G,rf,temperature,322,351.33000000000004,335.481290221007,15.848709778993054
TS0330G,rf,temperature,332,341.33000000000004,316.74768860906113,24.582311390938912
TS0330G,rf,temperature,342,331.33000000000004,310.2962059002866,21.03379409971342
TS0330G,rf,temperature,352,321.33000000000004,308.634687417589,12.69531258241102
TS0330G,rf,temperature,362,311.33000000000004,317.0423334774838,5.712333477483753
TS0330G,rf,temperature,372,301.33000000000004,308.4963662839137,7.166366283913646
TS0330G,rf,temperature,382,291.33000000000004,297.1856655451358,5.855665545135764
TS0330G,rf,temperature,392,281.33000000000004,260.9403392990782,20.389660700921866
TS0330G,rf,temperature,402,271.33000000000004,268.7056662391845,2.6243337608155457
TS0330G,rf,temperature,412,261.33000000000004,231.1800866412056,30.149913358794436
TS0330G,rf,temperature,422,251.33000000000004,199.98599688903556,51.34400311096448
TS0330G,rf,temperature,432,241.33000000000004,265.2903278316318,23.960327831631787
TS0330G,rf,temperature,442,231.33000000000004,263.5369667160871,32.20696671608704
TS0330G,rf,pressure_absolute,142,531.33,392.66013158160496,138.66986841839508
TS0330G,rf,pressure_absolute,152,521.33,396.1140819029196,125.21591809708042
TS0330G,rf,pressure_absolute,162,511.33000000000004,397.5208379468757,113.80916205312434
TS0330G,rf,pressure_absolute,172,501.33000000000004,403.8690511533297,97.46094884667036
TS0330G,rf,pressure_absolute,182,491.33000000000004,405.27012258190115,86.05987741809889
TS0330G,rf,pressure_absolute,192,481.33000000000004,405.27012258190115,76.05987741809889
TS0330G,rf,pressure_absolute,202,471.33000000000004,405.27012258190115,66.05987741809889
TS0330G,rf,pressure_absolute,212,461.33000000000004,405.27012258190115,56.05987741809889
TS0330G,rf,pressure_absolute,222,451.33000000000004,405.27012258190115,46.05987741809889
TS0330G,rf,pressure_absolute,232,441.33000000000004,401.4224049605531,39.90759503944696
TS0330G,rf,pressure_absolute,242,431.33000000000004,396.8893300103677,34.44066998963234
TS0330G,rf,pressure_absolute,252,421.33000000000004,390.6251587870481,30.70484121295192
TS0330G,rf,pressure_absolute,262,411.33000000000004,377.82763197510394,33.5023680248961
TS0330G,rf,pressure_absolute,272,401.33000000000004,374.59636183066226,26.73363816933778
TS0330G,rf,pressure_absolute,282,391.33000000000004,375.3588672639686,15.97113273603145
TS0330G,rf,pressure_absolute,292,381.33000000000004,375.3959202794555,5.93407972054456
TS0330G,rf,pressure_absolute,302,371.33000000000004,375.3959202794555,4.06592027945544
TS0330G,rf,pressure_absolute,312,361.33000000000004,375.3959202794555,14.06592027945544
TS0330G,rf,pressure_absolute,322,351.33000000000004,376.9937830572333,25.663783057233275
TS0330G,rf,pressure_absolute,332,341.33000000000004,360.5178697038761,19.18786970387606
TS0330G,rf,pressure_absolute,342,331.33000000000004,325.1853757206787,6.144624279321363
TS0330G,rf,pressure_absolute,352,321.33000000000004,300.34061931067663,20.98938068932341
TS0330G,rf,pressure_absolute,362,311.33000000000004,300.1200527182253,11.20994728177476
TS0330G,rf,pressure_absolute,372,301.33000000000004,247.66446741070976,53.66553258929028
TS0330G,rf,pressure_absolute,382,291.33000000000004,243.24049109649525,48.08950890350479
TS0330G,rf,pressure_absolute,392,281.33000000000004,243.12500119002522,38.204998809974825
TS0330G,rf,pressure_absolute,402,271.33000000000004,179.7869911244645,91.54300887553555
TS0330G,rf,pressure_absolute,412,261.33000000000004,194.7166656335788,66.61333436642124
TS0330G,rf,pressure_absolute,422,251.33000000000004,234.20189662673553,17.12810337326451
TS0330G,rf,pressure_absolute,432,241.33000000000004,292.9443732345586,51.61437323455857
TS0330G,rf,pressure_absolute,442,231.33000000000004,288.674034592914,57.34403459291394
TS0330G,rf,pressure_shape,142,531.33,366.66031151528466,164.66968848471538
TS0330G,rf,pressure_shape,152,521.33,361.3497939636219,159.98020603637815
TS0330G,rf,pressure_shape,162,511.33000000000004,357.0328772452666,154.29712275473344
TS0330G,rf,pressure_shape,172,501.33000000000004,357.17620495179426,144.15379504820578
TS0330G,rf,pressure_shape,182,491.33000000000004,377.332810681919,113.99718931808104
TS0330G,rf,pressure_shape,192,481.33000000000004,382.5753778525117,98.75462214748836
TS0330G,rf,pressure_shape,202,471.33000000000004,367.18910547820064,104.1408945217994
TS0330G,rf,pressure_shape,212,461.33000000000004,366.48490673314217,94.84509326685787
TS0330G,rf,pressure_shape,222,451.33000000000004,380.53610621762294,70.7938937823771
TS0330G,rf,pressure_shape,232,441.33000000000004,354.98533507998366,86.34466492001638
TS0330G,rf,pressure_shape,242,431.33000000000004,348.2459975003365,83.08400249966354
TS0330G,rf,pressure_shape,252,421.33000000000004,353.4503872931439,67.87961270685616
TS0330G,rf,pressure_shape,262,411.33000000000004,346.2005739238678,65.12942607613223
TS0330G,rf,pressure_shape,272,401.33000000000004,382.0890555908063,19.24094440919373
TS0330G,rf,pressure_shape,282,391.33000000000004,386.74341396562767,4.586586034372374
TS0330G,rf,pressure_shape,292,381.33000000000004,458.29554051857025,76.96554051857021
TS0330G,rf,pressure_shape,302,371.33000000000004,439.25123990122734,67.9212399012273
TS0330G,rf,pressure_shape,312,361.33000000000004,397.1588766862068,35.82887668620674
TS0330G,rf,pressure_shape,322,351.33000000000004,398.83638581889994,47.5063858188999
TS0330G,rf,pressure_shape,332,341.33000000000004,407.2951760345336,65.96517603453356
TS0330G,rf,pressure_shape,342,331.33000000000004,428.8185519154335,97.48855191543345
TS0330G,rf,pressure_shape,352,321.33000000000004,348.5855392986512,27.255539298651172
TS0330G,rf,pressure_shape,362,311.33000000000004,439.7191473209109,128.38914732091087
TS0330G,rf,pressure_shape,372,301.33000000000004,434.30007796773117,132.97007796773113
TS0330G,rf,pressure_shape,382,291.33000000000004,408.3114380822176,116.98143808221755
TS0330G,rf,pressure_shape,392,281.33000000000004,432.4157575243435,151.08575752434348
TS0330G,rf,pressure_shape,402,271.33000000000004,354.720770520707,83.39077052070695
TS0330G,rf,pressure_shape,412,261.33000000000004,408.1604681266333,146.83046812663326
TS0330G,rf,pressure_shape,422,251.33000000000004,406.2925181892184,154.96251818921837
TS0330G,rf,pressure_shape,432,241.33000000000004,418.7401885135023,177.41018851350225
TS0330G,rf,pressure_shape,442,231.33000000000004,410.93791694237984,179.6079169423798
TS0330G,rf,fusion_absolute,142,531.33,475.22775127738413,56.10224872261591
TS0330G,rf,fusion_absolute,152,521.33,469.15795942611265,52.17204057388739
TS0330G,rf,fusion_absolute,162,511.33000000000004,464.43873871588255,46.89126128411749
TS0330G,rf,fusion_absolute,172,501.33000000000004,457.8711299422435,43.45887005775654
TS0330G,rf,fusion_absolute,182,491.33000000000004,453.0578307368192,38.27216926318084
TS0330G,rf,fusion_absolute,192,481.33000000000004,443.1348404484805,38.195159551519566
TS0330G,rf,fusion_absolute,202,471.33000000000004,433.88960528135544,37.4403947186446
TS0330G,rf,fusion_absolute,212,461.33000000000004,420.18615497820645,41.143845021793595
TS0330G,rf,fusion_absolute,222,451.33000000000004,409.60296193184587,41.72703806815417
TS0330G,rf,fusion_absolute,232,441.33000000000004,401.6741229934404,39.65587700655965
TS0330G,rf,fusion_absolute,242,431.33000000000004,389.7196689480954,41.610331051904666
TS0330G,rf,fusion_absolute,252,421.33000000000004,378.86951516591694,42.460484834083104
TS0330G,rf,fusion_absolute,262,411.33000000000004,367.6478446263746,43.68215537362545
TS0330G,rf,fusion_absolute,272,401.33000000000004,359.01179983860897,42.318200161391076
TS0330G,rf,fusion_absolute,282,391.33000000000004,351.32716855007607,40.002831449923974
TS0330G,rf,fusion_absolute,292,381.33000000000004,338.18114790507616,43.14885209492388
TS0330G,rf,fusion_absolute,302,371.33000000000004,329.6912111440118,41.63878885598825
TS0330G,rf,fusion_absolute,312,361.33000000000004,318.52337918160725,42.80662081839279
TS0330G,rf,fusion_absolute,322,351.33000000000004,310.71823691882383,40.61176308117621
TS0330G,rf,fusion_absolute,332,341.33000000000004,302.7905023872752,38.53949761272486
TS0330G,rf,fusion_absolute,342,331.33000000000004,296.4110204737974,34.918979526202634
TS0330G,rf,fusion_absolute,352,321.33000000000004,290.50558181341734,30.824418186582704
TS0330G,rf,fusion_absolute,362,311.33000000000004,284.1291675151391,27.20083248486094
TS0330G,rf,fusion_absolute,372,301.33000000000004,283.2528450287271,18.077154971272932
TS0330G,rf,fusion_absolute,382,291.33000000000004,274.9363934994237,16.393606500576368
TS0330G,rf,fusion_absolute,392,281.33000000000004,224.56630866329303,56.76369133670701
TS0330G,rf,fusion_absolute,402,271.33000000000004,218.69288259144815,52.63711740855189
TS0330G,rf,fusion_absolute,412,261.33000000000004,190.29182635734912,71.03817364265092
TS0330G,rf,fusion_absolute,422,251.33000000000004,176.01851367058876,75.31148632941128
TS0330G,rf,fusion_absolute,432,241.33000000000004,245.38369880195708,4.05369880195704
TS0330G,rf,fusion_absolute,442,231.33000000000004,240.20739940874793,8.877399408747891
TS0330G,rf,fusion_shape,142,531.33,514.397298083266,16.932701916734004
TS0330G,rf,fusion_shape,152,521.33,504.94341860674746,16.386581393252584
TS0330G,rf,fusion_shape,162,511.33000000000004,491.49714108991515,19.832858910084894
TS0330G,rf,fusion_shape,172,501.33000000000004,495.12137086865306,6.2086291313469815
TS0330G,rf,fusion_shape,182,491.33000000000004,509.4365773250023,18.106577325002263
TS0330G,rf,fusion_shape,192,481.33000000000004,507.8852355254207,26.555235525420642
TS0330G,rf,fusion_shape,202,471.33000000000004,498.34817183833644,27.0181718383364
TS0330G,rf,fusion_shape,212,461.33000000000004,482.64375301635204,21.313753016351995
TS0330G,rf,fusion_shape,222,451.33000000000004,467.9417142793805,16.611714279380465
TS0330G,rf,fusion_shape,232,441.33000000000004,451.6567169162248,10.326716916224768
TS0330G,rf,fusion_shape,242,431.33000000000004,434.9646754996222,3.634675499622176
TS0330G,rf,fusion_shape,252,421.33000000000004,440.6541615128102,19.32416151281018
TS0330G,rf,fusion_shape,262,411.33000000000004,452.39803616491787,41.06803616491783
TS0330G,rf,fusion_shape,272,401.33000000000004,445.0421891518172,43.71218915181714
TS0330G,rf,fusion_shape,282,391.33000000000004,420.8903327616434,29.560332761643338
TS0330G,rf,fusion_shape,292,381.33000000000004,404.3777538718967,23.047753871896646
TS0330G,rf,fusion_shape,302,371.33000000000004,397.85364842469914,26.523648424699104
TS0330G,rf,fusion_shape,312,361.33000000000004,369.42708564929814,8.097085649298094
TS0330G,rf,fusion_shape,322,351.33000000000004,363.67671323985724,12.346713239857195
TS0330G,rf,fusion_shape,332,341.33000000000004,358.1178687181962,16.787868718196137
TS0330G,rf,fusion_shape,342,331.33000000000004,358.8606148434752,27.530614843475178
TS0330G,rf,fusion_shape,352,321.33000000000004,362.25275984567037,40.92275984567033
TS0330G,rf,fusion_shape,362,311.33000000000004,356.0016682369592,44.671668236959135
TS0330G,rf,fusion_shape,372,301.33000000000004,348.43968953111965,47.10968953111961
TS0330G,rf,fusion_shape,382,291.33000000000004,321.0260416415448,29.696041641544753
TS0330G,rf,fusion_shape,392,281.33000000000004,270.0079569096705,11.322043090329544
TS0330G,rf,fusion_shape,402,271.33000000000004,281.5952160354922,10.26521603549213
TS0330G,rf,fusion_shape,412,261.33000000000004,265.1913971746352,3.861397174635158
TS0330G,rf,fusion_shape,422,251.33000000000004,233.14486888149202,18.185131118508025
TS0330G,rf,fusion_shape,432,241.33000000000004,307.98523805685255,66.65523805685251
TS0330G,rf,fusion_shape,442,231.33000000000004,300.8933922963011,69.56339229630106
TS0330H,huber,temperature,157,479.86,528.6412293167668,48.781229316766826
TS0330H,huber,temperature,167,469.86,522.5144514648598,52.65445146485979
TS0330H,huber,temperature,177,459.86,521.33363195691,61.473631956910026
TS0330H,huber,temperature,187,449.86,518.6200233693124,68.76002336931242
TS0330H,huber,temperature,197,439.86,511.37905347364926,71.51905347364925
TS0330H,huber,temperature,207,429.86,502.62770243497346,72.76770243497344
TS0330H,huber,temperature,217,419.86,493.63426480418696,73.77426480418694
TS0330H,huber,temperature,227,409.86,479.65281808344497,69.79281808344496
TS0330H,huber,temperature,237,399.86,469.01503451636586,69.15503451636584
TS0330H,huber,temperature,247,389.86,459.0627216775062,69.20272167750619
TS0330H,huber,temperature,257,379.86,449.65982228882956,69.79982228882955
TS0330H,huber,temperature,267,369.86,441.59069432790477,71.73069432790476
TS0330H,huber,temperature,277,359.86,429.97026501605814,70.11026501605812
TS0330H,huber,temperature,287,349.86,424.1201034878203,74.26010348782029
TS0330H,huber,temperature,297,339.86,414.4230938936071,74.56309389360706
TS0330H,huber,temperature,307,329.86,409.9295090919017,80.0695090919017
TS0330H,huber,temperature,317,319.86,406.51615253284115,86.65615253284113
TS0330H,huber,temperature,327,309.86,392.52264670181796,82.66264670181795
TS0330H,huber,temperature,337,299.86,387.06203640046584,87.20203640046583
TS0330H,huber,temperature,347,289.86,372.88312953869087,83.02312953869085
TS0330H,huber,temperature,357,279.86,358.66390390164986,78.80390390164985
TS0330H,huber,temperature,367,269.86,343.5870994038363,73.72709940383629
TS0330H,huber,temperature,377,259.86,330.689273861698,70.82927386169797
TS0330H,huber,temperature,387,249.86,317.0458692341554,67.1858692341554
TS0330H,huber,temperature,397,239.86,303.8788661489937,64.01886614899371
TS0330H,huber,temperature,407,229.86,289.9353462135065,60.075346213506464
TS0330H,huber,temperature,417,219.86,277.28176054469503,57.42176054469502
TS0330H,huber,temperature,427,209.86,279.8136124494188,69.95361244941881
TS0330H,huber,temperature,437,199.86,277.069492973115,77.209492973115
TS0330H,huber,temperature,447,189.86,267.65885381703254,77.79885381703252
TS0330H,huber,temperature,457,179.86,260.5234922128542,80.66349221285418
TS0330H,huber,temperature,467,169.86,247.12751934865062,77.26751934865061
TS0330H,huber,temperature,477,159.86,236.56574341900793,76.70574341900792
TS0330H,huber,pressure_absolute,157,479.86,325.9776383447363,153.8823616552637
TS0330H,huber,pressure_absolute,167,469.86,339.6174229689849,130.24257703101512
TS0330H,huber,pressure_absolute,177,459.86,376.4651610130924,83.39483898690759
TS0330H,huber,pressure_absolute,187,449.86,422.4817497469445,27.378250253055512
TS0330H,huber,pressure_absolute,197,439.86,461.10152900380155,21.24152900380153
TS0330H,huber,pressure_absolute,207,429.86,509.9201746043858,80.0601746043858
TS0330H,huber,pressure_absolute,217,419.86,530.2145371185616,110.35453711856155
TS0330H,huber,pressure_absolute,227,409.86,545.9443785957266,136.08437859572655
TS0330H,huber,pressure_absolute,237,399.86,550.6666584966598,150.8066584966598
TS0330H,huber,pressure_absolute,247,389.86,578.5780535422834,188.71805354228343
TS0330H,huber,pressure_absolute,257,379.86,546.767538096546,166.90753809654598
TS0330H,huber,pressure_absolute,267,369.86,522.8245884598537,152.96458845985364
TS0330H,huber,pressure_absolute,277,359.86,494.0424576769875,134.1824576769875
TS0330H,huber,pressure_absolute,287,349.86,499.5814613904418,149.7214613904418
TS0330H,huber,pressure_absolute,297,339.86,489.4834706392453,149.62347063924528
TS0330H,huber,pressure_absolute,307,329.86,504.12139390676396,174.26139390676394
TS0330H,huber,pressure_absolute,317,319.86,514.8361634399065,194.9761634399065
TS0330H,huber,pressure_absolute,327,309.86,506.4065259734234,196.5465259734234
TS0330H,huber,pressure_absolute,337,299.86,461.22103742829563,161.36103742829562
TS0330H,huber,pressure_absolute,347,289.86,402.63018584203274,112.77018584203273
TS0330H,huber,pressure_absolute,357,279.86,412.2941115190274,132.4341115190274
TS0330H,huber,pressure_absolute,367,269.86,352.0168702798541,82.1568702798541
TS0330H,huber,pressure_absolute,377,259.86,340.6545645881325,80.79456458813246
TS0330H,huber,pressure_absolute,387,249.86,339.05954404018144,89.19954404018142
TS0330H,huber,pressure_absolute,397,239.86,381.9841722939461,142.12417229394606
TS0330H,huber,pressure_absolute,407,229.86,360.4456130643235,130.58561306432347
TS0330H,huber,pressure_absolute,417,219.86,314.35489547719646,94.49489547719645
TS0330H,huber,pressure_absolute,427,209.86,289.41241405956276,79.55241405956275
TS0330H,huber,pressure_absolute,437,199.86,266.1003609966345,66.24036099663448
TS0330H,huber,pressure_absolute,447,189.86,239.3953134842373,49.53531348423729
TS0330H,huber,pressure_absolute,457,179.86,249.3966231535598,69.53662315355979
TS0330H,huber,pressure_absolute,467,169.86,265.02051673120724,95.16051673120722
TS0330H,huber,pressure_absolute,477,159.86,264.7196492690272,104.85964926902716
TS0330H,huber,pressure_shape,157,479.86,381.7987731249932,98.06122687500681
TS0330H,huber,pressure_shape,167,469.86,393.8411806561922,76.01881934380782
TS0330H,huber,pressure_shape,177,459.86,391.5947502306735,68.26524976932649
TS0330H,huber,pressure_shape,187,449.86,393.0694056145642,56.79059438543584
TS0330H,huber,pressure_shape,197,439.86,439.2869247992305,0.5730752007694946
TS0330H,huber,pressure_shape,207,429.86,458.0362698062888,28.176269806288758
TS0330H,huber,pressure_shape,217,419.86,482.0941317777226,62.23413177772261
TS0330H,huber,pressure_shape,227,409.86,476.8145733299515,66.95457332995147
TS0330H,huber,pressure_shape,237,399.86,424.4411262660033,24.58112626600331
TS0330H,huber,pressure_shape,247,389.86,418.72402772094676,28.86402772094675
TS0330H,huber,pressure_shape,257,379.86,426.6176823038906,46.75768230389059
TS0330H,huber,pressure_shape,267,369.86,381.69056931090824,11.830569310908231
TS0330H,huber,pressure_shape,277,359.86,371.64693643914995,11.78693643914994
TS0330H,huber,pressure_shape,287,349.86,397.86572295562564,48.00572295562563
TS0330H,huber,pressure_shape,297,339.86,423.0327715860384,83.17277158603838
TS0330H,huber,pressure_shape,307,329.86,434.9785241235226,105.1185241235226
TS0330H,huber,pressure_shape,317,319.86,430.1978764018276,110.3378764018276
TS0330H,huber,pressure_shape,327,309.86,421.70551408030775,111.84551408030774
TS0330H,huber,pressure_shape,337,299.86,417.85503660516264,117.99503660516262
TS0330H,huber,pressure_shape,347,289.86,400.45653098052077,110.59653098052075
TS0330H,huber,pressure_shape,357,279.86,368.995721688132,89.13572168813198
TS0330H,huber,pressure_shape,367,269.86,373.0893031938188,103.2293031938188
TS0330H,huber,pressure_shape,377,259.86,414.6222706318392,154.76227063183921
TS0330H,huber,pressure_shape,387,249.86,378.77776904365373,128.91776904365372
TS0330H,huber,pressure_shape,397,239.86,363.9439406583873,124.08394065838729
TS0330H,huber,pressure_shape,407,229.86,370.8375512722203,140.9775512722203
TS0330H,huber,pressure_shape,417,219.86,273.0880675651317,53.22806756513171
TS0330H,huber,pressure_shape,427,209.86,373.27395941743197,163.41395941743195
TS0330H,huber,pressure_shape,437,199.86,373.96302843407125,174.10302843407123
TS0330H,huber,pressure_shape,447,189.86,375.8300613501188,185.97006135011878
TS0330H,huber,pressure_shape,457,179.86,379.06228516626044,199.20228516626042
TS0330H,huber,pressure_shape,467,169.86,370.8377726121404,200.97777261214037
TS0330H,huber,pressure_shape,477,159.86,354.02717273498376,194.16717273498375
TS0330H,huber,fusion_absolute,157,479.86,484.0376271718975,4.177627171897484
TS0330H,huber,fusion_absolute,167,469.86,480.45993351076277,10.599933510762753
TS0330H,huber,fusion_absolute,177,459.86,482.0116435216548,22.151643521654762
TS0330H,huber,fusion_absolute,187,449.86,484.41429905526417,34.55429905526415
TS0330H,huber,fusion_absolute,197,439.86,482.2208357870267,42.3608357870267
TS0330H,huber,fusion_absolute,207,429.86,478.4437378180701,48.58373781807006
TS0330H,huber,fusion_absolute,217,419.86,473.1765809757437,53.316580975743705
TS0330H,huber,fusion_absolute,227,409.86,465.8502907287581,55.99029072875811
TS0330H,huber,fusion_absolute,237,399.86,458.773644029732,58.913644029731984
TS0330H,huber,fusion_absolute,247,389.86,452.08370448403707,62.22370448403706
TS0330H,huber,fusion_absolute,257,379.86,442.5292161703663,62.66921617036627
TS0330H,huber,fusion_absolute,267,369.86,432.8740796911141,63.01407969111409
TS0330H,huber,fusion_absolute,277,359.86,419.15441670394165,59.294416703941636
TS0330H,huber,fusion_absolute,287,349.86,411.9698496708345,62.10984967083448
TS0330H,huber,fusion_absolute,297,339.86,404.16384614965204,64.30384614965203
TS0330H,huber,fusion_absolute,307,329.86,399.3707294119276,69.51072941192757
TS0330H,huber,fusion_absolute,317,319.86,395.92616064352785,76.06616064352784
TS0330H,huber,fusion_absolute,327,309.86,384.3380265661205,74.47802656612049
TS0330H,huber,fusion_absolute,337,299.86,374.25355352775114,74.39355352775112
TS0330H,huber,fusion_absolute,347,289.86,356.57947303580676,66.71947303580674
TS0330H,huber,fusion_absolute,357,279.86,344.1416167156836,64.28161671568358
TS0330H,huber,fusion_absolute,367,269.86,327.51082194373834,57.65082194373832
TS0330H,huber,fusion_absolute,377,259.86,317.624068329763,57.764068329763006
TS0330H,huber,fusion_absolute,387,249.86,302.2055321089239,52.34553210892386
TS0330H,huber,fusion_absolute,397,239.86,291.67720206346416,51.81720206346415
TS0330H,huber,fusion_absolute,407,229.86,277.60433517179706,47.74433517179705
TS0330H,huber,fusion_absolute,417,219.86,259.5976854397748,39.73768543977479
TS0330H,huber,fusion_absolute,427,209.86,257.4385245410378,47.57852454103778
TS0330H,huber,fusion_absolute,437,199.86,252.68021503564884,52.82021503564883
TS0330H,huber,fusion_absolute,447,189.86,243.2660492747644,53.4060492747644
TS0330H,huber,fusion_absolute,457,179.86,239.59331459146568,59.73331459146567
TS0330H,huber,fusion_absolute,467,169.86,229.91048140593506,60.050481405935045
TS0330H,huber,fusion_absolute,477,159.86,219.475579174943,59.61557917494298
TS0330H,huber,fusion_shape,157,479.86,527.8564594153395,47.99645941533947
TS0330H,huber,fusion_shape,167,469.86,519.362163648952,49.50216364895198
TS0330H,huber,fusion_shape,177,459.86,525.6533893856019,65.79338938560193
TS0330H,huber,fusion_shape,187,449.86,538.4776691295783,88.6176691295783
TS0330H,huber,fusion_shape,197,439.86,522.7480039693718,82.88800396937177
TS0330H,huber,fusion_shape,207,429.86,515.6010703466479,85.74107034664792
TS0330H,huber,fusion_shape,217,419.86,498.98617172049364,79.12617172049363
TS0330H,huber,fusion_shape,227,409.86,467.86856366069554,58.00856366069553
TS0330H,huber,fusion_shape,237,399.86,498.5121032143781,98.65210321437809
TS0330H,huber,fusion_shape,247,389.86,473.90025057253166,84.04025057253165
TS0330H,huber,fusion_shape,257,379.86,446.87247826678015,67.01247826678014
TS0330H,huber,fusion_shape,267,369.86,465.18452344421314,95.32452344421313
TS0330H,huber,fusion_shape,277,359.86,452.6782447513933,92.81824475139331
TS0330H,huber,fusion_shape,287,349.86,428.2587290098838,78.39872900988377
TS0330H,huber,fusion_shape,297,339.86,409.3336680228824,69.4736680228824
TS0330H,huber,fusion_shape,307,329.86,399.1461438140236,69.2861438140236
TS0330H,huber,fusion_shape,317,319.86,396.52290923007075,76.66290923007074
TS0330H,huber,fusion_shape,327,309.86,380.86394818823345,71.00394818823344
TS0330H,huber,fusion_shape,337,299.86,382.43973034471475,82.57973034471473
TS0330H,huber,fusion_shape,347,289.86,362.9709288519048,73.11092885190476
TS0330H,huber,fusion_shape,357,279.86,369.33451121252796,89.47451121252794
TS0330H,huber,fusion_shape,367,269.86,332.72138392846693,62.86138392846692
TS0330H,huber,fusion_shape,377,259.86,313.269739436627,53.40973943662698
TS0330H,huber,fusion_shape,387,249.86,332.24121270110345,82.38121270110344
TS0330H,huber,fusion_shape,397,239.86,315.4766199228599,75.61661992285991
TS0330H,huber,fusion_shape,407,229.86,288.11557829223045,58.25557829223044
TS0330H,huber,fusion_shape,417,219.86,308.37561004382803,88.51561004382802
TS0330H,huber,fusion_shape,427,209.86,289.9201542283523,80.0601542283523
TS0330H,huber,fusion_shape,437,199.86,276.3275704465883,76.4675704465883
TS0330H,huber,fusion_shape,447,189.86,261.979733247068,72.11973324706798
TS0330H,huber,fusion_shape,457,179.86,250.55743179618423,70.69743179618422
TS0330H,huber,fusion_shape,467,169.86,236.43010906753585,66.57010906753584
TS0330H,huber,fusion_shape,477,159.86,218.30962780305606,58.449627803056046
TS0330H,rf,temperature,157,479.86,511.4122345209367,31.55223452093668
TS0330H,rf,temperature,167,469.86,510.892554891307,41.03255489130697
TS0330H,rf,temperature,177,459.86,510.40330191927904,50.54330191927903
TS0330H,rf,temperature,187,449.86,507.8310405828004,57.97104058280041
TS0330H,rf,temperature,197,439.86,499.274088404705,59.41408840470501
TS0330H,rf,temperature,207,429.86,495.88545602550226,66.02545602550225
TS0330H,rf,temperature,217,419.86,490.9928877493798,71.13288774937979
TS0330H,rf,temperature,227,409.86,479.8903900912178,70.03039009121778
TS0330H,rf,temperature,237,399.86,473.5812671727492,73.72126717274921
TS0330H,rf,temperature,247,389.86,468.75757415924744,78.89757415924743
TS0330H,rf,temperature,257,379.86,458.4641652253078,78.60416522530778
TS0330H,rf,temperature,267,369.86,448.6488435106119,78.78884351061191
TS0330H,rf,temperature,277,359.86,445.79465476790415,85.93465476790414
TS0330H,rf,temperature,287,349.86,434.08680802050293,84.22680802050292
TS0330H,rf,temperature,297,339.86,430.91565884528137,91.05565884528136
TS0330H,rf,temperature,307,329.86,419.65185704504955,89.79185704504954
TS0330H,rf,temperature,317,319.86,404.4140720191457,84.55407201914568
TS0330H,rf,temperature,327,309.86,393.8403357036548,83.98033570365476
TS0330H,rf,temperature,337,299.86,383.44139872817647,83.58139872817645
TS0330H,rf,temperature,347,289.86,376.20545867055137,86.34545867055135
TS0330H,rf,temperature,357,279.86,366.57291440991236,86.71291440991234
TS0330H,rf,temperature,367,269.86,355.50325724540676,85.64325724540674
TS0330H,rf,temperature,377,259.86,346.00014482335155,86.14014482335153
TS0330H,rf,temperature,387,249.86,337.159393125915,87.299393125915
TS0330H,rf,temperature,397,239.86,332.2893890740231,92.4293890740231
TS0330H,rf,temperature,407,229.86,327.62267277597834,97.76267277597833
TS0330H,rf,temperature,417,219.86,303.2082663973874,83.34826639738736
TS0330H,rf,temperature,427,209.86,296.6357088810761,86.77570888107607
TS0330H,rf,temperature,437,199.86,264.2263130834463,64.3663130834463
TS0330H,rf,temperature,447,189.86,267.5766705117899,77.71667051178991
TS0330H,rf,temperature,457,179.86,257.77304435509603,77.91304435509602
TS0330H,rf,temperature,467,169.86,249.6583905477492,79.7983905477492
TS0330H,rf,temperature,477,159.86,238.8916783507469,79.03167835074689
TS0330H,rf,pressure_absolute,157,479.86,427.9491343704997,51.910865629500336
TS0330H,rf,pressure_absolute,167,469.86,430.7649797352035,39.09502026479652
TS0330H,rf,pressure_absolute,177,459.86,436.89722781601154,22.962772183988477
TS0330H,rf,pressure_absolute,187,449.86,442.3595376604942,7.500462339505816
TS0330H,rf,pressure_absolute,197,439.86,443.32910062345707,3.4691006234570523
TS0330H,rf,pressure_absolute,207,429.86,452.39484075889266,22.534840758892642
TS0330H,rf,pressure_absolute,217,419.86,454.4897305981222,34.629730598122194
TS0330H,rf,pressure_absolute,227,409.86,453.1783908999626,43.318390899962594
TS0330H,rf,pressure_absolute,237,399.86,406.44986917945397,6.589869179453956
TS0330H,rf,pressure_absolute,247,389.86,452.99261304413,63.13261304412998
TS0330H,rf,pressure_absolute,257,379.86,453.0351730254151,73.17517302541506
TS0330H,rf,pressure_absolute,267,369.86,406.67175814345086,36.811758143450845
TS0330H,rf,pressure_absolute,277,359.86,403.07183993967874,43.211839939678725
TS0330H,rf,pressure_absolute,287,349.86,414.65889588094973,64.79889588094971
TS0330H,rf,pressure_absolute,297,339.86,404.3977438569235,64.5377438569235
TS0330H,rf,pressure_absolute,307,329.86,414.2767467691125,84.41674676911248
TS0330H,rf,pressure_absolute,317,319.86,454.3264445474964,134.4664445474964
TS0330H,rf,pressure_absolute,327,309.86,454.0257949367803,144.1657949367803
TS0330H,rf,pressure_absolute,337,299.86,446.3071588617336,146.4471588617336
TS0330H,rf,pressure_absolute,347,289.86,404.8878515993243,115.02785159932426
TS0330H,rf,pressure_absolute,357,279.86,435.9018134345998,156.04181343459976
TS0330H,rf,pressure_absolute,367,269.86,431.1224164212555,161.26241642125547
TS0330H,rf,pressure_absolute,377,259.86,431.0084918882091,171.1484918882091
TS0330H,rf,pressure_absolute,387,249.86,427.9638837102742,178.1038837102742
TS0330H,rf,pressure_absolute,397,239.86,427.48448735295574,187.62448735295573
TS0330H,rf,pressure_absolute,407,229.86,427.9638837102742,198.1038837102742
TS0330H,rf,pressure_absolute,417,219.86,451.3288174234033,231.46881742340327
TS0330H,rf,pressure_absolute,427,209.86,449.8374541849517,239.97745418495168
TS0330H,rf,pressure_absolute,437,199.86,447.2113807101857,247.3513807101857
TS0330H,rf,pressure_absolute,447,189.86,447.07911848796346,257.21911848796344
TS0330H,rf,pressure_absolute,457,179.86,445.6905089492616,265.83050894926157
TS0330H,rf,pressure_absolute,467,169.86,448.23577415775674,278.3757741577567
TS0330H,rf,pressure_absolute,477,159.86,442.93613570297475,283.07613570297474
TS0330H,rf,pressure_shape,157,479.86,435.1030954621107,44.75690453788934
TS0330H,rf,pressure_shape,167,469.86,416.150074904585,53.70992509541503
TS0330H,rf,pressure_shape,177,459.86,412.1352718192444,47.72472818075562
TS0330H,rf,pressure_shape,187,449.86,416.17357600337624,33.68642399662377
TS0330H,rf,pressure_shape,197,439.86,505.73882129933384,65.87882129933382
TS0330H,rf,pressure_shape,207,429.86,477.5415966137866,47.68159661378661
TS0330H,rf,pressure_shape,217,419.86,498.2364798843891,78.37647988438908
TS0330H,rf,pressure_shape,227,409.86,485.2271279634258,75.36712796342579
TS0330H,rf,pressure_shape,237,399.86,499.2689778513326,99.40897785133257
TS0330H,rf,pressure_shape,247,389.86,501.4525680378522,111.59256803785217
TS0330H,rf,pressure_shape,257,379.86,481.2278254860747,101.36782548607471
TS0330H,rf,pressure_shape,267,369.86,472.6842339269527,102.82423392695267
TS0330H,rf,pressure_shape,277,359.86,325.1441561259315,34.715843874068526
TS0330H,rf,pressure_shape,287,349.86,334.2140739349932,15.64592606500679
TS0330H,rf,pressure_shape,297,339.86,351.64578392215736,11.78578392215735
TS0330H,rf,pressure_shape,307,329.86,362.3880564696485,32.528056469648504
TS0330H,rf,pressure_shape,317,319.86,326.2187968408939,6.358796840893888
TS0330H,rf,pressure_shape,327,309.86,324.78523632903614,14.925236329036125
TS0330H,rf,pressure_shape,337,299.86,325.99286726707146,26.132867267071447
TS0330H,rf,pressure_shape,347,289.86,347.1984996024321,57.33849960243208
TS0330H,rf,pressure_shape,357,279.86,391.9895553584477,112.1295553584477
TS0330H,rf,pressure_shape,367,269.86,402.71350651185054,132.85350651185053
TS0330H,rf,pressure_shape,377,259.86,411.4885610930055,151.6285610930055
TS0330H,rf,pressure_shape,387,249.86,428.25311609614516,178.39311609614515
TS0330H,rf,pressure_shape,397,239.86,430.35477938360964,190.49477938360963
TS0330H,rf,pressure_shape,407,229.86,418.48247002003995,188.62247002003994
TS0330H,rf,pressure_shape,417,219.86,341.43441193368557,121.57441193368555
TS0330H,rf,pressure_shape,427,209.86,332.0576434516948,122.19764345169477
TS0330H,rf,pressure_shape,437,199.86,325.3189890273041,125.45898902730409
TS0330H,rf,pressure_shape,447,189.86,321.7174969272412,131.8574969272412
TS0330H,rf,pressure_shape,457,179.86,327.79943104928935,147.93943104928934
TS0330H,rf,pressure_shape,467,169.86,346.60844017850064,176.74844017850063
TS0330H,rf,pressure_shape,477,159.86,317.88814623872156,158.02814623872155
TS0330H,rf,fusion_absolute,157,479.86,508.0395398681246,28.179539868124607
TS0330H,rf,fusion_absolute,167,469.86,507.537475722178,37.677475722177974
TS0330H,rf,fusion_absolute,177,459.86,506.81351914660445,46.953519146604435
TS0330H,rf,fusion_absolute,187,449.86,500.0587790594189,50.19877905941888
TS0330H,rf,fusion_absolute,197,439.86,494.75515057399247,54.89515057399245
TS0330H,rf,fusion_absolute,207,429.86,482.06455021017956,52.20455021017955
TS0330H,rf,fusion_absolute,217,419.86,475.67356316639354,55.81356316639352
TS0330H,rf,fusion_absolute,227,409.86,465.9139865790236,56.05398657902356
TS0330H,rf,fusion_absolute,237,399.86,457.0298807287452,57.16988072874517
TS0330H,rf,fusion_absolute,247,389.86,449.29141944012787,59.431419440127854
TS0330H,rf,fusion_absolute,257,379.86,439.077219837036,59.217219837036
TS0330H,rf,fusion_absolute,267,369.86,426.8671536768626,57.00715367686257
TS0330H,rf,fusion_absolute,277,359.86,422.3851499143699,62.52514991436988
TS0330H,rf,fusion_absolute,287,349.86,414.341622269584,64.48162226958397
TS0330H,rf,fusion_absolute,297,339.86,409.1554915824558,69.29549158245578
TS0330H,rf,fusion_absolute,307,329.86,405.86017333899423,76.00017333899422
TS0330H,rf,fusion_absolute,317,319.86,399.3481050830654,79.48810508306536
TS0330H,rf,fusion_absolute,327,309.86,388.61958923407906,78.75958923407904
TS0330H,rf,fusion_absolute,337,299.86,376.2083243172778,76.34832431727779
TS0330H,rf,fusion_absolute,347,289.86,362.6258962565249,72.76589625652491
TS0330H,rf,fusion_absolute,357,279.86,351.09170552052524,71.23170552052522
TS0330H,rf,fusion_absolute,367,269.86,346.3085844891174,76.44858448911737
TS0330H,rf,fusion_absolute,377,259.86,338.1404548957516,78.28045489575157
TS0330H,rf,fusion_absolute,387,249.86,331.05398212373734,81.19398212373733
TS0330H,rf,fusion_absolute,397,239.86,325.8202316483659,85.96023164836589
TS0330H,rf,fusion_absolute,407,229.86,320.53346610331886,90.67346610331884
TS0330H,rf,fusion_absolute,417,219.86,293.1675439354225,73.30754393542247
TS0330H,rf,fusion_absolute,427,209.86,284.33309902946314,74.47309902946313
TS0330H,rf,fusion_absolute,437,199.86,257.0504387087255,57.19043870872548
TS0330H,rf,fusion_absolute,447,189.86,252.9820785019827,63.122078501982685
TS0330H,rf,fusion_absolute,457,179.86,245.7972099624186,65.93720996241859
TS0330H,rf,fusion_absolute,467,169.86,248.41796879165295,78.55796879165294
TS0330H,rf,fusion_absolute,477,159.86,233.36674226019448,73.50674226019447
TS0330H,rf,fusion_shape,157,479.86,528.0613838014939,48.201383801493876
TS0330H,rf,fusion_shape,167,469.86,529.9961550501379,60.13615505013786
TS0330H,rf,fusion_shape,177,459.86,539.378143168185,79.51814316818502
TS0330H,rf,fusion_shape,187,449.86,546.6669735353784,96.80697353537835
TS0330H,rf,fusion_shape,197,439.86,543.5138786757448,103.65387867574475
TS0330H,rf,fusion_shape,207,429.86,536.6916967111209,106.83169671112091
TS0330H,rf,fusion_shape,217,419.86,530.4897281190314,110.62972811903137
TS0330H,rf,fusion_shape,227,409.86,482.12216504509456,72.26216504509455
TS0330H,rf,fusion_shape,237,399.86,503.6218893883665,103.76188938836651
TS0330H,rf,fusion_shape,247,389.86,484.72620949556585,94.86620949556584
TS0330H,rf,fusion_shape,257,379.86,455.30697007147353,75.44697007147352
TS0330H,rf,fusion_shape,267,369.86,452.2871246938846,82.4271246938846
TS0330H,rf,fusion_shape,277,359.86,447.90191293402165,88.04191293402164
TS0330H,rf,fusion_shape,287,349.86,434.93604281717086,85.07604281717084
TS0330H,rf,fusion_shape,297,339.86,418.912716847369,79.05271684736897
TS0330H,rf,fusion_shape,307,329.86,401.2470065787494,71.38700657874938
TS0330H,rf,fusion_shape,317,319.86,391.05021994477374,71.19021994477373
TS0330H,rf,fusion_shape,327,309.86,378.6753235005346,68.81532350053459
TS0330H,rf,fusion_shape,337,299.86,368.0006373402633,68.14063734026331
TS0330H,rf,fusion_shape,347,289.86,356.93881155452783,67.07881155452782
TS0330H,rf,fusion_shape,357,279.86,350.0264539548636,70.16645395486358
TS0330H,rf,fusion_shape,367,269.86,345.7824694871713,75.92246948717127
TS0330H,rf,fusion_shape,377,259.86,337.6157298318004,77.75572983180041
TS0330H,rf,fusion_shape,387,249.86,331.87686407215097,82.01686407215095
TS0330H,rf,fusion_shape,397,239.86,320.56614783100576,80.70614783100575
TS0330H,rf,fusion_shape,407,229.86,314.180274847861,84.32027484786101
TS0330H,rf,fusion_shape,417,219.86,289.35584962760674,69.49584962760673
TS0330H,rf,fusion_shape,427,209.86,283.27440051920223,73.41440051920222
TS0330H,rf,fusion_shape,437,199.86,264.9807485083478,65.12074850834779
TS0330H,rf,fusion_shape,447,189.86,273.8100295413468,83.9500295413468
TS0330H,rf,fusion_shape,457,179.86,265.6950717079145,85.8350717079145
TS0330H,rf,fusion_shape,467,169.86,257.39614129416094,87.53614129416093
TS0330H,rf,fusion_shape,477,159.86,254.6504401634408,94.79044016344079
