heldout,k_real_train_experiments,combo_id,train_experiments,representation,n_train_windows,n_test_windows,train_positive,test_positive,auroc,auprc,f1,balanced_accuracy
TS0330A,2,0,TS0330B+TS0330C,temperature,74,41,11,11,1.0,1.0,0.88,0.95
TS0330A,2,0,TS0330B+TS0330C,pressure_absolute,74,41,11,11,0.34242424242424246,0.21637587326266156,0.4782608695652174,0.6
TS0330A,2,0,TS0330B+TS0330C,pressure_shape,74,41,11,11,0.7151515151515151,0.40049920618102436,0.48,0.6393939393939394
TS0330A,2,0,TS0330B+TS0330C,fusion_absolute,74,41,11,11,0.9787878787878788,0.9504495504495505,0.7333333333333333,0.8666666666666667
TS0330A,2,0,TS0330B+TS0330C,fusion_shape,74,41,11,11,0.8939393939393939,0.6285482491364844,0.7586206896551724,0.8833333333333333
TS0330A,2,1,TS0330B+TS0330D,temperature,73,41,15,11,1.0,1.0,0.88,0.95
TS0330A,2,1,TS0330B+TS0330D,pressure_absolute,73,41,15,11,0.4666666666666667,0.2530446787900764,0.47058823529411764,0.6136363636363636
TS0330A,2,1,TS0330B+TS0330D,pressure_shape,73,41,15,11,0.6,0.3300382432410168,0.4,0.5348484848484849
TS0330A,2,1,TS0330B+TS0330D,fusion_absolute,73,41,15,11,1.0,1.0,0.88,0.95
TS0330A,2,1,TS0330B+TS0330D,fusion_shape,73,41,15,11,0.8939393939393939,0.6042817031453396,0.7857142857142857,0.9
TS0330A,2,2,TS0330B+TS0330E,temperature,80,41,24,11,1.0,1.0,0.88,0.95
TS0330A,2,2,TS0330B+TS0330E,pressure_absolute,80,41,24,11,0.9242424242424243,0.8076913282795636,0.75,0.8424242424242425
TS0330A,2,2,TS0330B+TS0330E,pressure_shape,80,41,24,11,0.8121212121212121,0.49962982923509236,0.5789473684210527,0.7333333333333334
TS0330A,2,2,TS0330B+TS0330E,fusion_absolute,80,41,24,11,1.0,1.0,0.9523809523809523,0.9545454545454546
TS0330A,2,2,TS0330B+TS0330E,fusion_shape,80,41,24,11,0.9787878787878788,0.9254656959202415,0.7857142857142857,0.9
TS0330A,2,3,TS0330B+TS0330F,temperature,74,41,19,11,1.0,1.0,0.8461538461538461,0.9333333333333333
TS0330A,2,3,TS0330B+TS0330F,pressure_absolute,74,41,19,11,0.5333333333333333,0.2762422246489599,0.14814814814814814,0.35757575757575755
TS0330A,2,3,TS0330B+TS0330F,pressure_shape,74,41,19,11,0.5454545454545454,0.30347349628495346,0.3870967741935484,0.5393939393939393
TS0330A,2,3,TS0330B+TS0330F,fusion_absolute,74,41,19,11,1.0,1.0,0.9523809523809523,0.9545454545454546
TS0330A,2,3,TS0330B+TS0330F,fusion_shape,74,41,19,11,0.793939393939394,0.4843215264267896,0.7096774193548387,0.85
TS0330A,2,4,TS0330B+TS0330G,temperature,72,41,15,11,1.0,1.0,0.88,0.95
TS0330A,2,4,TS0330B+TS0330G,pressure_absolute,72,41,15,11,0.42424242424242425,0.2391174275990986,0.0,0.3333333333333333
TS0330A,2,4,TS0330B+TS0330G,pressure_shape,72,41,15,11,0.5181818181818183,0.42130415047924397,0.3076923076923077,0.4984848484848485
TS0330A,2,4,TS0330B+TS0330G,fusion_absolute,72,41,15,11,0.712121212121212,0.37624152163625846,0.10526315789473684,0.42878787878787883
TS0330A,2,4,TS0330B+TS0330G,fusion_shape,72,41,15,11,0.9121212121212121,0.7635011453193271,0.7857142857142857,0.9
TS0330A,2,5,TS0330B+TS0330H,temperature,74,41,23,11,1.0,1.0,0.7586206896551724,0.8833333333333333
TS0330A,2,5,TS0330B+TS0330H,pressure_absolute,74,41,23,11,0.5151515151515151,0.26923278351893587,0.0,0.45
TS0330A,2,5,TS0330B+TS0330H,pressure_shape,74,41,23,11,0.596969696969697,0.4427001756413521,0.2727272727272727,0.5030303030303029
TS0330A,2,5,TS0330B+TS0330H,fusion_absolute,74,41,23,11,0.806060606060606,0.48247585005606397,0.21052631578947367,0.49090909090909096
TS0330A,2,5,TS0330B+TS0330H,fusion_shape,74,41,23,11,0.8363636363636363,0.5820609871412011,0.45454545454545453,0.6272727272727273
TS0330A,2,6,TS0330C+TS0330D,temperature,65,41,10,11,1.0,1.0,0.88,0.95
TS0330A,2,6,TS0330C+TS0330D,pressure_absolute,65,41,10,11,0.8060606060606061,0.47393371709442633,0.0,0.5
TS0330A,2,6,TS0330C+TS0330D,pressure_shape,65,41,10,11,0.7242424242424242,0.38948234317747527,0.36363636363636365,0.5651515151515152
TS0330A,2,6,TS0330C+TS0330D,fusion_absolute,65,41,10,11,1.0,1.0,0.0,0.5
TS0330A,2,6,TS0330C+TS0330D,fusion_shape,65,41,10,11,0.9151515151515152,0.6661323524959888,0.8461538461538461,0.9333333333333333
TS0330A,2,7,TS0330C+TS0330E,temperature,72,41,19,11,0.9878787878787879,0.9649678604224059,0.8148148148148148,0.9166666666666667
TS0330A,2,7,TS0330C+TS0330E,pressure_absolute,72,41,19,11,0.9939393939393939,0.9860139860139859,0.0,0.5
TS0330A,2,7,TS0330C+TS0330E,pressure_shape,72,41,19,11,0.8636363636363636,0.8111629111629112,0.5142857142857142,0.6590909090909092
TS0330A,2,7,TS0330C+TS0330E,fusion_absolute,72,41,19,11,1.0,1.0,0.0,0.5
TS0330A,2,7,TS0330C+TS0330E,fusion_shape,72,41,19,11,0.9939393939393939,0.9841597796143252,0.8148148148148148,0.9166666666666667
TS0330A,2,8,TS0330C+TS0330F,temperature,66,41,14,11,1.0,1.0,0.8461538461538461,0.9333333333333333
TS0330A,2,8,TS0330C+TS0330F,pressure_absolute,66,41,14,11,0.8787878787878789,0.737222233390964,0.0,0.5
TS0330A,2,8,TS0330C+TS0330F,pressure_shape,66,41,14,11,0.7212121212121212,0.3964121929763641,0.48,0.6393939393939394
TS0330A,2,8,TS0330C+TS0330F,fusion_absolute,66,41,14,11,1.0,1.0,0.0,0.5
TS0330A,2,8,TS0330C+TS0330F,fusion_shape,66,41,14,11,0.7757575757575758,0.4488347093223254,0.7096774193548387,0.85
TS0330A,2,9,TS0330C+TS0330G,temperature,64,41,10,11,0.996969696969697,0.9924242424242425,0.7857142857142857,0.9
TS0330A,2,9,TS0330C+TS0330G,pressure_absolute,64,41,10,11,0.8090909090909091,0.605073310527856,0.0,0.5
TS0330A,2,9,TS0330C+TS0330G,pressure_shape,64,41,10,11,0.8696969696969696,0.7412565106345012,0.6875,0.8333333333333333
TS0330A,2,9,TS0330C+TS0330G,fusion_absolute,64,41,10,11,0.996969696969697,0.9924242424242425,0.7058823529411765,0.7727272727272727
TS0330A,2,9,TS0330C+TS0330G,fusion_shape,64,41,10,11,1.0,1.0,0.7586206896551724,0.8833333333333333
TS0330A,2,10,TS0330C+TS0330H,temperature,66,41,18,11,1.0,1.0,0.7586206896551724,0.8833333333333333
TS0330A,2,10,TS0330C+TS0330H,pressure_absolute,66,41,18,11,0.7,0.39244743472016197,0.0,0.5
TS0330A,2,10,TS0330C+TS0330H,pressure_shape,66,41,18,11,0.8636363636363635,0.7381716322892794,0.5333333333333333,0.6818181818181819
TS0330A,2,10,TS0330C+TS0330H,fusion_absolute,66,41,18,11,1.0,1.0,0.0,0.5
TS0330A,2,10,TS0330C+TS0330H,fusion_shape,66,41,18,11,0.7909090909090909,0.4529710141939244,0.4,0.5984848484848485
TS0330A,2,11,TS0330D+TS0330E,temperature,71,41,23,11,1.0,1.0,0.8461538461538461,0.9333333333333333
TS0330A,2,11,TS0330D+TS0330E,pressure_absolute,71,41,23,11,0.9696969696969696,0.9436674436674436,0.8333333333333334,0.9045454545454545
TS0330A,2,11,TS0330D+TS0330E,pressure_shape,71,41,23,11,0.8787878787878788,0.7681649776615452,0.5789473684210527,0.7333333333333334
TS0330A,2,11,TS0330D+TS0330E,fusion_absolute,71,41,23,11,1.0,1.0,0.0,0.5
TS0330A,2,11,TS0330D+TS0330E,fusion_shape,71,41,23,11,1.0,1.0,0.88,0.95
TS0330A,2,12,TS0330D+TS0330F,temperature,65,41,18,11,1.0,1.0,0.8148148148148148,0.9166666666666667
TS0330A,2,12,TS0330D+TS0330F,pressure_absolute,65,41,18,11,0.9151515151515153,0.8269723896518154,0.6875,0.8333333333333333
TS0330A,2,12,TS0330D+TS0330F,pressure_shape,65,41,18,11,0.7636363636363636,0.42450209748971357,0.5641025641025641,0.7166666666666667
TS0330A,2,12,TS0330D+TS0330F,fusion_absolute,65,41,18,11,1.0,1.0,0.9523809523809523,0.9545454545454546
TS0330A,2,12,TS0330D+TS0330F,fusion_shape,65,41,18,11,0.9696969696969697,0.893986568986569,0.7857142857142857,0.9
TS0330A,2,13,TS0330D+TS0330G,temperature,63,41,14,11,1.0,1.0,0.7586206896551724,0.8833333333333333
TS0330A,2,13,TS0330D+TS0330G,pressure_absolute,63,41,14,11,0.8878787878787879,0.7558339321497217,0.6470588235294118,0.8
TS0330A,2,13,TS0330D+TS0330G,pressure_shape,63,41,14,11,0.5848484848484848,0.3066123718859851,0.5238095238095238,0.6666666666666666
TS0330A,2,13,TS0330D+TS0330G,fusion_absolute,63,41,14,11,1.0,1.0,0.9565217391304348,0.9833333333333334
TS0330A,2,13,TS0330D+TS0330G,fusion_shape,63,41,14,11,0.9,0.6455718523900342,0.6666666666666666,0.8166666666666667
TS0330A,2,14,TS0330D+TS0330H,temperature,65,41,22,11,1.0,1.0,0.7586206896551724,0.8833333333333333
TS0330A,2,14,TS0330D+TS0330H,pressure_absolute,65,41,22,11,0.8878787878787879,0.7600005988163884,0.0,0.5
TS0330A,2,14,TS0330D+TS0330H,pressure_shape,65,41,22,11,0.8666666666666666,0.7364710999667375,0.5641025641025641,0.7166666666666667
TS0330A,2,14,TS0330D+TS0330H,fusion_absolute,65,41,22,11,1.0,1.0,0.0,0.5
TS0330A,2,14,TS0330D+TS0330H,fusion_shape,65,41,22,11,1.0,1.0,0.8461538461538461,0.9333333333333333
TS0330A,2,15,TS0330E+TS0330F,temperature,72,41,27,11,1.0,1.0,0.8148148148148148,0.9166666666666667
TS0330A,2,15,TS0330E+TS0330F,pressure_absolute,72,41,27,11,0.9696969696969696,0.9436674436674436,0.6111111111111112,0.7666666666666666
TS0330A,2,15,TS0330E+TS0330F,pressure_shape,72,41,27,11,0.896969696969697,0.828848193966771,0.5945945945945946,0.75
TS0330A,2,15,TS0330E+TS0330F,fusion_absolute,72,41,27,11,1.0,1.0,0.9523809523809523,0.9545454545454546
TS0330A,2,15,TS0330E+TS0330F,fusion_shape,72,41,27,11,1.0,1.0,0.8461538461538461,0.9333333333333333
TS0330A,2,16,TS0330E+TS0330G,temperature,70,41,23,11,1.0,1.0,0.7857142857142857,0.9
TS0330A,2,16,TS0330E+TS0330G,pressure_absolute,70,41,23,11,0.5272727272727273,0.2739634134251359,0.0,0.35
TS0330A,2,16,TS0330E+TS0330G,pressure_shape,70,41,23,11,0.8363636363636364,0.7206248344019243,0.6060606060606061,0.7545454545454545
TS0330A,2,16,TS0330E+TS0330G,fusion_absolute,70,41,23,11,1.0,1.0,0.6875,0.8333333333333333
TS0330A,2,16,TS0330E+TS0330G,fusion_shape,70,41,23,11,1.0,1.0,0.7857142857142857,0.9
TS0330A,2,17,TS0330E+TS0330H,temperature,72,41,31,11,1.0,1.0,0.7586206896551724,0.8833333333333333
TS0330A,2,17,TS0330E+TS0330H,pressure_absolute,72,41,31,11,0.9878787878787879,0.9757575757575757,0.0,0.5
TS0330A,2,17,TS0330E+TS0330H,pressure_shape,72,41,31,11,0.8666666666666666,0.7364710999667375,0.6875,0.8333333333333333
TS0330A,2,17,TS0330E+TS0330H,fusion_absolute,72,41,31,11,1.0,1.0,0.7058823529411765,0.7727272727272727
TS0330A,2,17,TS0330E+TS0330H,fusion_shape,72,41,31,11,1.0,1.0,0.9565217391304348,0.9833333333333334
TS0330A,2,18,TS0330F+TS0330G,temperature,64,41,18,11,1.0,1.0,0.7333333333333333,0.8666666666666667
TS0330A,2,18,TS0330F+TS0330G,pressure_absolute,64,41,18,11,0.9242424242424243,0.8495418582105888,0.5238095238095238,0.6666666666666666
TS0330A,2,18,TS0330F+TS0330G,pressure_shape,64,41,18,11,0.6151515151515151,0.3280590033478295,0.5365853658536586,0.6833333333333333
TS0330A,2,18,TS0330F+TS0330G,fusion_absolute,64,41,18,11,1.0,1.0,0.4230769230769231,0.5
TS0330A,2,18,TS0330F+TS0330G,fusion_shape,64,41,18,11,0.8515151515151516,0.6404911940797108,0.6666666666666666,0.8166666666666667
TS0330A,2,19,TS0330F+TS0330H,temperature,66,41,26,11,1.0,1.0,0.7333333333333333,0.8666666666666667
TS0330A,2,19,TS0330F+TS0330H,pressure_absolute,66,41,26,11,0.9454545454545454,0.8924825174825175,0.0,0.5
TS0330A,2,19,TS0330F+TS0330H,pressure_shape,66,41,26,11,0.8848484848484848,0.7641955266955268,0.5789473684210527,0.7333333333333334
TS0330A,2,19,TS0330F+TS0330H,fusion_absolute,66,41,26,11,1.0,1.0,0.0,0.5
TS0330A,2,19,TS0330F+TS0330H,fusion_shape,66,41,26,11,1.0,1.0,0.7857142857142857,0.9
TS0330A,2,20,TS0330G+TS0330H,temperature,64,41,22,11,1.0,1.0,0.7333333333333333,0.8666666666666667
TS0330A,2,20,TS0330G+TS0330H,pressure_absolute,64,41,22,11,0.26666666666666666,0.19916072744648888,0.4230769230769231,0.5
TS0330A,2,20,TS0330G+TS0330H,pressure_shape,64,41,22,11,0.7181818181818181,0.3910047864593319,0.5,0.6515151515151515
TS0330A,2,20,TS0330G+TS0330H,fusion_absolute,64,41,22,11,0.6575757575757576,0.3389129440632151,0.0,0.5
TS0330A,2,20,TS0330G+TS0330H,fusion_shape,64,41,22,11,0.8060606060606061,0.6033130194226451,0.6470588235294118,0.8
TS0330A,4,0,TS0330B+TS0330C+TS0330D+TS0330E,temperature,145,41,34,11,0.996969696969697,0.9924242424242425,0.88,0.95
TS0330A,4,0,TS0330B+TS0330C+TS0330D+TS0330E,pressure_absolute,145,41,34,11,0.9272727272727272,0.8255147630147631,0.6666666666666666,0.7803030303030303
TS0330A,4,0,TS0330B+TS0330C+TS0330D+TS0330E,pressure_shape,145,41,34,11,0.7818181818181817,0.450068109018292,0.6111111111111112,0.7666666666666666
TS0330A,4,0,TS0330B+TS0330C+TS0330D+TS0330E,fusion_absolute,145,41,34,11,1.0,1.0,0.9,0.9090909090909092
TS0330A,4,0,TS0330B+TS0330C+TS0330D+TS0330E,fusion_shape,145,41,34,11,0.9757575757575758,0.9190554395099849,0.8148148148148148,0.9166666666666667
TS0330A,4,1,TS0330B+TS0330C+TS0330D+TS0330F,temperature,139,41,29,11,1.0,1.0,0.88,0.95
TS0330A,4,1,TS0330B+TS0330C+TS0330D+TS0330F,pressure_absolute,139,41,29,11,0.7151515151515151,0.3983877374462795,0.5454545454545454,0.6893939393939394
TS0330A,4,1,TS0330B+TS0330C+TS0330D+TS0330F,pressure_shape,139,41,29,11,0.6484848484848484,0.34799138803841,0.4,0.5772727272727273
TS0330A,4,1,TS0330B+TS0330C+TS0330D+TS0330F,fusion_absolute,139,41,29,11,1.0,1.0,0.8421052631578947,0.8636363636363636
TS0330A,4,1,TS0330B+TS0330C+TS0330D+TS0330F,fusion_shape,139,41,29,11,0.8515151515151514,0.542371769644497,0.7586206896551724,0.8833333333333333
TS0330A,4,2,TS0330B+TS0330C+TS0330D+TS0330G,temperature,137,41,25,11,1.0,1.0,0.9166666666666666,0.9666666666666667
TS0330A,4,2,TS0330B+TS0330C+TS0330D+TS0330G,pressure_absolute,137,41,25,11,0.812121212121212,0.4882706076485981,0.6086956521739131,0.7348484848484849
TS0330A,4,2,TS0330B+TS0330C+TS0330D+TS0330G,pressure_shape,137,41,25,11,0.6757575757575758,0.37387327587681957,0.4375,0.5848484848484848
TS0330A,4,2,TS0330B+TS0330C+TS0330D+TS0330G,fusion_absolute,137,41,25,11,0.990909090909091,0.975068870523416,0.8421052631578947,0.8636363636363636
TS0330A,4,2,TS0330B+TS0330C+TS0330D+TS0330G,fusion_shape,137,41,25,11,0.9757575757575757,0.9072838777384232,0.8148148148148148,0.9166666666666667
TS0330A,4,3,TS0330B+TS0330C+TS0330D+TS0330H,temperature,139,41,33,11,1.0,1.0,0.8461538461538461,0.9333333333333333
TS0330A,4,3,TS0330B+TS0330C+TS0330D+TS0330H,pressure_absolute,139,41,33,11,0.6757575757575758,0.3766981516649597,0.0,0.5
TS0330A,4,3,TS0330B+TS0330C+TS0330D+TS0330H,pressure_shape,139,41,33,11,0.6787878787878787,0.3723115616977509,0.43478260869565216,0.6106060606060606
TS0330A,4,3,TS0330B+TS0330C+TS0330D+TS0330H,fusion_absolute,139,41,33,11,1.0,1.0,0.7058823529411765,0.7727272727272727
TS0330A,4,3,TS0330B+TS0330C+TS0330D+TS0330H,fusion_shape,139,41,33,11,0.8636363636363636,0.5789730768340393,0.7857142857142857,0.9
TS0330A,4,4,TS0330B+TS0330C+TS0330E+TS0330F,temperature,146,41,38,11,1.0,1.0,0.88,0.95
TS0330A,4,4,TS0330B+TS0330C+TS0330E+TS0330F,pressure_absolute,146,41,38,11,0.9424242424242425,0.880350487302359,0.6666666666666666,0.7803030303030303
TS0330A,4,4,TS0330B+TS0330C+TS0330E+TS0330F,pressure_shape,146,41,38,11,0.7727272727272727,0.4346993689355931,0.6285714285714286,0.7833333333333333
TS0330A,4,4,TS0330B+TS0330C+TS0330E+TS0330F,fusion_absolute,146,41,38,11,1.0,1.0,0.8421052631578947,0.8636363636363636
TS0330A,4,4,TS0330B+TS0330C+TS0330E+TS0330F,fusion_shape,146,41,38,11,0.9484848484848485,0.7614042523133432,0.7586206896551724,0.8833333333333333
TS0330A,4,5,TS0330B+TS0330C+TS0330E+TS0330G,temperature,144,41,34,11,0.9848484848484849,0.9536042240587695,0.8148148148148148,0.9166666666666667
TS0330A,4,5,TS0330B+TS0330C+TS0330E+TS0330G,pressure_absolute,144,41,34,11,0.8212121212121213,0.5452814908767625,0.35294117647058826,0.5863636363636364
TS0330A,4,5,TS0330B+TS0330C+TS0330E+TS0330G,pressure_shape,144,41,34,11,0.9363636363636365,0.8634772090654443,0.6111111111111112,0.7666666666666666
TS0330A,4,5,TS0330B+TS0330C+TS0330E+TS0330G,fusion_absolute,144,41,34,11,0.990909090909091,0.975068870523416,0.7777777777777778,0.8181818181818181
TS0330A,4,5,TS0330B+TS0330C+TS0330E+TS0330G,fusion_shape,144,41,34,11,0.996969696969697,0.9924242424242425,0.8461538461538461,0.9333333333333333
TS0330A,4,6,TS0330B+TS0330C+TS0330E+TS0330H,temperature,146,41,42,11,1.0,1.0,0.8148148148148148,0.9166666666666667
TS0330A,4,6,TS0330B+TS0330C+TS0330E+TS0330H,pressure_absolute,146,41,42,11,0.8636363636363635,0.7061802232854865,0.0,0.5
TS0330A,4,6,TS0330B+TS0330C+TS0330E+TS0330H,pressure_shape,146,41,42,11,0.8545454545454546,0.5467465615192888,0.6470588235294118,0.8
TS0330A,4,6,TS0330B+TS0330C+TS0330E+TS0330H,fusion_absolute,146,41,42,11,1.0,1.0,0.7777777777777778,0.8181818181818181
TS0330A,4,6,TS0330B+TS0330C+TS0330E+TS0330H,fusion_shape,146,41,42,11,0.9303030303030303,0.7900501014137378,0.8148148148148148,0.9166666666666667
TS0330A,4,7,TS0330B+TS0330C+TS0330F+TS0330G,temperature,138,41,29,11,1.0,1.0,0.88,0.95
TS0330A,4,7,TS0330B+TS0330C+TS0330F+TS0330G,pressure_absolute,138,41,29,11,0.8393939393939394,0.6006493506493507,0.5454545454545454,0.6893939393939394
TS0330A,4,7,TS0330B+TS0330C+TS0330F+TS0330G,pressure_shape,138,41,29,11,0.5606060606060606,0.30926821755095,0.375,0.5227272727272727
TS0330A,4,7,TS0330B+TS0330C+TS0330F+TS0330G,fusion_absolute,138,41,29,11,0.996969696969697,0.9924242424242425,0.7777777777777778,0.8181818181818181
TS0330A,4,7,TS0330B+TS0330C+TS0330F+TS0330G,fusion_shape,138,41,29,11,0.893939393939394,0.634463041414913,0.7096774193548387,0.85
TS0330A,4,8,TS0330B+TS0330C+TS0330F+TS0330H,temperature,140,41,37,11,1.0,1.0,0.8148148148148148,0.9166666666666667
TS0330A,4,8,TS0330B+TS0330C+TS0330F+TS0330H,pressure_absolute,140,41,37,11,0.6000000000000001,0.3133272133986483,0.0,0.5
TS0330A,4,8,TS0330B+TS0330C+TS0330F+TS0330H,pressure_shape,140,41,37,11,0.5969696969696969,0.3259812457657285,0.34782608695652173,0.5484848484848485
TS0330A,4,8,TS0330B+TS0330C+TS0330F+TS0330H,fusion_absolute,140,41,37,11,1.0,1.0,0.7058823529411765,0.7727272727272727
TS0330A,4,8,TS0330B+TS0330C+TS0330F+TS0330H,fusion_shape,140,41,37,11,0.8060606060606061,0.47190951580551915,0.56,0.7015151515151515
TS0330A,4,9,TS0330B+TS0330C+TS0330G+TS0330H,temperature,138,41,33,11,1.0,1.0,0.8148148148148148,0.9166666666666667
TS0330A,4,9,TS0330B+TS0330C+TS0330G+TS0330H,pressure_absolute,138,41,33,11,0.4121212121212121,0.23548092678847155,0.0,0.5
TS0330A,4,9,TS0330B+TS0330C+TS0330G+TS0330H,pressure_shape,138,41,33,11,0.6787878787878788,0.4905494337312519,0.34782608695652173,0.5484848484848485
TS0330A,4,9,TS0330B+TS0330C+TS0330G+TS0330H,fusion_absolute,138,41,33,11,0.8393939393939394,0.6109082836355564,0.0,0.5
TS0330A,4,9,TS0330B+TS0330C+TS0330G+TS0330H,fusion_shape,138,41,33,11,0.9,0.710849630167812,0.7586206896551724,0.8833333333333333
TS0330A,4,10,TS0330B+TS0330D+TS0330E+TS0330F,temperature,145,41,42,11,1.0,1.0,0.88,0.95
TS0330A,4,10,TS0330B+TS0330D+TS0330E+TS0330F,pressure_absolute,145,41,42,11,0.9333333333333333,0.8536532911532911,0.7096774193548387,0.85
TS0330A,4,10,TS0330B+TS0330D+TS0330E+TS0330F,pressure_shape,145,41,42,11,0.7757575757575759,0.4384002361275089,0.5641025641025641,0.7166666666666667
TS0330A,4,10,TS0330B+TS0330D+TS0330E+TS0330F,fusion_absolute,145,41,42,11,1.0,1.0,0.9,0.9090909090909092
TS0330A,4,10,TS0330B+TS0330D+TS0330E+TS0330F,fusion_shape,145,41,42,11,0.9090909090909091,0.6389678503314866,0.7857142857142857,0.9
TS0330A,4,11,TS0330B+TS0330D+TS0330E+TS0330G,temperature,143,41,38,11,1.0,1.0,0.8461538461538461,0.9333333333333333
TS0330A,4,11,TS0330B+TS0330D+TS0330E+TS0330G,pressure_absolute,143,41,38,11,0.9424242424242425,0.870436507936508,0.6875,0.8333333333333333
TS0330A,4,11,TS0330B+TS0330D+TS0330E+TS0330G,pressure_shape,143,41,38,11,0.8181818181818181,0.5054540376180693,0.5641025641025641,0.7166666666666667
TS0330A,4,11,TS0330B+TS0330D+TS0330E+TS0330G,fusion_absolute,143,41,38,11,0.9878787878787879,0.9649678604224059,0.8,0.8469696969696969
TS0330A,4,11,TS0330B+TS0330D+TS0330E+TS0330G,fusion_shape,143,41,38,11,0.9636363636363636,0.8974681883772794,0.7586206896551724,0.8833333333333333
TS0330A,4,12,TS0330B+TS0330D+TS0330E+TS0330H,temperature,145,41,46,11,1.0,1.0,0.8148148148148148,0.9166666666666667
TS0330A,4,12,TS0330B+TS0330D+TS0330E+TS0330H,pressure_absolute,145,41,46,11,0.9484848484848485,0.8906385281385282,0.0,0.5
TS0330A,4,12,TS0330B+TS0330D+TS0330E+TS0330H,pressure_shape,145,41,46,11,0.7939393939393938,0.4596390119715479,0.5789473684210527,0.7333333333333334
TS0330A,4,12,TS0330B+TS0330D+TS0330E+TS0330H,fusion_absolute,145,41,46,11,1.0,1.0,0.8421052631578947,0.8636363636363636
TS0330A,4,12,TS0330B+TS0330D+TS0330E+TS0330H,fusion_shape,145,41,46,11,0.9303030303030303,0.7900501014137378,0.7857142857142857,0.9
TS0330A,4,13,TS0330B+TS0330D+TS0330F+TS0330G,temperature,137,41,33,11,1.0,1.0,0.8461538461538461,0.9333333333333333
TS0330A,4,13,TS0330B+TS0330D+TS0330F+TS0330G,pressure_absolute,137,41,33,11,0.8787878787878789,0.6031874987757341,0.6875,0.8333333333333333
TS0330A,4,13,TS0330B+TS0330D+TS0330F+TS0330G,pressure_shape,137,41,33,11,0.5515151515151515,0.3032058553019752,0.34285714285714286,0.4727272727272727
TS0330A,4,13,TS0330B+TS0330D+TS0330F+TS0330G,fusion_absolute,137,41,33,11,0.990909090909091,0.975068870523416,0.7777777777777778,0.8181818181818181
TS0330A,4,13,TS0330B+TS0330D+TS0330F+TS0330G,fusion_shape,137,41,33,11,0.8424242424242424,0.5319047040303724,0.7096774193548387,0.85
TS0330A,4,14,TS0330B+TS0330D+TS0330F+TS0330H,temperature,139,41,41,11,1.0,1.0,0.8148148148148148,0.9166666666666667
TS0330A,4,14,TS0330B+TS0330D+TS0330F+TS0330H,pressure_absolute,139,41,41,11,0.8,0.4623707034592202,0.0,0.48333333333333334
TS0330A,4,14,TS0330B+TS0330D+TS0330F+TS0330H,pressure_shape,139,41,41,11,0.6272727272727274,0.3440734187442651,0.3870967741935484,0.5393939393939393
TS0330A,4,14,TS0330B+TS0330D+TS0330F+TS0330H,fusion_absolute,139,41,41,11,1.0,1.0,0.7777777777777778,0.8181818181818181
TS0330A,4,14,TS0330B+TS0330D+TS0330F+TS0330H,fusion_shape,139,41,41,11,0.8484848484848485,0.591629359944868,0.7586206896551724,0.8833333333333333
TS0330A,4,15,TS0330B+TS0330D+TS0330G+TS0330H,temperature,137,41,37,11,1.0,1.0,0.8148148148148148,0.9166666666666667
TS0330A,4,15,TS0330B+TS0330D+TS0330G+TS0330H,pressure_absolute,137,41,37,11,0.5575757575757576,0.2865016253877779,0.0,0.5
TS0330A,4,15,TS0330B+TS0330D+TS0330G+TS0330H,pressure_shape,137,41,37,11,0.5909090909090909,0.3674013472441464,0.4117647058823529,0.5515151515151515
TS0330A,4,15,TS0330B+TS0330D+TS0330G+TS0330H,fusion_absolute,137,41,37,11,0.9818181818181818,0.9516705516705517,0.16666666666666666,0.5454545454545454
TS0330A,4,15,TS0330B+TS0330D+TS0330G+TS0330H,fusion_shape,137,41,37,11,0.8454545454545453,0.6376165426967567,0.7586206896551724,0.8833333333333333
TS0330A,4,16,TS0330B+TS0330E+TS0330F+TS0330G,temperature,144,41,42,11,1.0,1.0,0.8461538461538461,0.9333333333333333
TS0330A,4,16,TS0330B+TS0330E+TS0330F+TS0330G,pressure_absolute,144,41,42,11,0.9606060606060606,0.9147842056932968,0.6875,0.8333333333333333
TS0330A,4,16,TS0330B+TS0330E+TS0330F+TS0330G,pressure_shape,144,41,42,11,0.7696969696969698,0.4515480525978696,0.5641025641025641,0.7166666666666667
TS0330A,4,16,TS0330B+TS0330E+TS0330F+TS0330G,fusion_absolute,144,41,42,11,1.0,1.0,0.7777777777777778,0.8181818181818181
TS0330A,4,16,TS0330B+TS0330E+TS0330F+TS0330G,fusion_shape,144,41,42,11,0.9454545454545454,0.8256233665324575,0.7333333333333333,0.8666666666666667
TS0330A,4,17,TS0330B+TS0330E+TS0330F+TS0330H,temperature,146,41,50,11,1.0,1.0,0.8148148148148148,0.9166666666666667
TS0330A,4,17,TS0330B+TS0330E+TS0330F+TS0330H,pressure_absolute,146,41,50,11,0.9818181818181818,0.9633264462809917,0.0,0.5
TS0330A,4,17,TS0330B+TS0330E+TS0330F+TS0330H,pressure_shape,146,41,50,11,0.7515151515151515,0.42583187090052077,0.5789473684210527,0.7333333333333334
TS0330A,4,17,TS0330B+TS0330E+TS0330F+TS0330H,fusion_absolute,146,41,50,11,1.0,1.0,0.8421052631578947,0.8636363636363636
TS0330A,4,17,TS0330B+TS0330E+TS0330F+TS0330H,fusion_shape,146,41,50,11,0.893939393939394,0.7358714814597168,0.7857142857142857,0.9
TS0330A,4,18,TS0330B+TS0330E+TS0330G+TS0330H,temperature,144,41,46,11,1.0,1.0,0.8148148148148148,0.9166666666666667
TS0330A,4,18,TS0330B+TS0330E+TS0330G+TS0330H,pressure_absolute,144,41,46,11,0.49393939393939396,0.263796580288615,0.0,0.48333333333333334
TS0330A,4,18,TS0330B+TS0330E+TS0330G+TS0330H,pressure_shape,144,41,46,11,0.7787878787878788,0.4682304623481094,0.5789473684210527,0.7333333333333334
TS0330A,4,18,TS0330B+TS0330E+TS0330G+TS0330H,fusion_absolute,144,41,46,11,0.8787878787878789,0.6835626791509145,0.16666666666666666,0.5454545454545454
TS0330A,4,18,TS0330B+TS0330E+TS0330G+TS0330H,fusion_shape,144,41,46,11,0.9151515151515153,0.7738168694051047,0.7586206896551724,0.8833333333333333
TS0330A,4,19,TS0330B+TS0330F+TS0330G+TS0330H,temperature,138,41,41,11,1.0,1.0,0.8148148148148148,0.9166666666666667
TS0330A,4,19,TS0330B+TS0330F+TS0330G+TS0330H,pressure_absolute,138,41,41,11,0.5606060606060606,0.28806849864605816,0.0,0.5
TS0330A,4,19,TS0330B+TS0330F+TS0330G+TS0330H,pressure_shape,138,41,41,11,0.5515151515151515,0.3801283312646949,0.375,0.5227272727272727
TS0330A,4,19,TS0330B+TS0330F+TS0330G+TS0330H,fusion_absolute,138,41,41,11,0.9545454545454546,0.8757020757020757,0.16666666666666666,0.5454545454545454
TS0330A,4,19,TS0330B+TS0330F+TS0330G+TS0330H,fusion_shape,138,41,41,11,0.7999999999999999,0.5740214284261569,0.6666666666666666,0.8045454545454545
TS0330A,4,20,TS0330C+TS0330D+TS0330E+TS0330F,temperature,137,41,37,11,1.0,1.0,0.8461538461538461,0.9333333333333333
TS0330A,4,20,TS0330C+TS0330D+TS0330E+TS0330F,pressure_absolute,137,41,37,11,0.9484848484848485,0.9013559969442323,0.5333333333333333,0.6818181818181819
TS0330A,4,20,TS0330C+TS0330D+TS0330E+TS0330F,pressure_shape,137,41,37,11,0.8727272727272728,0.8144091415830547,0.6285714285714286,0.7833333333333333
TS0330A,4,20,TS0330C+TS0330D+TS0330E+TS0330F,fusion_absolute,137,41,37,11,1.0,1.0,0.0,0.5
TS0330A,4,20,TS0330C+TS0330D+TS0330E+TS0330F,fusion_shape,137,41,37,11,0.9939393939393939,0.9860139860139859,0.8148148148148148,0.9166666666666667
TS0330A,4,21,TS0330C+TS0330D+TS0330E+TS0330G,temperature,135,41,33,11,0.9545454545454546,0.7799828958919868,0.7857142857142857,0.9
TS0330A,4,21,TS0330C+TS0330D+TS0330E+TS0330G,pressure_absolute,135,41,33,11,0.9484848484848485,0.8792610167610168,0.0,0.5
TS0330A,4,21,TS0330C+TS0330D+TS0330E+TS0330G,pressure_shape,135,41,33,11,0.8787878787878788,0.7836010607749738,0.6111111111111112,0.7666666666666666
TS0330A,4,21,TS0330C+TS0330D+TS0330E+TS0330G,fusion_absolute,135,41,33,11,0.9515151515151515,0.7744883903974813,0.6666666666666666,0.7560606060606061
TS0330A,4,21,TS0330C+TS0330D+TS0330E+TS0330G,fusion_shape,135,41,33,11,0.9333333333333333,0.7209401709401709,0.7857142857142857,0.9
TS0330A,4,22,TS0330C+TS0330D+TS0330E+TS0330H,temperature,137,41,41,11,1.0,1.0,0.8148148148148148,0.9166666666666667
TS0330A,4,22,TS0330C+TS0330D+TS0330E+TS0330H,pressure_absolute,137,41,41,11,0.9454545454545455,0.8869620575502929,0.0,0.5
TS0330A,4,22,TS0330C+TS0330D+TS0330E+TS0330H,pressure_shape,137,41,41,11,0.8787878787878789,0.7763986013986014,0.6060606060606061,0.7545454545454545
TS0330A,4,22,TS0330C+TS0330D+TS0330E+TS0330H,fusion_absolute,137,41,41,11,1.0,1.0,0.0,0.5
TS0330A,4,22,TS0330C+TS0330D+TS0330E+TS0330H,fusion_shape,137,41,41,11,1.0,1.0,0.88,0.95
TS0330A,4,23,TS0330C+TS0330D+TS0330F+TS0330G,temperature,129,41,28,11,1.0,1.0,0.7857142857142857,0.9
TS0330A,4,23,TS0330C+TS0330D+TS0330F+TS0330G,pressure_absolute,129,41,28,11,0.8757575757575758,0.6047026502908855,0.0,0.5
TS0330A,4,23,TS0330C+TS0330D+TS0330F+TS0330G,pressure_shape,129,41,28,11,0.7727272727272728,0.4308511749688221,0.5789473684210527,0.7333333333333334
TS0330A,4,23,TS0330C+TS0330D+TS0330F+TS0330G,fusion_absolute,129,41,28,11,0.996969696969697,0.9924242424242425,0.0,0.5
TS0330A,4,23,TS0330C+TS0330D+TS0330F+TS0330G,fusion_shape,129,41,28,11,0.9484848484848485,0.7614042523133432,0.7586206896551724,0.8833333333333333
TS0330A,4,24,TS0330C+TS0330D+TS0330F+TS0330H,temperature,131,41,36,11,1.0,1.0,0.8148148148148148,0.9166666666666667
TS0330A,4,24,TS0330C+TS0330D+TS0330F+TS0330H,pressure_absolute,131,41,36,11,0.793939393939394,0.45523045066388723,0.0,0.5
TS0330A,4,24,TS0330C+TS0330D+TS0330F+TS0330H,pressure_shape,131,41,36,11,0.7484848484848484,0.41468494096203073,0.5185185185185185,0.6681818181818182
TS0330A,4,24,TS0330C+TS0330D+TS0330F+TS0330H,fusion_absolute,131,41,36,11,1.0,1.0,0.0,0.5
TS0330A,4,24,TS0330C+TS0330D+TS0330F+TS0330H,fusion_shape,131,41,36,11,0.9121212121212121,0.6476258589894953,0.7857142857142857,0.9
TS0330A,4,25,TS0330C+TS0330D+TS0330G+TS0330H,temperature,129,41,32,11,1.0,1.0,0.8148148148148148,0.9166666666666667
TS0330A,4,25,TS0330C+TS0330D+TS0330G+TS0330H,pressure_absolute,129,41,32,11,0.6818181818181819,0.3734458380494186,0.0,0.5
TS0330A,4,25,TS0330C+TS0330D+TS0330G+TS0330H,pressure_shape,129,41,32,11,0.9,0.8311688311688311,0.6111111111111112,0.7666666666666666
TS0330A,4,25,TS0330C+TS0330D+TS0330G+TS0330H,fusion_absolute,129,41,32,11,1.0,1.0,0.0,0.5
TS0330A,4,25,TS0330C+TS0330D+TS0330G+TS0330H,fusion_shape,129,41,32,11,1.0,1.0,0.8461538461538461,0.9333333333333333
TS0330A,4,26,TS0330C+TS0330E+TS0330F+TS0330G,temperature,136,41,37,11,0.9878787878787879,0.9649678604224059,0.7857142857142857,0.9
TS0330A,4,26,TS0330C+TS0330E+TS0330F+TS0330G,pressure_absolute,136,41,37,11,0.9696969696969697,0.936525974025974,0.0,0.5
TS0330A,4,26,TS0330C+TS0330E+TS0330F+TS0330G,pressure_shape,136,41,37,11,0.893939393939394,0.8382667584940312,0.6111111111111112,0.7666666666666666
TS0330A,4,26,TS0330C+TS0330E+TS0330F+TS0330G,fusion_absolute,136,41,37,11,0.9878787878787879,0.9649678604224059,0.42857142857142855,0.6363636363636364
TS0330A,4,26,TS0330C+TS0330E+TS0330F+TS0330G,fusion_shape,136,41,37,11,0.9818181818181818,0.9471939676485132,0.7857142857142857,0.9
TS0330A,4,27,TS0330C+TS0330E+TS0330F+TS0330H,temperature,138,41,45,11,1.0,1.0,0.8148148148148148,0.9166666666666667
TS0330A,4,27,TS0330C+TS0330E+TS0330F+TS0330H,pressure_absolute,138,41,45,11,0.9606060606060606,0.922143513052604,0.0,0.5
TS0330A,4,27,TS0330C+TS0330E+TS0330F+TS0330H,pressure_shape,138,41,45,11,0.8878787878787879,0.8158575827025024,0.5882352941176471,0.7378787878787878
TS0330A,4,27,TS0330C+TS0330E+TS0330F+TS0330H,fusion_absolute,138,41,45,11,1.0,1.0,0.0,0.5
TS0330A,4,27,TS0330C+TS0330E+TS0330F+TS0330H,fusion_shape,138,41,45,11,0.996969696969697,0.9924242424242425,0.8461538461538461,0.9333333333333333
TS0330A,4,28,TS0330C+TS0330E+TS0330G+TS0330H,temperature,136,41,41,11,1.0,1.0,0.8148148148148148,0.9166666666666667
TS0330A,4,28,TS0330C+TS0330E+TS0330G+TS0330H,pressure_absolute,136,41,41,11,0.5878787878787879,0.30152796172357105,0.0,0.5
TS0330A,4,28,TS0330C+TS0330E+TS0330G+TS0330H,pressure_shape,136,41,41,11,0.8757575757575757,0.7680641726694358,0.6666666666666666,0.8045454545454545
TS0330A,4,28,TS0330C+TS0330E+TS0330G+TS0330H,fusion_absolute,136,41,41,11,0.9666666666666667,0.9104552013642924,0.0,0.5
TS0330A,4,28,TS0330C+TS0330E+TS0330G+TS0330H,fusion_shape,136,41,41,11,0.996969696969697,0.9924242424242425,0.88,0.95
TS0330A,4,29,TS0330C+TS0330F+TS0330G+TS0330H,temperature,130,41,36,11,1.0,1.0,0.7857142857142857,0.9
TS0330A,4,29,TS0330C+TS0330F+TS0330G+TS0330H,pressure_absolute,130,41,36,11,0.7727272727272727,0.4799785283366519,0.0,0.5
TS0330A,4,29,TS0330C+TS0330F+TS0330G+TS0330H,pressure_shape,130,41,36,11,0.8696969696969697,0.6121700203039916,0.5945945945945946,0.75
TS0330A,4,29,TS0330C+TS0330F+TS0330G+TS0330H,fusion_absolute,130,41,36,11,0.996969696969697,0.9924242424242425,0.0,0.5
TS0330A,4,29,TS0330C+TS0330F+TS0330G+TS0330H,fusion_shape,130,41,36,11,0.9151515151515152,0.7608807858807859,0.7586206896551724,0.8833333333333333
TS0330A,4,30,TS0330D+TS0330E+TS0330F+TS0330G,temperature,135,41,41,11,1.0,1.0,0.7857142857142857,0.9
TS0330A,4,30,TS0330D+TS0330E+TS0330F+TS0330G,pressure_absolute,135,41,41,11,0.9575757575757576,0.9148841354723708,0.6666666666666666,0.8166666666666667
TS0330A,4,30,TS0330D+TS0330E+TS0330F+TS0330G,pressure_shape,135,41,41,11,0.8666666666666667,0.6863357601993966,0.5641025641025641,0.7166666666666667
TS0330A,4,30,TS0330D+TS0330E+TS0330F+TS0330G,fusion_absolute,135,41,41,11,0.990909090909091,0.975068870523416,0.9090909090909091,0.9378787878787879
TS0330A,4,30,TS0330D+TS0330E+TS0330F+TS0330G,fusion_shape,135,41,41,11,0.9757575757575758,0.9328688987779897,0.7857142857142857,0.9
TS0330A,4,31,TS0330D+TS0330E+TS0330F+TS0330H,temperature,137,41,49,11,1.0,1.0,0.8148148148148148,0.9166666666666667
TS0330A,4,31,TS0330D+TS0330E+TS0330F+TS0330H,pressure_absolute,137,41,49,11,0.9666666666666668,0.9328495034377388,0.0,0.5
TS0330A,4,31,TS0330D+TS0330E+TS0330F+TS0330H,pressure_shape,137,41,49,11,0.8878787878787878,0.7776203594385412,0.5789473684210527,0.7333333333333334
TS0330A,4,31,TS0330D+TS0330E+TS0330F+TS0330H,fusion_absolute,137,41,49,11,1.0,1.0,0.8421052631578947,0.8636363636363636
TS0330A,4,31,TS0330D+TS0330E+TS0330F+TS0330H,fusion_shape,137,41,49,11,1.0,1.0,0.8461538461538461,0.9333333333333333
TS0330A,4,32,TS0330D+TS0330E+TS0330G+TS0330H,temperature,135,41,45,11,1.0,1.0,0.8148148148148148,0.9166666666666667
TS0330A,4,32,TS0330D+TS0330E+TS0330G+TS0330H,pressure_absolute,135,41,45,11,0.7666666666666667,0.4544864226682409,0.0,0.5
TS0330A,4,32,TS0330D+TS0330E+TS0330G+TS0330H,pressure_shape,135,41,45,11,0.8878787878787879,0.7876943318119789,0.5945945945945946,0.75
TS0330A,4,32,TS0330D+TS0330E+TS0330G+TS0330H,fusion_absolute,135,41,45,11,0.9878787878787879,0.9686586141131596,0.0,0.5
TS0330A,4,32,TS0330D+TS0330E+TS0330G+TS0330H,fusion_shape,135,41,45,11,0.9878787878787879,0.9686586141131596,0.8148148148148148,0.9166666666666667
TS0330A,4,33,TS0330D+TS0330F+TS0330G+TS0330H,temperature,129,41,40,11,1.0,1.0,0.7857142857142857,0.9
TS0330A,4,33,TS0330D+TS0330F+TS0330G+TS0330H,pressure_absolute,129,41,40,11,0.8454545454545455,0.5388420410936594,0.0,0.5
TS0330A,4,33,TS0330D+TS0330F+TS0330G+TS0330H,pressure_shape,129,41,40,11,0.8151515151515152,0.49157281369848216,0.5641025641025641,0.7166666666666667
TS0330A,4,33,TS0330D+TS0330F+TS0330G+TS0330H,fusion_absolute,129,41,40,11,1.0,1.0,0.0,0.5
TS0330A,4,33,TS0330D+TS0330F+TS0330G+TS0330H,fusion_shape,129,41,40,11,0.9090909090909092,0.7349657917839737,0.7333333333333333,0.8666666666666667
TS0330A,4,34,TS0330E+TS0330F+TS0330G+TS0330H,temperature,136,41,49,11,1.0,1.0,0.7857142857142857,0.9
TS0330A,4,34,TS0330E+TS0330F+TS0330G+TS0330H,pressure_absolute,136,41,49,11,0.9000000000000001,0.7999489080828793,0.0,0.5
TS0330A,4,34,TS0330E+TS0330F+TS0330G+TS0330H,pressure_shape,136,41,49,11,0.8999999999999999,0.8115702479338843,0.5789473684210527,0.7333333333333334
TS0330A,4,34,TS0330E+TS0330F+TS0330G+TS0330H,fusion_absolute,136,41,49,11,0.9848484848484849,0.9585576040121495,0.42857142857142855,0.6363636363636364
TS0330A,4,34,TS0330E+TS0330F+TS0330G+TS0330H,fusion_shape,136,41,49,11,1.0,1.0,0.7586206896551724,0.8833333333333333
TS0330A,7,0,TS0330B+TS0330C+TS0330D+TS0330E+TS0330F+TS0330G+TS0330H,temperature,242,41,67,11,1.0,1.0,0.8461538461538461,0.9333333333333333
TS0330A,7,0,TS0330B+TS0330C+TS0330D+TS0330E+TS0330F+TS0330G+TS0330H,pressure_absolute,242,41,67,11,0.8606060606060606,0.5853926774979407,0.0,0.5
TS0330A,7,0,TS0330B+TS0330C+TS0330D+TS0330E+TS0330F+TS0330G+TS0330H,pressure_shape,242,41,67,11,0.8181818181818181,0.4878149553951693,0.5945945945945946,0.75
TS0330A,7,0,TS0330B+TS0330C+TS0330D+TS0330E+TS0330F+TS0330G+TS0330H,fusion_absolute,242,41,67,11,1.0,1.0,0.0,0.5
TS0330A,7,0,TS0330B+TS0330C+TS0330D+TS0330E+TS0330F+TS0330G+TS0330H,fusion_shape,242,41,67,11,0.9575757575757576,0.8672484081574992,0.7857142857142857,0.9
TS0330B,2,0,TS0330A+TS0330C,temperature,74,41,14,8,1.0,1.0,0.64,0.8636363636363636
TS0330B,2,0,TS0330A+TS0330C,pressure_absolute,74,41,14,8,0.7575757575757576,0.41812562807986153,0.47058823529411764,0.6742424242424243
TS0330B,2,0,TS0330A+TS0330C,pressure_shape,74,41,14,8,0.5075757575757576,0.21369481370615673,0.27586206896551724,0.49242424242424243
TS0330B,2,0,TS0330A+TS0330C,fusion_absolute,74,41,14,8,0.9659090909090908,0.8610479797979798,0.5517241379310345,0.803030303030303
TS0330B,2,0,TS0330A+TS0330C,fusion_shape,74,41,14,8,0.9734848484848484,0.8865936147186148,0.5333333333333333,0.7878787878787878
TS0330B,2,1,TS0330A+TS0330D,temperature,73,41,18,8,1.0,1.0,0.6153846153846154,0.8484848484848485
TS0330B,2,1,TS0330A+TS0330D,pressure_absolute,73,41,18,8,0.731060606060606,0.32299315387130034,0.35294117647058826,0.5965909090909092
TS0330B,2,1,TS0330A+TS0330D,pressure_shape,73,41,18,8,0.4128787878787879,0.17448743386243387,0.24242424242424243,0.4318181818181818
TS0330B,2,1,TS0330A+TS0330D,fusion_absolute,73,41,18,8,0.7462121212121211,0.32914915966386554,0.5161290322580645,0.7727272727272727
TS0330B,2,1,TS0330A+TS0330D,fusion_shape,73,41,18,8,0.8409090909090909,0.4846023859181754,0.5333333333333333,0.7878787878787878
TS0330B,2,2,TS0330A+TS0330E,temperature,80,41,27,8,1.0,1.0,0.6153846153846154,0.8484848484848485
TS0330B,2,2,TS0330A+TS0330E,pressure_absolute,80,41,27,8,0.6931818181818182,0.38343253968253965,0.2857142857142857,0.5643939393939394
TS0330B,2,2,TS0330A+TS0330E,pressure_shape,80,41,27,8,0.10227272727272727,0.12323994377112671,0.13636363636363635,0.1875
TS0330B,2,2,TS0330A+TS0330E,fusion_absolute,80,41,27,8,1.0,1.0,0.5517241379310345,0.803030303030303
TS0330B,2,2,TS0330A+TS0330E,fusion_shape,80,41,27,8,0.9583333333333334,0.8752185314685315,0.5333333333333333,0.7878787878787878
TS0330B,2,3,TS0330A+TS0330F,temperature,74,41,22,8,1.0,1.0,0.5925925925925926,0.8333333333333333
TS0330B,2,3,TS0330A+TS0330F,pressure_absolute,74,41,22,8,0.7272727272727273,0.3397164580588493,0.26666666666666666,0.5492424242424243
TS0330B,2,3,TS0330A+TS0330F,pressure_shape,74,41,22,8,0.12121212121212119,0.12598744913712018,0.18604651162790697,0.2803030303030303
TS0330B,2,3,TS0330A+TS0330F,fusion_absolute,74,41,22,8,1.0,1.0,0.5333333333333333,0.7878787878787878
TS0330B,2,3,TS0330A+TS0330F,fusion_shape,74,41,22,8,0.9356060606060606,0.6580357142857143,0.5333333333333333,0.7878787878787878
TS0330B,2,4,TS0330A+TS0330G,temperature,72,41,18,8,1.0,1.0,0.6153846153846154,0.8484848484848485
TS0330B,2,4,TS0330A+TS0330G,pressure_absolute,72,41,18,8,0.7651515151515151,0.3555878471803394,0.4444444444444444,0.6590909090909092
TS0330B,2,4,TS0330A+TS0330G,pressure_shape,72,41,18,8,0.6363636363636364,0.25427229020979014,0.38461538461538464,0.615530303030303
TS0330B,2,4,TS0330A+TS0330G,fusion_absolute,72,41,18,8,1.0,1.0,0.5517241379310345,0.803030303030303
TS0330B,2,4,TS0330A+TS0330G,fusion_shape,72,41,18,8,1.0,1.0,0.5714285714285714,0.8181818181818181
TS0330B,2,5,TS0330A+TS0330H,temperature,74,41,26,8,1.0,1.0,0.5517241379310345,0.803030303030303
TS0330B,2,5,TS0330A+TS0330H,pressure_absolute,74,41,26,8,0.75,0.7160714285714286,0.5882352941176471,0.7518939393939394
TS0330B,2,5,TS0330A+TS0330H,pressure_shape,74,41,26,8,0.36742424242424243,0.1899945981396346,0.22857142857142856,0.4015151515151515
TS0330B,2,5,TS0330A+TS0330H,fusion_absolute,74,41,26,8,0.9886363636363636,0.9526289682539683,0.5333333333333333,0.7878787878787878
TS0330B,2,5,TS0330A+TS0330H,fusion_shape,74,41,26,8,0.9053030303030303,0.7074862637362638,0.5161290322580645,0.7727272727272727
TS0330B,2,6,TS0330C+TS0330D,temperature,65,41,10,8,1.0,1.0,0.64,0.8636363636363636
TS0330B,2,6,TS0330C+TS0330D,pressure_absolute,65,41,10,8,0.8181818181818181,0.3984886641136641,0.0,0.5
TS0330B,2,6,TS0330C+TS0330D,pressure_shape,65,41,10,8,0.45075757575757575,0.18393912801784468,0.10526315789473684,0.4109848484848485
TS0330B,2,6,TS0330C+TS0330D,fusion_absolute,65,41,10,8,0.8939393939393939,0.6601648351648352,0.0,0.5
TS0330B,2,6,TS0330C+TS0330D,fusion_shape,65,41,10,8,0.9696969696969697,0.874440836940837,0.8421052631578947,0.9545454545454546
TS0330B,2,7,TS0330C+TS0330E,temperature,72,41,19,8,1.0,1.0,0.6666666666666666,0.8787878787878788
TS0330B,2,7,TS0330C+TS0330E,pressure_absolute,72,41,19,8,0.8446969696969697,0.7250686813186813,0.0,0.5
TS0330B,2,7,TS0330C+TS0330E,pressure_shape,72,41,19,8,0.1212121212121212,0.1257870947137068,0.13953488372093023,0.20265151515151514
TS0330B,2,7,TS0330C+TS0330E,fusion_absolute,72,41,19,8,0.9583333333333334,0.7823412698412698,0.0,0.5
TS0330B,2,7,TS0330C+TS0330E,fusion_shape,72,41,19,8,0.7613636363636362,0.5451239191328705,0.42105263157894735,0.6666666666666666
TS0330B,2,8,TS0330C+TS0330F,temperature,66,41,14,8,1.0,1.0,0.5925925925925926,0.8333333333333333
TS0330B,2,8,TS0330C+TS0330F,pressure_absolute,66,41,14,8,0.8371212121212122,0.4283671802054155,0.0,0.5
TS0330B,2,8,TS0330C+TS0330F,pressure_shape,66,41,14,8,0.2196969696969697,0.13754840662685358,0.12121212121212122,0.2765151515151515
TS0330B,2,8,TS0330C+TS0330F,fusion_absolute,66,41,14,8,0.9356060606060606,0.6551948051948051,0.0,0.5
TS0330B,2,8,TS0330C+TS0330F,fusion_shape,66,41,14,8,0.9772727272727273,0.908531746031746,0.8,0.9393939393939394
TS0330B,2,9,TS0330C+TS0330G,temperature,64,41,10,8,1.0,1.0,0.64,0.8636363636363636
TS0330B,2,9,TS0330C+TS0330G,pressure_absolute,64,41,10,8,0.9318181818181819,0.8344645550527903,0.0,0.5
TS0330B,2,9,TS0330C+TS0330G,pressure_shape,64,41,10,8,0.6363636363636364,0.25418062329827035,0.38461538461538464,0.615530303030303
TS0330B,2,9,TS0330C+TS0330G,fusion_absolute,64,41,10,8,1.0,1.0,0.8888888888888888,0.9696969696969697
TS0330B,2,9,TS0330C+TS0330G,fusion_shape,64,41,10,8,0.9810606060606061,0.9067956349206349,0.6153846153846154,0.8484848484848485
TS0330B,2,10,TS0330C+TS0330H,temperature,66,41,18,8,1.0,1.0,0.5714285714285714,0.8181818181818181
TS0330B,2,10,TS0330C+TS0330H,pressure_absolute,66,41,18,8,0.9431818181818181,0.8479166666666668,0.0,0.5
TS0330B,2,10,TS0330C+TS0330H,pressure_shape,66,41,18,8,0.24242424242424243,0.14265590235984973,0.09090909090909091,0.36553030303030304
TS0330B,2,10,TS0330C+TS0330H,fusion_absolute,66,41,18,8,0.9507575757575758,0.8184523809523809,0.0,0.5
TS0330B,2,10,TS0330C+TS0330H,fusion_shape,66,41,18,8,0.9772727272727273,0.928409090909091,0.7777777777777778,0.8920454545454546
TS0330B,2,11,TS0330D+TS0330E,temperature,71,41,23,8,1.0,1.0,0.64,0.8636363636363636
TS0330B,2,11,TS0330D+TS0330E,pressure_absolute,71,41,23,8,0.7537878787878787,0.3526173491204956,0.26666666666666666,0.5492424242424243
TS0330B,2,11,TS0330D+TS0330E,pressure_shape,71,41,23,8,0.29924242424242425,0.15179514861500154,0.2564102564102564,0.4185606060606061
TS0330B,2,11,TS0330D+TS0330E,fusion_absolute,71,41,23,8,1.0,1.0,0.0,0.5
TS0330B,2,11,TS0330D+TS0330E,fusion_shape,71,41,23,8,0.8598484848484849,0.5188228438228438,0.5,0.7575757575757576
TS0330B,2,12,TS0330D+TS0330F,temperature,65,41,18,8,1.0,1.0,0.5925925925925926,0.8333333333333333
TS0330B,2,12,TS0330D+TS0330F,pressure_absolute,65,41,18,8,0.7537878787878788,0.33808694530443756,0.5,0.7064393939393939
TS0330B,2,12,TS0330D+TS0330F,pressure_shape,65,41,18,8,0.6022727272727273,0.23972865902213727,0.43243243243243246,0.6818181818181819
TS0330B,2,12,TS0330D+TS0330F,fusion_absolute,65,41,18,8,0.8977272727272727,0.6920673076923076,0.6153846153846154,0.8484848484848485
TS0330B,2,12,TS0330D+TS0330F,fusion_shape,65,41,18,8,0.9318181818181818,0.6667478354978356,0.5161290322580645,0.7727272727272727
TS0330B,2,13,TS0330D+TS0330G,temperature,63,41,14,8,1.0,1.0,0.6153846153846154,0.8484848484848485
TS0330B,2,13,TS0330D+TS0330G,pressure_absolute,63,41,14,8,0.7196969696969696,0.3107399179767601,0.5,0.7064393939393939
TS0330B,2,13,TS0330D+TS0330G,pressure_shape,63,41,14,8,0.7348484848484849,0.48809743098536207,0.4,0.634469696969697
TS0330B,2,13,TS0330D+TS0330G,fusion_absolute,63,41,14,8,1.0,1.0,0.6666666666666666,0.8787878787878788
TS0330B,2,13,TS0330D+TS0330G,fusion_shape,63,41,14,8,0.9242424242424243,0.6617715617715617,0.64,0.8636363636363636
TS0330B,2,14,TS0330D+TS0330H,temperature,65,41,22,8,1.0,1.0,0.5714285714285714,0.8181818181818181
TS0330B,2,14,TS0330D+TS0330H,pressure_absolute,65,41,22,8,0.7537878787878788,0.3361811391223156,0.0,0.5
TS0330B,2,14,TS0330D+TS0330H,pressure_shape,65,41,22,8,0.4393939393939394,0.18187515668922993,0.3902439024390244,0.6212121212121212
TS0330B,2,14,TS0330D+TS0330H,fusion_absolute,65,41,22,8,0.9696969696969697,0.8802579365079365,0.2222222222222222,0.5625
TS0330B,2,14,TS0330D+TS0330H,fusion_shape,65,41,22,8,0.787878787878788,0.36855211781682373,0.5161290322580645,0.7727272727272727
TS0330B,2,15,TS0330E+TS0330F,temperature,72,41,27,8,1.0,1.0,0.5925925925925926,0.8333333333333333
TS0330B,2,15,TS0330E+TS0330F,pressure_absolute,72,41,27,8,0.75,0.350915404040404,0.47619047619047616,0.6912878787878788
TS0330B,2,15,TS0330E+TS0330F,pressure_shape,72,41,27,8,0.08333333333333334,0.12158735417520718,0.21739130434782608,0.3125
TS0330B,2,15,TS0330E+TS0330F,fusion_absolute,72,41,27,8,1.0,1.0,0.6956521739130435,0.8939393939393939
TS0330B,2,15,TS0330E+TS0330F,fusion_shape,72,41,27,8,0.9015151515151515,0.6176303475935829,0.5,0.7575757575757576
TS0330B,2,16,TS0330E+TS0330G,temperature,70,41,23,8,1.0,1.0,0.6153846153846154,0.8484848484848485
TS0330B,2,16,TS0330E+TS0330G,pressure_absolute,70,41,23,8,0.8106060606060606,0.7355492424242425,0.5,0.7064393939393939
TS0330B,2,16,TS0330E+TS0330G,pressure_shape,70,41,23,8,0.20075757575757575,0.1351026218023169,0.2,0.32575757575757575
TS0330B,2,16,TS0330E+TS0330G,fusion_absolute,70,41,23,8,1.0,1.0,0.5333333333333333,0.7878787878787878
TS0330B,2,16,TS0330E+TS0330G,fusion_shape,70,41,23,8,0.9848484848484849,0.9317956349206349,0.5925925925925926,0.8333333333333333
TS0330B,2,17,TS0330E+TS0330H,temperature,72,41,31,8,1.0,1.0,0.5714285714285714,0.8181818181818181
TS0330B,2,17,TS0330E+TS0330H,pressure_absolute,72,41,31,8,0.8068181818181818,0.734672619047619,0.0,0.5
TS0330B,2,17,TS0330E+TS0330H,pressure_shape,72,41,31,8,0.26136363636363635,0.14554958415613833,0.25,0.40340909090909094
TS0330B,2,17,TS0330E+TS0330H,fusion_absolute,72,41,31,8,1.0,1.0,0.8888888888888888,0.9696969696969697
TS0330B,2,17,TS0330E+TS0330H,fusion_shape,72,41,31,8,0.8712121212121212,0.6739750445632798,0.5161290322580645,0.7727272727272727
TS0330B,2,18,TS0330F+TS0330G,temperature,64,41,18,8,1.0,1.0,0.5714285714285714,0.8181818181818181
TS0330B,2,18,TS0330F+TS0330G,pressure_absolute,64,41,18,8,0.7916666666666667,0.3746505230880231,0.5333333333333333,0.7878787878787878
TS0330B,2,18,TS0330F+TS0330G,pressure_shape,64,41,18,8,0.8068181818181819,0.7147625924799837,0.4375,0.6799242424242424
TS0330B,2,18,TS0330F+TS0330G,fusion_absolute,64,41,18,8,1.0,1.0,0.34782608695652173,0.5454545454545454
TS0330B,2,18,TS0330F+TS0330G,fusion_shape,64,41,18,8,0.9886363636363636,0.959375,0.64,0.8636363636363636
TS0330B,2,19,TS0330F+TS0330H,temperature,66,41,26,8,1.0,1.0,0.5333333333333333,0.7878787878787878
TS0330B,2,19,TS0330F+TS0330H,pressure_absolute,66,41,26,8,0.8143939393939394,0.4054341583124478,0.0,0.5
TS0330B,2,19,TS0330F+TS0330H,pressure_shape,66,41,26,8,0.4545454545454546,0.18581364755933721,0.38095238095238093,0.6060606060606061
TS0330B,2,19,TS0330F+TS0330H,fusion_absolute,66,41,26,8,1.0,1.0,0.0,0.5
TS0330B,2,19,TS0330F+TS0330H,fusion_shape,66,41,26,8,1.0,1.0,0.5,0.7575757575757576
TS0330B,2,20,TS0330G+TS0330H,temperature,64,41,22,8,1.0,1.0,0.5517241379310345,0.803030303030303
TS0330B,2,20,TS0330G+TS0330H,pressure_absolute,64,41,22,8,0.553030303030303,0.21750356125356124,0.32653061224489793,0.5
TS0330B,2,20,TS0330G+TS0330H,pressure_shape,64,41,22,8,0.4848484848484848,0.19773069848939967,0.25,0.49053030303030304
TS0330B,2,20,TS0330G+TS0330H,fusion_absolute,64,41,22,8,0.9696969696969697,0.8860479797979799,0.0,0.5
TS0330B,2,20,TS0330G+TS0330H,fusion_shape,64,41,22,8,0.9848484848484849,0.9317956349206349,0.6666666666666666,0.8787878787878788
TS0330B,4,0,TS0330A+TS0330C+TS0330D+TS0330E,temperature,145,41,37,8,1.0,1.0,0.6666666666666666,0.8787878787878788
TS0330B,4,0,TS0330A+TS0330C+TS0330D+TS0330E,pressure_absolute,145,41,37,8,0.75,0.350915404040404,0.375,0.6117424242424243
TS0330B,4,0,TS0330A+TS0330C+TS0330D+TS0330E,pressure_shape,145,41,37,8,0.1515151515151515,0.12852761638658572,0.1951219512195122,0.3106060606060606
TS0330B,4,0,TS0330A+TS0330C+TS0330D+TS0330E,fusion_absolute,145,41,37,8,1.0,1.0,0.5925925925925926,0.8333333333333333
TS0330B,4,0,TS0330A+TS0330C+TS0330D+TS0330E,fusion_shape,145,41,37,8,0.9393939393939394,0.7910037878787879,0.5517241379310345,0.803030303030303
TS0330B,4,1,TS0330A+TS0330C+TS0330D+TS0330F,temperature,139,41,32,8,1.0,1.0,0.64,0.8636363636363636
TS0330B,4,1,TS0330A+TS0330C+TS0330D+TS0330F,pressure_absolute,139,41,32,8,0.7689393939393939,0.36125374990506565,0.47058823529411764,0.6742424242424243
TS0330B,4,1,TS0330A+TS0330C+TS0330D+TS0330F,pressure_shape,139,41,32,8,0.2916666666666667,0.1500941005678909,0.17142857142857143,0.32386363636363635
TS0330B,4,1,TS0330A+TS0330C+TS0330D+TS0330F,fusion_absolute,139,41,32,8,0.9848484848484849,0.9583333333333333,0.5714285714285714,0.8181818181818181
TS0330B,4,1,TS0330A+TS0330C+TS0330D+TS0330F,fusion_shape,139,41,32,8,0.9545454545454546,0.8219246031746031,0.5925925925925926,0.8333333333333333
TS0330B,4,2,TS0330A+TS0330C+TS0330D+TS0330G,temperature,137,41,28,8,1.0,1.0,0.6666666666666666,0.8787878787878788
TS0330B,4,2,TS0330A+TS0330C+TS0330D+TS0330G,pressure_absolute,137,41,28,8,0.7651515151515151,0.3553013689526847,0.4444444444444444,0.6590909090909092
TS0330B,4,2,TS0330A+TS0330C+TS0330D+TS0330G,pressure_shape,137,41,28,8,0.5151515151515151,0.20353627853627854,0.3333333333333333,0.5549242424242424
TS0330B,4,2,TS0330A+TS0330C+TS0330D+TS0330G,fusion_absolute,137,41,28,8,1.0,1.0,0.5714285714285714,0.8181818181818181
TS0330B,4,2,TS0330A+TS0330C+TS0330D+TS0330G,fusion_shape,137,41,28,8,0.9810606060606061,0.9067956349206349,0.5925925925925926,0.8333333333333333
TS0330B,4,3,TS0330A+TS0330C+TS0330D+TS0330H,temperature,139,41,36,8,1.0,1.0,0.5925925925925926,0.8333333333333333
TS0330B,4,3,TS0330A+TS0330C+TS0330D+TS0330H,pressure_absolute,139,41,36,8,0.7424242424242424,0.3339273950686994,0.14285714285714285,0.48674242424242425
TS0330B,4,3,TS0330A+TS0330C+TS0330D+TS0330H,pressure_shape,139,41,36,8,0.20454545454545453,0.1358927587052587,0.07407407407407407,0.2897727272727273
TS0330B,4,3,TS0330A+TS0330C+TS0330D+TS0330H,fusion_absolute,139,41,36,8,0.8636363636363636,0.6082282913165267,0.6153846153846154,0.8484848484848485
TS0330B,4,3,TS0330A+TS0330C+TS0330D+TS0330H,fusion_shape,139,41,36,8,0.9090909090909092,0.6431748806748807,0.5925925925925926,0.8333333333333333
TS0330B,4,4,TS0330A+TS0330C+TS0330E+TS0330F,temperature,146,41,41,8,1.0,1.0,0.64,0.8636363636363636
TS0330B,4,4,TS0330A+TS0330C+TS0330E+TS0330F,pressure_absolute,146,41,41,8,0.7462121212121212,0.3580284992784993,0.4,0.6268939393939394
TS0330B,4,4,TS0330A+TS0330C+TS0330E+TS0330F,pressure_shape,146,41,41,8,0.0946969696969697,0.12283784744872679,0.13953488372093023,0.20265151515151514
TS0330B,4,4,TS0330A+TS0330C+TS0330E+TS0330F,fusion_absolute,146,41,41,8,1.0,1.0,0.6153846153846154,0.8484848484848485
TS0330B,4,4,TS0330A+TS0330C+TS0330E+TS0330F,fusion_shape,146,41,41,8,0.9204545454545454,0.7135732323232323,0.5333333333333333,0.7878787878787878
TS0330B,4,5,TS0330A+TS0330C+TS0330E+TS0330G,temperature,144,41,37,8,1.0,1.0,0.6666666666666666,0.8787878787878788
TS0330B,4,5,TS0330A+TS0330C+TS0330E+TS0330G,pressure_absolute,144,41,37,8,0.8143939393939394,0.6186698717948718,0.5555555555555556,0.7367424242424243
TS0330B,4,5,TS0330A+TS0330C+TS0330E+TS0330G,pressure_shape,144,41,37,8,0.29924242424242425,0.1561915274500461,0.21621621621621623,0.3712121212121212
TS0330B,4,5,TS0330A+TS0330C+TS0330E+TS0330G,fusion_absolute,144,41,37,8,1.0,1.0,0.6666666666666666,0.8787878787878788
TS0330B,4,5,TS0330A+TS0330C+TS0330E+TS0330G,fusion_shape,144,41,37,8,0.9810606060606061,0.9067956349206349,0.5925925925925926,0.8333333333333333
TS0330B,4,6,TS0330A+TS0330C+TS0330E+TS0330H,temperature,146,41,45,8,1.0,1.0,0.5925925925925926,0.8333333333333333
TS0330B,4,6,TS0330A+TS0330C+TS0330E+TS0330H,pressure_absolute,146,41,45,8,0.7159090909090908,0.35881120794913895,0.15384615384615385,0.5018939393939394
TS0330B,4,6,TS0330A+TS0330C+TS0330E+TS0330H,pressure_shape,146,41,45,8,0.14015151515151514,0.12693323956643127,0.15,0.2481060606060606
TS0330B,4,6,TS0330A+TS0330C+TS0330E+TS0330H,fusion_absolute,146,41,45,8,1.0,1.0,0.64,0.8636363636363636
TS0330B,4,6,TS0330A+TS0330C+TS0330E+TS0330H,fusion_shape,146,41,45,8,0.928030303030303,0.7704184704184704,0.5925925925925926,0.8333333333333333
TS0330B,4,7,TS0330A+TS0330C+TS0330F+TS0330G,temperature,138,41,32,8,1.0,1.0,0.64,0.8636363636363636
TS0330B,4,7,TS0330A+TS0330C+TS0330F+TS0330G,pressure_absolute,138,41,32,8,0.7727272727272727,0.36487977602108035,0.47058823529411764,0.6742424242424243
TS0330B,4,7,TS0330A+TS0330C+TS0330F+TS0330G,pressure_shape,138,41,32,8,0.5227272727272727,0.20623973127262601,0.375,0.6022727272727273
TS0330B,4,7,TS0330A+TS0330C+TS0330F+TS0330G,fusion_absolute,138,41,32,8,1.0,1.0,0.64,0.8636363636363636
TS0330B,4,7,TS0330A+TS0330C+TS0330F+TS0330G,fusion_shape,138,41,32,8,0.9810606060606061,0.9067956349206349,0.64,0.8636363636363636
TS0330B,4,8,TS0330A+TS0330C+TS0330F+TS0330H,temperature,140,41,40,8,1.0,1.0,0.5925925925925926,0.8333333333333333
TS0330B,4,8,TS0330A+TS0330C+TS0330F+TS0330H,pressure_absolute,140,41,40,8,0.7272727272727273,0.33306908369408367,0.0,0.4393939393939394
TS0330B,4,8,TS0330A+TS0330C+TS0330F+TS0330H,pressure_shape,140,41,40,8,0.13257575757575754,0.1276948267079846,0.05714285714285714,0.16856060606060608
TS0330B,4,8,TS0330A+TS0330C+TS0330F+TS0330H,fusion_absolute,140,41,40,8,0.9962121212121212,0.9861111111111112,0.64,0.8636363636363636
TS0330B,4,8,TS0330A+TS0330C+TS0330F+TS0330H,fusion_shape,140,41,40,8,0.9507575757575758,0.8184523809523809,0.64,0.8636363636363636
TS0330B,4,9,TS0330A+TS0330C+TS0330G+TS0330H,temperature,138,41,36,8,1.0,1.0,0.5925925925925926,0.8333333333333333
TS0330B,4,9,TS0330A+TS0330C+TS0330G+TS0330H,pressure_absolute,138,41,36,8,0.8333333333333333,0.7231274472653783,0.5882352941176471,0.7518939393939394
TS0330B,4,9,TS0330A+TS0330C+TS0330G+TS0330H,pressure_shape,138,41,36,8,0.42803030303030304,0.1904607460800412,0.24242424242424243,0.4318181818181818
TS0330B,4,9,TS0330A+TS0330C+TS0330G+TS0330H,fusion_absolute,138,41,36,8,1.0,1.0,0.64,0.8636363636363636
TS0330B,4,9,TS0330A+TS0330C+TS0330G+TS0330H,fusion_shape,138,41,36,8,0.9848484848484849,0.9583333333333333,0.64,0.8636363636363636
TS0330B,4,10,TS0330A+TS0330D+TS0330E+TS0330F,temperature,145,41,45,8,1.0,1.0,0.64,0.8636363636363636
TS0330B,4,10,TS0330A+TS0330D+TS0330E+TS0330F,pressure_absolute,145,41,45,8,0.7424242424242424,0.34674873737373735,0.375,0.6117424242424243
TS0330B,4,10,TS0330A+TS0330D+TS0330E+TS0330F,pressure_shape,145,41,45,8,0.19318181818181818,0.13538857539364907,0.21052631578947367,0.3560606060606061
TS0330B,4,10,TS0330A+TS0330D+TS0330E+TS0330F,fusion_absolute,145,41,45,8,1.0,1.0,0.5517241379310345,0.803030303030303
TS0330B,4,10,TS0330A+TS0330D+TS0330E+TS0330F,fusion_shape,145,41,45,8,0.8863636363636364,0.5480429292929292,0.5333333333333333,0.7878787878787878
TS0330B,4,11,TS0330A+TS0330D+TS0330E+TS0330G,temperature,143,41,41,8,1.0,1.0,0.64,0.8636363636363636
TS0330B,4,11,TS0330A+TS0330D+TS0330E+TS0330G,pressure_absolute,143,41,41,8,0.7803030303030303,0.3963932223607146,0.47058823529411764,0.6742424242424243
TS0330B,4,11,TS0330A+TS0330D+TS0330E+TS0330G,pressure_shape,143,41,41,8,0.38257575757575757,0.17004138577280992,0.3125,0.5246212121212122
TS0330B,4,11,TS0330A+TS0330D+TS0330E+TS0330G,fusion_absolute,143,41,41,8,1.0,1.0,0.5714285714285714,0.8181818181818181
TS0330B,4,11,TS0330A+TS0330D+TS0330E+TS0330G,fusion_shape,143,41,41,8,0.9772727272727273,0.908531746031746,0.5714285714285714,0.8181818181818181
TS0330B,4,12,TS0330A+TS0330D+TS0330E+TS0330H,temperature,145,41,49,8,1.0,1.0,0.5925925925925926,0.8333333333333333
TS0330B,4,12,TS0330A+TS0330D+TS0330E+TS0330H,pressure_absolute,145,41,49,8,0.7121212121212122,0.31578463203463203,0.0,0.4393939393939394
TS0330B,4,12,TS0330A+TS0330D+TS0330E+TS0330H,pressure_shape,145,41,49,8,0.19318181818181818,0.1344367909581025,0.11764705882352941,0.26136363636363635
TS0330B,4,12,TS0330A+TS0330D+TS0330E+TS0330H,fusion_absolute,145,41,49,8,1.0,1.0,0.5517241379310345,0.803030303030303
TS0330B,4,12,TS0330A+TS0330D+TS0330E+TS0330H,fusion_shape,145,41,49,8,0.7954545454545455,0.37964050751879697,0.5161290322580645,0.7727272727272727
TS0330B,4,13,TS0330A+TS0330D+TS0330F+TS0330G,temperature,137,41,36,8,1.0,1.0,0.6153846153846154,0.8484848484848485
TS0330B,4,13,TS0330A+TS0330D+TS0330F+TS0330G,pressure_absolute,137,41,36,8,0.7689393939393939,0.36125374990506565,0.4444444444444444,0.6590909090909092
TS0330B,4,13,TS0330A+TS0330D+TS0330F+TS0330G,pressure_shape,137,41,36,8,0.553030303030303,0.21666044481833957,0.45714285714285713,0.7121212121212122
TS0330B,4,13,TS0330A+TS0330D+TS0330F+TS0330G,fusion_absolute,137,41,36,8,1.0,1.0,0.5714285714285714,0.8181818181818181
TS0330B,4,13,TS0330A+TS0330D+TS0330F+TS0330G,fusion_shape,137,41,36,8,0.9696969696969697,0.874440836940837,0.5714285714285714,0.8181818181818181
TS0330B,4,14,TS0330A+TS0330D+TS0330F+TS0330H,temperature,139,41,44,8,1.0,1.0,0.5925925925925926,0.8333333333333333
TS0330B,4,14,TS0330A+TS0330D+TS0330F+TS0330H,pressure_absolute,139,41,44,8,0.7083333333333334,0.3027853725222146,0.0,0.42424242424242425
TS0330B,4,14,TS0330A+TS0330D+TS0330F+TS0330H,pressure_shape,139,41,44,8,0.3371212121212121,0.15912085821849867,0.2857142857142857,0.47916666666666663
TS0330B,4,14,TS0330A+TS0330D+TS0330F+TS0330H,fusion_absolute,139,41,44,8,0.928030303030303,0.7788690476190476,0.5333333333333333,0.7878787878787878
TS0330B,4,14,TS0330A+TS0330D+TS0330F+TS0330H,fusion_shape,139,41,44,8,0.8409090909090909,0.4374729437229437,0.5333333333333333,0.7878787878787878
TS0330B,4,15,TS0330A+TS0330D+TS0330G+TS0330H,temperature,137,41,40,8,1.0,1.0,0.5925925925925926,0.8333333333333333
TS0330B,4,15,TS0330A+TS0330D+TS0330G+TS0330H,pressure_absolute,137,41,40,8,0.7537878787878787,0.3469939155365357,0.375,0.6117424242424243
TS0330B,4,15,TS0330A+TS0330D+TS0330G+TS0330H,pressure_shape,137,41,40,8,0.4166666666666667,0.17619803603259487,0.25,0.44696969696969696
TS0330B,4,15,TS0330A+TS0330D+TS0330G+TS0330H,fusion_absolute,137,41,40,8,1.0,1.0,0.5925925925925926,0.8333333333333333
TS0330B,4,15,TS0330A+TS0330D+TS0330G+TS0330H,fusion_shape,137,41,40,8,0.9128787878787878,0.6449862637362638,0.5714285714285714,0.8181818181818181
TS0330B,4,16,TS0330A+TS0330E+TS0330F+TS0330G,temperature,144,41,45,8,1.0,1.0,0.6153846153846154,0.8484848484848485
TS0330B,4,16,TS0330A+TS0330E+TS0330F+TS0330G,pressure_absolute,144,41,45,8,0.7878787878787878,0.4341964285714286,0.47058823529411764,0.6742424242424243
TS0330B,4,16,TS0330A+TS0330E+TS0330F+TS0330G,pressure_shape,144,41,45,8,0.36363636363636365,0.16649904274851218,0.30303030303030304,0.509469696969697
TS0330B,4,16,TS0330A+TS0330E+TS0330F+TS0330G,fusion_absolute,144,41,45,8,1.0,1.0,0.5925925925925926,0.8333333333333333
TS0330B,4,16,TS0330A+TS0330E+TS0330F+TS0330G,fusion_shape,144,41,45,8,0.9962121212121212,0.9861111111111112,0.5714285714285714,0.8181818181818181
TS0330B,4,17,TS0330A+TS0330E+TS0330F+TS0330H,temperature,146,41,53,8,1.0,1.0,0.5925925925925926,0.8333333333333333
TS0330B,4,17,TS0330A+TS0330E+TS0330F+TS0330H,pressure_absolute,146,41,53,8,0.696969696969697,0.32351281069422,0.0,0.4393939393939394
TS0330B,4,17,TS0330A+TS0330E+TS0330F+TS0330H,pressure_shape,146,41,53,8,0.13257575757575757,0.12753792897736868,0.10810810810810811,0.2159090909090909
TS0330B,4,17,TS0330A+TS0330E+TS0330F+TS0330H,fusion_absolute,146,41,53,8,1.0,1.0,0.5517241379310345,0.803030303030303
TS0330B,4,17,TS0330A+TS0330E+TS0330F+TS0330H,fusion_shape,146,41,53,8,0.8825757575757576,0.5026445776445776,0.5161290322580645,0.7727272727272727
TS0330B,4,18,TS0330A+TS0330E+TS0330G+TS0330H,temperature,144,41,49,8,1.0,1.0,0.5925925925925926,0.8333333333333333
TS0330B,4,18,TS0330A+TS0330E+TS0330G+TS0330H,pressure_absolute,144,41,49,8,0.7916666666666667,0.7330745235157,0.7692307692307693,0.8125
TS0330B,4,18,TS0330A+TS0330E+TS0330G+TS0330H,pressure_shape,144,41,49,8,0.2689393939393939,0.14714077586139407,0.2222222222222222,0.38636363636363635
TS0330B,4,18,TS0330A+TS0330E+TS0330G+TS0330H,fusion_absolute,144,41,49,8,1.0,1.0,0.64,0.8636363636363636
TS0330B,4,18,TS0330A+TS0330E+TS0330G+TS0330H,fusion_shape,144,41,49,8,1.0,1.0,0.5925925925925926,0.8333333333333333
TS0330B,4,19,TS0330A+TS0330F+TS0330G+TS0330H,temperature,138,41,44,8,1.0,1.0,0.5714285714285714,0.8181818181818181
TS0330B,4,19,TS0330A+TS0330F+TS0330G+TS0330H,pressure_absolute,138,41,44,8,0.7916666666666667,0.4363782051282051,0.47058823529411764,0.6742424242424243
TS0330B,4,19,TS0330A+TS0330F+TS0330G+TS0330H,pressure_shape,138,41,44,8,0.4621212121212121,0.188400680425369,0.35294117647058826,0.571969696969697
TS0330B,4,19,TS0330A+TS0330F+TS0330G+TS0330H,fusion_absolute,138,41,44,8,1.0,1.0,0.6153846153846154,0.8484848484848485
TS0330B,4,19,TS0330A+TS0330F+TS0330G+TS0330H,fusion_shape,138,41,44,8,1.0,1.0,0.5925925925925926,0.8333333333333333
TS0330B,4,20,TS0330C+TS0330D+TS0330E+TS0330F,temperature,137,41,37,8,1.0,1.0,0.64,0.8636363636363636
TS0330B,4,20,TS0330C+TS0330D+TS0330E+TS0330F,pressure_absolute,137,41,37,8,0.8143939393939394,0.41587076118326116,0.0,0.48484848484848486
TS0330B,4,20,TS0330C+TS0330D+TS0330E+TS0330F,pressure_shape,137,41,37,8,0.1136363636363636,0.12451352818520606,0.14634146341463414,0.23295454545454547
TS0330B,4,20,TS0330C+TS0330D+TS0330E+TS0330F,fusion_absolute,137,41,37,8,1.0,1.0,0.0,0.5
TS0330B,4,20,TS0330C+TS0330D+TS0330E+TS0330F,fusion_shape,137,41,37,8,0.9659090909090909,0.8552579365079365,0.6956521739130435,0.8939393939393939
TS0330B,4,21,TS0330C+TS0330D+TS0330E+TS0330G,temperature,135,41,33,8,1.0,1.0,0.6666666666666666,0.8787878787878788
TS0330B,4,21,TS0330C+TS0330D+TS0330E+TS0330G,pressure_absolute,135,41,33,8,0.8787878787878788,0.744327731092437,0.0,0.5
TS0330B,4,21,TS0330C+TS0330D+TS0330E+TS0330G,pressure_shape,135,41,33,8,0.2992424242424242,0.15122090751799966,0.2777777777777778,0.4640151515151515
TS0330B,4,21,TS0330C+TS0330D+TS0330E+TS0330G,fusion_absolute,135,41,33,8,1.0,1.0,0.9411764705882353,0.9848484848484849
TS0330B,4,21,TS0330C+TS0330D+TS0330E+TS0330G,fusion_shape,135,41,33,8,0.9810606060606061,0.9067956349206349,0.5714285714285714,0.8181818181818181
TS0330B,4,22,TS0330C+TS0330D+TS0330E+TS0330H,temperature,137,41,41,8,1.0,1.0,0.6153846153846154,0.8484848484848485
TS0330B,4,22,TS0330C+TS0330D+TS0330E+TS0330H,pressure_absolute,137,41,41,8,0.8333333333333333,0.45357142857142857,0.0,0.5
TS0330B,4,22,TS0330C+TS0330D+TS0330E+TS0330H,pressure_shape,137,41,41,8,0.14015151515151514,0.12717717284864216,0.15384615384615385,0.26325757575757575
TS0330B,4,22,TS0330C+TS0330D+TS0330E+TS0330H,fusion_absolute,137,41,41,8,1.0,1.0,0.0,0.5
TS0330B,4,22,TS0330C+TS0330D+TS0330E+TS0330H,fusion_shape,137,41,41,8,0.9507575757575758,0.8420454545454544,0.6956521739130435,0.8939393939393939
TS0330B,4,23,TS0330C+TS0330D+TS0330F+TS0330G,temperature,129,41,28,8,1.0,1.0,0.64,0.8636363636363636
TS0330B,4,23,TS0330C+TS0330D+TS0330F+TS0330G,pressure_absolute,129,41,28,8,0.8560606060606061,0.49151583710407243,0.0,0.5
TS0330B,4,23,TS0330C+TS0330D+TS0330F+TS0330G,pressure_shape,129,41,28,8,0.7272727272727273,0.3188762150159209,0.4117647058823529,0.6496212121212122
TS0330B,4,23,TS0330C+TS0330D+TS0330F+TS0330G,fusion_absolute,129,41,28,8,1.0,1.0,0.6666666666666666,0.75
TS0330B,4,23,TS0330C+TS0330D+TS0330F+TS0330G,fusion_shape,129,41,28,8,0.9924242424242424,0.9704861111111112,0.8,0.9393939393939394
TS0330B,4,24,TS0330C+TS0330D+TS0330F+TS0330H,temperature,131,41,36,8,1.0,1.0,0.5925925925925926,0.8333333333333333
TS0330B,4,24,TS0330C+TS0330D+TS0330F+TS0330H,pressure_absolute,131,41,36,8,0.8257575757575757,0.4074630230880231,0.0,0.5
TS0330B,4,24,TS0330C+TS0330D+TS0330F+TS0330H,pressure_shape,131,41,36,8,0.3143939393939394,0.15634524787468013,0.0,0.25757575757575757
TS0330B,4,24,TS0330C+TS0330D+TS0330F+TS0330H,fusion_absolute,131,41,36,8,1.0,1.0,0.0,0.5
TS0330B,4,24,TS0330C+TS0330D+TS0330F+TS0330H,fusion_shape,131,41,36,8,0.9848484848484849,0.9415178571428571,0.8,0.9393939393939394
TS0330B,4,25,TS0330C+TS0330D+TS0330G+TS0330H,temperature,129,41,32,8,1.0,1.0,0.5925925925925926,0.8333333333333333
TS0330B,4,25,TS0330C+TS0330D+TS0330G+TS0330H,pressure_absolute,129,41,32,8,0.9204545454545454,0.817156862745098,0.0,0.5
TS0330B,4,25,TS0330C+TS0330D+TS0330G+TS0330H,pressure_shape,129,41,32,8,0.3560606060606061,0.1616775803888807,0.17647058823529413,0.3390151515151515
TS0330B,4,25,TS0330C+TS0330D+TS0330G+TS0330H,fusion_absolute,129,41,32,8,0.9962121212121212,0.9861111111111112,0.2222222222222222,0.5625
TS0330B,4,25,TS0330C+TS0330D+TS0330G+TS0330H,fusion_shape,129,41,32,8,0.9962121212121212,0.9861111111111112,0.7272727272727273,0.9090909090909092
TS0330B,4,26,TS0330C+TS0330E+TS0330F+TS0330G,temperature,136,41,37,8,1.0,1.0,0.64,0.8636363636363636
TS0330B,4,26,TS0330C+TS0330E+TS0330F+TS0330G,pressure_absolute,136,41,37,8,0.875,0.7439031556678616,0.0,0.5
TS0330B,4,26,TS0330C+TS0330E+TS0330F+TS0330G,pressure_shape,136,41,37,8,0.26515151515151514,0.14549324702060235,0.2631578947368421,0.4337121212121212
TS0330B,4,26,TS0330C+TS0330E+TS0330F+TS0330G,fusion_absolute,136,41,37,8,1.0,1.0,0.9411764705882353,0.9848484848484849
TS0330B,4,26,TS0330C+TS0330E+TS0330F+TS0330G,fusion_shape,136,41,37,8,0.9696969696969697,0.8227678571428572,0.6956521739130435,0.8939393939393939
TS0330B,4,27,TS0330C+TS0330E+TS0330F+TS0330H,temperature,138,41,45,8,1.0,1.0,0.5925925925925926,0.8333333333333333
TS0330B,4,27,TS0330C+TS0330E+TS0330F+TS0330H,pressure_absolute,138,41,45,8,0.8181818181818181,0.45180375180375176,0.0,0.5
TS0330B,4,27,TS0330C+TS0330E+TS0330F+TS0330H,pressure_shape,138,41,45,8,0.09848484848484847,0.12282364170429791,0.0975609756097561,0.1553030303030303
TS0330B,4,27,TS0330C+TS0330E+TS0330F+TS0330H,fusion_absolute,138,41,45,8,1.0,1.0,0.0,0.5
TS0330B,4,27,TS0330C+TS0330E+TS0330F+TS0330H,fusion_shape,138,41,45,8,0.9772727272727273,0.9202741702741704,0.7272727272727273,0.9090909090909092
TS0330B,4,28,TS0330C+TS0330E+TS0330G+TS0330H,temperature,136,41,41,8,1.0,1.0,0.6153846153846154,0.8484848484848485
TS0330B,4,28,TS0330C+TS0330E+TS0330G+TS0330H,pressure_absolute,136,41,41,8,0.875,0.7854166666666667,0.0,0.5
TS0330B,4,28,TS0330C+TS0330E+TS0330G+TS0330H,pressure_shape,136,41,41,8,0.21590909090909088,0.13730668259464912,0.1951219512195122,0.3106060606060606
TS0330B,4,28,TS0330C+TS0330E+TS0330G+TS0330H,fusion_absolute,136,41,41,8,0.9962121212121212,0.9861111111111112,0.875,0.9223484848484849
TS0330B,4,28,TS0330C+TS0330E+TS0330G+TS0330H,fusion_shape,136,41,41,8,0.9734848484848484,0.9105519480519481,0.6956521739130435,0.8939393939393939
TS0330B,4,29,TS0330C+TS0330F+TS0330G+TS0330H,temperature,130,41,36,8,1.0,1.0,0.5925925925925926,0.8333333333333333
TS0330B,4,29,TS0330C+TS0330F+TS0330G+TS0330H,pressure_absolute,130,41,36,8,0.9242424242424243,0.8254901960784313,0.0,0.5
TS0330B,4,29,TS0330C+TS0330F+TS0330G+TS0330H,pressure_shape,130,41,36,8,0.4696969696969697,0.19039263876220397,0.375,0.6022727272727273
TS0330B,4,29,TS0330C+TS0330F+TS0330G+TS0330H,fusion_absolute,130,41,36,8,0.9962121212121212,0.9861111111111112,0.4,0.625
TS0330B,4,29,TS0330C+TS0330F+TS0330G+TS0330H,fusion_shape,130,41,36,8,0.9924242424242424,0.9704861111111112,0.8,0.9393939393939394
TS0330B,4,30,TS0330D+TS0330E+TS0330F+TS0330G,temperature,135,41,41,8,1.0,1.0,0.6153846153846154,0.8484848484848485
TS0330B,4,30,TS0330D+TS0330E+TS0330F+TS0330G,pressure_absolute,135,41,41,8,0.7803030303030303,0.37704513623631275,0.5263157894736842,0.7215909090909092
TS0330B,4,30,TS0330D+TS0330E+TS0330F+TS0330G,pressure_shape,135,41,41,8,0.44696969696969696,0.18580492650608565,0.4,0.634469696969697
TS0330B,4,30,TS0330D+TS0330E+TS0330F+TS0330G,fusion_absolute,135,41,41,8,1.0,1.0,0.7272727272727273,0.9090909090909092
TS0330B,4,30,TS0330D+TS0330E+TS0330F+TS0330G,fusion_shape,135,41,41,8,0.9659090909090908,0.8711670274170275,0.6153846153846154,0.8484848484848485
TS0330B,4,31,TS0330D+TS0330E+TS0330F+TS0330H,temperature,137,41,49,8,1.0,1.0,0.5925925925925926,0.8333333333333333
TS0330B,4,31,TS0330D+TS0330E+TS0330F+TS0330H,pressure_absolute,137,41,49,8,0.7651515151515151,0.36336296315558325,0.0,0.5
TS0330B,4,31,TS0330D+TS0330E+TS0330F+TS0330H,pressure_shape,137,41,49,8,0.32575757575757575,0.15715696698668835,0.3333333333333333,0.5284090909090909
TS0330B,4,31,TS0330D+TS0330E+TS0330F+TS0330H,fusion_absolute,137,41,49,8,1.0,1.0,1.0,1.0
TS0330B,4,31,TS0330D+TS0330E+TS0330F+TS0330H,fusion_shape,137,41,49,8,0.8409090909090909,0.44308140689719633,0.5161290322580645,0.7727272727272727
TS0330B,4,32,TS0330D+TS0330E+TS0330G+TS0330H,temperature,135,41,45,8,1.0,1.0,0.5925925925925926,0.8333333333333333
TS0330B,4,32,TS0330D+TS0330E+TS0330G+TS0330H,pressure_absolute,135,41,45,8,0.8522727272727273,0.7568369453044376,0.0,0.5
TS0330B,4,32,TS0330D+TS0330E+TS0330G+TS0330H,pressure_shape,135,41,45,8,0.3257575757575758,0.15735087152269817,0.2857142857142857,0.47916666666666663
TS0330B,4,32,TS0330D+TS0330E+TS0330G+TS0330H,fusion_absolute,135,41,45,8,0.9962121212121212,0.9861111111111112,0.8888888888888888,0.9696969696969697
TS0330B,4,32,TS0330D+TS0330E+TS0330G+TS0330H,fusion_shape,135,41,45,8,0.9393939393939394,0.8221882284382284,0.64,0.8636363636363636
TS0330B,4,33,TS0330D+TS0330F+TS0330G+TS0330H,temperature,129,41,40,8,1.0,1.0,0.5714285714285714,0.8181818181818181
TS0330B,4,33,TS0330D+TS0330F+TS0330G+TS0330H,pressure_absolute,129,41,40,8,0.893939393939394,0.7852430555555556,0.0,0.5
TS0330B,4,33,TS0330D+TS0330F+TS0330G+TS0330H,pressure_shape,129,41,40,8,0.5984848484848484,0.2577209583788531,0.4444444444444444,0.696969696969697
TS0330B,4,33,TS0330D+TS0330F+TS0330G+TS0330H,fusion_absolute,129,41,40,8,0.9924242424242424,0.975,0.2222222222222222,0.5625
TS0330B,4,33,TS0330D+TS0330F+TS0330G+TS0330H,fusion_shape,129,41,40,8,0.946969696969697,0.835635198135198,0.64,0.8636363636363636
TS0330B,4,34,TS0330E+TS0330F+TS0330G+TS0330H,temperature,136,41,49,8,1.0,1.0,0.5925925925925926,0.8333333333333333
TS0330B,4,34,TS0330E+TS0330F+TS0330G+TS0330H,pressure_absolute,136,41,49,8,0.8484848484848485,0.7586996336996337,0.0,0.5
TS0330B,4,34,TS0330E+TS0330F+TS0330G+TS0330H,pressure_shape,136,41,49,8,0.3787878787878788,0.16756056981922907,0.2857142857142857,0.47916666666666663
TS0330B,4,34,TS0330E+TS0330F+TS0330G+TS0330H,fusion_absolute,136,41,49,8,0.9924242424242424,0.975,0.7619047619047619,0.9242424242424243
TS0330B,4,34,TS0330E+TS0330F+TS0330G+TS0330H,fusion_shape,136,41,49,8,0.9962121212121212,0.9861111111111112,0.64,0.8636363636363636
TS0330B,7,0,TS0330A+TS0330C+TS0330D+TS0330E+TS0330F+TS0330G+TS0330H,temperature,242,41,70,8,1.0,1.0,0.6153846153846154,0.8484848484848485
TS0330B,7,0,TS0330A+TS0330C+TS0330D+TS0330E+TS0330F+TS0330G+TS0330H,pressure_absolute,242,41,70,8,0.7462121212121212,0.34979360916860913,0.0,0.45454545454545453
TS0330B,7,0,TS0330A+TS0330C+TS0330D+TS0330E+TS0330F+TS0330G+TS0330H,pressure_shape,242,41,70,8,0.24621212121212116,0.14237428344599196,0.22857142857142856,0.4015151515151515
TS0330B,7,0,TS0330A+TS0330C+TS0330D+TS0330E+TS0330F+TS0330G+TS0330H,fusion_absolute,242,41,70,8,1.0,1.0,0.6666666666666666,0.8787878787878788
TS0330B,7,0,TS0330A+TS0330C+TS0330D+TS0330E+TS0330F+TS0330G+TS0330H,fusion_shape,242,41,70,8,1.0,1.0,0.6153846153846154,0.8484848484848485
TS0330C,2,0,TS0330A+TS0330B,temperature,82,33,19,3,1.0,1.0,0.4,0.85
TS0330C,2,0,TS0330A+TS0330B,pressure_absolute,82,33,19,3,0.8,0.24206349206349206,0.42857142857142855,0.8666666666666667
TS0330C,2,0,TS0330A+TS0330B,pressure_shape,82,33,19,3,0.7333333333333333,0.20324074074074072,0.2857142857142857,0.75
TS0330C,2,0,TS0330A+TS0330B,fusion_absolute,82,33,19,3,0.9333333333333333,0.5,0.42857142857142855,0.8666666666666667
TS0330C,2,0,TS0330A+TS0330B,fusion_shape,82,33,19,3,1.0,1.0,0.6666666666666666,0.95
TS0330C,2,1,TS0330A+TS0330D,temperature,73,33,18,3,1.0,1.0,0.375,0.8333333333333333
TS0330C,2,1,TS0330A+TS0330D,pressure_absolute,73,33,18,3,0.8,0.27136752136752135,0.2857142857142857,0.75
TS0330C,2,1,TS0330A+TS0330D,pressure_shape,73,33,18,3,0.9111111111111112,0.49999999999999994,0.2857142857142857,0.75
TS0330C,2,1,TS0330A+TS0330D,fusion_absolute,73,33,18,3,1.0,1.0,0.2608695652173913,0.7166666666666667
TS0330C,2,1,TS0330A+TS0330D,fusion_shape,73,33,18,3,0.8777777777777778,0.38690476190476186,0.3157894736842105,0.7833333333333333
TS0330C,2,2,TS0330A+TS0330E,temperature,80,33,27,3,1.0,1.0,0.375,0.8333333333333333
TS0330C,2,2,TS0330A+TS0330E,pressure_absolute,80,33,27,3,0.6444444444444445,0.15178571428571427,0.0,0.4166666666666667
TS0330C,2,2,TS0330A+TS0330E,pressure_shape,80,33,27,3,0.8222222222222223,0.33164983164983164,0.2222222222222222,0.5833333333333334
TS0330C,2,2,TS0330A+TS0330E,fusion_absolute,80,33,27,3,1.0,1.0,0.3,0.7666666666666666
TS0330C,2,2,TS0330A+TS0330E,fusion_shape,80,33,27,3,1.0,1.0,0.3157894736842105,0.7833333333333333
TS0330C,2,3,TS0330A+TS0330F,temperature,74,33,22,3,1.0,1.0,0.35294117647058826,0.8166666666666667
TS0330C,2,3,TS0330A+TS0330F,pressure_absolute,74,33,22,3,0.7444444444444445,0.20105820105820105,0.18181818181818182,0.55
TS0330C,2,3,TS0330A+TS0330F,pressure_shape,74,33,22,3,0.9666666666666667,0.6388888888888888,0.3157894736842105,0.7833333333333333
TS0330C,2,3,TS0330A+TS0330F,fusion_absolute,74,33,22,3,1.0,1.0,0.2727272727272727,0.7333333333333334
TS0330C,2,3,TS0330A+TS0330F,fusion_shape,74,33,22,3,0.9222222222222223,0.6095238095238096,0.3157894736842105,0.7833333333333333
TS0330C,2,4,TS0330A+TS0330G,temperature,72,33,18,3,1.0,1.0,0.35294117647058826,0.8166666666666667
TS0330C,2,4,TS0330A+TS0330G,pressure_absolute,72,33,18,3,0.8333333333333333,0.5158730158730158,0.35294117647058826,0.8166666666666667
TS0330C,2,4,TS0330A+TS0330G,pressure_shape,72,33,18,3,0.5666666666666667,0.13075396825396823,0.2222222222222222,0.6166666666666667
TS0330C,2,4,TS0330A+TS0330G,fusion_absolute,72,33,18,3,1.0,1.0,0.3,0.7666666666666666
TS0330C,2,4,TS0330A+TS0330G,fusion_shape,72,33,18,3,1.0,1.0,0.375,0.8333333333333333
TS0330C,2,5,TS0330A+TS0330H,temperature,74,33,26,3,1.0,1.0,0.3157894736842105,0.7833333333333333
TS0330C,2,5,TS0330A+TS0330H,pressure_absolute,74,33,26,3,0.8,0.24206349206349206,0.36363636363636365,0.7333333333333334
TS0330C,2,5,TS0330A+TS0330H,pressure_shape,74,33,26,3,0.6777777777777778,0.17678571428571427,0.14285714285714285,0.5
TS0330C,2,5,TS0330A+TS0330H,fusion_absolute,74,33,26,3,1.0,1.0,0.2727272727272727,0.7333333333333334
TS0330C,2,5,TS0330A+TS0330H,fusion_shape,74,33,26,3,0.9555555555555556,0.7,0.3,0.7666666666666666
TS0330C,2,6,TS0330B+TS0330D,temperature,73,33,15,3,1.0,1.0,0.4,0.85
TS0330C,2,6,TS0330B+TS0330D,pressure_absolute,73,33,15,3,0.9666666666666667,0.6388888888888888,0.375,0.8333333333333333
TS0330C,2,6,TS0330B+TS0330D,pressure_shape,73,33,15,3,0.9111111111111111,0.4583333333333333,0.2222222222222222,0.65
TS0330C,2,6,TS0330B+TS0330D,fusion_absolute,73,33,15,3,0.9888888888888889,0.9166666666666665,0.42857142857142855,0.8666666666666667
TS0330C,2,6,TS0330B+TS0330D,fusion_shape,73,33,15,3,0.9666666666666667,0.6388888888888888,0.5454545454545454,0.9166666666666667
TS0330C,2,7,TS0330B+TS0330E,temperature,80,33,24,3,1.0,1.0,0.42857142857142855,0.8666666666666667
TS0330C,2,7,TS0330B+TS0330E,pressure_absolute,80,33,24,3,0.7888888888888889,0.23095238095238094,0.3333333333333333,0.7166666666666667
TS0330C,2,7,TS0330B+TS0330E,pressure_shape,80,33,24,3,0.7111111111111111,0.20555555555555555,0.2727272727272727,0.7333333333333334
TS0330C,2,7,TS0330B+TS0330E,fusion_absolute,80,33,24,3,1.0,1.0,0.46153846153846156,0.8833333333333333
TS0330C,2,7,TS0330B+TS0330E,fusion_shape,80,33,24,3,0.9777777777777777,0.8055555555555556,0.6,0.9333333333333333
TS0330C,2,8,TS0330B+TS0330F,temperature,74,33,19,3,1.0,1.0,0.375,0.8333333333333333
TS0330C,2,8,TS0330B+TS0330F,pressure_absolute,74,33,19,3,0.9666666666666667,0.6388888888888888,0.375,0.8333333333333333
TS0330C,2,8,TS0330B+TS0330F,pressure_shape,74,33,19,3,0.9111111111111111,0.4583333333333333,0.24,0.6833333333333333
TS0330C,2,8,TS0330B+TS0330F,fusion_absolute,74,33,19,3,0.9777777777777777,0.8666666666666667,0.42857142857142855,0.8666666666666667
TS0330C,2,8,TS0330B+TS0330F,fusion_shape,74,33,19,3,0.9777777777777777,0.8055555555555556,0.46153846153846156,0.8833333333333333
TS0330C,2,9,TS0330B+TS0330G,temperature,72,33,15,3,1.0,1.0,0.4,0.85
TS0330C,2,9,TS0330B+TS0330G,pressure_absolute,72,33,15,3,0.8,0.24206349206349206,0.2727272727272727,0.7333333333333334
TS0330C,2,9,TS0330B+TS0330G,pressure_shape,72,33,15,3,0.5,0.11267806267806268,0.18181818181818182,0.55
TS0330C,2,9,TS0330B+TS0330G,fusion_absolute,72,33,15,3,0.8666666666666667,0.3206349206349206,0.42857142857142855,0.8666666666666667
TS0330C,2,9,TS0330B+TS0330G,fusion_shape,72,33,15,3,0.9888888888888889,0.9166666666666665,0.42857142857142855,0.8666666666666667
TS0330C,2,10,TS0330B+TS0330H,temperature,74,33,23,3,1.0,1.0,0.3,0.7666666666666666
TS0330C,2,10,TS0330B+TS0330H,pressure_absolute,74,33,23,3,0.8,0.24206349206349206,0.4,0.85
TS0330C,2,10,TS0330B+TS0330H,pressure_shape,74,33,23,3,0.7333333333333333,0.20324074074074072,0.26666666666666666,0.6666666666666666
TS0330C,2,10,TS0330B+TS0330H,fusion_absolute,74,33,23,3,0.8333333333333334,0.2757936507936508,0.42857142857142855,0.8666666666666667
TS0330C,2,10,TS0330B+TS0330H,fusion_shape,74,33,23,3,0.9888888888888889,0.9166666666666665,0.6,0.9333333333333333
TS0330C,2,11,TS0330D+TS0330E,temperature,71,33,23,3,1.0,1.0,0.4,0.85
TS0330C,2,11,TS0330D+TS0330E,pressure_absolute,71,33,23,3,0.8888888888888888,0.43333333333333335,0.42857142857142855,0.8666666666666667
TS0330C,2,11,TS0330D+TS0330E,pressure_shape,71,33,23,3,0.6333333333333333,0.15683760683760684,0.25,0.7
TS0330C,2,11,TS0330D+TS0330E,fusion_absolute,71,33,23,3,1.0,1.0,0.8571428571428571,0.9833333333333334
TS0330C,2,11,TS0330D+TS0330E,fusion_shape,71,33,23,3,0.9222222222222223,0.4666666666666667,0.3157894736842105,0.7833333333333333
TS0330C,2,12,TS0330D+TS0330F,temperature,65,33,18,3,1.0,1.0,0.35294117647058826,0.8166666666666667
TS0330C,2,12,TS0330D+TS0330F,pressure_absolute,65,33,18,3,0.9666666666666667,0.7555555555555555,0.2727272727272727,0.7333333333333334
TS0330C,2,12,TS0330D+TS0330F,pressure_shape,65,33,18,3,0.9666666666666667,0.6388888888888888,0.2222222222222222,0.65
TS0330C,2,12,TS0330D+TS0330F,fusion_absolute,65,33,18,3,1.0,1.0,0.35294117647058826,0.8166666666666667
TS0330C,2,12,TS0330D+TS0330F,fusion_shape,65,33,18,3,0.888888888888889,0.36507936507936506,0.3157894736842105,0.7833333333333333
TS0330C,2,13,TS0330D+TS0330G,temperature,63,33,14,3,1.0,1.0,0.375,0.8333333333333333
TS0330C,2,13,TS0330D+TS0330G,pressure_absolute,63,33,14,3,0.9777777777777777,0.8055555555555556,0.25,0.7
TS0330C,2,13,TS0330D+TS0330G,pressure_shape,63,33,14,3,0.5666666666666667,0.12826797385620914,0.2222222222222222,0.65
TS0330C,2,13,TS0330D+TS0330G,fusion_absolute,63,33,14,3,1.0,1.0,0.375,0.8333333333333333
TS0330C,2,13,TS0330D+TS0330G,fusion_shape,63,33,14,3,0.8666666666666667,0.3206349206349206,0.375,0.8333333333333333
TS0330C,2,14,TS0330D+TS0330H,temperature,65,33,22,3,1.0,1.0,0.3157894736842105,0.7833333333333333
TS0330C,2,14,TS0330D+TS0330H,pressure_absolute,65,33,22,3,1.0,1.0,0.8571428571428571,0.9833333333333334
TS0330C,2,14,TS0330D+TS0330H,pressure_shape,65,33,22,3,0.611111111111111,0.14985380116959063,0.24,0.6833333333333333
TS0330C,2,14,TS0330D+TS0330H,fusion_absolute,65,33,22,3,1.0,1.0,0.75,0.9666666666666667
TS0330C,2,14,TS0330D+TS0330H,fusion_shape,65,33,22,3,0.8444444444444446,0.28968253968253965,0.3157894736842105,0.7833333333333333
TS0330C,2,15,TS0330E+TS0330F,temperature,72,33,27,3,1.0,1.0,0.35294117647058826,0.8166666666666667
TS0330C,2,15,TS0330E+TS0330F,pressure_absolute,72,33,27,3,0.8333333333333333,0.29444444444444445,0.3,0.7666666666666666
TS0330C,2,15,TS0330E+TS0330F,pressure_shape,72,33,27,3,0.9,0.4444444444444444,0.2727272727272727,0.7333333333333334
TS0330C,2,15,TS0330E+TS0330F,fusion_absolute,72,33,27,3,1.0,1.0,0.35294117647058826,0.8166666666666667
TS0330C,2,15,TS0330E+TS0330F,fusion_shape,72,33,27,3,0.9666666666666667,0.6388888888888888,0.3157894736842105,0.7833333333333333
TS0330C,2,16,TS0330E+TS0330G,temperature,70,33,23,3,1.0,1.0,0.375,0.8333333333333333
TS0330C,2,16,TS0330E+TS0330G,pressure_absolute,70,33,23,3,0.611111111111111,0.14040861099684632,0.0,0.35
TS0330C,2,16,TS0330E+TS0330G,pressure_shape,70,33,23,3,0.15555555555555556,0.07035330261136713,0.0,0.31666666666666665
TS0330C,2,16,TS0330E+TS0330G,fusion_absolute,70,33,23,3,1.0,1.0,0.3157894736842105,0.7833333333333333
TS0330C,2,16,TS0330E+TS0330G,fusion_shape,70,33,23,3,0.9666666666666667,0.6388888888888888,0.375,0.8333333333333333
TS0330C,2,17,TS0330E+TS0330H,temperature,72,33,31,3,1.0,1.0,0.3157894736842105,0.7833333333333333
TS0330C,2,17,TS0330E+TS0330H,pressure_absolute,72,33,31,3,0.8,0.24206349206349206,0.0,0.5
TS0330C,2,17,TS0330E+TS0330H,pressure_shape,72,33,31,3,0.5555555555555556,0.12474747474747475,0.2222222222222222,0.6166666666666667
TS0330C,2,17,TS0330E+TS0330H,fusion_absolute,72,33,31,3,1.0,1.0,0.5,0.9
TS0330C,2,17,TS0330E+TS0330H,fusion_shape,72,33,31,3,1.0,1.0,0.3,0.7666666666666666
TS0330C,2,18,TS0330F+TS0330G,temperature,64,33,18,3,1.0,1.0,0.3333333333333333,0.8
TS0330C,2,18,TS0330F+TS0330G,pressure_absolute,64,33,18,3,1.0,1.0,0.25,0.7
TS0330C,2,18,TS0330F+TS0330G,pressure_shape,64,33,18,3,0.6555555555555556,0.15555555555555556,0.23076923076923078,0.6666666666666666
TS0330C,2,18,TS0330F+TS0330G,fusion_absolute,64,33,18,3,1.0,1.0,0.24,0.6833333333333333
TS0330C,2,18,TS0330F+TS0330G,fusion_shape,64,33,18,3,0.9333333333333333,0.4777777777777778,0.375,0.8333333333333333
TS0330C,2,19,TS0330F+TS0330H,temperature,66,33,26,3,1.0,1.0,0.3157894736842105,0.7833333333333333
TS0330C,2,19,TS0330F+TS0330H,pressure_absolute,66,33,26,3,0.9777777777777777,0.8666666666666667,0.0,0.5
TS0330C,2,19,TS0330F+TS0330H,pressure_shape,66,33,26,3,0.7222222222222222,0.20555555555555557,0.24,0.6833333333333333
TS0330C,2,19,TS0330F+TS0330H,fusion_absolute,66,33,26,3,1.0,1.0,0.75,0.9666666666666667
TS0330C,2,19,TS0330F+TS0330H,fusion_shape,66,33,26,3,1.0,1.0,0.3,0.7666666666666666
TS0330C,2,20,TS0330G+TS0330H,temperature,64,33,22,3,1.0,1.0,0.3157894736842105,0.7833333333333333
TS0330C,2,20,TS0330G+TS0330H,pressure_absolute,64,33,22,3,0.41111111111111115,0.09947089947089947,0.16666666666666666,0.5
TS0330C,2,20,TS0330G+TS0330H,pressure_shape,64,33,22,3,0.45555555555555555,0.10592105263157894,0.0,0.35
TS0330C,2,20,TS0330G+TS0330H,fusion_absolute,64,33,22,3,0.8222222222222223,0.2619047619047619,0.0,0.5
TS0330C,2,20,TS0330G+TS0330H,fusion_shape,64,33,22,3,0.9,0.38333333333333336,0.4,0.85
TS0330C,4,0,TS0330A+TS0330B+TS0330D+TS0330E,temperature,153,33,42,3,1.0,1.0,0.42857142857142855,0.8666666666666667
TS0330C,4,0,TS0330A+TS0330B+TS0330D+TS0330E,pressure_absolute,153,33,42,3,0.8666666666666667,0.5277777777777778,0.375,0.8333333333333333
TS0330C,4,0,TS0330A+TS0330B+TS0330D+TS0330E,pressure_shape,153,33,42,3,0.8,0.3176638176638177,0.2857142857142857,0.75
TS0330C,4,0,TS0330A+TS0330B+TS0330D+TS0330E,fusion_absolute,153,33,42,3,1.0,1.0,0.375,0.8333333333333333
TS0330C,4,0,TS0330A+TS0330B+TS0330D+TS0330E,fusion_shape,153,33,42,3,0.9666666666666667,0.6388888888888888,0.5,0.9
TS0330C,4,1,TS0330A+TS0330B+TS0330D+TS0330F,temperature,147,33,37,3,1.0,1.0,0.4,0.85
TS0330C,4,1,TS0330A+TS0330B+TS0330D+TS0330F,pressure_absolute,147,33,37,3,0.9666666666666667,0.8333333333333333,0.375,0.8333333333333333
TS0330C,4,1,TS0330A+TS0330B+TS0330D+TS0330F,pressure_shape,147,33,37,3,0.9666666666666667,0.6388888888888888,0.25,0.7
TS0330C,4,1,TS0330A+TS0330B+TS0330D+TS0330F,fusion_absolute,147,33,37,3,1.0,1.0,0.375,0.8333333333333333
TS0330C,4,1,TS0330A+TS0330B+TS0330D+TS0330F,fusion_shape,147,33,37,3,0.9666666666666667,0.6388888888888888,0.46153846153846156,0.8833333333333333
TS0330C,4,2,TS0330A+TS0330B+TS0330D+TS0330G,temperature,145,33,33,3,1.0,1.0,0.4,0.85
TS0330C,4,2,TS0330A+TS0330B+TS0330D+TS0330G,pressure_absolute,145,33,33,3,0.9555555555555556,0.8095238095238095,0.3333333333333333,0.8
TS0330C,4,2,TS0330A+TS0330B+TS0330D+TS0330G,pressure_shape,145,33,33,3,0.7999999999999999,0.24074074074074076,0.25,0.7
TS0330C,4,2,TS0330A+TS0330B+TS0330D+TS0330G,fusion_absolute,145,33,33,3,1.0,1.0,0.35294117647058826,0.8166666666666667
TS0330C,4,2,TS0330A+TS0330B+TS0330D+TS0330G,fusion_shape,145,33,33,3,0.9666666666666667,0.6388888888888888,0.42857142857142855,0.8666666666666667
TS0330C,4,3,TS0330A+TS0330B+TS0330D+TS0330H,temperature,147,33,41,3,1.0,1.0,0.35294117647058826,0.8166666666666667
TS0330C,4,3,TS0330A+TS0330B+TS0330D+TS0330H,pressure_absolute,147,33,41,3,0.9222222222222223,0.6666666666666666,0.2857142857142857,0.75
TS0330C,4,3,TS0330A+TS0330B+TS0330D+TS0330H,pressure_shape,147,33,41,3,0.9666666666666667,0.6388888888888888,0.2608695652173913,0.7166666666666667
TS0330C,4,3,TS0330A+TS0330B+TS0330D+TS0330H,fusion_absolute,147,33,41,3,1.0,1.0,0.3333333333333333,0.8
TS0330C,4,3,TS0330A+TS0330B+TS0330D+TS0330H,fusion_shape,147,33,41,3,0.9666666666666667,0.6388888888888888,0.42857142857142855,0.8666666666666667
TS0330C,4,4,TS0330A+TS0330B+TS0330E+TS0330F,temperature,154,33,46,3,1.0,1.0,0.4,0.85
TS0330C,4,4,TS0330A+TS0330B+TS0330E+TS0330F,pressure_absolute,154,33,46,3,0.8,0.24206349206349206,0.5,0.9
TS0330C,4,4,TS0330A+TS0330B+TS0330E+TS0330F,pressure_shape,154,33,46,3,0.9444444444444444,0.5333333333333333,0.2857142857142857,0.75
TS0330C,4,4,TS0330A+TS0330B+TS0330E+TS0330F,fusion_absolute,154,33,46,3,1.0,1.0,0.42857142857142855,0.8666666666666667
TS0330C,4,4,TS0330A+TS0330B+TS0330E+TS0330F,fusion_shape,154,33,46,3,0.9666666666666667,0.6388888888888888,0.46153846153846156,0.8833333333333333
TS0330C,4,5,TS0330A+TS0330B+TS0330E+TS0330G,temperature,152,33,42,3,1.0,1.0,0.4,0.85
TS0330C,4,5,TS0330A+TS0330B+TS0330E+TS0330G,pressure_absolute,152,33,42,3,0.8,0.24206349206349206,0.5,0.9
TS0330C,4,5,TS0330A+TS0330B+TS0330E+TS0330G,pressure_shape,152,33,42,3,0.4666666666666667,0.1065934065934066,0.10526315789473684,0.41666666666666663
TS0330C,4,5,TS0330A+TS0330B+TS0330E+TS0330G,fusion_absolute,152,33,42,3,1.0,1.0,0.42857142857142855,0.8666666666666667
TS0330C,4,5,TS0330A+TS0330B+TS0330E+TS0330G,fusion_shape,152,33,42,3,1.0,1.0,0.46153846153846156,0.8833333333333333
TS0330C,4,6,TS0330A+TS0330B+TS0330E+TS0330H,temperature,154,33,50,3,1.0,1.0,0.3333333333333333,0.8
TS0330C,4,6,TS0330A+TS0330B+TS0330E+TS0330H,pressure_absolute,154,33,50,3,0.8,0.24206349206349206,0.36363636363636365,0.7333333333333334
TS0330C,4,6,TS0330A+TS0330B+TS0330E+TS0330H,pressure_shape,154,33,50,3,0.7666666666666667,0.21766381766381768,0.35294117647058826,0.8166666666666667
TS0330C,4,6,TS0330A+TS0330B+TS0330E+TS0330H,fusion_absolute,154,33,50,3,1.0,1.0,0.375,0.8333333333333333
TS0330C,4,6,TS0330A+TS0330B+TS0330E+TS0330H,fusion_shape,154,33,50,3,1.0,1.0,0.5454545454545454,0.9166666666666667
TS0330C,4,7,TS0330A+TS0330B+TS0330F+TS0330G,temperature,146,33,37,3,1.0,1.0,0.375,0.8333333333333333
TS0330C,4,7,TS0330A+TS0330B+TS0330F+TS0330G,pressure_absolute,146,33,37,3,0.888888888888889,0.5555555555555556,0.375,0.8333333333333333
TS0330C,4,7,TS0330A+TS0330B+TS0330F+TS0330G,pressure_shape,146,33,37,3,0.8,0.2833333333333333,0.24,0.6833333333333333
TS0330C,4,7,TS0330A+TS0330B+TS0330F+TS0330G,fusion_absolute,146,33,37,3,1.0,1.0,0.375,0.8333333333333333
TS0330C,4,7,TS0330A+TS0330B+TS0330F+TS0330G,fusion_shape,146,33,37,3,0.9888888888888889,0.9166666666666665,0.4,0.85
TS0330C,4,8,TS0330A+TS0330B+TS0330F+TS0330H,temperature,148,33,45,3,1.0,1.0,0.3333333333333333,0.8
TS0330C,4,8,TS0330A+TS0330B+TS0330F+TS0330H,pressure_absolute,148,33,45,3,0.8222222222222223,0.2611111111111111,0.46153846153846156,0.8833333333333333
TS0330C,4,8,TS0330A+TS0330B+TS0330F+TS0330H,pressure_shape,148,33,45,3,0.9666666666666667,0.6388888888888888,0.25,0.7
TS0330C,4,8,TS0330A+TS0330B+TS0330F+TS0330H,fusion_absolute,148,33,45,3,1.0,1.0,0.35294117647058826,0.8166666666666667
TS0330C,4,8,TS0330A+TS0330B+TS0330F+TS0330H,fusion_shape,148,33,45,3,1.0,1.0,0.42857142857142855,0.8666666666666667
TS0330C,4,9,TS0330A+TS0330B+TS0330G+TS0330H,temperature,146,33,41,3,1.0,1.0,0.35294117647058826,0.8166666666666667
TS0330C,4,9,TS0330A+TS0330B+TS0330G+TS0330H,pressure_absolute,146,33,41,3,0.8222222222222223,0.2611111111111111,0.46153846153846156,0.8833333333333333
TS0330C,4,9,TS0330A+TS0330B+TS0330G+TS0330H,pressure_shape,146,33,41,3,0.6,0.13788335847159378,0.21052631578947367,0.6
TS0330C,4,9,TS0330A+TS0330B+TS0330G+TS0330H,fusion_absolute,146,33,41,3,1.0,1.0,0.42857142857142855,0.8666666666666667
TS0330C,4,9,TS0330A+TS0330B+TS0330G+TS0330H,fusion_shape,146,33,41,3,1.0,1.0,0.42857142857142855,0.8666666666666667
TS0330C,4,10,TS0330A+TS0330D+TS0330E+TS0330F,temperature,145,33,45,3,1.0,1.0,0.375,0.8333333333333333
TS0330C,4,10,TS0330A+TS0330D+TS0330E+TS0330F,pressure_absolute,145,33,45,3,0.8333333333333333,0.29444444444444445,0.42857142857142855,0.8666666666666667
TS0330C,4,10,TS0330A+TS0330D+TS0330E+TS0330F,pressure_shape,145,33,45,3,0.8666666666666666,0.41666666666666663,0.3157894736842105,0.7833333333333333
TS0330C,4,10,TS0330A+TS0330D+TS0330E+TS0330F,fusion_absolute,145,33,45,3,1.0,1.0,0.3,0.7666666666666666
TS0330C,4,10,TS0330A+TS0330D+TS0330E+TS0330F,fusion_shape,145,33,45,3,0.9111111111111111,0.44285714285714284,0.3333333333333333,0.8
TS0330C,4,11,TS0330A+TS0330D+TS0330E+TS0330G,temperature,143,33,41,3,1.0,1.0,0.375,0.8333333333333333
TS0330C,4,11,TS0330A+TS0330D+TS0330E+TS0330G,pressure_absolute,143,33,41,3,0.8555555555555556,0.3611111111111111,0.4,0.85
TS0330C,4,11,TS0330A+TS0330D+TS0330E+TS0330G,pressure_shape,143,33,41,3,0.5111111111111111,0.11492673992673993,0.21052631578947367,0.6
TS0330C,4,11,TS0330A+TS0330D+TS0330E+TS0330G,fusion_absolute,143,33,41,3,1.0,1.0,0.3333333333333333,0.8
TS0330C,4,11,TS0330A+TS0330D+TS0330E+TS0330G,fusion_shape,143,33,41,3,0.9444444444444444,0.5555555555555556,0.35294117647058826,0.8166666666666667
TS0330C,4,12,TS0330A+TS0330D+TS0330E+TS0330H,temperature,145,33,49,3,1.0,1.0,0.35294117647058826,0.8166666666666667
TS0330C,4,12,TS0330A+TS0330D+TS0330E+TS0330H,pressure_absolute,145,33,49,3,0.7444444444444445,0.2383838383838384,0.25,0.6499999999999999
TS0330C,4,12,TS0330A+TS0330D+TS0330E+TS0330H,pressure_shape,145,33,49,3,0.7000000000000001,0.18518518518518517,0.26666666666666666,0.6666666666666666
TS0330C,4,12,TS0330A+TS0330D+TS0330E+TS0330H,fusion_absolute,145,33,49,3,1.0,1.0,0.3,0.7666666666666666
TS0330C,4,12,TS0330A+TS0330D+TS0330E+TS0330H,fusion_shape,145,33,49,3,0.8777777777777778,0.38690476190476186,0.3157894736842105,0.7833333333333333
TS0330C,4,13,TS0330A+TS0330D+TS0330F+TS0330G,temperature,137,33,36,3,1.0,1.0,0.375,0.8333333333333333
TS0330C,4,13,TS0330A+TS0330D+TS0330F+TS0330G,pressure_absolute,137,33,36,3,0.9555555555555556,0.7222222222222222,0.3157894736842105,0.7833333333333333
TS0330C,4,13,TS0330A+TS0330D+TS0330F+TS0330G,pressure_shape,137,33,36,3,0.9111111111111111,0.4206349206349207,0.24,0.6833333333333333
TS0330C,4,13,TS0330A+TS0330D+TS0330F+TS0330G,fusion_absolute,137,33,36,3,1.0,1.0,0.3157894736842105,0.7833333333333333
TS0330C,4,13,TS0330A+TS0330D+TS0330F+TS0330G,fusion_shape,137,33,36,3,0.9444444444444444,0.5555555555555556,0.35294117647058826,0.8166666666666667
TS0330C,4,14,TS0330A+TS0330D+TS0330F+TS0330H,temperature,139,33,44,3,1.0,1.0,0.35294117647058826,0.8166666666666667
TS0330C,4,14,TS0330A+TS0330D+TS0330F+TS0330H,pressure_absolute,139,33,44,3,0.8555555555555556,0.5194805194805194,0.35294117647058826,0.8166666666666667
TS0330C,4,14,TS0330A+TS0330D+TS0330F+TS0330H,pressure_shape,139,33,44,3,0.9666666666666667,0.6388888888888888,0.3,0.7666666666666666
TS0330C,4,14,TS0330A+TS0330D+TS0330F+TS0330H,fusion_absolute,139,33,44,3,1.0,1.0,0.2727272727272727,0.7333333333333334
TS0330C,4,14,TS0330A+TS0330D+TS0330F+TS0330H,fusion_shape,139,33,44,3,0.9,0.4206349206349206,0.3157894736842105,0.7833333333333333
TS0330C,4,15,TS0330A+TS0330D+TS0330G+TS0330H,temperature,137,33,40,3,1.0,1.0,0.3333333333333333,0.8
TS0330C,4,15,TS0330A+TS0330D+TS0330G+TS0330H,pressure_absolute,137,33,40,3,0.9888888888888889,0.9166666666666665,0.3333333333333333,0.8
TS0330C,4,15,TS0330A+TS0330D+TS0330G+TS0330H,pressure_shape,137,33,40,3,0.6222222222222222,0.14444444444444443,0.21052631578947367,0.6
TS0330C,4,15,TS0330A+TS0330D+TS0330G+TS0330H,fusion_absolute,137,33,40,3,1.0,1.0,0.3157894736842105,0.7833333333333333
TS0330C,4,15,TS0330A+TS0330D+TS0330G+TS0330H,fusion_shape,137,33,40,3,0.9222222222222223,0.4666666666666667,0.35294117647058826,0.8166666666666667
TS0330C,4,16,TS0330A+TS0330E+TS0330F+TS0330G,temperature,144,33,45,3,1.0,1.0,0.375,0.8333333333333333
TS0330C,4,16,TS0330A+TS0330E+TS0330F+TS0330G,pressure_absolute,144,33,45,3,0.8111111111111111,0.25,0.5,0.9
TS0330C,4,16,TS0330A+TS0330E+TS0330F+TS0330G,pressure_shape,144,33,45,3,0.5666666666666667,0.13465608465608464,0.1,0.4
TS0330C,4,16,TS0330A+TS0330E+TS0330F+TS0330G,fusion_absolute,144,33,45,3,1.0,1.0,0.35294117647058826,0.8166666666666667
TS0330C,4,16,TS0330A+TS0330E+TS0330F+TS0330G,fusion_shape,144,33,45,3,0.9666666666666667,0.6388888888888888,0.35294117647058826,0.8166666666666667
TS0330C,4,17,TS0330A+TS0330E+TS0330F+TS0330H,temperature,146,33,53,3,1.0,1.0,0.3333333333333333,0.8
TS0330C,4,17,TS0330A+TS0330E+TS0330F+TS0330H,pressure_absolute,146,33,53,3,0.6888888888888889,0.1735042735042735,0.0,0.43333333333333335
TS0330C,4,17,TS0330A+TS0330E+TS0330F+TS0330H,pressure_shape,146,33,53,3,0.8000000000000002,0.2554945054945055,0.26666666666666666,0.6666666666666666
TS0330C,4,17,TS0330A+TS0330E+TS0330F+TS0330H,fusion_absolute,146,33,53,3,1.0,1.0,0.3,0.7666666666666666
TS0330C,4,17,TS0330A+TS0330E+TS0330F+TS0330H,fusion_shape,146,33,53,3,0.9555555555555556,0.7,0.3157894736842105,0.7833333333333333
TS0330C,4,18,TS0330A+TS0330E+TS0330G+TS0330H,temperature,144,33,49,3,1.0,1.0,0.3333333333333333,0.8
TS0330C,4,18,TS0330A+TS0330E+TS0330G+TS0330H,pressure_absolute,144,33,49,3,0.8,0.24206349206349206,0.36363636363636365,0.7333333333333334
TS0330C,4,18,TS0330A+TS0330E+TS0330G+TS0330H,pressure_shape,144,33,49,3,0.4777777777777778,0.10905695611577965,0.0,0.36666666666666664
TS0330C,4,18,TS0330A+TS0330E+TS0330G+TS0330H,fusion_absolute,144,33,49,3,1.0,1.0,0.35294117647058826,0.8166666666666667
TS0330C,4,18,TS0330A+TS0330E+TS0330G+TS0330H,fusion_shape,144,33,49,3,1.0,1.0,0.375,0.8333333333333333
TS0330C,4,19,TS0330A+TS0330F+TS0330G+TS0330H,temperature,138,33,44,3,1.0,1.0,0.3333333333333333,0.8
TS0330C,4,19,TS0330A+TS0330F+TS0330G+TS0330H,pressure_absolute,138,33,44,3,0.9222222222222223,0.6666666666666666,0.5,0.9
TS0330C,4,19,TS0330A+TS0330F+TS0330G+TS0330H,pressure_shape,138,33,44,3,0.6333333333333333,0.14949494949494951,0.2727272727272727,0.7333333333333334
TS0330C,4,19,TS0330A+TS0330F+TS0330G+TS0330H,fusion_absolute,138,33,44,3,1.0,1.0,0.35294117647058826,0.8166666666666667
TS0330C,4,19,TS0330A+TS0330F+TS0330G+TS0330H,fusion_shape,138,33,44,3,1.0,1.0,0.35294117647058826,0.8166666666666667
TS0330C,4,20,TS0330B+TS0330D+TS0330E+TS0330F,temperature,145,33,42,3,1.0,1.0,0.4,0.85
TS0330C,4,20,TS0330B+TS0330D+TS0330E+TS0330F,pressure_absolute,145,33,42,3,0.9666666666666667,0.8333333333333333,0.375,0.8333333333333333
TS0330C,4,20,TS0330B+TS0330D+TS0330E+TS0330F,pressure_shape,145,33,42,3,0.9333333333333333,0.4777777777777778,0.24,0.6833333333333333
TS0330C,4,20,TS0330B+TS0330D+TS0330E+TS0330F,fusion_absolute,145,33,42,3,1.0,1.0,0.46153846153846156,0.8833333333333333
TS0330C,4,20,TS0330B+TS0330D+TS0330E+TS0330F,fusion_shape,145,33,42,3,0.9666666666666667,0.6388888888888888,0.5,0.9
TS0330C,4,21,TS0330B+TS0330D+TS0330E+TS0330G,temperature,143,33,38,3,1.0,1.0,0.4,0.85
TS0330C,4,21,TS0330B+TS0330D+TS0330E+TS0330G,pressure_absolute,143,33,38,3,0.9111111111111111,0.5916666666666666,0.375,0.8333333333333333
TS0330C,4,21,TS0330B+TS0330D+TS0330E+TS0330G,pressure_shape,143,33,38,3,0.5,0.1142857142857143,0.24,0.6833333333333333
TS0330C,4,21,TS0330B+TS0330D+TS0330E+TS0330G,fusion_absolute,143,33,38,3,1.0,1.0,0.46153846153846156,0.8833333333333333
TS0330C,4,21,TS0330B+TS0330D+TS0330E+TS0330G,fusion_shape,143,33,38,3,0.9666666666666667,0.6388888888888888,0.42857142857142855,0.8666666666666667
TS0330C,4,22,TS0330B+TS0330D+TS0330E+TS0330H,temperature,145,33,46,3,1.0,1.0,0.35294117647058826,0.8166666666666667
TS0330C,4,22,TS0330B+TS0330D+TS0330E+TS0330H,pressure_absolute,145,33,46,3,0.9666666666666667,0.8333333333333333,0.46153846153846156,0.8833333333333333
TS0330C,4,22,TS0330B+TS0330D+TS0330E+TS0330H,pressure_shape,145,33,46,3,0.9111111111111111,0.4111111111111111,0.25,0.7
TS0330C,4,22,TS0330B+TS0330D+TS0330E+TS0330H,fusion_absolute,145,33,46,3,1.0,1.0,0.5,0.9
TS0330C,4,22,TS0330B+TS0330D+TS0330E+TS0330H,fusion_shape,145,33,46,3,0.9666666666666667,0.6388888888888888,0.5,0.9
TS0330C,4,23,TS0330B+TS0330D+TS0330F+TS0330G,temperature,137,33,33,3,1.0,1.0,0.375,0.8333333333333333
TS0330C,4,23,TS0330B+TS0330D+TS0330F+TS0330G,pressure_absolute,137,33,33,3,0.9888888888888889,0.9166666666666665,0.375,0.8333333333333333
TS0330C,4,23,TS0330B+TS0330D+TS0330F+TS0330G,pressure_shape,137,33,33,3,0.7666666666666666,0.23333333333333334,0.23076923076923078,0.6666666666666666
TS0330C,4,23,TS0330B+TS0330D+TS0330F+TS0330G,fusion_absolute,137,33,33,3,1.0,1.0,0.46153846153846156,0.8833333333333333
TS0330C,4,23,TS0330B+TS0330D+TS0330F+TS0330G,fusion_shape,137,33,33,3,0.9666666666666667,0.6388888888888888,0.4,0.85
TS0330C,4,24,TS0330B+TS0330D+TS0330F+TS0330H,temperature,139,33,41,3,1.0,1.0,0.35294117647058826,0.8166666666666667
TS0330C,4,24,TS0330B+TS0330D+TS0330F+TS0330H,pressure_absolute,139,33,41,3,1.0,1.0,0.375,0.8333333333333333
TS0330C,4,24,TS0330B+TS0330D+TS0330F+TS0330H,pressure_shape,139,33,41,3,0.9666666666666667,0.6388888888888888,0.25,0.7
TS0330C,4,24,TS0330B+TS0330D+TS0330F+TS0330H,fusion_absolute,139,33,41,3,1.0,1.0,0.42857142857142855,0.8666666666666667
TS0330C,4,24,TS0330B+TS0330D+TS0330F+TS0330H,fusion_shape,139,33,41,3,0.9666666666666667,0.6388888888888888,0.46153846153846156,0.8833333333333333
TS0330C,4,25,TS0330B+TS0330D+TS0330G+TS0330H,temperature,137,33,37,3,1.0,1.0,0.35294117647058826,0.8166666666666667
TS0330C,4,25,TS0330B+TS0330D+TS0330G+TS0330H,pressure_absolute,137,33,37,3,0.9666666666666667,0.6388888888888888,0.42857142857142855,0.8666666666666667
TS0330C,4,25,TS0330B+TS0330D+TS0330G+TS0330H,pressure_shape,137,33,37,3,0.7,0.17727272727272728,0.24,0.6833333333333333
TS0330C,4,25,TS0330B+TS0330D+TS0330G+TS0330H,fusion_absolute,137,33,37,3,1.0,1.0,0.5,0.9
TS0330C,4,25,TS0330B+TS0330D+TS0330G+TS0330H,fusion_shape,137,33,37,3,0.9666666666666667,0.6388888888888888,0.4,0.85
TS0330C,4,26,TS0330B+TS0330E+TS0330F+TS0330G,temperature,144,33,42,3,1.0,1.0,0.375,0.8333333333333333
TS0330C,4,26,TS0330B+TS0330E+TS0330F+TS0330G,pressure_absolute,144,33,42,3,0.8555555555555556,0.3055555555555555,0.42857142857142855,0.8666666666666667
TS0330C,4,26,TS0330B+TS0330E+TS0330F+TS0330G,pressure_shape,144,33,42,3,0.5777777777777778,0.14239028944911297,0.24,0.6833333333333333
TS0330C,4,26,TS0330B+TS0330E+TS0330F+TS0330G,fusion_absolute,144,33,42,3,1.0,1.0,0.46153846153846156,0.8833333333333333
TS0330C,4,26,TS0330B+TS0330E+TS0330F+TS0330G,fusion_shape,144,33,42,3,0.9666666666666667,0.6388888888888888,0.42857142857142855,0.8666666666666667
TS0330C,4,27,TS0330B+TS0330E+TS0330F+TS0330H,temperature,146,33,50,3,1.0,1.0,0.3333333333333333,0.8
TS0330C,4,27,TS0330B+TS0330E+TS0330F+TS0330H,pressure_absolute,146,33,50,3,0.8888888888888888,0.36944444444444446,0.5,0.9
TS0330C,4,27,TS0330B+TS0330E+TS0330F+TS0330H,pressure_shape,146,33,50,3,0.9222222222222223,0.4444444444444445,0.24,0.6833333333333333
TS0330C,4,27,TS0330B+TS0330E+TS0330F+TS0330H,fusion_absolute,146,33,50,3,1.0,1.0,0.5,0.9
TS0330C,4,27,TS0330B+TS0330E+TS0330F+TS0330H,fusion_shape,146,33,50,3,0.9888888888888889,0.9166666666666665,0.46153846153846156,0.8833333333333333
TS0330C,4,28,TS0330B+TS0330E+TS0330G+TS0330H,temperature,144,33,46,3,1.0,1.0,0.35294117647058826,0.8166666666666667
TS0330C,4,28,TS0330B+TS0330E+TS0330G+TS0330H,pressure_absolute,144,33,46,3,0.8,0.24206349206349206,0.36363636363636365,0.7333333333333334
TS0330C,4,28,TS0330B+TS0330E+TS0330G+TS0330H,pressure_shape,144,33,46,3,0.4666666666666667,0.10687830687830688,0.0,0.26666666666666666
TS0330C,4,28,TS0330B+TS0330E+TS0330G+TS0330H,fusion_absolute,144,33,46,3,0.9444444444444444,0.5333333333333333,0.5,0.9
TS0330C,4,28,TS0330B+TS0330E+TS0330G+TS0330H,fusion_shape,144,33,46,3,1.0,1.0,0.46153846153846156,0.8833333333333333
TS0330C,4,29,TS0330B+TS0330F+TS0330G+TS0330H,temperature,138,33,41,3,1.0,1.0,0.3333333333333333,0.8
TS0330C,4,29,TS0330B+TS0330F+TS0330G+TS0330H,pressure_absolute,138,33,41,3,0.9111111111111111,0.4206349206349207,0.42857142857142855,0.8666666666666667
TS0330C,4,29,TS0330B+TS0330F+TS0330G+TS0330H,pressure_shape,138,33,41,3,0.7111111111111111,0.18062678062678064,0.24,0.6833333333333333
TS0330C,4,29,TS0330B+TS0330F+TS0330G+TS0330H,fusion_absolute,138,33,41,3,1.0,1.0,0.46153846153846156,0.8833333333333333
TS0330C,4,29,TS0330B+TS0330F+TS0330G+TS0330H,fusion_shape,138,33,41,3,0.9888888888888889,0.9166666666666665,0.4,0.85
TS0330C,4,30,TS0330D+TS0330E+TS0330F+TS0330G,temperature,135,33,41,3,1.0,1.0,0.375,0.8333333333333333
TS0330C,4,30,TS0330D+TS0330E+TS0330F+TS0330G,pressure_absolute,135,33,41,3,0.9444444444444444,0.6666666666666667,0.3157894736842105,0.7833333333333333
TS0330C,4,30,TS0330D+TS0330E+TS0330F+TS0330G,pressure_shape,135,33,41,3,0.6111111111111112,0.15833333333333333,0.24,0.6833333333333333
TS0330C,4,30,TS0330D+TS0330E+TS0330F+TS0330G,fusion_absolute,135,33,41,3,1.0,1.0,0.46153846153846156,0.8833333333333333
TS0330C,4,30,TS0330D+TS0330E+TS0330F+TS0330G,fusion_shape,135,33,41,3,0.9333333333333333,0.4777777777777778,0.375,0.8333333333333333
TS0330C,4,31,TS0330D+TS0330E+TS0330F+TS0330H,temperature,137,33,49,3,1.0,1.0,0.35294117647058826,0.8166666666666667
TS0330C,4,31,TS0330D+TS0330E+TS0330F+TS0330H,pressure_absolute,137,33,49,3,0.9888888888888889,0.9166666666666665,0.0,0.5
TS0330C,4,31,TS0330D+TS0330E+TS0330F+TS0330H,pressure_shape,137,33,49,3,0.6888888888888889,0.19444444444444445,0.24,0.6833333333333333
TS0330C,4,31,TS0330D+TS0330E+TS0330F+TS0330H,fusion_absolute,137,33,49,3,1.0,1.0,0.6,0.9333333333333333
TS0330C,4,31,TS0330D+TS0330E+TS0330F+TS0330H,fusion_shape,137,33,49,3,0.9222222222222223,0.4666666666666667,0.3157894736842105,0.7833333333333333
TS0330C,4,32,TS0330D+TS0330E+TS0330G+TS0330H,temperature,135,33,45,3,1.0,1.0,0.35294117647058826,0.8166666666666667
TS0330C,4,32,TS0330D+TS0330E+TS0330G+TS0330H,pressure_absolute,135,33,45,3,0.888888888888889,0.3595238095238096,0.0,0.5
TS0330C,4,32,TS0330D+TS0330E+TS0330G+TS0330H,pressure_shape,135,33,45,3,0.5111111111111112,0.11495911495911496,0.19047619047619047,0.5666666666666667
TS0330C,4,32,TS0330D+TS0330E+TS0330G+TS0330H,fusion_absolute,135,33,45,3,1.0,1.0,0.6,0.9333333333333333
TS0330C,4,32,TS0330D+TS0330E+TS0330G+TS0330H,fusion_shape,135,33,45,3,0.9,0.4206349206349206,0.375,0.8333333333333333
TS0330C,4,33,TS0330D+TS0330F+TS0330G+TS0330H,temperature,129,33,40,3,1.0,1.0,0.3333333333333333,0.8
TS0330C,4,33,TS0330D+TS0330F+TS0330G+TS0330H,pressure_absolute,129,33,40,3,1.0,1.0,0.0,0.5
TS0330C,4,33,TS0330D+TS0330F+TS0330G+TS0330H,pressure_shape,129,33,40,3,0.6888888888888889,0.16984126984126985,0.24,0.6833333333333333
TS0330C,4,33,TS0330D+TS0330F+TS0330G+TS0330H,fusion_absolute,129,33,40,3,1.0,1.0,0.75,0.9666666666666667
TS0330C,4,33,TS0330D+TS0330F+TS0330G+TS0330H,fusion_shape,129,33,40,3,0.8666666666666667,0.3206349206349206,0.375,0.8333333333333333
TS0330C,4,34,TS0330E+TS0330F+TS0330G+TS0330H,temperature,136,33,49,3,1.0,1.0,0.3333333333333333,0.8
TS0330C,4,34,TS0330E+TS0330F+TS0330G+TS0330H,pressure_absolute,136,33,49,3,0.8777777777777778,0.3416666666666667,0.0,0.5
TS0330C,4,34,TS0330E+TS0330F+TS0330G+TS0330H,pressure_shape,136,33,49,3,0.5222222222222223,0.11713776419658772,0.17391304347826086,0.5333333333333333
TS0330C,4,34,TS0330E+TS0330F+TS0330G+TS0330H,fusion_absolute,136,33,49,3,1.0,1.0,0.46153846153846156,0.8833333333333333
TS0330C,4,34,TS0330E+TS0330F+TS0330G+TS0330H,fusion_shape,136,33,49,3,0.9666666666666667,0.6388888888888888,0.375,0.8333333333333333
TS0330C,7,0,TS0330A+TS0330B+TS0330D+TS0330E+TS0330F+TS0330G+TS0330H,temperature,250,33,75,3,1.0,1.0,0.35294117647058826,0.8166666666666667
TS0330C,7,0,TS0330A+TS0330B+TS0330D+TS0330E+TS0330F+TS0330G+TS0330H,pressure_absolute,250,33,75,3,0.9555555555555556,0.8095238095238095,0.42857142857142855,0.8666666666666667
TS0330C,7,0,TS0330A+TS0330B+TS0330D+TS0330E+TS0330F+TS0330G+TS0330H,pressure_shape,250,33,75,3,0.7333333333333333,0.21031746031746035,0.25,0.7
TS0330C,7,0,TS0330A+TS0330B+TS0330D+TS0330E+TS0330F+TS0330G+TS0330H,fusion_absolute,250,33,75,3,1.0,1.0,0.42857142857142855,0.8666666666666667
TS0330C,7,0,TS0330A+TS0330B+TS0330D+TS0330E+TS0330F+TS0330G+TS0330H,fusion_shape,250,33,75,3,0.9666666666666667,0.6388888888888888,0.42857142857142855,0.8666666666666667
TS0330D,2,0,TS0330A+TS0330B,temperature,82,32,19,7,1.0,1.0,0.7777777777777778,0.9199999999999999
TS0330D,2,0,TS0330A+TS0330B,pressure_absolute,82,32,19,7,0.4799999999999999,0.4401322625824523,0.3076923076923077,0.4857142857142857
TS0330D,2,0,TS0330A+TS0330B,pressure_shape,82,32,19,7,0.6342857142857142,0.5070075757575757,0.3076923076923077,0.5628571428571428
TS0330D,2,0,TS0330A+TS0330B,fusion_absolute,82,32,19,7,0.9142857142857143,0.7869880119880119,0.6666666666666666,0.7971428571428572
TS0330D,2,0,TS0330A+TS0330B,fusion_shape,82,32,19,7,0.7942857142857143,0.6956800144300145,0.6,0.7885714285714285
TS0330D,2,1,TS0330A+TS0330C,temperature,74,32,14,7,1.0,1.0,0.7777777777777778,0.9199999999999999
TS0330D,2,1,TS0330A+TS0330C,pressure_absolute,74,32,14,7,0.7257142857142856,0.554945054945055,0.5,0.6742857142857143
TS0330D,2,1,TS0330A+TS0330C,pressure_shape,74,32,14,7,0.7371428571428571,0.6067078754578754,0.46153846153846156,0.6542857142857142
TS0330D,2,1,TS0330A+TS0330C,fusion_absolute,74,32,14,7,1.0,1.0,0.9230769230769231,0.9285714285714286
TS0330D,2,1,TS0330A+TS0330C,fusion_shape,74,32,14,7,0.8514285714285714,0.7265512265512266,0.5714285714285714,0.7685714285714286
TS0330D,2,2,TS0330A+TS0330E,temperature,80,32,27,7,1.0,1.0,0.7,0.88
TS0330D,2,2,TS0330A+TS0330E,pressure_absolute,80,32,27,7,0.5714285714285714,0.39858230926779314,0.42857142857142855,0.6342857142857142
TS0330D,2,2,TS0330A+TS0330E,pressure_shape,80,32,27,7,0.5828571428571427,0.37684917421759523,0.4444444444444444,0.6485714285714286
TS0330D,2,2,TS0330A+TS0330E,fusion_absolute,80,32,27,7,1.0,1.0,0.7368421052631579,0.9
TS0330D,2,2,TS0330A+TS0330E,fusion_shape,80,32,27,7,0.9257142857142857,0.8893662728249194,0.5454545454545454,0.7485714285714286
TS0330D,2,3,TS0330A+TS0330F,temperature,74,32,22,7,1.0,1.0,0.7,0.88
TS0330D,2,3,TS0330A+TS0330F,pressure_absolute,74,32,22,7,0.8457142857142856,0.6537414965986394,0.6153846153846154,0.7457142857142858
TS0330D,2,3,TS0330A+TS0330F,pressure_shape,74,32,22,7,0.8914285714285715,0.7504578754578755,0.5833333333333334,0.8
TS0330D,2,3,TS0330A+TS0330F,fusion_absolute,74,32,22,7,1.0,1.0,0.7368421052631579,0.9
TS0330D,2,3,TS0330A+TS0330F,fusion_shape,74,32,22,7,1.0,1.0,0.6666666666666666,0.86
TS0330D,2,4,TS0330A+TS0330G,temperature,72,32,18,7,1.0,1.0,0.6666666666666666,0.86
TS0330D,2,4,TS0330A+TS0330G,pressure_absolute,72,32,18,7,0.8628571428571429,0.7230397422126745,0.625,0.7771428571428571
TS0330D,2,4,TS0330A+TS0330G,pressure_shape,72,32,18,7,0.7142857142857142,0.5531364468864468,0.4444444444444444,0.6428571428571428
TS0330D,2,4,TS0330A+TS0330G,fusion_absolute,72,32,18,7,1.0,1.0,0.8235294117647058,0.94
TS0330D,2,4,TS0330A+TS0330G,fusion_shape,72,32,18,7,0.88,0.7874458874458874,0.6,0.7885714285714285
TS0330D,2,5,TS0330A+TS0330H,temperature,74,32,26,7,1.0,1.0,0.6086956521739131,0.8200000000000001
TS0330D,2,5,TS0330A+TS0330H,pressure_absolute,74,32,26,7,0.4914285714285713,0.4430541209809842,0.2727272727272727,0.4742857142857143
TS0330D,2,5,TS0330A+TS0330H,pressure_shape,74,32,26,7,0.5314285714285715,0.34712301587301586,0.4,0.5971428571428572
TS0330D,2,5,TS0330A+TS0330H,fusion_absolute,74,32,26,7,1.0,1.0,0.7,0.88
TS0330D,2,5,TS0330A+TS0330H,fusion_shape,74,32,26,7,0.7771428571428571,0.7883928571428571,0.4,0.5971428571428572
TS0330D,2,6,TS0330B+TS0330C,temperature,74,32,11,7,1.0,1.0,0.8235294117647058,0.94
TS0330D,2,6,TS0330B+TS0330C,pressure_absolute,74,32,11,7,0.8971428571428571,0.7444143158428873,0.25,0.5714285714285714
TS0330D,2,6,TS0330B+TS0330C,pressure_shape,74,32,11,7,0.6514285714285715,0.3481667667066827,0.375,0.5942857142857143
TS0330D,2,6,TS0330B+TS0330C,fusion_absolute,74,32,11,7,0.9771428571428571,0.936734693877551,0.7692307692307693,0.8371428571428572
TS0330D,2,6,TS0330B+TS0330C,fusion_shape,74,32,11,7,0.8171428571428572,0.52005772005772,0.6,0.7885714285714285
TS0330D,2,7,TS0330B+TS0330E,temperature,80,32,24,7,1.0,1.0,0.7777777777777778,0.9199999999999999
TS0330D,2,7,TS0330B+TS0330E,pressure_absolute,80,32,24,7,0.5771428571428571,0.5065746753246754,0.3333333333333333,0.5542857142857143
TS0330D,2,7,TS0330B+TS0330E,pressure_shape,80,32,24,7,0.9371428571428572,0.7916666666666666,0.7777777777777778,0.9199999999999999
TS0330D,2,7,TS0330B+TS0330E,fusion_absolute,80,32,24,7,0.9885714285714285,0.9617346938775511,0.7,0.88
TS0330D,2,7,TS0330B+TS0330E,fusion_shape,80,32,24,7,0.9542857142857143,0.8599567099567099,0.6666666666666666,0.86
TS0330D,2,8,TS0330B+TS0330F,temperature,74,32,19,7,1.0,1.0,0.7,0.88
TS0330D,2,8,TS0330B+TS0330F,pressure_absolute,74,32,19,7,0.9199999999999999,0.8218210361067504,0.5833333333333334,0.8
TS0330D,2,8,TS0330B+TS0330F,pressure_shape,74,32,19,7,0.9199999999999999,0.754004329004329,0.7368421052631579,0.9
TS0330D,2,8,TS0330B+TS0330F,fusion_absolute,74,32,19,7,0.9885714285714287,0.9682539682539683,0.7,0.88
TS0330D,2,8,TS0330B+TS0330F,fusion_shape,74,32,19,7,0.96,0.8806122448979592,0.6666666666666666,0.86
TS0330D,2,9,TS0330B+TS0330G,temperature,72,32,15,7,1.0,1.0,0.7368421052631579,0.9
TS0330D,2,9,TS0330B+TS0330G,pressure_absolute,72,32,15,7,0.4685714285714285,0.40203702448721423,0.25,0.3657142857142857
TS0330D,2,9,TS0330B+TS0330G,pressure_shape,72,32,15,7,0.5542857142857144,0.2883928571428572,0.26666666666666666,0.5228571428571429
TS0330D,2,9,TS0330B+TS0330G,fusion_absolute,72,32,15,7,0.8114285714285714,0.6590502867813792,0.47619047619047616,0.6771428571428572
TS0330D,2,9,TS0330B+TS0330G,fusion_shape,72,32,15,7,0.7314285714285714,0.44797771672771675,0.5454545454545454,0.7485714285714286
TS0330D,2,10,TS0330B+TS0330H,temperature,74,32,23,7,1.0,1.0,0.5833333333333334,0.8
TS0330D,2,10,TS0330B+TS0330H,pressure_absolute,74,32,23,7,0.6457142857142857,0.5262315554241019,0.3870967741935484,0.5685714285714285
TS0330D,2,10,TS0330B+TS0330H,pressure_shape,74,32,23,7,0.5885714285714285,0.31397521129663986,0.3333333333333333,0.5257142857142857
TS0330D,2,10,TS0330B+TS0330H,fusion_absolute,74,32,23,7,0.7371428571428571,0.611655188391146,0.34782608695652173,0.5457142857142857
TS0330D,2,10,TS0330B+TS0330H,fusion_shape,74,32,23,7,0.6914285714285713,0.5050595238095238,0.38461538461538464,0.5771428571428572
TS0330D,2,11,TS0330C+TS0330E,temperature,72,32,19,7,1.0,1.0,0.7777777777777778,0.9199999999999999
TS0330D,2,11,TS0330C+TS0330E,pressure_absolute,72,32,19,7,0.7542857142857142,0.5762483130904184,0.4444444444444444,0.6457142857142857
TS0330D,2,11,TS0330C+TS0330E,pressure_shape,72,32,19,7,0.5942857142857143,0.28570959484272174,0.42857142857142855,0.6285714285714286
TS0330D,2,11,TS0330C+TS0330E,fusion_absolute,72,32,19,7,1.0,1.0,0.56,0.78
TS0330D,2,11,TS0330C+TS0330E,fusion_shape,72,32,19,7,0.7999999999999999,0.6154761904761905,0.4444444444444444,0.6485714285714286
TS0330D,2,12,TS0330C+TS0330F,temperature,66,32,14,7,1.0,1.0,0.7,0.88
TS0330D,2,12,TS0330C+TS0330F,pressure_absolute,66,32,14,7,0.9828571428571429,0.9571428571428572,0.7272727272727273,0.7857142857142857
TS0330D,2,12,TS0330C+TS0330F,pressure_shape,66,32,14,7,0.8228571428571428,0.480952380952381,0.5,0.72
TS0330D,2,12,TS0330C+TS0330F,fusion_absolute,66,32,14,7,1.0,1.0,0.7,0.88
TS0330D,2,12,TS0330C+TS0330F,fusion_shape,66,32,14,7,0.96,0.8806122448979592,0.56,0.78
TS0330D,2,13,TS0330C+TS0330G,temperature,64,32,10,7,1.0,1.0,0.7,0.88
TS0330D,2,13,TS0330C+TS0330G,pressure_absolute,64,32,10,7,0.8342857142857143,0.6971894020766201,0.5714285714285714,0.7685714285714286
TS0330D,2,13,TS0330C+TS0330G,pressure_shape,64,32,10,7,0.8114285714285714,0.6651404151404152,0.4444444444444444,0.6428571428571428
TS0330D,2,13,TS0330C+TS0330G,fusion_absolute,64,32,10,7,1.0,1.0,0.7368421052631579,0.9
TS0330D,2,13,TS0330C+TS0330G,fusion_shape,64,32,10,7,0.8457142857142856,0.7086167800453514,0.5217391304347826,0.7285714285714285
TS0330D,2,14,TS0330C+TS0330H,temperature,66,32,18,7,1.0,1.0,0.6086956521739131,0.8200000000000001
TS0330D,2,14,TS0330C+TS0330H,pressure_absolute,66,32,18,7,0.9371428571428572,0.8392857142857143,0.6666666666666666,0.86
TS0330D,2,14,TS0330C+TS0330H,pressure_shape,66,32,18,7,0.5485714285714285,0.2587543350673603,0.38461538461538464,0.5771428571428572
TS0330D,2,14,TS0330C+TS0330H,fusion_absolute,66,32,18,7,1.0,1.0,0.8235294117647058,0.94
TS0330D,2,14,TS0330C+TS0330H,fusion_shape,66,32,18,7,0.6742857142857142,0.5252130325814537,0.42857142857142855,0.6285714285714286
TS0330D,2,15,TS0330E+TS0330F,temperature,72,32,27,7,1.0,1.0,0.7,0.88
TS0330D,2,15,TS0330E+TS0330F,pressure_absolute,72,32,27,7,0.88,0.7339412688152185,0.5263157894736842,0.7171428571428571
TS0330D,2,15,TS0330E+TS0330F,pressure_shape,72,32,27,7,0.8342857142857143,0.5744588744588744,0.5384615384615384,0.76
TS0330D,2,15,TS0330E+TS0330F,fusion_absolute,72,32,27,7,1.0,1.0,0.8235294117647058,0.94
TS0330D,2,15,TS0330E+TS0330F,fusion_shape,72,32,27,7,1.0,1.0,0.6666666666666666,0.86
TS0330D,2,16,TS0330E+TS0330G,temperature,70,32,23,7,1.0,1.0,0.7,0.88
TS0330D,2,16,TS0330E+TS0330G,pressure_absolute,70,32,23,7,0.42857142857142855,0.5309851554637428,0.23076923076923078,0.39428571428571424
TS0330D,2,16,TS0330E+TS0330G,pressure_shape,70,32,23,7,0.6057142857142856,0.4507459988826448,0.4,0.6142857142857143
TS0330D,2,16,TS0330E+TS0330G,fusion_absolute,70,32,23,7,1.0,1.0,0.6086956521739131,0.8200000000000001
TS0330D,2,16,TS0330E+TS0330G,fusion_shape,70,32,23,7,0.9771428571428572,0.9325396825396826,0.6086956521739131,0.8200000000000001
TS0330D,2,17,TS0330E+TS0330H,temperature,72,32,31,7,1.0,1.0,0.6086956521739131,0.8200000000000001
TS0330D,2,17,TS0330E+TS0330H,pressure_absolute,72,32,31,7,0.6057142857142856,0.5170068027210885,0.25,0.5714285714285714
TS0330D,2,17,TS0330E+TS0330H,pressure_shape,72,32,31,7,0.7771428571428571,0.41608451072736785,0.5,0.6971428571428572
TS0330D,2,17,TS0330E+TS0330H,fusion_absolute,72,32,31,7,1.0,1.0,0.7777777777777778,0.9199999999999999
TS0330D,2,17,TS0330E+TS0330H,fusion_shape,72,32,31,7,0.9028571428571428,0.857142857142857,0.4444444444444444,0.6485714285714286
TS0330D,2,18,TS0330F+TS0330G,temperature,64,32,18,7,1.0,1.0,0.6666666666666666,0.86
TS0330D,2,18,TS0330F+TS0330G,pressure_absolute,64,32,18,7,0.9885714285714287,0.9682539682539683,0.5833333333333334,0.8
TS0330D,2,18,TS0330F+TS0330G,pressure_shape,64,32,18,7,0.9657142857142857,0.8801587301587303,0.875,0.96
TS0330D,2,18,TS0330F+TS0330G,fusion_absolute,64,32,18,7,1.0,1.0,0.5384615384615384,0.76
TS0330D,2,18,TS0330F+TS0330G,fusion_shape,64,32,18,7,0.9828571428571429,0.9379251700680272,0.6666666666666666,0.86
TS0330D,2,19,TS0330F+TS0330H,temperature,66,32,26,7,1.0,1.0,0.6086956521739131,0.8200000000000001
TS0330D,2,19,TS0330F+TS0330H,pressure_absolute,66,32,26,7,0.9714285714285714,0.9214285714285715,0.0,0.5
TS0330D,2,19,TS0330F+TS0330H,pressure_shape,66,32,26,7,0.9771428571428571,0.948051948051948,0.5833333333333334,0.8
TS0330D,2,19,TS0330F+TS0330H,fusion_absolute,66,32,26,7,1.0,1.0,0.9333333333333333,0.98
TS0330D,2,19,TS0330F+TS0330H,fusion_shape,66,32,26,7,1.0,1.0,0.5833333333333334,0.8
TS0330D,2,20,TS0330G+TS0330H,temperature,64,32,22,7,1.0,1.0,0.6086956521739131,0.8200000000000001
TS0330D,2,20,TS0330G+TS0330H,pressure_absolute,64,32,22,7,0.42857142857142855,0.5309851554637428,0.358974358974359,0.5
TS0330D,2,20,TS0330G+TS0330H,pressure_shape,64,32,22,7,0.5028571428571429,0.44966835772226266,0.25,0.4342857142857143
TS0330D,2,20,TS0330G+TS0330H,fusion_absolute,64,32,22,7,0.8228571428571428,0.7040052053209948,0.0,0.5
TS0330D,2,20,TS0330G+TS0330H,fusion_shape,64,32,22,7,0.8628571428571428,0.5660173160173161,0.5,0.72
TS0330D,4,0,TS0330A+TS0330B+TS0330C+TS0330E,temperature,154,32,38,7,1.0,1.0,0.7777777777777778,0.9199999999999999
TS0330D,4,0,TS0330A+TS0330B+TS0330C+TS0330E,pressure_absolute,154,32,38,7,0.6,0.4753076230492197,0.3333333333333333,0.5542857142857143
TS0330D,4,0,TS0330A+TS0330B+TS0330C+TS0330E,pressure_shape,154,32,38,7,0.8457142857142856,0.7086167800453514,0.48,0.6885714285714286
TS0330D,4,0,TS0330A+TS0330B+TS0330C+TS0330E,fusion_absolute,154,32,38,7,0.9714285714285714,0.9214285714285715,0.7777777777777778,0.9199999999999999
TS0330D,4,0,TS0330A+TS0330B+TS0330C+TS0330E,fusion_shape,154,32,38,7,0.8914285714285715,0.8163265306122448,0.6,0.7885714285714285
TS0330D,4,1,TS0330A+TS0330B+TS0330C+TS0330F,temperature,148,32,33,7,1.0,1.0,0.7368421052631579,0.9
TS0330D,4,1,TS0330A+TS0330B+TS0330C+TS0330F,pressure_absolute,148,32,33,7,0.8628571428571428,0.7166357452071738,0.5,0.6971428571428572
TS0330D,4,1,TS0330A+TS0330B+TS0330C+TS0330F,pressure_shape,148,32,33,7,0.9428571428571428,0.8769230769230769,0.6363636363636364,0.8400000000000001
TS0330D,4,1,TS0330A+TS0330B+TS0330C+TS0330F,fusion_absolute,148,32,33,7,0.9771428571428571,0.936734693877551,0.7777777777777778,0.9199999999999999
TS0330D,4,1,TS0330A+TS0330B+TS0330C+TS0330F,fusion_shape,148,32,33,7,0.9714285714285714,0.9214285714285715,0.6086956521739131,0.8200000000000001
TS0330D,4,2,TS0330A+TS0330B+TS0330C+TS0330G,temperature,146,32,29,7,1.0,1.0,0.7368421052631579,0.9
TS0330D,4,2,TS0330A+TS0330B+TS0330C+TS0330G,pressure_absolute,146,32,29,7,0.7714285714285715,0.592914979757085,0.42105263157894735,0.6257142857142857
TS0330D,4,2,TS0330A+TS0330B+TS0330C+TS0330G,pressure_shape,146,32,29,7,0.7028571428571428,0.5419892607392607,0.36363636363636365,0.6028571428571429
TS0330D,4,2,TS0330A+TS0330B+TS0330C+TS0330G,fusion_absolute,146,32,29,7,0.9885714285714287,0.9682539682539683,0.7777777777777778,0.9199999999999999
TS0330D,4,2,TS0330A+TS0330B+TS0330C+TS0330G,fusion_shape,146,32,29,7,0.8514285714285714,0.6964285714285714,0.6,0.7885714285714285
TS0330D,4,3,TS0330A+TS0330B+TS0330C+TS0330H,temperature,148,32,37,7,1.0,1.0,0.6666666666666666,0.86
TS0330D,4,3,TS0330A+TS0330B+TS0330C+TS0330H,pressure_absolute,148,32,37,7,0.5771428571428572,0.47001088069636454,0.3333333333333333,0.5257142857142857
TS0330D,4,3,TS0330A+TS0330B+TS0330C+TS0330H,pressure_shape,148,32,37,7,0.7085714285714285,0.4497874149659864,0.4,0.5971428571428572
TS0330D,4,3,TS0330A+TS0330B+TS0330C+TS0330H,fusion_absolute,148,32,37,7,0.9199999999999999,0.8068027210884353,0.6086956521739131,0.8200000000000001
TS0330D,4,3,TS0330A+TS0330B+TS0330C+TS0330H,fusion_shape,148,32,37,7,0.7485714285714286,0.6450702649480845,0.4444444444444444,0.6485714285714286
TS0330D,4,4,TS0330A+TS0330B+TS0330E+TS0330F,temperature,154,32,46,7,1.0,1.0,0.7368421052631579,0.9
TS0330D,4,4,TS0330A+TS0330B+TS0330E+TS0330F,pressure_absolute,154,32,46,7,0.8171428571428572,0.5907727193441479,0.4444444444444444,0.6457142857142857
TS0330D,4,4,TS0330A+TS0330B+TS0330E+TS0330F,pressure_shape,154,32,46,7,0.9771428571428572,0.9240362811791383,0.6363636363636364,0.8400000000000001
TS0330D,4,4,TS0330A+TS0330B+TS0330E+TS0330F,fusion_absolute,154,32,46,7,0.9942857142857142,0.9821428571428572,0.7777777777777778,0.9199999999999999
TS0330D,4,4,TS0330A+TS0330B+TS0330E+TS0330F,fusion_shape,154,32,46,7,0.9828571428571429,0.9478458049886621,0.7368421052631579,0.9
TS0330D,4,5,TS0330A+TS0330B+TS0330E+TS0330G,temperature,152,32,42,7,1.0,1.0,0.7368421052631579,0.9
TS0330D,4,5,TS0330A+TS0330B+TS0330E+TS0330G,pressure_absolute,152,32,42,7,0.6571428571428571,0.4888186813186812,0.42105263157894735,0.6257142857142857
TS0330D,4,5,TS0330A+TS0330B+TS0330E+TS0330G,pressure_shape,152,32,42,7,0.9028571428571428,0.7799119647859143,0.5454545454545454,0.6942857142857143
TS0330D,4,5,TS0330A+TS0330B+TS0330E+TS0330G,fusion_absolute,152,32,42,7,0.9942857142857142,0.9821428571428572,0.7,0.88
TS0330D,4,5,TS0330A+TS0330B+TS0330E+TS0330G,fusion_shape,152,32,42,7,0.9085714285714286,0.7989595838335334,0.6,0.7885714285714285
TS0330D,4,6,TS0330A+TS0330B+TS0330E+TS0330H,temperature,154,32,50,7,1.0,1.0,0.6666666666666666,0.86
TS0330D,4,6,TS0330A+TS0330B+TS0330E+TS0330H,pressure_absolute,154,32,50,7,0.5771428571428572,0.47001088069636454,0.42105263157894735,0.6257142857142857
TS0330D,4,6,TS0330A+TS0330B+TS0330E+TS0330H,pressure_shape,154,32,50,7,0.8457142857142856,0.615530303030303,0.5454545454545454,0.7485714285714286
TS0330D,4,6,TS0330A+TS0330B+TS0330E+TS0330H,fusion_absolute,154,32,50,7,0.9942857142857142,0.9821428571428572,0.6363636363636364,0.8400000000000001
TS0330D,4,6,TS0330A+TS0330B+TS0330E+TS0330H,fusion_shape,154,32,50,7,0.8685714285714285,0.7234693877551021,0.4444444444444444,0.6485714285714286
TS0330D,4,7,TS0330A+TS0330B+TS0330F+TS0330G,temperature,146,32,37,7,1.0,1.0,0.7,0.88
TS0330D,4,7,TS0330A+TS0330B+TS0330F+TS0330G,pressure_absolute,146,32,37,7,0.8799999999999999,0.7409863945578231,0.5,0.6971428571428572
TS0330D,4,7,TS0330A+TS0330B+TS0330F+TS0330G,pressure_shape,146,32,37,7,0.9428571428571428,0.8595238095238096,0.6666666666666666,0.7657142857142857
TS0330D,4,7,TS0330A+TS0330B+TS0330F+TS0330G,fusion_absolute,146,32,37,7,0.9942857142857142,0.9821428571428572,0.6363636363636364,0.8400000000000001
TS0330D,4,7,TS0330A+TS0330B+TS0330F+TS0330G,fusion_shape,146,32,37,7,0.9885714285714287,0.9682539682539683,0.6666666666666666,0.86
TS0330D,4,8,TS0330A+TS0330B+TS0330F+TS0330H,temperature,148,32,45,7,1.0,1.0,0.6666666666666666,0.86
TS0330D,4,8,TS0330A+TS0330B+TS0330F+TS0330H,pressure_absolute,148,32,45,7,0.7542857142857142,0.6076923076923076,0.47619047619047616,0.6771428571428572
TS0330D,4,8,TS0330A+TS0330B+TS0330F+TS0330H,pressure_shape,148,32,45,7,0.9428571428571428,0.7687074829931972,0.5833333333333334,0.8
TS0330D,4,8,TS0330A+TS0330B+TS0330F+TS0330H,fusion_absolute,148,32,45,7,0.9942857142857142,0.9821428571428572,0.7,0.88
TS0330D,4,8,TS0330A+TS0330B+TS0330F+TS0330H,fusion_shape,148,32,45,7,0.96,0.8486394557823129,0.5384615384615384,0.76
TS0330D,4,9,TS0330A+TS0330B+TS0330G+TS0330H,temperature,146,32,41,7,1.0,1.0,0.6666666666666666,0.86
TS0330D,4,9,TS0330A+TS0330B+TS0330G+TS0330H,pressure_absolute,146,32,41,7,0.5828571428571429,0.491439452124936,0.4,0.5971428571428572
TS0330D,4,9,TS0330A+TS0330B+TS0330G+TS0330H,pressure_shape,146,32,41,7,0.6057142857142856,0.3103668975951585,0.5,0.6971428571428572
TS0330D,4,9,TS0330A+TS0330B+TS0330G+TS0330H,fusion_absolute,146,32,41,7,0.9885714285714285,0.9617346938775511,0.5833333333333334,0.8
TS0330D,4,9,TS0330A+TS0330B+TS0330G+TS0330H,fusion_shape,146,32,41,7,0.72,0.47953738512949035,0.43478260869565216,0.6371428571428572
TS0330D,4,10,TS0330A+TS0330C+TS0330E+TS0330F,temperature,146,32,41,7,1.0,1.0,0.7368421052631579,0.9
TS0330D,4,10,TS0330A+TS0330C+TS0330E+TS0330F,pressure_absolute,146,32,41,7,0.8571428571428572,0.7039921231650554,0.6153846153846154,0.7457142857142858
TS0330D,4,10,TS0330A+TS0330C+TS0330E+TS0330F,pressure_shape,146,32,41,7,0.7257142857142858,0.3748230061255271,0.5,0.72
TS0330D,4,10,TS0330A+TS0330C+TS0330E+TS0330F,fusion_absolute,146,32,41,7,0.9942857142857142,0.9821428571428572,0.8235294117647058,0.94
TS0330D,4,10,TS0330A+TS0330C+TS0330E+TS0330F,fusion_shape,146,32,41,7,0.9885714285714287,0.9682539682539683,0.5384615384615384,0.76
TS0330D,4,11,TS0330A+TS0330C+TS0330E+TS0330G,temperature,144,32,37,7,1.0,1.0,0.7368421052631579,0.9
TS0330D,4,11,TS0330A+TS0330C+TS0330E+TS0330G,pressure_absolute,144,32,37,7,0.7714285714285714,0.5670662670662671,0.42105263157894735,0.6257142857142857
TS0330D,4,11,TS0330A+TS0330C+TS0330E+TS0330G,pressure_shape,144,32,37,7,0.7314285714285714,0.40375457875457876,0.4444444444444444,0.6457142857142857
TS0330D,4,11,TS0330A+TS0330C+TS0330E+TS0330G,fusion_absolute,144,32,37,7,0.9942857142857142,0.9821428571428572,0.6086956521739131,0.8200000000000001
TS0330D,4,11,TS0330A+TS0330C+TS0330E+TS0330G,fusion_shape,144,32,37,7,0.8742857142857143,0.770439084724799,0.5217391304347826,0.7285714285714285
TS0330D,4,12,TS0330A+TS0330C+TS0330E+TS0330H,temperature,146,32,45,7,1.0,1.0,0.6666666666666666,0.86
TS0330D,4,12,TS0330A+TS0330C+TS0330E+TS0330H,pressure_absolute,146,32,45,7,0.6971428571428571,0.5460590005232862,0.42105263157894735,0.6257142857142857
TS0330D,4,12,TS0330A+TS0330C+TS0330E+TS0330H,pressure_shape,146,32,45,7,0.6685714285714286,0.30807169021454733,0.5,0.7085714285714286
TS0330D,4,12,TS0330A+TS0330C+TS0330E+TS0330H,fusion_absolute,146,32,45,7,0.9885714285714287,0.9682539682539683,0.7368421052631579,0.9
TS0330D,4,12,TS0330A+TS0330C+TS0330E+TS0330H,fusion_shape,146,32,45,7,0.8285714285714286,0.7808963585434173,0.4444444444444444,0.6485714285714286
TS0330D,4,13,TS0330A+TS0330C+TS0330F+TS0330G,temperature,138,32,32,7,1.0,1.0,0.7,0.88
TS0330D,4,13,TS0330A+TS0330C+TS0330F+TS0330G,pressure_absolute,138,32,32,7,0.9257142857142856,0.8187074829931973,0.7142857142857143,0.8171428571428572
TS0330D,4,13,TS0330A+TS0330C+TS0330F+TS0330G,pressure_shape,138,32,32,7,0.9885714285714287,0.9682539682539683,0.8,0.8885714285714286
TS0330D,4,13,TS0330A+TS0330C+TS0330F+TS0330G,fusion_absolute,138,32,32,7,0.9942857142857142,0.9821428571428572,0.6086956521739131,0.8200000000000001
TS0330D,4,13,TS0330A+TS0330C+TS0330F+TS0330G,fusion_shape,138,32,32,7,1.0,1.0,0.5833333333333334,0.8
TS0330D,4,14,TS0330A+TS0330C+TS0330F+TS0330H,temperature,140,32,40,7,1.0,1.0,0.6666666666666666,0.86
TS0330D,4,14,TS0330A+TS0330C+TS0330F+TS0330H,pressure_absolute,140,32,40,7,0.8057142857142858,0.7207482993197278,0.5555555555555556,0.7371428571428571
TS0330D,4,14,TS0330A+TS0330C+TS0330F+TS0330H,pressure_shape,140,32,40,7,0.8571428571428571,0.6713762428048142,0.5833333333333334,0.8
TS0330D,4,14,TS0330A+TS0330C+TS0330F+TS0330H,fusion_absolute,140,32,40,7,0.9942857142857142,0.9821428571428572,0.8235294117647058,0.94
TS0330D,4,14,TS0330A+TS0330C+TS0330F+TS0330H,fusion_shape,140,32,40,7,0.9714285714285714,0.9276437847866419,0.5185185185185185,0.74
TS0330D,4,15,TS0330A+TS0330C+TS0330G+TS0330H,temperature,138,32,36,7,1.0,1.0,0.6666666666666666,0.86
TS0330D,4,15,TS0330A+TS0330C+TS0330G+TS0330H,pressure_absolute,138,32,36,7,0.6914285714285715,0.5894418081918082,0.43478260869565216,0.6371428571428572
TS0330D,4,15,TS0330A+TS0330C+TS0330G+TS0330H,pressure_shape,138,32,36,7,0.6399999999999999,0.4339427437641723,0.4166666666666667,0.6171428571428572
TS0330D,4,15,TS0330A+TS0330C+TS0330G+TS0330H,fusion_absolute,138,32,36,7,0.9942857142857142,0.9821428571428572,0.5833333333333334,0.8
TS0330D,4,15,TS0330A+TS0330C+TS0330G+TS0330H,fusion_shape,138,32,36,7,0.7428571428571429,0.6428146258503401,0.4444444444444444,0.6485714285714286
TS0330D,4,16,TS0330A+TS0330E+TS0330F+TS0330G,temperature,144,32,45,7,1.0,1.0,0.7,0.88
TS0330D,4,16,TS0330A+TS0330E+TS0330F+TS0330G,pressure_absolute,144,32,45,7,0.8685714285714285,0.7101840736294518,0.5555555555555556,0.7371428571428571
TS0330D,4,16,TS0330A+TS0330E+TS0330F+TS0330G,pressure_shape,144,32,45,7,0.9714285714285715,0.9087301587301587,0.875,0.96
TS0330D,4,16,TS0330A+TS0330E+TS0330F+TS0330G,fusion_absolute,144,32,45,7,1.0,1.0,0.6363636363636364,0.8400000000000001
TS0330D,4,16,TS0330A+TS0330E+TS0330F+TS0330G,fusion_shape,144,32,45,7,1.0,1.0,0.6363636363636364,0.8400000000000001
TS0330D,4,17,TS0330A+TS0330E+TS0330F+TS0330H,temperature,146,32,53,7,1.0,1.0,0.6666666666666666,0.86
TS0330D,4,17,TS0330A+TS0330E+TS0330F+TS0330H,pressure_absolute,146,32,53,7,0.7828571428571428,0.6540391156462585,0.6153846153846154,0.7457142857142858
TS0330D,4,17,TS0330A+TS0330E+TS0330F+TS0330H,pressure_shape,146,32,53,7,0.8857142857142857,0.7786848072562358,0.6086956521739131,0.8200000000000001
TS0330D,4,17,TS0330A+TS0330E+TS0330F+TS0330H,fusion_absolute,146,32,53,7,1.0,1.0,0.7368421052631579,0.9
TS0330D,4,17,TS0330A+TS0330E+TS0330F+TS0330H,fusion_shape,146,32,53,7,0.9942857142857142,0.9821428571428572,0.5384615384615384,0.76
TS0330D,4,18,TS0330A+TS0330E+TS0330G+TS0330H,temperature,144,32,49,7,1.0,1.0,0.6666666666666666,0.86
TS0330D,4,18,TS0330A+TS0330E+TS0330G+TS0330H,pressure_absolute,144,32,49,7,0.5885714285714285,0.5390584997439837,0.38095238095238093,0.5857142857142856
TS0330D,4,18,TS0330A+TS0330E+TS0330G+TS0330H,pressure_shape,144,32,49,7,0.7485714285714287,0.46303854875283446,0.5,0.6971428571428572
TS0330D,4,18,TS0330A+TS0330E+TS0330G+TS0330H,fusion_absolute,144,32,49,7,1.0,1.0,0.6086956521739131,0.8200000000000001
TS0330D,4,18,TS0330A+TS0330E+TS0330G+TS0330H,fusion_shape,144,32,49,7,0.8628571428571429,0.7156771799628943,0.46153846153846156,0.6685714285714286
TS0330D,4,19,TS0330A+TS0330F+TS0330G+TS0330H,temperature,138,32,44,7,1.0,1.0,0.6363636363636364,0.8400000000000001
TS0330D,4,19,TS0330A+TS0330F+TS0330G+TS0330H,pressure_absolute,138,32,44,7,0.8742857142857143,0.801700680272109,0.5714285714285714,0.7685714285714286
TS0330D,4,19,TS0330A+TS0330F+TS0330G+TS0330H,pressure_shape,138,32,44,7,0.9885714285714285,0.9617346938775511,0.7368421052631579,0.9
TS0330D,4,19,TS0330A+TS0330F+TS0330G+TS0330H,fusion_absolute,138,32,44,7,1.0,1.0,0.6086956521739131,0.8200000000000001
TS0330D,4,19,TS0330A+TS0330F+TS0330G+TS0330H,fusion_shape,138,32,44,7,0.9771428571428571,0.9093537414965986,0.56,0.78
TS0330D,4,20,TS0330B+TS0330C+TS0330E+TS0330F,temperature,146,32,38,7,1.0,1.0,0.7777777777777778,0.9199999999999999
TS0330D,4,20,TS0330B+TS0330C+TS0330E+TS0330F,pressure_absolute,146,32,38,7,0.8628571428571428,0.7166357452071738,0.5,0.6971428571428572
TS0330D,4,20,TS0330B+TS0330C+TS0330E+TS0330F,pressure_shape,146,32,38,7,0.9314285714285714,0.8087662337662338,0.5384615384615384,0.76
TS0330D,4,20,TS0330B+TS0330C+TS0330E+TS0330F,fusion_absolute,146,32,38,7,0.9942857142857142,0.9821428571428572,0.7777777777777778,0.9199999999999999
TS0330D,4,20,TS0330B+TS0330C+TS0330E+TS0330F,fusion_shape,146,32,38,7,0.9657142857142856,0.9038342609771182,0.6363636363636364,0.8400000000000001
TS0330D,4,21,TS0330B+TS0330C+TS0330E+TS0330G,temperature,144,32,34,7,1.0,1.0,0.7777777777777778,0.9199999999999999
TS0330D,4,21,TS0330B+TS0330C+TS0330E+TS0330G,pressure_absolute,144,32,34,7,0.6571428571428571,0.505332502026824,0.38095238095238093,0.5857142857142856
TS0330D,4,21,TS0330B+TS0330C+TS0330E+TS0330G,pressure_shape,144,32,34,7,0.8514285714285714,0.6370548219287715,0.5882352941176471,0.7571428571428571
TS0330D,4,21,TS0330B+TS0330C+TS0330E+TS0330G,fusion_absolute,144,32,34,7,0.9771428571428572,0.9240362811791383,0.7,0.88
TS0330D,4,21,TS0330B+TS0330C+TS0330E+TS0330G,fusion_shape,144,32,34,7,0.8685714285714285,0.7202380952380951,0.5454545454545454,0.7485714285714286
TS0330D,4,22,TS0330B+TS0330C+TS0330E+TS0330H,temperature,146,32,42,7,1.0,1.0,0.6666666666666666,0.86
TS0330D,4,22,TS0330B+TS0330C+TS0330E+TS0330H,pressure_absolute,146,32,42,7,0.6342857142857143,0.49881135249798847,0.3333333333333333,0.5257142857142857
TS0330D,4,22,TS0330B+TS0330C+TS0330E+TS0330H,pressure_shape,146,32,42,7,0.7885714285714285,0.516156462585034,0.5217391304347826,0.7285714285714285
TS0330D,4,22,TS0330B+TS0330C+TS0330E+TS0330H,fusion_absolute,146,32,42,7,0.9885714285714285,0.9617346938775511,0.7,0.88
TS0330D,4,22,TS0330B+TS0330C+TS0330E+TS0330H,fusion_shape,146,32,42,7,0.8342857142857143,0.6174603174603174,0.4444444444444444,0.6485714285714286
TS0330D,4,23,TS0330B+TS0330C+TS0330F+TS0330G,temperature,138,32,29,7,1.0,1.0,0.7368421052631579,0.9
TS0330D,4,23,TS0330B+TS0330C+TS0330F+TS0330G,pressure_absolute,138,32,29,7,0.8914285714285713,0.7511904761904762,0.5833333333333334,0.8
TS0330D,4,23,TS0330B+TS0330C+TS0330F+TS0330G,pressure_shape,138,32,29,7,0.92,0.7912698412698413,0.7368421052631579,0.9
TS0330D,4,23,TS0330B+TS0330C+TS0330F+TS0330G,fusion_absolute,138,32,29,7,0.9942857142857142,0.9821428571428572,0.6666666666666666,0.86
TS0330D,4,23,TS0330B+TS0330C+TS0330F+TS0330G,fusion_shape,138,32,29,7,0.9428571428571428,0.8385281385281386,0.6086956521739131,0.8200000000000001
TS0330D,4,24,TS0330B+TS0330C+TS0330F+TS0330H,temperature,140,32,37,7,1.0,1.0,0.6363636363636364,0.8400000000000001
TS0330D,4,24,TS0330B+TS0330C+TS0330F+TS0330H,pressure_absolute,140,32,37,7,0.8742857142857143,0.7319837025719379,0.5384615384615384,0.76
TS0330D,4,24,TS0330B+TS0330C+TS0330F+TS0330H,pressure_shape,140,32,37,7,0.8685714285714285,0.5922619047619049,0.5185185185185185,0.74
TS0330D,4,24,TS0330B+TS0330C+TS0330F+TS0330H,fusion_absolute,140,32,37,7,1.0,1.0,0.7368421052631579,0.9
TS0330D,4,24,TS0330B+TS0330C+TS0330F+TS0330H,fusion_shape,140,32,37,7,0.9028571428571429,0.6837257980115122,0.5185185185185185,0.74
TS0330D,4,25,TS0330B+TS0330C+TS0330G+TS0330H,temperature,138,32,33,7,1.0,1.0,0.6666666666666666,0.86
TS0330D,4,25,TS0330B+TS0330C+TS0330G+TS0330H,pressure_absolute,138,32,33,7,0.5314285714285714,0.4005055810202869,0.3076923076923077,0.4857142857142857
TS0330D,4,25,TS0330B+TS0330C+TS0330G+TS0330H,pressure_shape,138,32,33,7,0.6057142857142856,0.3176545618247299,0.4166666666666667,0.6171428571428572
TS0330D,4,25,TS0330B+TS0330C+TS0330G+TS0330H,fusion_absolute,138,32,33,7,0.8285714285714285,0.6808673469387755,0.5833333333333334,0.8
TS0330D,4,25,TS0330B+TS0330C+TS0330G+TS0330H,fusion_shape,138,32,33,7,0.7257142857142856,0.5304011259676285,0.4444444444444444,0.6485714285714286
TS0330D,4,26,TS0330B+TS0330E+TS0330F+TS0330G,temperature,144,32,42,7,1.0,1.0,0.7,0.88
TS0330D,4,26,TS0330B+TS0330E+TS0330F+TS0330G,pressure_absolute,144,32,42,7,0.8457142857142856,0.6540816326530612,0.5714285714285714,0.7685714285714286
TS0330D,4,26,TS0330B+TS0330E+TS0330F+TS0330G,pressure_shape,144,32,42,7,0.9714285714285715,0.9087301587301587,0.875,0.96
TS0330D,4,26,TS0330B+TS0330E+TS0330F+TS0330G,fusion_absolute,144,32,42,7,1.0,1.0,0.7,0.88
TS0330D,4,26,TS0330B+TS0330E+TS0330F+TS0330G,fusion_shape,144,32,42,7,0.9714285714285715,0.8954648526077098,0.7,0.88
TS0330D,4,27,TS0330B+TS0330E+TS0330F+TS0330H,temperature,146,32,50,7,1.0,1.0,0.6363636363636364,0.8400000000000001
TS0330D,4,27,TS0330B+TS0330E+TS0330F+TS0330H,pressure_absolute,146,32,50,7,0.8057142857142857,0.6790052053209947,0.45454545454545453,0.6571428571428571
TS0330D,4,27,TS0330B+TS0330E+TS0330F+TS0330H,pressure_shape,146,32,50,7,0.9485714285714286,0.8163265306122449,0.6363636363636364,0.8400000000000001
TS0330D,4,27,TS0330B+TS0330E+TS0330F+TS0330H,fusion_absolute,146,32,50,7,1.0,1.0,0.7777777777777778,0.9199999999999999
TS0330D,4,27,TS0330B+TS0330E+TS0330F+TS0330H,fusion_shape,146,32,50,7,0.9428571428571428,0.7687074829931972,0.56,0.78
TS0330D,4,28,TS0330B+TS0330E+TS0330G+TS0330H,temperature,144,32,46,7,1.0,1.0,0.6666666666666666,0.86
TS0330D,4,28,TS0330B+TS0330E+TS0330G+TS0330H,pressure_absolute,144,32,46,7,0.4571428571428571,0.4539214146068985,0.25,0.4342857142857143
TS0330D,4,28,TS0330B+TS0330E+TS0330G+TS0330H,pressure_shape,144,32,46,7,0.897142857142857,0.741017316017316,0.6,0.7885714285714285
TS0330D,4,28,TS0330B+TS0330E+TS0330G+TS0330H,fusion_absolute,144,32,46,7,0.9142857142857144,0.7834776334776336,0.6086956521739131,0.8200000000000001
TS0330D,4,28,TS0330B+TS0330E+TS0330G+TS0330H,fusion_shape,144,32,46,7,0.84,0.618140589569161,0.5,0.72
TS0330D,4,29,TS0330B+TS0330F+TS0330G+TS0330H,temperature,138,32,41,7,1.0,1.0,0.6666666666666666,0.86
TS0330D,4,29,TS0330B+TS0330F+TS0330G+TS0330H,pressure_absolute,138,32,41,7,0.7999999999999999,0.6192982456140351,0.5185185185185185,0.74
TS0330D,4,29,TS0330B+TS0330F+TS0330G+TS0330H,pressure_shape,138,32,41,7,0.92,0.7654761904761905,0.6363636363636364,0.8400000000000001
TS0330D,4,29,TS0330B+TS0330F+TS0330G+TS0330H,fusion_absolute,138,32,41,7,0.9828571428571429,0.9379251700680272,0.6666666666666666,0.86
TS0330D,4,29,TS0330B+TS0330F+TS0330G+TS0330H,fusion_shape,138,32,41,7,0.8971428571428571,0.5856369820655535,0.56,0.78
TS0330D,4,30,TS0330C+TS0330E+TS0330F+TS0330G,temperature,136,32,37,7,1.0,1.0,0.7,0.88
TS0330D,4,30,TS0330C+TS0330E+TS0330F+TS0330G,pressure_absolute,136,32,37,7,0.8914285714285713,0.7727891156462585,0.5555555555555556,0.7371428571428571
TS0330D,4,30,TS0330C+TS0330E+TS0330F+TS0330G,pressure_shape,136,32,37,7,0.9600000000000001,0.8631519274376418,0.7368421052631579,0.9
TS0330D,4,30,TS0330C+TS0330E+TS0330F+TS0330G,fusion_absolute,136,32,37,7,1.0,1.0,0.7777777777777778,0.9199999999999999
TS0330D,4,30,TS0330C+TS0330E+TS0330F+TS0330G,fusion_shape,136,32,37,7,0.9885714285714287,0.9682539682539683,0.5833333333333334,0.8
TS0330D,4,31,TS0330C+TS0330E+TS0330F+TS0330H,temperature,138,32,45,7,1.0,1.0,0.6666666666666666,0.86
TS0330D,4,31,TS0330C+TS0330E+TS0330F+TS0330H,pressure_absolute,138,32,45,7,0.8971428571428571,0.8152337858220211,0.6,0.7142857142857143
TS0330D,4,31,TS0330C+TS0330E+TS0330F+TS0330H,pressure_shape,138,32,45,7,0.8628571428571429,0.6730769230769231,0.6086956521739131,0.8200000000000001
TS0330D,4,31,TS0330C+TS0330E+TS0330F+TS0330H,fusion_absolute,138,32,45,7,1.0,1.0,0.875,0.96
TS0330D,4,31,TS0330C+TS0330E+TS0330F+TS0330H,fusion_shape,138,32,45,7,0.9428571428571428,0.8255625327053899,0.5185185185185185,0.74
TS0330D,4,32,TS0330C+TS0330E+TS0330G+TS0330H,temperature,136,32,41,7,1.0,1.0,0.6666666666666666,0.86
TS0330D,4,32,TS0330C+TS0330E+TS0330G+TS0330H,pressure_absolute,136,32,41,7,0.6285714285714284,0.5732226564937144,0.3,0.5142857142857142
TS0330D,4,32,TS0330C+TS0330E+TS0330G+TS0330H,pressure_shape,136,32,41,7,0.72,0.4424852924852925,0.5714285714285714,0.7685714285714286
TS0330D,4,32,TS0330C+TS0330E+TS0330G+TS0330H,fusion_absolute,136,32,41,7,0.9600000000000001,0.8631519274376418,0.6666666666666666,0.86
TS0330D,4,32,TS0330C+TS0330E+TS0330G+TS0330H,fusion_shape,136,32,41,7,0.8171428571428572,0.654978354978355,0.4444444444444444,0.6485714285714286
TS0330D,4,33,TS0330C+TS0330F+TS0330G+TS0330H,temperature,130,32,36,7,1.0,1.0,0.6666666666666666,0.86
TS0330D,4,33,TS0330C+TS0330F+TS0330G+TS0330H,pressure_absolute,130,32,36,7,0.9657142857142857,0.9340659340659341,0.6,0.7142857142857143
TS0330D,4,33,TS0330C+TS0330F+TS0330G+TS0330H,pressure_shape,130,32,36,7,0.9771428571428571,0.936734693877551,0.5384615384615384,0.76
TS0330D,4,33,TS0330C+TS0330F+TS0330G+TS0330H,fusion_absolute,130,32,36,7,1.0,1.0,0.8235294117647058,0.94
TS0330D,4,33,TS0330C+TS0330F+TS0330G+TS0330H,fusion_shape,130,32,36,7,0.9314285714285714,0.7932496075353218,0.5185185185185185,0.74
TS0330D,4,34,TS0330E+TS0330F+TS0330G+TS0330H,temperature,136,32,49,7,1.0,1.0,0.6363636363636364,0.8400000000000001
TS0330D,4,34,TS0330E+TS0330F+TS0330G+TS0330H,pressure_absolute,136,32,49,7,0.7885714285714286,0.6402625152625152,0.5454545454545454,0.6942857142857143
TS0330D,4,34,TS0330E+TS0330F+TS0330G+TS0330H,pressure_shape,136,32,49,7,0.9828571428571429,0.9571428571428572,0.7777777777777778,0.9199999999999999
TS0330D,4,34,TS0330E+TS0330F+TS0330G+TS0330H,fusion_absolute,136,32,49,7,1.0,1.0,0.7,0.88
TS0330D,4,34,TS0330E+TS0330F+TS0330G+TS0330H,fusion_shape,136,32,49,7,0.9485714285714286,0.8214285714285714,0.56,0.78
TS0330D,7,0,TS0330A+TS0330B+TS0330C+TS0330E+TS0330F+TS0330G+TS0330H,temperature,251,32,71,7,1.0,1.0,0.7,0.88
TS0330D,7,0,TS0330A+TS0330B+TS0330C+TS0330E+TS0330F+TS0330G+TS0330H,pressure_absolute,251,32,71,7,0.8057142857142857,0.7236842105263158,0.45454545454545453,0.6571428571428571
TS0330D,7,0,TS0330A+TS0330B+TS0330C+TS0330E+TS0330F+TS0330G+TS0330H,pressure_shape,251,32,71,7,0.9714285714285715,0.8954648526077098,0.56,0.78
TS0330D,7,0,TS0330A+TS0330B+TS0330C+TS0330E+TS0330F+TS0330G+TS0330H,fusion_absolute,251,32,71,7,0.9885714285714285,0.9617346938775511,0.6086956521739131,0.8200000000000001
TS0330D,7,0,TS0330A+TS0330B+TS0330C+TS0330E+TS0330F+TS0330G+TS0330H,fusion_shape,251,32,71,7,0.9257142857142857,0.7456305599162742,0.5384615384615384,0.76
TS0330E,2,0,TS0330A+TS0330B,temperature,82,39,19,16,1.0,1.0,0.9411764705882353,0.9565217391304348
TS0330E,2,0,TS0330A+TS0330B,pressure_absolute,82,39,19,16,0.9538043478260869,0.9447133458646616,0.7441860465116279,0.7608695652173914
TS0330E,2,0,TS0330A+TS0330B,pressure_shape,82,39,19,16,0.3451086956521739,0.45411027202433263,0.30303030303030304,0.3953804347826087
TS0330E,2,0,TS0330A+TS0330B,fusion_absolute,82,39,19,16,1.0,1.0,1.0,1.0
TS0330E,2,0,TS0330A+TS0330B,fusion_shape,82,39,19,16,0.9646739130434783,0.954400991165697,0.8484848484848485,0.8722826086956521
TS0330E,2,1,TS0330A+TS0330C,temperature,74,39,14,16,1.0,1.0,0.9411764705882353,0.9565217391304348
TS0330E,2,1,TS0330A+TS0330C,pressure_absolute,74,39,14,16,0.9673913043478262,0.9616815476190477,0.8333333333333334,0.8600543478260869
TS0330E,2,1,TS0330A+TS0330C,pressure_shape,74,39,14,16,0.6902173913043479,0.6523473729890307,0.3333333333333333,0.5380434782608696
TS0330E,2,1,TS0330A+TS0330C,fusion_absolute,74,39,14,16,0.9972826086956522,0.9963235294117647,0.0,0.5
TS0330E,2,1,TS0330A+TS0330C,fusion_shape,74,39,14,16,0.9945652173913044,0.9924172794117647,0.9375,0.9470108695652174
TS0330E,2,2,TS0330A+TS0330D,temperature,73,39,18,16,1.0,1.0,0.9142857142857143,0.9347826086956521
TS0330E,2,2,TS0330A+TS0330D,pressure_absolute,73,39,18,16,0.9293478260869565,0.892817303471812,0.7272727272727273,0.7391304347826086
TS0330E,2,2,TS0330A+TS0330D,pressure_shape,73,39,18,16,0.736413043478261,0.739438239747141,0.5925925925925926,0.6847826086956521
TS0330E,2,2,TS0330A+TS0330D,fusion_absolute,73,39,18,16,0.8940217391304348,0.8834177974802975,0.7222222222222222,0.7540760869565217
TS0330E,2,2,TS0330A+TS0330D,fusion_shape,73,39,18,16,0.9891304347826088,0.985702614379085,0.9090909090909091,0.9252717391304348
TS0330E,2,3,TS0330A+TS0330F,temperature,74,39,22,16,1.0,1.0,0.8888888888888888,0.9130434782608696
TS0330E,2,3,TS0330A+TS0330F,pressure_absolute,74,39,22,16,0.970108695652174,0.9636729691876751,0.8205128205128205,0.8478260869565217
TS0330E,2,3,TS0330A+TS0330F,pressure_shape,74,39,22,16,0.9266304347826086,0.9310267857142858,0.896551724137931,0.90625
TS0330E,2,3,TS0330A+TS0330F,fusion_absolute,74,39,22,16,1.0,1.0,0.8,0.8260869565217391
TS0330E,2,3,TS0330A+TS0330F,fusion_shape,74,39,22,16,1.0,1.0,0.9411764705882353,0.9565217391304348
TS0330E,2,4,TS0330A+TS0330G,temperature,72,39,18,16,1.0,1.0,0.9142857142857143,0.9347826086956521
TS0330E,2,4,TS0330A+TS0330G,pressure_absolute,72,39,18,16,0.9673913043478262,0.9616815476190477,0.8,0.8260869565217391
TS0330E,2,4,TS0330A+TS0330G,pressure_shape,72,39,18,16,0.42391304347826086,0.5009240891427675,0.35714285714285715,0.5040760869565217
TS0330E,2,4,TS0330A+TS0330G,fusion_absolute,72,39,18,16,1.0,1.0,0.9333333333333333,0.9375
TS0330E,2,4,TS0330A+TS0330G,fusion_shape,72,39,18,16,0.9972826086956522,0.9963235294117647,0.9696969696969697,0.9782608695652174
TS0330E,2,5,TS0330A+TS0330H,temperature,74,39,26,16,1.0,1.0,0.8421052631578947,0.8695652173913043
TS0330E,2,5,TS0330A+TS0330H,pressure_absolute,74,39,26,16,0.9673913043478262,0.9616815476190477,0.7619047619047619,0.7826086956521738
TS0330E,2,5,TS0330A+TS0330H,pressure_shape,74,39,26,16,0.845108695652174,0.8841428018575852,0.72,0.78125
TS0330E,2,5,TS0330A+TS0330H,fusion_absolute,74,39,26,16,0.9972826086956522,0.9963235294117647,0.9411764705882353,0.9565217391304348
TS0330E,2,5,TS0330A+TS0330H,fusion_shape,74,39,26,16,0.9483695652173914,0.9525240384615384,0.8484848484848485,0.8722826086956521
TS0330E,2,6,TS0330B+TS0330C,temperature,74,39,11,16,1.0,1.0,0.9696969696969697,0.9782608695652174
TS0330E,2,6,TS0330B+TS0330C,pressure_absolute,74,39,11,16,0.7282608695652174,0.5810329426116165,0.0,0.5
TS0330E,2,6,TS0330B+TS0330C,pressure_shape,74,39,11,16,0.26902173913043476,0.4011835285179456,0.2777777777777778,0.33016304347826086
TS0330E,2,6,TS0330B+TS0330C,fusion_absolute,74,39,11,16,1.0,1.0,0.0,0.5
TS0330E,2,6,TS0330B+TS0330C,fusion_shape,74,39,11,16,0.9293478260869565,0.907418594047851,0.7878787878787878,0.8192934782608696
TS0330E,2,7,TS0330B+TS0330D,temperature,73,39,15,16,1.0,1.0,0.9696969696969697,0.9782608695652174
TS0330E,2,7,TS0330B+TS0330D,pressure_absolute,73,39,15,16,0.7445652173913043,0.6265526126557431,0.6857142857142857,0.7228260869565217
TS0330E,2,7,TS0330B+TS0330D,pressure_shape,73,39,15,16,0.20923913043478262,0.2930757584262742,0.375,0.28125
TS0330E,2,7,TS0330B+TS0330D,fusion_absolute,73,39,15,16,0.9972826086956522,0.9963235294117647,0.9411764705882353,0.9565217391304348
TS0330E,2,7,TS0330B+TS0330D,fusion_shape,73,39,15,16,0.9918478260869565,0.9891493055555556,0.8888888888888888,0.9130434782608696
TS0330E,2,8,TS0330B+TS0330F,temperature,74,39,19,16,1.0,1.0,0.9142857142857143,0.9347826086956521
TS0330E,2,8,TS0330B+TS0330F,pressure_absolute,74,39,19,16,0.8342391304347826,0.6982370054541822,0.7441860465116279,0.7608695652173914
TS0330E,2,8,TS0330B+TS0330F,pressure_shape,74,39,19,16,0.2690217391304348,0.3583565357137044,0.3829787234042553,0.3029891304347826
TS0330E,2,8,TS0330B+TS0330F,fusion_absolute,74,39,19,16,1.0,1.0,0.8421052631578947,0.8695652173913043
TS0330E,2,8,TS0330B+TS0330F,fusion_shape,74,39,19,16,0.904891304347826,0.8586908750971252,0.8421052631578947,0.8695652173913043
TS0330E,2,9,TS0330B+TS0330G,temperature,72,39,15,16,1.0,1.0,0.9411764705882353,0.9565217391304348
TS0330E,2,9,TS0330B+TS0330G,pressure_absolute,72,39,15,16,0.8586956521739131,0.855899309024309,0.7441860465116279,0.7608695652173914
TS0330E,2,9,TS0330B+TS0330G,pressure_shape,72,39,15,16,0.13315217391304346,0.2772407130060766,0.23255813953488372,0.1779891304347826
TS0330E,2,9,TS0330B+TS0330G,fusion_absolute,72,39,15,16,0.9728260869565217,0.9665296052631579,0.8,0.8260869565217391
TS0330E,2,9,TS0330B+TS0330G,fusion_shape,72,39,15,16,0.9157608695652174,0.8910854127046582,0.7777777777777778,0.8070652173913043
TS0330E,2,10,TS0330B+TS0330H,temperature,74,39,23,16,1.0,1.0,0.8888888888888888,0.9130434782608696
TS0330E,2,10,TS0330B+TS0330H,pressure_absolute,74,39,23,16,0.8695652173913044,0.8593175167224081,0.7441860465116279,0.7608695652173914
TS0330E,2,10,TS0330B+TS0330H,pressure_shape,74,39,23,16,0.23369565217391308,0.41961798638638953,0.21621621621621623,0.2554347826086957
TS0330E,2,10,TS0330B+TS0330H,fusion_absolute,74,39,23,16,0.9945652173913044,0.9924172794117647,0.7804878048780488,0.8043478260869565
TS0330E,2,10,TS0330B+TS0330H,fusion_shape,74,39,23,16,0.9184782608695652,0.8939730666220604,0.8571428571428571,0.8817934782608696
TS0330E,2,11,TS0330C+TS0330D,temperature,65,39,10,16,1.0,1.0,0.9411764705882353,0.9565217391304348
TS0330E,2,11,TS0330C+TS0330D,pressure_absolute,65,39,10,16,0.8641304347826086,0.8020772322563655,0.5818181818181818,0.5
TS0330E,2,11,TS0330C+TS0330D,pressure_shape,65,39,10,16,0.625,0.6357364422891172,0.4,0.5692934782608696
TS0330E,2,11,TS0330C+TS0330D,fusion_absolute,65,39,10,16,0.9347826086956522,0.9387473739495797,0.6956521739130435,0.6956521739130435
TS0330E,2,11,TS0330C+TS0330D,fusion_shape,65,39,10,16,0.967391304347826,0.95569512724118,0.875,0.8940217391304348
TS0330E,2,12,TS0330C+TS0330F,temperature,66,39,14,16,1.0,1.0,0.8888888888888888,0.9130434782608696
TS0330E,2,12,TS0330C+TS0330F,pressure_absolute,66,39,14,16,0.9157608695652174,0.8693043325783264,0.8205128205128205,0.8478260869565217
TS0330E,2,12,TS0330C+TS0330F,pressure_shape,66,39,14,16,0.8532608695652174,0.8500309739280327,0.6428571428571429,0.7160326086956521
TS0330E,2,12,TS0330C+TS0330F,fusion_absolute,66,39,14,16,0.9972826086956522,0.9963235294117647,0.967741935483871,0.96875
TS0330E,2,12,TS0330C+TS0330F,fusion_shape,66,39,14,16,0.9347826086956521,0.9198072470615041,0.8108108108108109,0.8383152173913043
TS0330E,2,13,TS0330C+TS0330G,temperature,64,39,10,16,1.0,1.0,0.9142857142857143,0.9347826086956521
TS0330E,2,13,TS0330C+TS0330G,pressure_absolute,64,39,10,16,0.9076086956521738,0.8771121799475632,0.7619047619047619,0.7826086956521738
TS0330E,2,13,TS0330C+TS0330G,pressure_shape,64,39,10,16,0.44836956521739124,0.5355450019018264,0.2962962962962963,0.47282608695652173
TS0330E,2,13,TS0330C+TS0330G,fusion_absolute,64,39,10,16,1.0,1.0,0.9411764705882353,0.9565217391304348
TS0330E,2,13,TS0330C+TS0330G,fusion_shape,64,39,10,16,0.9945652173913044,0.9930555555555556,0.8888888888888888,0.9130434782608696
TS0330E,2,14,TS0330C+TS0330H,temperature,66,39,18,16,1.0,1.0,0.8888888888888888,0.9130434782608696
TS0330E,2,14,TS0330C+TS0330H,pressure_absolute,66,39,18,16,0.8722826086956521,0.7910777282881117,0.7272727272727273,0.7391304347826086
TS0330E,2,14,TS0330C+TS0330H,pressure_shape,66,39,18,16,0.7989130434782609,0.8328715149407284,0.47619047619047616,0.65625
TS0330E,2,14,TS0330C+TS0330H,fusion_absolute,66,39,18,16,0.9972826086956522,0.9963235294117647,0.8571428571428571,0.875
TS0330E,2,14,TS0330C+TS0330H,fusion_shape,66,39,18,16,0.9809782608695652,0.9770833333333333,0.8823529411764706,0.9035326086956521
TS0330E,2,15,TS0330D+TS0330F,temperature,65,39,18,16,1.0,1.0,0.8648648648648649,0.8913043478260869
TS0330E,2,15,TS0330D+TS0330F,pressure_absolute,65,39,18,16,0.9103260869565217,0.8610365586855525,0.8,0.8260869565217391
TS0330E,2,15,TS0330D+TS0330F,pressure_shape,65,39,18,16,0.5760869565217391,0.6127417467692067,0.5957446808510638,0.5679347826086957
TS0330E,2,15,TS0330D+TS0330F,fusion_absolute,65,39,18,16,0.9836956521739131,0.9812127976190477,0.8,0.8260869565217391
TS0330E,2,15,TS0330D+TS0330F,fusion_shape,65,39,18,16,0.9891304347826088,0.985702614379085,0.8205128205128205,0.8478260869565217
TS0330E,2,16,TS0330D+TS0330G,temperature,63,39,14,16,1.0,1.0,0.9142857142857143,0.9347826086956521
TS0330E,2,16,TS0330D+TS0330G,pressure_absolute,63,39,14,16,0.8831521739130436,0.8391531360581284,0.64,0.6086956521739131
TS0330E,2,16,TS0330D+TS0330G,pressure_shape,63,39,14,16,0.33695652173913043,0.337968785841996,0.4,0.34646739130434784
TS0330E,2,16,TS0330D+TS0330G,fusion_absolute,63,39,14,16,1.0,1.0,0.9696969696969697,0.9782608695652174
TS0330E,2,16,TS0330D+TS0330G,fusion_shape,63,39,14,16,0.9755434782608696,0.9701754385964912,0.8205128205128205,0.8478260869565217
TS0330E,2,17,TS0330D+TS0330H,temperature,65,39,22,16,1.0,1.0,0.8648648648648649,0.8913043478260869
TS0330E,2,17,TS0330D+TS0330H,pressure_absolute,65,39,22,16,0.9157608695652174,0.873367125381928,0.64,0.6086956521739131
TS0330E,2,17,TS0330D+TS0330H,pressure_shape,65,39,22,16,0.8532608695652174,0.8495139169012917,0.6666666666666666,0.6644021739130435
TS0330E,2,17,TS0330D+TS0330H,fusion_absolute,65,39,22,16,0.9972826086956522,0.9963235294117647,0.896551724137931,0.90625
TS0330E,2,17,TS0330D+TS0330H,fusion_shape,65,39,22,16,0.9918478260869565,0.9891493055555556,0.9411764705882353,0.9565217391304348
TS0330E,2,18,TS0330F+TS0330G,temperature,64,39,18,16,1.0,1.0,0.8648648648648649,0.8913043478260869
TS0330E,2,18,TS0330F+TS0330G,pressure_absolute,64,39,18,16,0.9293478260869565,0.8840505950340509,0.7441860465116279,0.7608695652173914
TS0330E,2,18,TS0330F+TS0330G,pressure_shape,64,39,18,16,0.2581521739130435,0.36343554392586236,0.425531914893617,0.3559782608695652
TS0330E,2,18,TS0330F+TS0330G,fusion_absolute,64,39,18,16,1.0,1.0,0.8,0.8260869565217391
TS0330E,2,18,TS0330F+TS0330G,fusion_shape,64,39,18,16,1.0,1.0,0.8205128205128205,0.8478260869565217
TS0330E,2,19,TS0330F+TS0330H,temperature,66,39,26,16,1.0,1.0,0.8205128205128205,0.8478260869565217
TS0330E,2,19,TS0330F+TS0330H,pressure_absolute,66,39,26,16,0.9429347826086957,0.9077530210802269,0.0,0.5
TS0330E,2,19,TS0330F+TS0330H,pressure_shape,66,39,26,16,0.8586956521739131,0.8427887506012506,0.7142857142857143,0.7296195652173914
TS0330E,2,19,TS0330F+TS0330H,fusion_absolute,66,39,26,16,1.0,1.0,0.9696969696969697,0.9782608695652174
TS0330E,2,19,TS0330F+TS0330H,fusion_shape,66,39,26,16,1.0,1.0,0.8648648648648649,0.8913043478260869
TS0330E,2,20,TS0330G+TS0330H,temperature,64,39,22,16,1.0,1.0,0.8421052631578947,0.8695652173913043
TS0330E,2,20,TS0330G+TS0330H,pressure_absolute,64,39,22,16,0.8559782608695652,0.8653123506927854,0.6956521739130435,0.6956521739130435
TS0330E,2,20,TS0330G+TS0330H,pressure_shape,64,39,22,16,0.6331521739130435,0.5324454101681647,0.5,0.6100543478260869
TS0330E,2,20,TS0330G+TS0330H,fusion_absolute,64,39,22,16,0.9755434782608696,0.9705357142857143,0.0,0.5
TS0330E,2,20,TS0330G+TS0330H,fusion_shape,64,39,22,16,0.9918478260869565,0.9882506127450981,0.8,0.8260869565217391
TS0330E,4,0,TS0330A+TS0330B+TS0330C+TS0330D,temperature,147,39,29,16,1.0,1.0,0.9696969696969697,0.9782608695652174
TS0330E,4,0,TS0330A+TS0330B+TS0330C+TS0330D,pressure_absolute,147,39,29,16,0.9375,0.8912373627834155,0.8205128205128205,0.8478260869565217
TS0330E,4,0,TS0330A+TS0330B+TS0330C+TS0330D,pressure_shape,147,39,29,16,0.532608695652174,0.5988861611563818,0.3870967741935484,0.49184782608695654
TS0330E,4,0,TS0330A+TS0330B+TS0330C+TS0330D,fusion_absolute,147,39,29,16,0.9972826086956522,0.9963235294117647,0.6666666666666666,0.75
TS0330E,4,0,TS0330A+TS0330B+TS0330C+TS0330D,fusion_shape,147,39,29,16,0.9945652173913044,0.9924172794117647,0.9375,0.9470108695652174
TS0330E,4,1,TS0330A+TS0330B+TS0330C+TS0330F,temperature,148,39,33,16,1.0,1.0,0.9411764705882353,0.9565217391304348
TS0330E,4,1,TS0330A+TS0330B+TS0330C+TS0330F,pressure_absolute,148,39,33,16,0.9565217391304348,0.9415194180819181,0.7804878048780488,0.8043478260869565
TS0330E,4,1,TS0330A+TS0330B+TS0330C+TS0330F,pressure_shape,148,39,33,16,0.5978260869565217,0.655818203106806,0.48484848484848486,0.5543478260869565
TS0330E,4,1,TS0330A+TS0330B+TS0330C+TS0330F,fusion_absolute,148,39,33,16,1.0,1.0,0.9142857142857143,0.9347826086956521
TS0330E,4,1,TS0330A+TS0330B+TS0330C+TS0330F,fusion_shape,148,39,33,16,0.9891304347826088,0.985702614379085,0.9142857142857143,0.9347826086956521
TS0330E,4,2,TS0330A+TS0330B+TS0330C+TS0330G,temperature,146,39,29,16,1.0,1.0,0.9696969696969697,0.9782608695652174
TS0330E,4,2,TS0330A+TS0330B+TS0330C+TS0330G,pressure_absolute,146,39,29,16,0.9429347826086956,0.9335210659223818,0.7804878048780488,0.8043478260869565
TS0330E,4,2,TS0330A+TS0330B+TS0330C+TS0330G,pressure_shape,146,39,29,16,0.32065217391304346,0.38656843648846234,0.3225806451612903,0.4388586956521739
TS0330E,4,2,TS0330A+TS0330B+TS0330C+TS0330G,fusion_absolute,146,39,29,16,1.0,1.0,1.0,1.0
TS0330E,4,2,TS0330A+TS0330B+TS0330C+TS0330G,fusion_shape,146,39,29,16,0.9972826086956522,0.9963235294117647,0.9375,0.9470108695652174
TS0330E,4,3,TS0330A+TS0330B+TS0330C+TS0330H,temperature,148,39,37,16,1.0,1.0,0.9411764705882353,0.9565217391304348
TS0330E,4,3,TS0330A+TS0330B+TS0330C+TS0330H,pressure_absolute,148,39,37,16,0.9538043478260869,0.9447133458646616,0.7441860465116279,0.7608695652173914
TS0330E,4,3,TS0330A+TS0330B+TS0330C+TS0330H,pressure_shape,148,39,37,16,0.6005434782608696,0.6445858449893226,0.41379310344827586,0.5353260869565217
TS0330E,4,3,TS0330A+TS0330B+TS0330C+TS0330H,fusion_absolute,148,39,37,16,1.0,1.0,0.8888888888888888,0.9130434782608696
TS0330E,4,3,TS0330A+TS0330B+TS0330C+TS0330H,fusion_shape,148,39,37,16,0.9782608695652174,0.9719024122807017,0.8484848484848485,0.8722826086956521
TS0330E,4,4,TS0330A+TS0330B+TS0330D+TS0330F,temperature,147,39,37,16,1.0,1.0,0.9411764705882353,0.9565217391304348
TS0330E,4,4,TS0330A+TS0330B+TS0330D+TS0330F,pressure_absolute,147,39,37,16,0.9375,0.899253968049924,0.7804878048780488,0.8043478260869565
TS0330E,4,4,TS0330A+TS0330B+TS0330D+TS0330F,pressure_shape,147,39,37,16,0.5054347826086956,0.5913644373348321,0.45714285714285713,0.5108695652173914
TS0330E,4,4,TS0330A+TS0330B+TS0330D+TS0330F,fusion_absolute,147,39,37,16,1.0,1.0,0.8888888888888888,0.9130434782608696
TS0330E,4,4,TS0330A+TS0330B+TS0330D+TS0330F,fusion_shape,147,39,37,16,1.0,1.0,0.9696969696969697,0.9782608695652174
TS0330E,4,5,TS0330A+TS0330B+TS0330D+TS0330G,temperature,145,39,33,16,1.0,1.0,0.9696969696969697,0.9782608695652174
TS0330E,4,5,TS0330A+TS0330B+TS0330D+TS0330G,pressure_absolute,145,39,33,16,0.9347826086956522,0.8965127399797486,0.7804878048780488,0.8043478260869565
TS0330E,4,5,TS0330A+TS0330B+TS0330D+TS0330G,pressure_shape,145,39,33,16,0.3940217391304348,0.5206042139381923,0.42105263157894735,0.44565217391304346
TS0330E,4,5,TS0330A+TS0330B+TS0330D+TS0330G,fusion_absolute,145,39,33,16,1.0,1.0,0.967741935483871,0.96875
TS0330E,4,5,TS0330A+TS0330B+TS0330D+TS0330G,fusion_shape,145,39,33,16,1.0,1.0,1.0,1.0
TS0330E,4,6,TS0330A+TS0330B+TS0330D+TS0330H,temperature,147,39,41,16,1.0,1.0,0.9142857142857143,0.9347826086956521
TS0330E,4,6,TS0330A+TS0330B+TS0330D+TS0330H,pressure_absolute,147,39,41,16,0.9565217391304348,0.9401174757260284,0.7441860465116279,0.7608695652173914
TS0330E,4,6,TS0330A+TS0330B+TS0330D+TS0330H,pressure_shape,147,39,41,16,0.6440217391304348,0.6464172296102877,0.45161290322580644,0.5448369565217391
TS0330E,4,6,TS0330A+TS0330B+TS0330D+TS0330H,fusion_absolute,147,39,41,16,1.0,1.0,0.9142857142857143,0.9347826086956521
TS0330E,4,6,TS0330A+TS0330B+TS0330D+TS0330H,fusion_shape,147,39,41,16,1.0,1.0,1.0,1.0
TS0330E,4,7,TS0330A+TS0330B+TS0330F+TS0330G,temperature,146,39,37,16,1.0,1.0,0.9411764705882353,0.9565217391304348
TS0330E,4,7,TS0330A+TS0330B+TS0330F+TS0330G,pressure_absolute,146,39,37,16,0.9565217391304348,0.9389152514152513,0.7804878048780488,0.8043478260869565
TS0330E,4,7,TS0330A+TS0330B+TS0330F+TS0330G,pressure_shape,146,39,37,16,0.4184782608695652,0.487355685183665,0.45,0.45516304347826086
TS0330E,4,7,TS0330A+TS0330B+TS0330F+TS0330G,fusion_absolute,146,39,37,16,1.0,1.0,0.9411764705882353,0.9565217391304348
TS0330E,4,7,TS0330A+TS0330B+TS0330F+TS0330G,fusion_shape,146,39,37,16,1.0,1.0,0.9142857142857143,0.9347826086956521
TS0330E,4,8,TS0330A+TS0330B+TS0330F+TS0330H,temperature,148,39,45,16,1.0,1.0,0.9142857142857143,0.9347826086956521
TS0330E,4,8,TS0330A+TS0330B+TS0330F+TS0330H,pressure_absolute,148,39,45,16,0.9728260869565217,0.9694940476190477,0.7619047619047619,0.7826086956521738
TS0330E,4,8,TS0330A+TS0330B+TS0330F+TS0330H,pressure_shape,148,39,45,16,0.6929347826086957,0.7188891974609265,0.5294117647058824,0.5855978260869565
TS0330E,4,8,TS0330A+TS0330B+TS0330F+TS0330H,fusion_absolute,148,39,45,16,1.0,1.0,0.8888888888888888,0.9130434782608696
TS0330E,4,8,TS0330A+TS0330B+TS0330F+TS0330H,fusion_shape,148,39,45,16,1.0,1.0,0.9411764705882353,0.9565217391304348
TS0330E,4,9,TS0330A+TS0330B+TS0330G+TS0330H,temperature,146,39,41,16,1.0,1.0,0.9142857142857143,0.9347826086956521
TS0330E,4,9,TS0330A+TS0330B+TS0330G+TS0330H,pressure_absolute,146,39,41,16,0.9320652173913042,0.92005772005772,0.7619047619047619,0.7826086956521738
TS0330E,4,9,TS0330A+TS0330B+TS0330G+TS0330H,pressure_shape,146,39,41,16,0.4592391304347826,0.5265110047617787,0.42424242424242425,0.5013586956521738
TS0330E,4,9,TS0330A+TS0330B+TS0330G+TS0330H,fusion_absolute,146,39,41,16,1.0,1.0,0.9142857142857143,0.9347826086956521
TS0330E,4,9,TS0330A+TS0330B+TS0330G+TS0330H,fusion_shape,146,39,41,16,0.9592391304347826,0.959280303030303,0.8484848484848485,0.8722826086956521
TS0330E,4,10,TS0330A+TS0330C+TS0330D+TS0330F,temperature,139,39,32,16,1.0,1.0,0.9411764705882353,0.9565217391304348
TS0330E,4,10,TS0330A+TS0330C+TS0330D+TS0330F,pressure_absolute,139,39,32,16,0.9402173913043479,0.9104394839229397,0.8,0.8260869565217391
TS0330E,4,10,TS0330A+TS0330C+TS0330D+TS0330F,pressure_shape,139,39,32,16,0.8043478260869564,0.7676995266730173,0.5,0.6440217391304348
TS0330E,4,10,TS0330A+TS0330C+TS0330D+TS0330F,fusion_absolute,139,39,32,16,1.0,1.0,1.0,1.0
TS0330E,4,10,TS0330A+TS0330C+TS0330D+TS0330F,fusion_shape,139,39,32,16,1.0,1.0,0.9696969696969697,0.9782608695652174
TS0330E,4,11,TS0330A+TS0330C+TS0330D+TS0330G,temperature,137,39,28,16,1.0,1.0,0.9411764705882353,0.9565217391304348
TS0330E,4,11,TS0330A+TS0330C+TS0330D+TS0330G,pressure_absolute,137,39,28,16,0.9347826086956522,0.8956825394784953,0.8205128205128205,0.8478260869565217
TS0330E,4,11,TS0330A+TS0330C+TS0330D+TS0330G,pressure_shape,137,39,28,16,0.5760869565217391,0.6223144034262669,0.43478260869565216,0.6127717391304348
TS0330E,4,11,TS0330A+TS0330C+TS0330D+TS0330G,fusion_absolute,137,39,28,16,1.0,1.0,0.896551724137931,0.90625
TS0330E,4,11,TS0330A+TS0330C+TS0330D+TS0330G,fusion_shape,137,39,28,16,1.0,1.0,0.967741935483871,0.96875
TS0330E,4,12,TS0330A+TS0330C+TS0330D+TS0330H,temperature,139,39,36,16,1.0,1.0,0.8888888888888888,0.9130434782608696
TS0330E,4,12,TS0330A+TS0330C+TS0330D+TS0330H,pressure_absolute,139,39,36,16,0.9673913043478262,0.9585565476190476,0.7272727272727273,0.7391304347826086
TS0330E,4,12,TS0330A+TS0330C+TS0330D+TS0330H,pressure_shape,139,39,36,16,0.8858695652173914,0.8729321713993482,0.6666666666666666,0.75
TS0330E,4,12,TS0330A+TS0330C+TS0330D+TS0330H,fusion_absolute,139,39,36,16,1.0,1.0,0.8571428571428571,0.875
TS0330E,4,12,TS0330A+TS0330C+TS0330D+TS0330H,fusion_shape,139,39,36,16,1.0,1.0,0.967741935483871,0.96875
TS0330E,4,13,TS0330A+TS0330C+TS0330F+TS0330G,temperature,138,39,32,16,1.0,1.0,0.9411764705882353,0.9565217391304348
TS0330E,4,13,TS0330A+TS0330C+TS0330F+TS0330G,pressure_absolute,138,39,32,16,0.9619565217391305,0.9485405219780221,0.8205128205128205,0.8478260869565217
TS0330E,4,13,TS0330A+TS0330C+TS0330F+TS0330G,pressure_shape,138,39,32,16,0.6603260869565217,0.6525857403472969,0.42857142857142855,0.5570652173913043
TS0330E,4,13,TS0330A+TS0330C+TS0330F+TS0330G,fusion_absolute,138,39,32,16,1.0,1.0,0.967741935483871,0.96875
TS0330E,4,13,TS0330A+TS0330C+TS0330F+TS0330G,fusion_shape,138,39,32,16,1.0,1.0,0.9696969696969697,0.9782608695652174
TS0330E,4,14,TS0330A+TS0330C+TS0330F+TS0330H,temperature,140,39,40,16,1.0,1.0,0.8888888888888888,0.9130434782608696
TS0330E,4,14,TS0330A+TS0330C+TS0330F+TS0330H,pressure_absolute,140,39,40,16,0.9755434782608696,0.9705357142857143,0.7619047619047619,0.7826086956521738
TS0330E,4,14,TS0330A+TS0330C+TS0330F+TS0330H,pressure_shape,140,39,40,16,0.9266304347826088,0.9223049872122762,0.72,0.78125
TS0330E,4,14,TS0330A+TS0330C+TS0330F+TS0330H,fusion_absolute,140,39,40,16,1.0,1.0,0.967741935483871,0.96875
TS0330E,4,14,TS0330A+TS0330C+TS0330F+TS0330H,fusion_shape,140,39,40,16,1.0,1.0,1.0,1.0
TS0330E,4,15,TS0330A+TS0330C+TS0330G+TS0330H,temperature,138,39,36,16,1.0,1.0,0.9142857142857143,0.9347826086956521
TS0330E,4,15,TS0330A+TS0330C+TS0330G+TS0330H,pressure_absolute,138,39,36,16,0.9619565217391305,0.9556051587301587,0.7619047619047619,0.7826086956521738
TS0330E,4,15,TS0330A+TS0330C+TS0330G+TS0330H,pressure_shape,138,39,36,16,0.8315217391304348,0.8536223902516472,0.6666666666666666,0.75
TS0330E,4,15,TS0330A+TS0330C+TS0330G+TS0330H,fusion_absolute,138,39,36,16,1.0,1.0,0.967741935483871,0.96875
TS0330E,4,15,TS0330A+TS0330C+TS0330G+TS0330H,fusion_shape,138,39,36,16,1.0,1.0,0.9696969696969697,0.9782608695652174
TS0330E,4,16,TS0330A+TS0330D+TS0330F+TS0330G,temperature,137,39,36,16,1.0,1.0,0.9142857142857143,0.9347826086956521
TS0330E,4,16,TS0330A+TS0330D+TS0330F+TS0330G,pressure_absolute,137,39,36,16,0.9293478260869565,0.8863495113954674,0.8205128205128205,0.8478260869565217
TS0330E,4,16,TS0330A+TS0330D+TS0330F+TS0330G,pressure_shape,137,39,36,16,0.5597826086956522,0.6337639625170857,0.45714285714285713,0.5108695652173914
TS0330E,4,16,TS0330A+TS0330D+TS0330F+TS0330G,fusion_absolute,137,39,36,16,1.0,1.0,1.0,1.0
TS0330E,4,16,TS0330A+TS0330D+TS0330F+TS0330G,fusion_shape,137,39,36,16,1.0,1.0,0.9411764705882353,0.9565217391304348
TS0330E,4,17,TS0330A+TS0330D+TS0330F+TS0330H,temperature,139,39,44,16,1.0,1.0,0.8648648648648649,0.8913043478260869
TS0330E,4,17,TS0330A+TS0330D+TS0330F+TS0330H,pressure_absolute,139,39,44,16,0.9565217391304348,0.9436698363555949,0.7272727272727273,0.7391304347826086
TS0330E,4,17,TS0330A+TS0330D+TS0330F+TS0330H,pressure_shape,139,39,44,16,0.8967391304347827,0.8867134784075573,0.7692307692307693,0.8125
TS0330E,4,17,TS0330A+TS0330D+TS0330F+TS0330H,fusion_absolute,139,39,44,16,0.9891304347826086,0.9875,0.8888888888888888,0.9130434782608696
TS0330E,4,17,TS0330A+TS0330D+TS0330F+TS0330H,fusion_shape,139,39,44,16,1.0,1.0,0.9411764705882353,0.9565217391304348
TS0330E,4,18,TS0330A+TS0330D+TS0330G+TS0330H,temperature,137,39,40,16,1.0,1.0,0.8888888888888888,0.9130434782608696
TS0330E,4,18,TS0330A+TS0330D+TS0330G+TS0330H,pressure_absolute,137,39,40,16,0.9673913043478262,0.9534373102387809,0.7619047619047619,0.7826086956521738
TS0330E,4,18,TS0330A+TS0330D+TS0330G+TS0330H,pressure_shape,137,39,40,16,0.9293478260869565,0.9333333333333333,0.7692307692307693,0.8125
TS0330E,4,18,TS0330A+TS0330D+TS0330G+TS0330H,fusion_absolute,137,39,40,16,1.0,1.0,0.967741935483871,0.96875
TS0330E,4,18,TS0330A+TS0330D+TS0330G+TS0330H,fusion_shape,137,39,40,16,1.0,1.0,1.0,1.0
TS0330E,4,19,TS0330A+TS0330F+TS0330G+TS0330H,temperature,138,39,44,16,1.0,1.0,0.8648648648648649,0.8913043478260869
TS0330E,4,19,TS0330A+TS0330F+TS0330G+TS0330H,pressure_absolute,138,39,44,16,0.9728260869565217,0.9694940476190477,0.7619047619047619,0.7826086956521738
TS0330E,4,19,TS0330A+TS0330F+TS0330G+TS0330H,pressure_shape,138,39,44,16,0.9510869565217391,0.9479404976115502,0.8148148148148148,0.84375
TS0330E,4,19,TS0330A+TS0330F+TS0330G+TS0330H,fusion_absolute,138,39,44,16,1.0,1.0,0.9411764705882353,0.9565217391304348
TS0330E,4,19,TS0330A+TS0330F+TS0330G+TS0330H,fusion_shape,138,39,44,16,1.0,1.0,0.9411764705882353,0.9565217391304348
TS0330E,4,20,TS0330B+TS0330C+TS0330D+TS0330F,temperature,139,39,29,16,1.0,1.0,0.9411764705882353,0.9565217391304348
TS0330E,4,20,TS0330B+TS0330C+TS0330D+TS0330F,pressure_absolute,139,39,29,16,0.8505434782608695,0.70761380459281,0.7619047619047619,0.7826086956521738
TS0330E,4,20,TS0330B+TS0330C+TS0330D+TS0330F,pressure_shape,139,39,29,16,0.37771739130434784,0.4170760393246942,0.3684210526315789,0.39266304347826086
TS0330E,4,20,TS0330B+TS0330C+TS0330D+TS0330F,fusion_absolute,139,39,29,16,1.0,1.0,0.8888888888888888,0.9130434782608696
TS0330E,4,20,TS0330B+TS0330C+TS0330D+TS0330F,fusion_shape,139,39,29,16,0.9646739130434783,0.9543351715686275,0.8421052631578947,0.8695652173913043
TS0330E,4,21,TS0330B+TS0330C+TS0330D+TS0330G,temperature,137,39,25,16,1.0,1.0,0.9696969696969697,0.9782608695652174
TS0330E,4,21,TS0330B+TS0330C+TS0330D+TS0330G,pressure_absolute,137,39,25,16,0.8994565217391304,0.821842640181456,0.7619047619047619,0.7826086956521738
TS0330E,4,21,TS0330B+TS0330C+TS0330D+TS0330G,pressure_shape,137,39,25,16,0.12771739130434784,0.27283022301626514,0.36363636363636365,0.31521739130434784
TS0330E,4,21,TS0330B+TS0330C+TS0330D+TS0330G,fusion_absolute,137,39,25,16,1.0,1.0,0.9696969696969697,0.9782608695652174
TS0330E,4,21,TS0330B+TS0330C+TS0330D+TS0330G,fusion_shape,137,39,25,16,0.9972826086956522,0.9963235294117647,0.9142857142857143,0.9347826086956521
TS0330E,4,22,TS0330B+TS0330C+TS0330D+TS0330H,temperature,139,39,33,16,1.0,1.0,0.9411764705882353,0.9565217391304348
TS0330E,4,22,TS0330B+TS0330C+TS0330D+TS0330H,pressure_absolute,139,39,33,16,0.8342391304347827,0.701319795293286,0.64,0.6086956521739131
TS0330E,4,22,TS0330B+TS0330C+TS0330D+TS0330H,pressure_shape,139,39,33,16,0.5108695652173912,0.47467686727909614,0.4666666666666667,0.5665760869565217
TS0330E,4,22,TS0330B+TS0330C+TS0330D+TS0330H,fusion_absolute,139,39,33,16,1.0,1.0,0.9696969696969697,0.9782608695652174
TS0330E,4,22,TS0330B+TS0330C+TS0330D+TS0330H,fusion_shape,139,39,33,16,0.9918478260869565,0.9901315789473684,0.9142857142857143,0.9347826086956521
TS0330E,4,23,TS0330B+TS0330C+TS0330F+TS0330G,temperature,138,39,29,16,1.0,1.0,0.9411764705882353,0.9565217391304348
TS0330E,4,23,TS0330B+TS0330C+TS0330F+TS0330G,pressure_absolute,138,39,29,16,0.9157608695652173,0.8792320526695527,0.7619047619047619,0.7826086956521738
TS0330E,4,23,TS0330B+TS0330C+TS0330F+TS0330G,pressure_shape,138,39,29,16,0.13315217391304346,0.2909732832739729,0.375,0.28125
TS0330E,4,23,TS0330B+TS0330C+TS0330F+TS0330G,fusion_absolute,138,39,29,16,1.0,1.0,0.9142857142857143,0.9347826086956521
TS0330E,4,23,TS0330B+TS0330C+TS0330F+TS0330G,fusion_shape,138,39,29,16,0.9592391304347826,0.9467862511907597,0.8648648648648649,0.8913043478260869
TS0330E,4,24,TS0330B+TS0330C+TS0330F+TS0330H,temperature,140,39,37,16,1.0,1.0,0.9142857142857143,0.9347826086956521
TS0330E,4,24,TS0330B+TS0330C+TS0330F+TS0330H,pressure_absolute,140,39,37,16,0.8777173913043479,0.8077955907396698,0.7272727272727273,0.7391304347826086
TS0330E,4,24,TS0330B+TS0330C+TS0330F+TS0330H,pressure_shape,140,39,37,16,0.39673913043478254,0.42351366968377396,0.3333333333333333,0.38315217391304346
TS0330E,4,24,TS0330B+TS0330C+TS0330F+TS0330H,fusion_absolute,140,39,37,16,1.0,1.0,0.9411764705882353,0.9565217391304348
TS0330E,4,24,TS0330B+TS0330C+TS0330F+TS0330H,fusion_shape,140,39,37,16,0.967391304347826,0.9588484077841664,0.8888888888888888,0.9130434782608696
TS0330E,4,25,TS0330B+TS0330C+TS0330G+TS0330H,temperature,138,39,33,16,1.0,1.0,0.9411764705882353,0.9565217391304348
TS0330E,4,25,TS0330B+TS0330C+TS0330G+TS0330H,pressure_absolute,138,39,33,16,0.8695652173913044,0.8645176619718953,0.7441860465116279,0.7608695652173914
TS0330E,4,25,TS0330B+TS0330C+TS0330G+TS0330H,pressure_shape,138,39,33,16,0.2391304347826087,0.4207051039886719,0.15789473684210525,0.18070652173913043
TS0330E,4,25,TS0330B+TS0330C+TS0330G+TS0330H,fusion_absolute,138,39,33,16,1.0,1.0,0.8888888888888888,0.9130434782608696
TS0330E,4,25,TS0330B+TS0330C+TS0330G+TS0330H,fusion_shape,138,39,33,16,0.9809782608695652,0.9770833333333333,0.8888888888888888,0.9130434782608696
TS0330E,4,26,TS0330B+TS0330D+TS0330F+TS0330G,temperature,137,39,33,16,1.0,1.0,0.9411764705882353,0.9565217391304348
TS0330E,4,26,TS0330B+TS0330D+TS0330F+TS0330G,pressure_absolute,137,39,33,16,0.9184782608695652,0.8662223706268792,0.7619047619047619,0.7826086956521738
TS0330E,4,26,TS0330B+TS0330D+TS0330F+TS0330G,pressure_shape,137,39,33,16,0.10597826086956523,0.26733998146037496,0.40816326530612246,0.3125
TS0330E,4,26,TS0330B+TS0330D+TS0330F+TS0330G,fusion_absolute,137,39,33,16,1.0,1.0,0.9142857142857143,0.9347826086956521
TS0330E,4,26,TS0330B+TS0330D+TS0330F+TS0330G,fusion_shape,137,39,33,16,0.9809782608695652,0.9749661377708978,0.8421052631578947,0.8695652173913043
TS0330E,4,27,TS0330B+TS0330D+TS0330F+TS0330H,temperature,139,39,41,16,1.0,1.0,0.9142857142857143,0.9347826086956521
TS0330E,4,27,TS0330B+TS0330D+TS0330F+TS0330H,pressure_absolute,139,39,41,16,0.8994565217391305,0.8236803449603374,0.6956521739130435,0.6956521739130435
TS0330E,4,27,TS0330B+TS0330D+TS0330F+TS0330H,pressure_shape,139,39,41,16,0.48641304347826086,0.5437578107808372,0.41025641025641024,0.42391304347826086
TS0330E,4,27,TS0330B+TS0330D+TS0330F+TS0330H,fusion_absolute,139,39,41,16,1.0,1.0,0.9142857142857143,0.9347826086956521
TS0330E,4,27,TS0330B+TS0330D+TS0330F+TS0330H,fusion_shape,139,39,41,16,1.0,1.0,0.8648648648648649,0.8913043478260869
TS0330E,4,28,TS0330B+TS0330D+TS0330G+TS0330H,temperature,137,39,37,16,1.0,1.0,0.9142857142857143,0.9347826086956521
TS0330E,4,28,TS0330B+TS0330D+TS0330G+TS0330H,pressure_absolute,137,39,37,16,0.8831521739130435,0.8299579754564023,0.7272727272727273,0.7391304347826086
TS0330E,4,28,TS0330B+TS0330D+TS0330G+TS0330H,pressure_shape,137,39,37,16,0.29347826086956524,0.32868342104873943,0.425531914893617,0.3559782608695652
TS0330E,4,28,TS0330B+TS0330D+TS0330G+TS0330H,fusion_absolute,137,39,37,16,1.0,1.0,0.9411764705882353,0.9565217391304348
TS0330E,4,28,TS0330B+TS0330D+TS0330G+TS0330H,fusion_shape,137,39,37,16,1.0,1.0,0.8888888888888888,0.9130434782608696
TS0330E,4,29,TS0330B+TS0330F+TS0330G+TS0330H,temperature,138,39,41,16,1.0,1.0,0.9142857142857143,0.9347826086956521
TS0330E,4,29,TS0330B+TS0330F+TS0330G+TS0330H,pressure_absolute,138,39,41,16,0.891304347826087,0.8645435981670249,0.7619047619047619,0.7826086956521738
TS0330E,4,29,TS0330B+TS0330F+TS0330G+TS0330H,pressure_shape,138,39,41,16,0.2391304347826087,0.3176355534639375,0.40816326530612246,0.3125
TS0330E,4,29,TS0330B+TS0330F+TS0330G+TS0330H,fusion_absolute,138,39,41,16,1.0,1.0,0.8888888888888888,0.9130434782608696
TS0330E,4,29,TS0330B+TS0330F+TS0330G+TS0330H,fusion_shape,138,39,41,16,0.9945652173913044,0.9924172794117647,0.8421052631578947,0.8695652173913043
TS0330E,4,30,TS0330C+TS0330D+TS0330F+TS0330G,temperature,129,39,28,16,1.0,1.0,0.9142857142857143,0.9347826086956521
TS0330E,4,30,TS0330C+TS0330D+TS0330F+TS0330G,pressure_absolute,129,39,28,16,0.923913043478261,0.878928414582923,0.8205128205128205,0.8478260869565217
TS0330E,4,30,TS0330C+TS0330D+TS0330F+TS0330G,pressure_shape,129,39,28,16,0.47010869565217395,0.5745683600864053,0.41025641025641024,0.42391304347826086
TS0330E,4,30,TS0330C+TS0330D+TS0330F+TS0330G,fusion_absolute,129,39,28,16,1.0,1.0,1.0,1.0
TS0330E,4,30,TS0330C+TS0330D+TS0330F+TS0330G,fusion_shape,129,39,28,16,1.0,1.0,0.8888888888888888,0.9130434782608696
TS0330E,4,31,TS0330C+TS0330D+TS0330F+TS0330H,temperature,131,39,36,16,1.0,1.0,0.8888888888888888,0.9130434782608696
TS0330E,4,31,TS0330C+TS0330D+TS0330F+TS0330H,pressure_absolute,131,39,36,16,0.9021739130434783,0.8467788151176309,0.7441860465116279,0.7608695652173914
TS0330E,4,31,TS0330C+TS0330D+TS0330F+TS0330H,pressure_shape,131,39,36,16,0.8260869565217391,0.7959133085052202,0.56,0.6752717391304348
TS0330E,4,31,TS0330C+TS0330D+TS0330F+TS0330H,fusion_absolute,131,39,36,16,0.9972826086956522,0.9963235294117647,0.9333333333333333,0.9375
TS0330E,4,31,TS0330C+TS0330D+TS0330F+TS0330H,fusion_shape,131,39,36,16,0.9972826086956522,0.9963235294117647,0.9696969696969697,0.9782608695652174
TS0330E,4,32,TS0330C+TS0330D+TS0330G+TS0330H,temperature,129,39,32,16,1.0,1.0,0.9142857142857143,0.9347826086956521
TS0330E,4,32,TS0330C+TS0330D+TS0330G+TS0330H,pressure_absolute,129,39,32,16,0.9021739130434783,0.8520757751020909,0.7619047619047619,0.7826086956521738
TS0330E,4,32,TS0330C+TS0330D+TS0330G+TS0330H,pressure_shape,129,39,32,16,0.8967391304347827,0.8895580296896086,0.6086956521739131,0.71875
TS0330E,4,32,TS0330C+TS0330D+TS0330G+TS0330H,fusion_absolute,129,39,32,16,1.0,1.0,0.9333333333333333,0.9375
TS0330E,4,32,TS0330C+TS0330D+TS0330G+TS0330H,fusion_shape,129,39,32,16,1.0,1.0,1.0,1.0
TS0330E,4,33,TS0330C+TS0330F+TS0330G+TS0330H,temperature,130,39,36,16,1.0,1.0,0.8888888888888888,0.9130434782608696
TS0330E,4,33,TS0330C+TS0330F+TS0330G+TS0330H,pressure_absolute,130,39,36,16,0.921195652173913,0.8774710395598554,0.8,0.8260869565217391
TS0330E,4,33,TS0330C+TS0330F+TS0330G+TS0330H,pressure_shape,130,39,36,16,0.8940217391304348,0.874483937115516,0.72,0.78125
TS0330E,4,33,TS0330C+TS0330F+TS0330G+TS0330H,fusion_absolute,130,39,36,16,1.0,1.0,1.0,1.0
TS0330E,4,33,TS0330C+TS0330F+TS0330G+TS0330H,fusion_shape,130,39,36,16,1.0,1.0,0.8648648648648649,0.8913043478260869
TS0330E,4,34,TS0330D+TS0330F+TS0330G+TS0330H,temperature,129,39,40,16,1.0,1.0,0.8648648648648649,0.8913043478260869
TS0330E,4,34,TS0330D+TS0330F+TS0330G+TS0330H,pressure_absolute,129,39,40,16,0.9538043478260869,0.9355209129106188,0.8205128205128205,0.8478260869565217
TS0330E,4,34,TS0330D+TS0330F+TS0330G+TS0330H,pressure_shape,129,39,40,16,0.7445652173913043,0.741095433623641,0.5641025641025641,0.5828804347826086
TS0330E,4,34,TS0330D+TS0330F+TS0330G+TS0330H,fusion_absolute,129,39,40,16,1.0,1.0,0.967741935483871,0.96875
TS0330E,4,34,TS0330D+TS0330F+TS0330G+TS0330H,fusion_shape,129,39,40,16,0.9972826086956522,0.9963235294117647,0.8421052631578947,0.8695652173913043
TS0330E,7,0,TS0330A+TS0330B+TS0330C+TS0330D+TS0330F+TS0330G+TS0330H,temperature,244,39,62,16,1.0,1.0,0.9411764705882353,0.9565217391304348
TS0330E,7,0,TS0330A+TS0330B+TS0330C+TS0330D+TS0330F+TS0330G+TS0330H,pressure_absolute,244,39,62,16,0.9728260869565217,0.9643274617539324,0.7619047619047619,0.7826086956521738
TS0330E,7,0,TS0330A+TS0330B+TS0330C+TS0330D+TS0330F+TS0330G+TS0330H,pressure_shape,244,39,62,16,0.6521739130434784,0.6577068949280047,0.5,0.5760869565217391
TS0330E,7,0,TS0330A+TS0330B+TS0330C+TS0330D+TS0330F+TS0330G+TS0330H,fusion_absolute,244,39,62,16,1.0,1.0,1.0,1.0
TS0330E,7,0,TS0330A+TS0330B+TS0330C+TS0330D+TS0330F+TS0330G+TS0330H,fusion_shape,244,39,62,16,1.0,1.0,1.0,1.0
TS0330F,2,0,TS0330A+TS0330B,temperature,82,33,19,11,1.0,1.0,0.9523809523809523,0.9545454545454546
TS0330F,2,0,TS0330A+TS0330B,pressure_absolute,82,33,19,11,0.7975206611570248,0.7425860104807473,0.5365853658536586,0.5681818181818181
TS0330F,2,0,TS0330A+TS0330B,pressure_shape,82,33,19,11,0.7024793388429753,0.6523809125483767,0.4444444444444444,0.6136363636363636
TS0330F,2,0,TS0330A+TS0330B,fusion_absolute,82,33,19,11,0.9958677685950413,0.9924242424242425,0.625,0.7272727272727273
TS0330F,2,0,TS0330A+TS0330B,fusion_shape,82,33,19,11,0.8884297520661157,0.8875869080414535,0.8,0.8409090909090909
TS0330F,2,1,TS0330A+TS0330C,temperature,74,33,14,11,1.0,1.0,0.9523809523809523,0.9545454545454546
TS0330F,2,1,TS0330A+TS0330C,pressure_absolute,74,33,14,11,0.9380165289256199,0.9140266299357209,0.8,0.8409090909090909
TS0330F,2,1,TS0330A+TS0330C,pressure_shape,74,33,14,11,0.8140495867768596,0.7575287012452788,0.5333333333333333,0.6818181818181819
TS0330F,2,1,TS0330A+TS0330C,fusion_absolute,74,33,14,11,0.9958677685950413,0.9924242424242425,0.42857142857142855,0.6363636363636364
TS0330F,2,1,TS0330A+TS0330C,fusion_shape,74,33,14,11,0.9214876033057852,0.8837990292535748,0.8571428571428571,0.8863636363636365
TS0330F,2,2,TS0330A+TS0330D,temperature,73,33,18,11,1.0,1.0,1.0,1.0
TS0330F,2,2,TS0330A+TS0330D,pressure_absolute,73,33,18,11,1.0,1.0,0.6666666666666666,0.75
TS0330F,2,2,TS0330A+TS0330D,pressure_shape,73,33,18,11,0.9504132231404959,0.9343434343434344,0.7058823529411765,0.7727272727272727
TS0330F,2,2,TS0330A+TS0330D,fusion_absolute,73,33,18,11,1.0,1.0,0.9,0.9090909090909092
TS0330F,2,2,TS0330A+TS0330D,fusion_shape,73,33,18,11,0.9958677685950413,0.9924242424242425,0.9523809523809523,0.9545454545454546
TS0330F,2,3,TS0330A+TS0330E,temperature,80,33,27,11,1.0,1.0,1.0,1.0
TS0330F,2,3,TS0330A+TS0330E,pressure_absolute,80,33,27,11,0.8842975206611571,0.8645460819373864,0.6428571428571429,0.7272727272727273
TS0330F,2,3,TS0330A+TS0330E,pressure_shape,80,33,27,11,0.8305785123966942,0.685324271687908,0.8333333333333334,0.8863636363636364
TS0330F,2,3,TS0330A+TS0330E,fusion_absolute,80,33,27,11,1.0,1.0,0.9166666666666666,0.9545454545454546
TS0330F,2,3,TS0330A+TS0330E,fusion_shape,80,33,27,11,0.9628099173553719,0.9327708907254362,0.9090909090909091,0.9318181818181819
TS0330F,2,4,TS0330A+TS0330G,temperature,72,33,18,11,1.0,1.0,0.9565217391304348,0.9772727272727273
TS0330F,2,4,TS0330A+TS0330G,pressure_absolute,72,33,18,11,0.9586776859504132,0.9412878787878789,0.7692307692307693,0.8409090909090908
TS0330F,2,4,TS0330A+TS0330G,pressure_shape,72,33,18,11,0.6818181818181819,0.6336058978351469,0.42857142857142855,0.6363636363636364
TS0330F,2,4,TS0330A+TS0330G,fusion_absolute,72,33,18,11,1.0,1.0,0.8421052631578947,0.8636363636363636
TS0330F,2,4,TS0330A+TS0330G,fusion_shape,72,33,18,11,0.9338842975206612,0.9137491515950015,0.8571428571428571,0.8863636363636365
TS0330F,2,5,TS0330A+TS0330H,temperature,74,33,26,11,1.0,1.0,0.88,0.9318181818181819
TS0330F,2,5,TS0330A+TS0330H,pressure_absolute,74,33,26,11,0.8181818181818182,0.7712723965584377,0.5789473684210527,0.6363636363636364
TS0330F,2,5,TS0330A+TS0330H,pressure_shape,74,33,26,11,0.7107438016528926,0.5979084863443153,0.2857142857142857,0.5681818181818182
TS0330F,2,5,TS0330A+TS0330H,fusion_absolute,74,33,26,11,1.0,1.0,0.9166666666666666,0.9545454545454546
TS0330F,2,5,TS0330A+TS0330H,fusion_shape,74,33,26,11,0.8512396694214877,0.8706152433425162,0.75,0.8181818181818182
TS0330F,2,6,TS0330B+TS0330C,temperature,74,33,11,11,1.0,1.0,0.9,0.9090909090909092
TS0330F,2,6,TS0330B+TS0330C,pressure_absolute,74,33,11,11,1.0,1.0,0.0,0.5
TS0330F,2,6,TS0330B+TS0330C,pressure_shape,74,33,11,11,0.7272727272727272,0.572846889952153,0.5263157894736842,0.6590909090909091
TS0330F,2,6,TS0330B+TS0330C,fusion_absolute,74,33,11,11,1.0,1.0,0.0,0.5
TS0330F,2,6,TS0330B+TS0330C,fusion_shape,74,33,11,11,0.9380165289256197,0.9049029253574709,0.9090909090909091,0.9318181818181819
TS0330F,2,7,TS0330B+TS0330D,temperature,73,33,15,11,1.0,1.0,0.9523809523809523,0.9545454545454546
TS0330F,2,7,TS0330B+TS0330D,pressure_absolute,73,33,15,11,1.0,1.0,0.625,0.7272727272727273
TS0330F,2,7,TS0330B+TS0330D,pressure_shape,73,33,15,11,0.9256198347107438,0.854750678614315,0.782608695652174,0.8409090909090909
TS0330F,2,7,TS0330B+TS0330D,fusion_absolute,73,33,15,11,1.0,1.0,0.9,0.9090909090909092
TS0330F,2,7,TS0330B+TS0330D,fusion_shape,73,33,15,11,1.0,1.0,0.9523809523809523,0.9545454545454546
TS0330F,2,8,TS0330B+TS0330E,temperature,80,33,24,11,1.0,1.0,0.9523809523809523,0.9545454545454546
TS0330F,2,8,TS0330B+TS0330E,pressure_absolute,80,33,24,11,0.8140495867768596,0.749179756343788,0.5833333333333334,0.6818181818181819
TS0330F,2,8,TS0330B+TS0330E,pressure_shape,80,33,24,11,0.9628099173553719,0.8845566050111505,0.9565217391304348,0.9772727272727273
TS0330F,2,8,TS0330B+TS0330E,fusion_absolute,80,33,24,11,1.0,1.0,0.9166666666666666,0.9545454545454546
TS0330F,2,8,TS0330B+TS0330E,fusion_shape,80,33,24,11,0.9793388429752067,0.9536042240587695,0.9565217391304348,0.9772727272727273
TS0330F,2,9,TS0330B+TS0330G,temperature,72,33,15,11,1.0,1.0,1.0,1.0
TS0330F,2,9,TS0330B+TS0330G,pressure_absolute,72,33,15,11,0.5702479338842975,0.6424457207694622,0.4117647058823529,0.45454545454545453
TS0330F,2,9,TS0330B+TS0330G,pressure_shape,72,33,15,11,0.5743801652892562,0.38946167468894743,0.11764705882352941,0.4318181818181818
TS0330F,2,9,TS0330B+TS0330G,fusion_absolute,72,33,15,11,0.8925619834710744,0.8333331107395279,0.6666666666666666,0.75
TS0330F,2,9,TS0330B+TS0330G,fusion_shape,72,33,15,11,0.8884297520661156,0.8936868686868688,0.8695652173913043,0.9090909090909091
TS0330F,2,10,TS0330B+TS0330H,temperature,74,33,23,11,1.0,1.0,0.8461538461538461,0.9090909090909092
TS0330F,2,10,TS0330B+TS0330H,pressure_absolute,74,33,23,11,0.78099173553719,0.7262152208792525,0.5116279069767442,0.5227272727272727
TS0330F,2,10,TS0330B+TS0330H,pressure_shape,74,33,23,11,0.7024793388429752,0.5693378591105864,0.47619047619047616,0.6136363636363636
TS0330F,2,10,TS0330B+TS0330H,fusion_absolute,74,33,23,11,0.8636363636363636,0.7862377818260172,0.7333333333333333,0.8181818181818181
TS0330F,2,10,TS0330B+TS0330H,fusion_shape,74,33,23,11,0.8471074380165289,0.7854879968516332,0.75,0.8181818181818182
TS0330F,2,11,TS0330C+TS0330D,temperature,65,33,10,11,1.0,1.0,0.9523809523809523,0.9545454545454546
TS0330F,2,11,TS0330C+TS0330D,pressure_absolute,65,33,10,11,1.0,1.0,0.5,0.5
TS0330F,2,11,TS0330C+TS0330D,pressure_shape,65,33,10,11,0.9462809917355373,0.9170375079465989,0.7777777777777778,0.8181818181818181
TS0330F,2,11,TS0330C+TS0330D,fusion_absolute,65,33,10,11,1.0,1.0,0.8461538461538461,0.9090909090909092
TS0330F,2,11,TS0330C+TS0330D,fusion_shape,65,33,10,11,0.9958677685950413,0.9924242424242425,0.9523809523809523,0.9545454545454546
TS0330F,2,12,TS0330C+TS0330E,temperature,72,33,19,11,1.0,1.0,0.9523809523809523,0.9545454545454546
TS0330F,2,12,TS0330C+TS0330E,pressure_absolute,72,33,19,11,0.9256198347107438,0.8980880230880232,0.6470588235294118,0.7272727272727273
TS0330F,2,12,TS0330C+TS0330E,pressure_shape,72,33,19,11,0.8223140495867769,0.6595035646172009,0.7692307692307693,0.8409090909090908
TS0330F,2,12,TS0330C+TS0330E,fusion_absolute,72,33,19,11,0.9958677685950413,0.9924242424242425,0.7586206896551724,0.8409090909090908
TS0330F,2,12,TS0330C+TS0330E,fusion_shape,72,33,19,11,0.9297520661157025,0.7810212514757969,0.8333333333333334,0.8863636363636364
TS0330F,2,13,TS0330C+TS0330G,temperature,64,33,10,11,1.0,1.0,1.0,1.0
TS0330F,2,13,TS0330C+TS0330G,pressure_absolute,64,33,10,11,0.9545454545454546,0.9328495034377388,0.6470588235294118,0.7272727272727273
TS0330F,2,13,TS0330C+TS0330G,pressure_shape,64,33,10,11,0.7314049586776858,0.6805928966427137,0.5333333333333333,0.6818181818181819
TS0330F,2,13,TS0330C+TS0330G,fusion_absolute,64,33,10,11,1.0,1.0,0.9166666666666666,0.9545454545454546
TS0330F,2,13,TS0330C+TS0330G,fusion_shape,64,33,10,11,0.9297520661157024,0.8715695920241374,0.8695652173913043,0.9090909090909091
TS0330F,2,14,TS0330C+TS0330H,temperature,66,33,18,11,1.0,1.0,0.8461538461538461,0.9090909090909092
TS0330F,2,14,TS0330C+TS0330H,pressure_absolute,66,33,18,11,1.0,1.0,0.5641025641025641,0.6136363636363636
TS0330F,2,14,TS0330C+TS0330H,pressure_shape,66,33,18,11,0.7768595041322313,0.6133673543362539,0.26666666666666666,0.5454545454545454
TS0330F,2,14,TS0330C+TS0330H,fusion_absolute,66,33,18,11,1.0,1.0,0.9166666666666666,0.9545454545454546
TS0330F,2,14,TS0330C+TS0330H,fusion_shape,66,33,18,11,0.8636363636363636,0.7171863709413117,0.7692307692307693,0.8409090909090908
TS0330F,2,15,TS0330D+TS0330E,temperature,71,33,23,11,1.0,1.0,1.0,1.0
TS0330F,2,15,TS0330D+TS0330E,pressure_absolute,71,33,23,11,1.0,1.0,0.7857142857142857,0.8636363636363636
TS0330F,2,15,TS0330D+TS0330E,pressure_shape,71,33,23,11,0.9421487603305785,0.9178899383444838,0.8,0.8409090909090909
TS0330F,2,15,TS0330D+TS0330E,fusion_absolute,71,33,23,11,1.0,1.0,0.8461538461538461,0.9090909090909092
TS0330F,2,15,TS0330D+TS0330E,fusion_shape,71,33,23,11,1.0,1.0,1.0,1.0
TS0330F,2,16,TS0330D+TS0330G,temperature,63,33,14,11,1.0,1.0,0.9565217391304348,0.9772727272727273
TS0330F,2,16,TS0330D+TS0330G,pressure_absolute,63,33,14,11,1.0,1.0,0.9565217391304348,0.9772727272727273
TS0330F,2,16,TS0330D+TS0330G,pressure_shape,63,33,14,11,0.871900826446281,0.8482004253056884,0.64,0.7272727272727273
TS0330F,2,16,TS0330D+TS0330G,fusion_absolute,63,33,14,11,1.0,1.0,1.0,1.0
TS0330F,2,16,TS0330D+TS0330G,fusion_shape,63,33,14,11,0.9958677685950413,0.9924242424242425,0.9565217391304348,0.9772727272727273
TS0330F,2,17,TS0330D+TS0330H,temperature,65,33,22,11,1.0,1.0,0.88,0.9318181818181819
TS0330F,2,17,TS0330D+TS0330H,pressure_absolute,65,33,22,11,1.0,1.0,0.6111111111111112,0.6818181818181819
TS0330F,2,17,TS0330D+TS0330H,pressure_shape,65,33,22,11,0.9008264462809917,0.8567967605517013,0.7692307692307693,0.8409090909090908
TS0330F,2,17,TS0330D+TS0330H,fusion_absolute,65,33,22,11,1.0,1.0,0.9166666666666666,0.9545454545454546
TS0330F,2,17,TS0330D+TS0330H,fusion_shape,65,33,22,11,0.9917355371900827,0.9841597796143252,0.9166666666666666,0.9545454545454546
TS0330F,2,18,TS0330E+TS0330G,temperature,70,33,23,11,1.0,1.0,0.9565217391304348,0.9772727272727273
TS0330F,2,18,TS0330E+TS0330G,pressure_absolute,70,33,23,11,0.5330578512396694,0.6279245824301926,0.41379310344827586,0.5
TS0330F,2,18,TS0330E+TS0330G,pressure_shape,70,33,23,11,0.5454545454545454,0.4353405039622049,0.2857142857142857,0.47727272727272724
TS0330F,2,18,TS0330E+TS0330G,fusion_absolute,70,33,23,11,1.0,1.0,0.9565217391304348,0.9772727272727273
TS0330F,2,18,TS0330E+TS0330G,fusion_shape,70,33,23,11,0.9834710743801653,0.9649678604224059,0.88,0.9318181818181819
TS0330F,2,19,TS0330E+TS0330H,temperature,72,33,31,11,1.0,1.0,0.8461538461538461,0.9090909090909092
TS0330F,2,19,TS0330E+TS0330H,pressure_absolute,72,33,31,11,0.8471074380165289,0.7809620934620934,0.6451612903225806,0.7272727272727273
TS0330F,2,19,TS0330E+TS0330H,pressure_shape,72,33,31,11,0.8388429752066116,0.7488750284802917,0.5,0.6590909090909092
TS0330F,2,19,TS0330E+TS0330H,fusion_absolute,72,33,31,11,1.0,1.0,0.9166666666666666,0.9545454545454546
TS0330F,2,19,TS0330E+TS0330H,fusion_shape,72,33,31,11,0.9297520661157025,0.8638675651833546,0.8333333333333334,0.8863636363636364
TS0330F,2,20,TS0330G+TS0330H,temperature,64,33,22,11,1.0,1.0,0.88,0.9318181818181819
TS0330F,2,20,TS0330G+TS0330H,pressure_absolute,64,33,22,11,0.5082644628099173,0.6222001719081808,0.35,0.3181818181818182
TS0330F,2,20,TS0330G+TS0330H,pressure_shape,64,33,22,11,0.44214876033057854,0.31914005053957206,0.0,0.45454545454545453
TS0330F,2,20,TS0330G+TS0330H,fusion_absolute,64,33,22,11,0.8801652892561984,0.8293495505182812,0.16666666666666666,0.5454545454545454
TS0330F,2,20,TS0330G+TS0330H,fusion_shape,64,33,22,11,0.9421487603305785,0.8819004228095138,0.8148148148148148,0.8863636363636364
TS0330F,4,0,TS0330A+TS0330B+TS0330C+TS0330D,temperature,147,33,29,11,1.0,1.0,0.9,0.9090909090909092
TS0330F,4,0,TS0330A+TS0330B+TS0330C+TS0330D,pressure_absolute,147,33,29,11,1.0,1.0,1.0,1.0
TS0330F,4,0,TS0330A+TS0330B+TS0330C+TS0330D,pressure_shape,147,33,29,11,0.9256198347107437,0.8713064713064713,0.625,0.7272727272727273
TS0330F,4,0,TS0330A+TS0330B+TS0330C+TS0330D,fusion_absolute,147,33,29,11,1.0,1.0,0.625,0.7272727272727273
TS0330F,4,0,TS0330A+TS0330B+TS0330C+TS0330D,fusion_shape,147,33,29,11,0.987603305785124,0.975068870523416,0.8421052631578947,0.8636363636363636
TS0330F,4,1,TS0330A+TS0330B+TS0330C+TS0330E,temperature,154,33,38,11,1.0,1.0,0.9,0.9090909090909092
TS0330F,4,1,TS0330A+TS0330B+TS0330C+TS0330E,pressure_absolute,154,33,38,11,0.8760330578512396,0.8448165869218501,0.6666666666666666,0.75
TS0330F,4,1,TS0330A+TS0330B+TS0330C+TS0330E,pressure_shape,154,33,38,11,0.9008264462809917,0.7654656959202413,0.7368421052631579,0.7954545454545454
TS0330F,4,1,TS0330A+TS0330B+TS0330C+TS0330E,fusion_absolute,154,33,38,11,1.0,1.0,0.9166666666666666,0.9545454545454546
TS0330F,4,1,TS0330A+TS0330B+TS0330C+TS0330E,fusion_shape,154,33,38,11,0.9545454545454546,0.9161074071501879,0.9090909090909091,0.9318181818181819
TS0330F,4,2,TS0330A+TS0330B+TS0330C+TS0330G,temperature,146,33,29,11,1.0,1.0,0.9523809523809523,0.9545454545454546
TS0330F,4,2,TS0330A+TS0330B+TS0330C+TS0330G,pressure_absolute,146,33,29,11,0.9090909090909091,0.887987012987013,0.72,0.7954545454545454
TS0330F,4,2,TS0330A+TS0330B+TS0330C+TS0330G,pressure_shape,146,33,29,11,0.7231404958677685,0.6516998996875158,0.47058823529411764,0.6363636363636364
TS0330F,4,2,TS0330A+TS0330B+TS0330C+TS0330G,fusion_absolute,146,33,29,11,1.0,1.0,0.9565217391304348,0.9772727272727273
TS0330F,4,2,TS0330A+TS0330B+TS0330C+TS0330G,fusion_shape,146,33,29,11,0.9297520661157024,0.9007621386079884,0.8571428571428571,0.8863636363636365
TS0330F,4,3,TS0330A+TS0330B+TS0330C+TS0330H,temperature,148,33,37,11,1.0,1.0,0.9166666666666666,0.9545454545454546
TS0330F,4,3,TS0330A+TS0330B+TS0330C+TS0330H,pressure_absolute,148,33,37,11,0.8512396694214877,0.8180052045141559,0.5789473684210527,0.6363636363636364
TS0330F,4,3,TS0330A+TS0330B+TS0330C+TS0330H,pressure_shape,148,33,37,11,0.7809917355371901,0.7514894854815805,0.6,0.7045454545454546
TS0330F,4,3,TS0330A+TS0330B+TS0330C+TS0330H,fusion_absolute,148,33,37,11,0.9917355371900827,0.9841597796143252,0.8461538461538461,0.9090909090909092
TS0330F,4,3,TS0330A+TS0330B+TS0330C+TS0330H,fusion_shape,148,33,37,11,0.8636363636363635,0.8113737272828182,0.782608695652174,0.8409090909090909
TS0330F,4,4,TS0330A+TS0330B+TS0330D+TS0330E,temperature,153,33,42,11,1.0,1.0,0.9523809523809523,0.9545454545454546
TS0330F,4,4,TS0330A+TS0330B+TS0330D+TS0330E,pressure_absolute,153,33,42,11,0.9917355371900827,0.9841597796143252,0.8148148148148148,0.8863636363636364
TS0330F,4,4,TS0330A+TS0330B+TS0330D+TS0330E,pressure_shape,153,33,42,11,0.9793388429752067,0.9536042240587695,0.6666666666666666,0.75
TS0330F,4,4,TS0330A+TS0330B+TS0330D+TS0330E,fusion_absolute,153,33,42,11,1.0,1.0,0.9565217391304348,0.9772727272727273
TS0330F,4,4,TS0330A+TS0330B+TS0330D+TS0330E,fusion_shape,153,33,42,11,0.9958677685950413,0.9924242424242425,0.9523809523809523,0.9545454545454546
TS0330F,4,5,TS0330A+TS0330B+TS0330D+TS0330G,temperature,145,33,33,11,1.0,1.0,1.0,1.0
TS0330F,4,5,TS0330A+TS0330B+TS0330D+TS0330G,pressure_absolute,145,33,33,11,1.0,1.0,0.8148148148148148,0.8863636363636364
TS0330F,4,5,TS0330A+TS0330B+TS0330D+TS0330G,pressure_shape,145,33,33,11,0.9173553719008264,0.8600690975690976,0.631578947368421,0.7272727272727273
TS0330F,4,5,TS0330A+TS0330B+TS0330D+TS0330G,fusion_absolute,145,33,33,11,1.0,1.0,0.9523809523809523,0.9545454545454546
TS0330F,4,5,TS0330A+TS0330B+TS0330D+TS0330G,fusion_shape,145,33,33,11,0.9958677685950413,0.9924242424242425,0.9523809523809523,0.9545454545454546
TS0330F,4,6,TS0330A+TS0330B+TS0330D+TS0330H,temperature,147,33,41,11,1.0,1.0,0.9166666666666666,0.9545454545454546
TS0330F,4,6,TS0330A+TS0330B+TS0330D+TS0330H,pressure_absolute,147,33,41,11,0.9917355371900827,0.9860139860139859,0.5641025641025641,0.6136363636363636
TS0330F,4,6,TS0330A+TS0330B+TS0330D+TS0330H,pressure_shape,147,33,41,11,0.9504132231404958,0.9177836052836053,0.7777777777777778,0.8181818181818181
TS0330F,4,6,TS0330A+TS0330B+TS0330D+TS0330H,fusion_absolute,147,33,41,11,1.0,1.0,0.9166666666666666,0.9545454545454546
TS0330F,4,6,TS0330A+TS0330B+TS0330D+TS0330H,fusion_shape,147,33,41,11,1.0,1.0,0.9166666666666666,0.9545454545454546
TS0330F,4,7,TS0330A+TS0330B+TS0330E+TS0330G,temperature,152,33,42,11,1.0,1.0,1.0,1.0
TS0330F,4,7,TS0330A+TS0330B+TS0330E+TS0330G,pressure_absolute,152,33,42,11,0.8884297520661157,0.8537878787878788,0.6923076923076923,0.7727272727272727
TS0330F,4,7,TS0330A+TS0330B+TS0330E+TS0330G,pressure_shape,152,33,42,11,0.8801652892561983,0.8164502164502164,0.6666666666666666,0.75
TS0330F,4,7,TS0330A+TS0330B+TS0330E+TS0330G,fusion_absolute,152,33,42,11,1.0,1.0,0.9166666666666666,0.9545454545454546
TS0330F,4,7,TS0330A+TS0330B+TS0330E+TS0330G,fusion_shape,152,33,42,11,0.9669421487603306,0.9287124491669946,0.9090909090909091,0.9318181818181819
TS0330F,4,8,TS0330A+TS0330B+TS0330E+TS0330H,temperature,154,33,50,11,1.0,1.0,0.9166666666666666,0.9545454545454546
TS0330F,4,8,TS0330A+TS0330B+TS0330E+TS0330H,pressure_absolute,154,33,50,11,0.859504132231405,0.8269198193111237,0.6285714285714286,0.7045454545454546
TS0330F,4,8,TS0330A+TS0330B+TS0330E+TS0330H,pressure_shape,154,33,50,11,0.9586776859504132,0.8542535747081202,0.6666666666666666,0.75
TS0330F,4,8,TS0330A+TS0330B+TS0330E+TS0330H,fusion_absolute,154,33,50,11,1.0,1.0,0.88,0.9318181818181819
TS0330F,4,8,TS0330A+TS0330B+TS0330E+TS0330H,fusion_shape,154,33,50,11,0.9421487603305785,0.8600468010895819,0.8333333333333334,0.8863636363636364
TS0330F,4,9,TS0330A+TS0330B+TS0330G+TS0330H,temperature,146,33,41,11,1.0,1.0,0.9166666666666666,0.9545454545454546
TS0330F,4,9,TS0330A+TS0330B+TS0330G+TS0330H,pressure_absolute,146,33,41,11,0.8512396694214877,0.8185859548088651,0.5945945945945946,0.6590909090909091
TS0330F,4,9,TS0330A+TS0330B+TS0330G+TS0330H,pressure_shape,146,33,41,11,0.6900826446280993,0.5379884411775907,0.5263157894736842,0.6590909090909091
TS0330F,4,9,TS0330A+TS0330B+TS0330G+TS0330H,fusion_absolute,146,33,41,11,1.0,1.0,0.88,0.9318181818181819
TS0330F,4,9,TS0330A+TS0330B+TS0330G+TS0330H,fusion_shape,146,33,41,11,0.8760330578512396,0.8698773448773448,0.782608695652174,0.8409090909090909
TS0330F,4,10,TS0330A+TS0330C+TS0330D+TS0330E,temperature,145,33,37,11,1.0,1.0,0.9523809523809523,0.9545454545454546
TS0330F,4,10,TS0330A+TS0330C+TS0330D+TS0330E,pressure_absolute,145,33,37,11,0.9917355371900827,0.9860139860139859,0.8148148148148148,0.8863636363636364
TS0330F,4,10,TS0330A+TS0330C+TS0330D+TS0330E,pressure_shape,145,33,37,11,0.9710743801652892,0.9403069153069153,0.7368421052631579,0.7954545454545454
TS0330F,4,10,TS0330A+TS0330C+TS0330D+TS0330E,fusion_absolute,145,33,37,11,1.0,1.0,0.9565217391304348,0.9772727272727273
TS0330F,4,10,TS0330A+TS0330C+TS0330D+TS0330E,fusion_shape,145,33,37,11,0.9834710743801653,0.9649678604224059,0.9090909090909091,0.9318181818181819
TS0330F,4,11,TS0330A+TS0330C+TS0330D+TS0330G,temperature,137,33,28,11,1.0,1.0,1.0,1.0
TS0330F,4,11,TS0330A+TS0330C+TS0330D+TS0330G,pressure_absolute,137,33,28,11,1.0,1.0,0.9166666666666666,0.9545454545454546
TS0330F,4,11,TS0330A+TS0330C+TS0330D+TS0330G,pressure_shape,137,33,28,11,0.9256198347107438,0.8771588260224624,0.7058823529411765,0.7727272727272727
TS0330F,4,11,TS0330A+TS0330C+TS0330D+TS0330G,fusion_absolute,137,33,28,11,1.0,1.0,0.9,0.9090909090909092
TS0330F,4,11,TS0330A+TS0330C+TS0330D+TS0330G,fusion_shape,137,33,28,11,0.987603305785124,0.975068870523416,0.8571428571428571,0.8863636363636365
TS0330F,4,12,TS0330A+TS0330C+TS0330D+TS0330H,temperature,139,33,36,11,1.0,1.0,0.9565217391304348,0.9772727272727273
TS0330F,4,12,TS0330A+TS0330C+TS0330D+TS0330H,pressure_absolute,139,33,36,11,0.987603305785124,0.9805194805194805,0.5945945945945946,0.6590909090909091
TS0330F,4,12,TS0330A+TS0330C+TS0330D+TS0330H,pressure_shape,139,33,36,11,0.9586776859504132,0.9192935852026762,0.625,0.7272727272727273
TS0330F,4,12,TS0330A+TS0330C+TS0330D+TS0330H,fusion_absolute,139,33,36,11,1.0,1.0,0.9523809523809523,0.9545454545454546
TS0330F,4,12,TS0330A+TS0330C+TS0330D+TS0330H,fusion_shape,139,33,36,11,0.9834710743801652,0.9686586141131596,0.9166666666666666,0.9545454545454546
TS0330F,4,13,TS0330A+TS0330C+TS0330E+TS0330G,temperature,144,33,37,11,1.0,1.0,1.0,1.0
TS0330F,4,13,TS0330A+TS0330C+TS0330E+TS0330G,pressure_absolute,144,33,37,11,0.9338842975206612,0.9058515014397367,0.72,0.7954545454545454
TS0330F,4,13,TS0330A+TS0330C+TS0330E+TS0330G,pressure_shape,144,33,37,11,0.793388429752066,0.6498182820763466,0.4,0.6136363636363636
TS0330F,4,13,TS0330A+TS0330C+TS0330E+TS0330G,fusion_absolute,144,33,37,11,1.0,1.0,0.9166666666666666,0.9545454545454546
TS0330F,4,13,TS0330A+TS0330C+TS0330E+TS0330G,fusion_shape,144,33,37,11,0.9462809917355371,0.8827740738168546,0.8695652173913043,0.9090909090909091
TS0330F,4,14,TS0330A+TS0330C+TS0330E+TS0330H,temperature,146,33,45,11,1.0,1.0,0.9166666666666666,0.9545454545454546
TS0330F,4,14,TS0330A+TS0330C+TS0330E+TS0330H,pressure_absolute,146,33,45,11,0.8966942148760331,0.8811188811188811,0.6470588235294118,0.7272727272727273
TS0330F,4,14,TS0330A+TS0330C+TS0330E+TS0330H,pressure_shape,146,33,45,11,0.8512396694214877,0.7196439293030201,0.5882352941176471,0.7045454545454546
TS0330F,4,14,TS0330A+TS0330C+TS0330E+TS0330H,fusion_absolute,146,33,45,11,1.0,1.0,0.88,0.9318181818181819
TS0330F,4,14,TS0330A+TS0330C+TS0330E+TS0330H,fusion_shape,146,33,45,11,0.9008264462809917,0.7562293986207029,0.8333333333333334,0.8863636363636364
TS0330F,4,15,TS0330A+TS0330C+TS0330G+TS0330H,temperature,138,33,36,11,1.0,1.0,0.9166666666666666,0.9545454545454546
TS0330F,4,15,TS0330A+TS0330C+TS0330G+TS0330H,pressure_absolute,138,33,36,11,0.8925619834710744,0.8766233766233767,0.6470588235294118,0.7272727272727273
TS0330F,4,15,TS0330A+TS0330C+TS0330G+TS0330H,pressure_shape,138,33,36,11,0.7644628099173554,0.7338240463240463,0.42857142857142855,0.6363636363636364
TS0330F,4,15,TS0330A+TS0330C+TS0330G+TS0330H,fusion_absolute,138,33,36,11,1.0,1.0,0.9166666666666666,0.9545454545454546
TS0330F,4,15,TS0330A+TS0330C+TS0330G+TS0330H,fusion_shape,138,33,36,11,0.8636363636363635,0.8138167388167389,0.782608695652174,0.8409090909090909
TS0330F,4,16,TS0330A+TS0330D+TS0330E+TS0330G,temperature,143,33,41,11,1.0,1.0,1.0,1.0
TS0330F,4,16,TS0330A+TS0330D+TS0330E+TS0330G,pressure_absolute,143,33,41,11,0.9958677685950413,0.9924242424242425,0.8148148148148148,0.8863636363636364
TS0330F,4,16,TS0330A+TS0330D+TS0330E+TS0330G,pressure_shape,143,33,41,11,0.9545454545454546,0.9258264462809918,0.7058823529411765,0.7727272727272727
TS0330F,4,16,TS0330A+TS0330D+TS0330E+TS0330G,fusion_absolute,143,33,41,11,1.0,1.0,0.9523809523809523,0.9545454545454546
TS0330F,4,16,TS0330A+TS0330D+TS0330E+TS0330G,fusion_shape,143,33,41,11,1.0,1.0,1.0,1.0
TS0330F,4,17,TS0330A+TS0330D+TS0330E+TS0330H,temperature,145,33,49,11,1.0,1.0,0.9166666666666666,0.9545454545454546
TS0330F,4,17,TS0330A+TS0330D+TS0330E+TS0330H,pressure_absolute,145,33,49,11,0.9793388429752066,0.9715909090909091,0.6285714285714286,0.7045454545454546
TS0330F,4,17,TS0330A+TS0330D+TS0330E+TS0330H,pressure_shape,145,33,49,11,0.9669421487603306,0.9328688987779897,0.7368421052631579,0.7954545454545454
TS0330F,4,17,TS0330A+TS0330D+TS0330E+TS0330H,fusion_absolute,145,33,49,11,1.0,1.0,0.9565217391304348,0.9772727272727273
TS0330F,4,17,TS0330A+TS0330D+TS0330E+TS0330H,fusion_shape,145,33,49,11,1.0,1.0,0.9166666666666666,0.9545454545454546
TS0330F,4,18,TS0330A+TS0330D+TS0330G+TS0330H,temperature,137,33,40,11,1.0,1.0,0.9166666666666666,0.9545454545454546
TS0330F,4,18,TS0330A+TS0330D+TS0330G+TS0330H,pressure_absolute,137,33,40,11,0.9958677685950413,0.9924242424242425,0.6470588235294118,0.7272727272727273
TS0330F,4,18,TS0330A+TS0330D+TS0330G+TS0330H,pressure_shape,137,33,40,11,0.9669421487603305,0.9414141414141415,0.7058823529411765,0.7727272727272727
TS0330F,4,18,TS0330A+TS0330D+TS0330G+TS0330H,fusion_absolute,137,33,40,11,1.0,1.0,1.0,1.0
TS0330F,4,18,TS0330A+TS0330D+TS0330G+TS0330H,fusion_shape,137,33,40,11,1.0,1.0,0.9166666666666666,0.9545454545454546
TS0330F,4,19,TS0330A+TS0330E+TS0330G+TS0330H,temperature,144,33,49,11,1.0,1.0,0.9166666666666666,0.9545454545454546
TS0330F,4,19,TS0330A+TS0330E+TS0330G+TS0330H,pressure_absolute,144,33,49,11,0.8719008264462811,0.83495670995671,0.625,0.7045454545454546
TS0330F,4,19,TS0330A+TS0330E+TS0330G+TS0330H,pressure_shape,144,33,49,11,0.9049586776859504,0.7448264154146507,0.15384615384615385,0.5227272727272727
TS0330F,4,19,TS0330A+TS0330E+TS0330G+TS0330H,fusion_absolute,144,33,49,11,1.0,1.0,0.9166666666666666,0.9545454545454546
TS0330F,4,19,TS0330A+TS0330E+TS0330G+TS0330H,fusion_shape,144,33,49,11,0.9421487603305786,0.9001248751248752,0.8333333333333334,0.8863636363636364
TS0330F,4,20,TS0330B+TS0330C+TS0330D+TS0330E,temperature,145,33,34,11,1.0,1.0,0.9,0.9090909090909092
TS0330F,4,20,TS0330B+TS0330C+TS0330D+TS0330E,pressure_absolute,145,33,34,11,0.9917355371900827,0.9860139860139859,0.8148148148148148,0.8863636363636364
TS0330F,4,20,TS0330B+TS0330C+TS0330D+TS0330E,pressure_shape,145,33,34,11,0.9793388429752067,0.9536042240587695,0.8571428571428571,0.8863636363636365
TS0330F,4,20,TS0330B+TS0330C+TS0330D+TS0330E,fusion_absolute,145,33,34,11,1.0,1.0,0.9166666666666666,0.9545454545454546
TS0330F,4,20,TS0330B+TS0330C+TS0330D+TS0330E,fusion_shape,145,33,34,11,0.9958677685950413,0.9924242424242425,0.9565217391304348,0.9772727272727273
TS0330F,4,21,TS0330B+TS0330C+TS0330D+TS0330G,temperature,137,33,25,11,1.0,1.0,0.9523809523809523,0.9545454545454546
TS0330F,4,21,TS0330B+TS0330C+TS0330D+TS0330G,pressure_absolute,137,33,25,11,1.0,1.0,0.7586206896551724,0.8409090909090908
TS0330F,4,21,TS0330B+TS0330C+TS0330D+TS0330G,pressure_shape,137,33,25,11,0.9132231404958677,0.8390084959603678,0.6,0.7045454545454546
TS0330F,4,21,TS0330B+TS0330C+TS0330D+TS0330G,fusion_absolute,137,33,25,11,1.0,1.0,0.9565217391304348,0.9772727272727273
TS0330F,4,21,TS0330B+TS0330C+TS0330D+TS0330G,fusion_shape,137,33,25,11,0.9958677685950413,0.9924242424242425,0.9565217391304348,0.9772727272727273
TS0330F,4,22,TS0330B+TS0330C+TS0330D+TS0330H,temperature,139,33,33,11,1.0,1.0,0.9166666666666666,0.9545454545454546
TS0330F,4,22,TS0330B+TS0330C+TS0330D+TS0330H,pressure_absolute,139,33,33,11,1.0,1.0,0.5641025641025641,0.6136363636363636
TS0330F,4,22,TS0330B+TS0330C+TS0330D+TS0330H,pressure_shape,139,33,33,11,0.9297520661157025,0.9013559969442323,0.8,0.8409090909090909
TS0330F,4,22,TS0330B+TS0330C+TS0330D+TS0330H,fusion_absolute,139,33,33,11,1.0,1.0,0.9166666666666666,0.9545454545454546
TS0330F,4,22,TS0330B+TS0330C+TS0330D+TS0330H,fusion_shape,139,33,33,11,1.0,1.0,0.88,0.9318181818181819
TS0330F,4,23,TS0330B+TS0330C+TS0330E+TS0330G,temperature,144,33,34,11,1.0,1.0,0.9523809523809523,0.9545454545454546
TS0330F,4,23,TS0330B+TS0330C+TS0330E+TS0330G,pressure_absolute,144,33,34,11,0.8388429752066116,0.7879294947476766,0.6428571428571429,0.7272727272727273
TS0330F,4,23,TS0330B+TS0330C+TS0330E+TS0330G,pressure_shape,144,33,34,11,0.8760330578512396,0.7973024747088918,0.6666666666666666,0.75
TS0330F,4,23,TS0330B+TS0330C+TS0330E+TS0330G,fusion_absolute,144,33,34,11,1.0,1.0,0.9166666666666666,0.9545454545454546
TS0330F,4,23,TS0330B+TS0330C+TS0330E+TS0330G,fusion_shape,144,33,34,11,0.9380165289256198,0.8297437707865515,0.8695652173913043,0.9090909090909091
TS0330F,4,24,TS0330B+TS0330C+TS0330E+TS0330H,temperature,146,33,42,11,1.0,1.0,0.9166666666666666,0.9545454545454546
TS0330F,4,24,TS0330B+TS0330C+TS0330E+TS0330H,pressure_absolute,146,33,42,11,0.8553719008264463,0.8171561771561772,0.5945945945945946,0.6590909090909091
TS0330F,4,24,TS0330B+TS0330C+TS0330E+TS0330H,pressure_shape,146,33,42,11,0.9380165289256198,0.8297437707865515,0.8,0.8409090909090909
TS0330F,4,24,TS0330B+TS0330C+TS0330E+TS0330H,fusion_absolute,146,33,42,11,1.0,1.0,0.88,0.9318181818181819
TS0330F,4,24,TS0330B+TS0330C+TS0330E+TS0330H,fusion_shape,146,33,42,11,0.9380165289256198,0.8297437707865515,0.8333333333333334,0.8863636363636364
TS0330F,4,25,TS0330B+TS0330C+TS0330G+TS0330H,temperature,138,33,33,11,1.0,1.0,0.9166666666666666,0.9545454545454546
TS0330F,4,25,TS0330B+TS0330C+TS0330G+TS0330H,pressure_absolute,138,33,33,11,0.6942148760330578,0.6529150983696438,0.5789473684210527,0.6363636363636364
TS0330F,4,25,TS0330B+TS0330C+TS0330G+TS0330H,pressure_shape,138,33,33,11,0.7024793388429753,0.5099025974025974,0.4444444444444444,0.6136363636363636
TS0330F,4,25,TS0330B+TS0330C+TS0330G+TS0330H,fusion_absolute,138,33,33,11,0.9380165289256198,0.8847470711107075,0.8461538461538461,0.9090909090909092
TS0330F,4,25,TS0330B+TS0330C+TS0330G+TS0330H,fusion_shape,138,33,33,11,0.9049586776859504,0.8016839440752485,0.8,0.8636363636363636
TS0330F,4,26,TS0330B+TS0330D+TS0330E+TS0330G,temperature,143,33,38,11,1.0,1.0,0.9523809523809523,0.9545454545454546
TS0330F,4,26,TS0330B+TS0330D+TS0330E+TS0330G,pressure_absolute,143,33,38,11,0.9958677685950413,0.9924242424242425,0.7857142857142857,0.8636363636363636
TS0330F,4,26,TS0330B+TS0330D+TS0330E+TS0330G,pressure_shape,143,33,38,11,0.987603305785124,0.9805194805194805,0.7058823529411765,0.7727272727272727
TS0330F,4,26,TS0330B+TS0330D+TS0330E+TS0330G,fusion_absolute,143,33,38,11,1.0,1.0,0.9565217391304348,0.9772727272727273
TS0330F,4,26,TS0330B+TS0330D+TS0330E+TS0330G,fusion_shape,143,33,38,11,1.0,1.0,0.9565217391304348,0.9772727272727273
TS0330F,4,27,TS0330B+TS0330D+TS0330E+TS0330H,temperature,145,33,46,11,1.0,1.0,0.9166666666666666,0.9545454545454546
TS0330F,4,27,TS0330B+TS0330D+TS0330E+TS0330H,pressure_absolute,145,33,46,11,0.9876033057851239,0.9777495232040686,0.6285714285714286,0.7045454545454546
TS0330F,4,27,TS0330B+TS0330D+TS0330E+TS0330H,pressure_shape,145,33,46,11,0.9793388429752067,0.9536042240587695,0.9090909090909091,0.9318181818181819
TS0330F,4,27,TS0330B+TS0330D+TS0330E+TS0330H,fusion_absolute,145,33,46,11,1.0,1.0,0.9166666666666666,0.9545454545454546
TS0330F,4,27,TS0330B+TS0330D+TS0330E+TS0330H,fusion_shape,145,33,46,11,1.0,1.0,0.88,0.9318181818181819
TS0330F,4,28,TS0330B+TS0330D+TS0330G+TS0330H,temperature,137,33,37,11,1.0,1.0,0.9166666666666666,0.9545454545454546
TS0330F,4,28,TS0330B+TS0330D+TS0330G+TS0330H,pressure_absolute,137,33,37,11,0.9917355371900827,0.9860139860139859,0.5945945945945946,0.6590909090909091
TS0330F,4,28,TS0330B+TS0330D+TS0330G+TS0330H,pressure_shape,137,33,37,11,0.9504132231404958,0.9189869473960384,0.782608695652174,0.8409090909090909
TS0330F,4,28,TS0330B+TS0330D+TS0330G+TS0330H,fusion_absolute,137,33,37,11,1.0,1.0,0.9166666666666666,0.9545454545454546
TS0330F,4,28,TS0330B+TS0330D+TS0330G+TS0330H,fusion_shape,137,33,37,11,1.0,1.0,0.88,0.9318181818181819
TS0330F,4,29,TS0330B+TS0330E+TS0330G+TS0330H,temperature,144,33,46,11,1.0,1.0,0.9166666666666666,0.9545454545454546
TS0330F,4,29,TS0330B+TS0330E+TS0330G+TS0330H,pressure_absolute,144,33,46,11,0.6694214876033058,0.6690466940466939,0.5,0.5681818181818182
TS0330F,4,29,TS0330B+TS0330E+TS0330G+TS0330H,pressure_shape,144,33,46,11,0.9628099173553719,0.8845566050111505,0.7368421052631579,0.7954545454545454
TS0330F,4,29,TS0330B+TS0330E+TS0330G+TS0330H,fusion_absolute,144,33,46,11,0.9669421487603306,0.9328688987779897,0.8461538461538461,0.9090909090909092
TS0330F,4,29,TS0330B+TS0330E+TS0330G+TS0330H,fusion_shape,144,33,46,11,0.9545454545454546,0.8726518431063887,0.88,0.9318181818181819
TS0330F,4,30,TS0330C+TS0330D+TS0330E+TS0330G,temperature,135,33,33,11,1.0,1.0,1.0,1.0
TS0330F,4,30,TS0330C+TS0330D+TS0330E+TS0330G,pressure_absolute,135,33,33,11,1.0,1.0,0.7857142857142857,0.8636363636363636
TS0330F,4,30,TS0330C+TS0330D+TS0330E+TS0330G,pressure_shape,135,33,33,11,0.9586776859504131,0.9290944201372009,0.7058823529411765,0.7727272727272727
TS0330F,4,30,TS0330C+TS0330D+TS0330E+TS0330G,fusion_absolute,135,33,33,11,1.0,1.0,0.9166666666666666,0.9545454545454546
TS0330F,4,30,TS0330C+TS0330D+TS0330E+TS0330G,fusion_shape,135,33,33,11,0.987603305785124,0.975068870523416,0.9565217391304348,0.9772727272727273
TS0330F,4,31,TS0330C+TS0330D+TS0330E+TS0330H,temperature,137,33,41,11,1.0,1.0,0.9565217391304348,0.9772727272727273
TS0330F,4,31,TS0330C+TS0330D+TS0330E+TS0330H,pressure_absolute,137,33,41,11,1.0,1.0,0.6285714285714286,0.7045454545454546
TS0330F,4,31,TS0330C+TS0330D+TS0330E+TS0330H,pressure_shape,137,33,41,11,0.9586776859504132,0.9192935852026762,0.7368421052631579,0.7954545454545454
TS0330F,4,31,TS0330C+TS0330D+TS0330E+TS0330H,fusion_absolute,137,33,41,11,1.0,1.0,0.88,0.9318181818181819
TS0330F,4,31,TS0330C+TS0330D+TS0330E+TS0330H,fusion_shape,137,33,41,11,0.9958677685950413,0.9924242424242425,0.88,0.9318181818181819
TS0330F,4,32,TS0330C+TS0330D+TS0330G+TS0330H,temperature,129,33,32,11,1.0,1.0,0.9166666666666666,0.9545454545454546
TS0330F,4,32,TS0330C+TS0330D+TS0330G+TS0330H,pressure_absolute,129,33,32,11,1.0,1.0,0.6285714285714286,0.7045454545454546
TS0330F,4,32,TS0330C+TS0330D+TS0330G+TS0330H,pressure_shape,129,33,32,11,0.9628099173553719,0.9306572215663126,0.7058823529411765,0.7727272727272727
TS0330F,4,32,TS0330C+TS0330D+TS0330G+TS0330H,fusion_absolute,129,33,32,11,1.0,1.0,0.9166666666666666,0.9545454545454546
TS0330F,4,32,TS0330C+TS0330D+TS0330G+TS0330H,fusion_shape,129,33,32,11,1.0,1.0,0.88,0.9318181818181819
TS0330F,4,33,TS0330C+TS0330E+TS0330G+TS0330H,temperature,136,33,41,11,1.0,1.0,0.9166666666666666,0.9545454545454546
TS0330F,4,33,TS0330C+TS0330E+TS0330G+TS0330H,pressure_absolute,136,33,41,11,0.7851239669421488,0.7248803827751197,0.6285714285714286,0.7045454545454546
TS0330F,4,33,TS0330C+TS0330E+TS0330G+TS0330H,pressure_shape,136,33,41,11,0.8512396694214877,0.7050052987218762,0.5,0.6590909090909092
TS0330F,4,33,TS0330C+TS0330E+TS0330G+TS0330H,fusion_absolute,136,33,41,11,1.0,1.0,0.88,0.9318181818181819
TS0330F,4,33,TS0330C+TS0330E+TS0330G+TS0330H,fusion_shape,136,33,41,11,0.9256198347107438,0.8137612387612388,0.8333333333333334,0.8863636363636364
TS0330F,4,34,TS0330D+TS0330E+TS0330G+TS0330H,temperature,135,33,45,11,1.0,1.0,0.9166666666666666,0.9545454545454546
TS0330F,4,34,TS0330D+TS0330E+TS0330G+TS0330H,pressure_absolute,135,33,45,11,0.9958677685950413,0.9924242424242425,0.6875,0.7727272727272727
TS0330F,4,34,TS0330D+TS0330E+TS0330G+TS0330H,pressure_shape,135,33,45,11,0.9586776859504131,0.9226124885215795,0.7368421052631579,0.7954545454545454
TS0330F,4,34,TS0330D+TS0330E+TS0330G+TS0330H,fusion_absolute,135,33,45,11,1.0,1.0,0.9166666666666666,0.9545454545454546
TS0330F,4,34,TS0330D+TS0330E+TS0330G+TS0330H,fusion_shape,135,33,45,11,1.0,1.0,0.88,0.9318181818181819
TS0330F,7,0,TS0330A+TS0330B+TS0330C+TS0330D+TS0330E+TS0330G+TS0330H,temperature,250,33,67,11,1.0,1.0,0.9565217391304348,0.9772727272727273
TS0330F,7,0,TS0330A+TS0330B+TS0330C+TS0330D+TS0330E+TS0330G+TS0330H,pressure_absolute,250,33,67,11,0.9586776859504132,0.9412878787878789,0.6666666666666666,0.75
TS0330F,7,0,TS0330A+TS0330B+TS0330C+TS0330D+TS0330E+TS0330G+TS0330H,pressure_shape,250,33,67,11,0.9793388429752067,0.9536042240587695,0.6666666666666666,0.75
TS0330F,7,0,TS0330A+TS0330B+TS0330C+TS0330D+TS0330E+TS0330G+TS0330H,fusion_absolute,250,33,67,11,1.0,1.0,0.9166666666666666,0.9545454545454546
TS0330F,7,0,TS0330A+TS0330B+TS0330C+TS0330D+TS0330E+TS0330G+TS0330H,fusion_shape,250,33,67,11,0.9834710743801652,0.9686586141131596,0.88,0.9318181818181819
TS0330G,2,0,TS0330A+TS0330B,temperature,82,31,19,7,0.7142857142857143,0.7751152073732719,0.7142857142857143,0.8154761904761905
TS0330G,2,0,TS0330A+TS0330B,pressure_absolute,82,31,19,7,0.9345238095238094,0.8955582232893156,0.5833333333333334,0.7916666666666667
TS0330G,2,0,TS0330A+TS0330B,pressure_shape,82,31,19,7,0.7202380952380952,0.5308108558108557,0.5217391304347826,0.7202380952380952
TS0330G,2,0,TS0330A+TS0330B,fusion_absolute,82,31,19,7,0.7738095238095237,0.7894009216589861,0.7272727272727273,0.7857142857142857
TS0330G,2,0,TS0330A+TS0330B,fusion_shape,82,31,19,7,0.7083333333333334,0.7513056835637482,0.7142857142857143,0.8154761904761905
TS0330G,2,1,TS0330A+TS0330C,temperature,74,31,14,7,0.7142857142857143,0.7751152073732719,0.7142857142857143,0.8154761904761905
TS0330G,2,1,TS0330A+TS0330C,pressure_absolute,74,31,14,7,0.9285714285714285,0.8717486994797918,0.75,0.8660714285714286
TS0330G,2,1,TS0330A+TS0330C,pressure_shape,74,31,14,7,0.4285714285714286,0.21674311730961976,0.3333333333333333,0.48214285714285715
TS0330G,2,1,TS0330A+TS0330C,fusion_absolute,74,31,14,7,0.7142857142857143,0.7751152073732719,0.0,0.5
TS0330G,2,1,TS0330A+TS0330C,fusion_shape,74,31,14,7,0.6964285714285715,0.7057274522712311,0.6666666666666666,0.7946428571428572
TS0330G,2,2,TS0330A+TS0330D,temperature,73,31,18,7,0.7142857142857143,0.7751152073732719,0.6666666666666666,0.7946428571428572
TS0330G,2,2,TS0330A+TS0330D,pressure_absolute,73,31,18,7,0.9345238095238095,0.8754251700680271,0.5833333333333334,0.7916666666666667
TS0330G,2,2,TS0330A+TS0330D,pressure_shape,73,31,18,7,0.6845238095238095,0.3840531161959733,0.46153846153846156,0.6577380952380952
TS0330G,2,2,TS0330A+TS0330D,fusion_absolute,73,31,18,7,0.6607142857142857,0.5989247311827957,0.2777777777777778,0.35714285714285715
TS0330G,2,2,TS0330A+TS0330D,fusion_shape,73,31,18,7,0.7023809523809523,0.7342988808426596,0.5263157894736842,0.7113095238095238
TS0330G,2,3,TS0330A+TS0330E,temperature,80,31,27,7,0.7142857142857143,0.7751152073732719,0.6666666666666666,0.7946428571428572
TS0330G,2,3,TS0330A+TS0330E,pressure_absolute,80,31,27,7,0.886904761904762,0.811965811965812,0.5217391304347826,0.7202380952380952
TS0330G,2,3,TS0330A+TS0330E,pressure_shape,80,31,27,7,0.2916666666666667,0.17810428179091775,0.3333333333333333,0.48214285714285715
TS0330G,2,3,TS0330A+TS0330E,fusion_absolute,80,31,27,7,0.7142857142857143,0.7751152073732719,0.5,0.6904761904761905
TS0330G,2,3,TS0330A+TS0330E,fusion_shape,80,31,27,7,0.7142857142857143,0.7751152073732719,0.5263157894736842,0.7113095238095238
TS0330G,2,4,TS0330A+TS0330F,temperature,74,31,22,7,0.7142857142857143,0.7751152073732719,0.625,0.7738095238095238
TS0330G,2,4,TS0330A+TS0330F,pressure_absolute,74,31,22,7,0.9285714285714285,0.8717486994797918,0.5454545454545454,0.7410714285714286
TS0330G,2,4,TS0330A+TS0330F,pressure_shape,74,31,22,7,0.3273809523809524,0.18605197074258725,0.3125,0.44047619047619047
TS0330G,2,4,TS0330A+TS0330F,fusion_absolute,74,31,22,7,0.7142857142857143,0.7751152073732719,0.38461538461538464,0.5654761904761905
TS0330G,2,4,TS0330A+TS0330F,fusion_shape,74,31,22,7,0.7142857142857143,0.7751152073732719,0.5263157894736842,0.7113095238095238
TS0330G,2,5,TS0330A+TS0330H,temperature,74,31,26,7,0.9047619047619049,0.8421768707482993,0.5555555555555556,0.7321428571428572
TS0330G,2,5,TS0330A+TS0330H,pressure_absolute,74,31,26,7,0.9285714285714286,0.8802521008403361,0.5833333333333334,0.7916666666666667
TS0330G,2,5,TS0330A+TS0330H,pressure_shape,74,31,26,7,0.4642857142857143,0.22287081499266373,0.41379310344827586,0.5952380952380952
TS0330G,2,5,TS0330A+TS0330H,fusion_absolute,74,31,26,7,0.75,0.782258064516129,0.35294117647058826,0.49107142857142855
TS0330G,2,5,TS0330A+TS0330H,fusion_shape,74,31,26,7,0.8988095238095238,0.8380102040816326,0.5714285714285714,0.7619047619047619
TS0330G,2,6,TS0330B+TS0330C,temperature,74,31,11,7,0.7142857142857143,0.7751152073732719,0.7692307692307693,0.8363095238095238
TS0330G,2,6,TS0330B+TS0330C,pressure_absolute,74,31,11,7,1.0,0.9999999999999998,0.0,0.5
TS0330G,2,6,TS0330B+TS0330C,pressure_shape,74,31,11,7,0.49404761904761907,0.2865052382509068,0.25,0.49702380952380953
TS0330G,2,6,TS0330B+TS0330C,fusion_absolute,74,31,11,7,0.7738095238095238,0.787032967032967,0.0,0.5
TS0330G,2,6,TS0330B+TS0330C,fusion_shape,74,31,11,7,0.6726190476190476,0.6282898105478751,0.4,0.6220238095238095
TS0330G,2,7,TS0330B+TS0330D,temperature,73,31,15,7,0.7142857142857143,0.7751152073732719,0.7692307692307693,0.8363095238095238
TS0330G,2,7,TS0330B+TS0330D,pressure_absolute,73,31,15,7,1.0,0.9999999999999998,0.7272727272727273,0.7857142857142857
TS0330G,2,7,TS0330B+TS0330D,pressure_shape,73,31,15,7,0.7619047619047619,0.43351886209029067,0.6,0.7827380952380952
TS0330G,2,7,TS0330B+TS0330D,fusion_absolute,73,31,15,7,0.7142857142857143,0.7751152073732719,0.7272727272727273,0.7857142857142857
TS0330G,2,7,TS0330B+TS0330D,fusion_shape,73,31,15,7,0.7142857142857143,0.7751152073732719,0.8333333333333334,0.8571428571428572
TS0330G,2,8,TS0330B+TS0330E,temperature,80,31,24,7,0.7142857142857143,0.7751152073732719,0.7692307692307693,0.8363095238095238
TS0330G,2,8,TS0330B+TS0330E,pressure_absolute,80,31,24,7,0.988095238095238,0.9682539682539681,0.8,0.8869047619047619
TS0330G,2,8,TS0330B+TS0330E,pressure_shape,80,31,24,7,0.5238095238095237,0.2746823069403715,0.3333333333333333,0.5148809523809523
TS0330G,2,8,TS0330B+TS0330E,fusion_absolute,80,31,24,7,0.7142857142857143,0.7751152073732719,0.625,0.7738095238095238
TS0330G,2,8,TS0330B+TS0330E,fusion_shape,80,31,24,7,0.7142857142857143,0.7751152073732719,0.7692307692307693,0.8363095238095238
TS0330G,2,9,TS0330B+TS0330F,temperature,74,31,19,7,0.7797619047619048,0.7884615384615383,0.6666666666666666,0.7946428571428572
TS0330G,2,9,TS0330B+TS0330F,pressure_absolute,74,31,19,7,1.0,0.9999999999999998,0.9333333333333333,0.9791666666666667
TS0330G,2,9,TS0330B+TS0330F,pressure_shape,74,31,19,7,0.5416666666666666,0.2820208330758901,0.3157894736842105,0.5267857142857143
TS0330G,2,9,TS0330B+TS0330F,fusion_absolute,74,31,19,7,0.7976190476190477,0.7932194616977224,0.625,0.7738095238095238
TS0330G,2,9,TS0330B+TS0330F,fusion_shape,74,31,19,7,0.7142857142857143,0.7751152073732719,0.7692307692307693,0.8363095238095238
TS0330G,2,10,TS0330B+TS0330H,temperature,74,31,23,7,1.0,0.9999999999999998,0.6666666666666666,0.8541666666666667
TS0330G,2,10,TS0330B+TS0330H,pressure_absolute,74,31,23,7,1.0,0.9999999999999998,0.5833333333333334,0.7916666666666667
TS0330G,2,10,TS0330B+TS0330H,pressure_shape,74,31,23,7,0.5119047619047619,0.23712958867757633,0.21052631578947367,0.43452380952380953
TS0330G,2,10,TS0330B+TS0330H,fusion_absolute,74,31,23,7,0.9940476190476191,0.982142857142857,0.7,0.875
TS0330G,2,10,TS0330B+TS0330H,fusion_shape,74,31,23,7,0.9940476190476191,0.982142857142857,0.9230769230769231,0.9285714285714286
TS0330G,2,11,TS0330C+TS0330D,temperature,65,31,10,7,0.7142857142857143,0.7751152073732719,0.7692307692307693,0.8363095238095238
TS0330G,2,11,TS0330C+TS0330D,pressure_absolute,65,31,10,7,1.0,0.9999999999999998,0.4827586206896552,0.6875
TS0330G,2,11,TS0330C+TS0330D,pressure_shape,65,31,10,7,0.11904761904761903,0.15162325419187772,0.0,0.3125
TS0330G,2,11,TS0330C+TS0330D,fusion_absolute,65,31,10,7,0.36904761904761907,0.20101479797874486,0.2777777777777778,0.35714285714285715
TS0330G,2,11,TS0330C+TS0330D,fusion_shape,65,31,10,7,0.6904761904761905,0.7116231438812084,0.0,0.5
TS0330G,2,12,TS0330C+TS0330E,temperature,72,31,19,7,0.7142857142857143,0.7751152073732719,0.7692307692307693,0.8363095238095238
TS0330G,2,12,TS0330C+TS0330E,pressure_absolute,72,31,19,7,0.9761904761904763,0.9480519480519478,0.5833333333333334,0.7916666666666667
TS0330G,2,12,TS0330C+TS0330E,pressure_shape,72,31,19,7,0.21428571428571425,0.16354891418933165,0.2,0.2976190476190476
TS0330G,2,12,TS0330C+TS0330E,fusion_absolute,72,31,19,7,0.7142857142857143,0.7751152073732719,0.2857142857142857,0.37797619047619047
TS0330G,2,12,TS0330C+TS0330E,fusion_shape,72,31,19,7,0.5535714285714286,0.3051038695047912,0.45454545454545453,0.6488095238095238
TS0330G,2,13,TS0330C+TS0330F,temperature,66,31,14,7,0.7142857142857143,0.7751152073732719,0.6666666666666666,0.7946428571428572
TS0330G,2,13,TS0330C+TS0330F,pressure_absolute,66,31,14,7,1.0,0.9999999999999998,0.7368421052631579,0.8958333333333333
TS0330G,2,13,TS0330C+TS0330F,pressure_shape,66,31,14,7,0.11309523809523808,0.14843467821153972,0.0,0.2708333333333333
TS0330G,2,13,TS0330C+TS0330F,fusion_absolute,66,31,14,7,0.5535714285714286,0.3020426450149952,0.3125,0.44047619047619047
TS0330G,2,13,TS0330C+TS0330F,fusion_shape,66,31,14,7,0.5357142857142857,0.29756418696510867,0.2857142857142857,0.5386904761904762
TS0330G,2,14,TS0330C+TS0330H,temperature,66,31,18,7,1.0,0.9999999999999998,0.7,0.875
TS0330G,2,14,TS0330C+TS0330H,pressure_absolute,66,31,18,7,1.0,0.9999999999999998,0.5185185185185185,0.7291666666666666
TS0330G,2,14,TS0330C+TS0330H,pressure_shape,66,31,18,7,0.17857142857142858,0.15801718586108196,0.0,0.3125
TS0330G,2,14,TS0330C+TS0330H,fusion_absolute,66,31,18,7,0.7738095238095238,0.3989512471655329,0.4827586206896552,0.6875
TS0330G,2,14,TS0330C+TS0330H,fusion_shape,66,31,18,7,0.8095238095238095,0.598388714460143,0.4,0.6101190476190476
TS0330G,2,15,TS0330D+TS0330E,temperature,71,31,23,7,0.7142857142857143,0.7751152073732719,0.7142857142857143,0.8154761904761905
TS0330G,2,15,TS0330D+TS0330E,pressure_absolute,71,31,23,7,0.9464285714285714,0.8843537414965985,0.6086956521739131,0.8125
TS0330G,2,15,TS0330D+TS0330E,pressure_shape,71,31,23,7,0.6785714285714286,0.3716117216117217,0.41379310344827586,0.5952380952380952
TS0330G,2,15,TS0330D+TS0330E,fusion_absolute,71,31,23,7,0.7142857142857143,0.7751152073732719,0.30303030303030304,0.41964285714285715
TS0330G,2,15,TS0330D+TS0330E,fusion_shape,71,31,23,7,0.7023809523809523,0.7342988808426596,0.5263157894736842,0.7113095238095238
TS0330G,2,16,TS0330D+TS0330F,temperature,65,31,18,7,0.7142857142857143,0.7751152073732719,0.625,0.7738095238095238
TS0330G,2,16,TS0330D+TS0330F,pressure_absolute,65,31,18,7,0.9880952380952381,0.9617346938775508,0.6666666666666666,0.8541666666666667
TS0330G,2,16,TS0330D+TS0330F,pressure_shape,65,31,18,7,0.6666666666666666,0.41432641432641426,0.4444444444444444,0.6369047619047619
TS0330G,2,16,TS0330D+TS0330F,fusion_absolute,65,31,18,7,0.7142857142857143,0.7751152073732719,0.2777777777777778,0.35714285714285715
TS0330G,2,16,TS0330D+TS0330F,fusion_shape,65,31,18,7,0.7023809523809523,0.7342988808426596,0.5555555555555556,0.7321428571428572
TS0330G,2,17,TS0330D+TS0330H,temperature,65,31,22,7,0.8333333333333333,0.8047619047619046,0.5555555555555556,0.7321428571428572
TS0330G,2,17,TS0330D+TS0330H,pressure_absolute,65,31,22,7,0.9940476190476191,0.982142857142857,0.5384615384615384,0.75
TS0330G,2,17,TS0330D+TS0330H,pressure_shape,65,31,22,7,0.7857142857142858,0.528867957439386,0.4,0.5625
TS0330G,2,17,TS0330D+TS0330H,fusion_absolute,65,31,22,7,0.7142857142857143,0.7751152073732719,0.3448275862068966,0.5029761904761905
TS0330G,2,17,TS0330D+TS0330H,fusion_shape,65,31,22,7,0.7559523809523809,0.7334656084656084,0.5,0.6904761904761905
TS0330G,2,18,TS0330E+TS0330F,temperature,72,31,27,7,0.7142857142857143,0.7751152073732719,0.625,0.7738095238095238
TS0330G,2,18,TS0330E+TS0330F,pressure_absolute,72,31,27,7,0.9345238095238095,0.8754251700680271,0.6666666666666666,0.8244047619047619
TS0330G,2,18,TS0330E+TS0330F,pressure_shape,72,31,27,7,0.369047619047619,0.19498332666399892,0.34285714285714286,0.47023809523809523
TS0330G,2,18,TS0330E+TS0330F,fusion_absolute,72,31,27,7,0.7142857142857143,0.7751152073732719,0.47619047619047616,0.6696428571428572
TS0330G,2,18,TS0330E+TS0330F,fusion_shape,72,31,27,7,0.7142857142857143,0.7751152073732719,0.5,0.6904761904761905
TS0330G,2,19,TS0330E+TS0330H,temperature,72,31,31,7,1.0,0.9999999999999998,0.6666666666666666,0.8541666666666667
TS0330G,2,19,TS0330E+TS0330H,pressure_absolute,72,31,31,7,0.9761904761904763,0.9480519480519478,0.5833333333333334,0.7916666666666667
TS0330G,2,19,TS0330E+TS0330H,pressure_shape,72,31,31,7,0.6666666666666666,0.3569016495487084,0.4,0.5744047619047619
TS0330G,2,19,TS0330E+TS0330H,fusion_absolute,72,31,31,7,0.7976190476190477,0.7932194616977224,0.5,0.6904761904761905
TS0330G,2,19,TS0330E+TS0330H,fusion_shape,72,31,31,7,0.9345238095238095,0.869130869130869,0.6363636363636364,0.8333333333333333
TS0330G,2,20,TS0330F+TS0330H,temperature,66,31,26,7,0.7142857142857143,0.7751152073732719,0.5263157894736842,0.7113095238095238
TS0330G,2,20,TS0330F+TS0330H,pressure_absolute,66,31,26,7,0.9940476190476191,0.982142857142857,0.56,0.7708333333333333
TS0330G,2,20,TS0330F+TS0330H,pressure_shape,66,31,26,7,0.7142857142857143,0.5287626589097176,0.4,0.5625
TS0330G,2,20,TS0330F+TS0330H,fusion_absolute,66,31,26,7,0.7142857142857143,0.7751152073732719,0.5,0.6904761904761905
TS0330G,2,20,TS0330F+TS0330H,fusion_shape,66,31,26,7,0.7142857142857143,0.7751152073732719,0.5,0.6904761904761905
TS0330G,4,0,TS0330A+TS0330B+TS0330C+TS0330D,temperature,147,31,29,7,0.7142857142857143,0.7751152073732719,0.7692307692307693,0.8363095238095238
TS0330G,4,0,TS0330A+TS0330B+TS0330C+TS0330D,pressure_absolute,147,31,29,7,1.0,0.9999999999999998,0.9333333333333333,0.9791666666666667
TS0330G,4,0,TS0330A+TS0330B+TS0330C+TS0330D,pressure_shape,147,31,29,7,0.5833333333333333,0.2941537298680156,0.43478260869565216,0.6279761904761905
TS0330G,4,0,TS0330A+TS0330B+TS0330C+TS0330D,fusion_absolute,147,31,29,7,0.7142857142857143,0.7751152073732719,0.0,0.5
TS0330G,4,0,TS0330A+TS0330B+TS0330C+TS0330D,fusion_shape,147,31,29,7,0.7083333333333334,0.7513056835637482,0.7692307692307693,0.8363095238095238
TS0330G,4,1,TS0330A+TS0330B+TS0330C+TS0330E,temperature,154,31,38,7,0.7142857142857143,0.7751152073732719,0.7692307692307693,0.8363095238095238
TS0330G,4,1,TS0330A+TS0330B+TS0330C+TS0330E,pressure_absolute,154,31,38,7,0.9464285714285714,0.9034013605442175,0.75,0.8660714285714286
TS0330G,4,1,TS0330A+TS0330B+TS0330C+TS0330E,pressure_shape,154,31,38,7,0.4523809523809524,0.23253817656094694,0.35714285714285715,0.5238095238095238
TS0330G,4,1,TS0330A+TS0330B+TS0330C+TS0330E,fusion_absolute,154,31,38,7,0.7142857142857143,0.7751152073732719,0.625,0.7738095238095238
TS0330G,4,1,TS0330A+TS0330B+TS0330C+TS0330E,fusion_shape,154,31,38,7,0.7083333333333334,0.7513056835637482,0.7142857142857143,0.8154761904761905
TS0330G,4,2,TS0330A+TS0330B+TS0330C+TS0330F,temperature,148,31,33,7,0.7142857142857143,0.7751152073732719,0.7142857142857143,0.8154761904761905
TS0330G,4,2,TS0330A+TS0330B+TS0330C+TS0330F,pressure_absolute,148,31,33,7,0.988095238095238,0.9682539682539681,0.8235294117647058,0.9375
TS0330G,4,2,TS0330A+TS0330B+TS0330C+TS0330F,pressure_shape,148,31,33,7,0.4107142857142857,0.2114700826567186,0.18181818181818182,0.37202380952380953
TS0330G,4,2,TS0330A+TS0330B+TS0330C+TS0330F,fusion_absolute,148,31,33,7,0.7142857142857143,0.7751152073732719,0.625,0.7738095238095238
TS0330G,4,2,TS0330A+TS0330B+TS0330C+TS0330F,fusion_shape,148,31,33,7,0.7023809523809523,0.7342988808426596,0.7142857142857143,0.8154761904761905
TS0330G,4,3,TS0330A+TS0330B+TS0330C+TS0330H,temperature,148,31,37,7,1.0,0.9999999999999998,0.7368421052631579,0.8958333333333333
TS0330G,4,3,TS0330A+TS0330B+TS0330C+TS0330H,pressure_absolute,148,31,37,7,0.9345238095238094,0.8955582232893156,0.5833333333333334,0.7916666666666667
TS0330G,4,3,TS0330A+TS0330B+TS0330C+TS0330H,pressure_shape,148,31,37,7,0.33333333333333337,0.1900234357908171,0.16666666666666666,0.33035714285714285
TS0330G,4,3,TS0330A+TS0330B+TS0330C+TS0330H,fusion_absolute,148,31,37,7,0.8154761904761905,0.8003663003663002,0.47619047619047616,0.6696428571428572
TS0330G,4,3,TS0330A+TS0330B+TS0330C+TS0330H,fusion_shape,148,31,37,7,0.7023809523809524,0.7014430014430013,0.5,0.6815476190476191
TS0330G,4,4,TS0330A+TS0330B+TS0330D+TS0330E,temperature,153,31,42,7,0.7142857142857143,0.7751152073732719,0.7692307692307693,0.8363095238095238
TS0330G,4,4,TS0330A+TS0330B+TS0330D+TS0330E,pressure_absolute,153,31,42,7,0.9821428571428571,0.9571428571428571,0.7777777777777778,0.9166666666666667
TS0330G,4,4,TS0330A+TS0330B+TS0330D+TS0330E,pressure_shape,153,31,42,7,0.5952380952380952,0.33106758832565286,0.35714285714285715,0.5238095238095238
TS0330G,4,4,TS0330A+TS0330B+TS0330D+TS0330E,fusion_absolute,153,31,42,7,0.7142857142857143,0.7751152073732719,0.625,0.7738095238095238
TS0330G,4,4,TS0330A+TS0330B+TS0330D+TS0330E,fusion_shape,153,31,42,7,0.7142857142857143,0.7751152073732719,0.7142857142857143,0.8154761904761905
TS0330G,4,5,TS0330A+TS0330B+TS0330D+TS0330F,temperature,147,31,37,7,0.7142857142857143,0.7751152073732719,0.7142857142857143,0.8154761904761905
TS0330G,4,5,TS0330A+TS0330B+TS0330D+TS0330F,pressure_absolute,147,31,37,7,1.0,0.9999999999999998,0.8235294117647058,0.9375
TS0330G,4,5,TS0330A+TS0330B+TS0330D+TS0330F,pressure_shape,147,31,37,7,0.5773809523809523,0.31229952774173547,0.38461538461538464,0.5654761904761905
TS0330G,4,5,TS0330A+TS0330B+TS0330D+TS0330F,fusion_absolute,147,31,37,7,0.7142857142857143,0.7751152073732719,0.5555555555555556,0.7321428571428572
TS0330G,4,5,TS0330A+TS0330B+TS0330D+TS0330F,fusion_shape,147,31,37,7,0.7142857142857143,0.7751152073732719,0.7142857142857143,0.8154761904761905
TS0330G,4,6,TS0330A+TS0330B+TS0330D+TS0330H,temperature,147,31,41,7,0.9047619047619049,0.8421768707482993,0.5882352941176471,0.7529761904761905
TS0330G,4,6,TS0330A+TS0330B+TS0330D+TS0330H,pressure_absolute,147,31,41,7,0.9821428571428571,0.9571428571428571,0.5384615384615384,0.75
TS0330G,4,6,TS0330A+TS0330B+TS0330D+TS0330H,pressure_shape,147,31,41,7,0.49404761904761907,0.24370689346495797,0.43478260869565216,0.6279761904761905
TS0330G,4,6,TS0330A+TS0330B+TS0330D+TS0330H,fusion_absolute,147,31,41,7,0.7142857142857143,0.7751152073732719,0.47619047619047616,0.6696428571428572
TS0330G,4,6,TS0330A+TS0330B+TS0330D+TS0330H,fusion_shape,147,31,41,7,0.7142857142857143,0.7751152073732719,0.7142857142857143,0.8154761904761905
TS0330G,4,7,TS0330A+TS0330B+TS0330E+TS0330F,temperature,154,31,46,7,0.7142857142857143,0.7751152073732719,0.7142857142857143,0.8154761904761905
TS0330G,4,7,TS0330A+TS0330B+TS0330E+TS0330F,pressure_absolute,154,31,46,7,0.9761904761904763,0.9480519480519478,0.7058823529411765,0.8452380952380952
TS0330G,4,7,TS0330A+TS0330B+TS0330E+TS0330F,pressure_shape,154,31,46,7,0.5119047619047619,0.2622218449000775,0.4,0.5863095238095238
TS0330G,4,7,TS0330A+TS0330B+TS0330E+TS0330F,fusion_absolute,154,31,46,7,0.7142857142857143,0.7751152073732719,0.5882352941176471,0.7529761904761905
TS0330G,4,7,TS0330A+TS0330B+TS0330E+TS0330F,fusion_shape,154,31,46,7,0.7142857142857143,0.7751152073732719,0.7142857142857143,0.8154761904761905
TS0330G,4,8,TS0330A+TS0330B+TS0330E+TS0330H,temperature,154,31,50,7,1.0,0.9999999999999998,0.7368421052631579,0.8958333333333333
TS0330G,4,8,TS0330A+TS0330B+TS0330E+TS0330H,pressure_absolute,154,31,50,7,0.9285714285714286,0.8802521008403361,0.5833333333333334,0.7916666666666667
TS0330G,4,8,TS0330A+TS0330B+TS0330E+TS0330H,pressure_shape,154,31,50,7,0.5357142857142858,0.2689247311827957,0.37037037037037035,0.5446428571428572
TS0330G,4,8,TS0330A+TS0330B+TS0330E+TS0330H,fusion_absolute,154,31,50,7,0.8630952380952381,0.8173374613003095,0.47619047619047616,0.6696428571428572
TS0330G,4,8,TS0330A+TS0330B+TS0330E+TS0330H,fusion_shape,154,31,50,7,0.7916666666666666,0.7917082917082916,0.7142857142857143,0.8154761904761905
TS0330G,4,9,TS0330A+TS0330B+TS0330F+TS0330H,temperature,148,31,45,7,0.9880952380952381,0.9617346938775508,0.7368421052631579,0.8958333333333333
TS0330G,4,9,TS0330A+TS0330B+TS0330F+TS0330H,pressure_absolute,148,31,45,7,0.9345238095238094,0.8955582232893156,0.5833333333333334,0.7916666666666667
TS0330G,4,9,TS0330A+TS0330B+TS0330F+TS0330H,pressure_shape,148,31,45,7,0.44047619047619047,0.22311704213981254,0.3333333333333333,0.5148809523809523
TS0330G,4,9,TS0330A+TS0330B+TS0330F+TS0330H,fusion_absolute,148,31,45,7,0.7321428571428571,0.778289810547875,0.47619047619047616,0.6696428571428572
TS0330G,4,9,TS0330A+TS0330B+TS0330F+TS0330H,fusion_shape,148,31,45,7,0.7142857142857143,0.7751152073732719,0.7142857142857143,0.8154761904761905
TS0330G,4,10,TS0330A+TS0330C+TS0330D+TS0330E,temperature,145,31,37,7,0.7142857142857143,0.7751152073732719,0.7692307692307693,0.8363095238095238
TS0330G,4,10,TS0330A+TS0330C+TS0330D+TS0330E,pressure_absolute,145,31,37,7,0.9464285714285714,0.8843537414965985,0.6086956521739131,0.8125
TS0330G,4,10,TS0330A+TS0330C+TS0330D+TS0330E,pressure_shape,145,31,37,7,0.39880952380952384,0.20358870821055694,0.35714285714285715,0.5238095238095238
TS0330G,4,10,TS0330A+TS0330C+TS0330D+TS0330E,fusion_absolute,145,31,37,7,0.7142857142857143,0.7751152073732719,0.5263157894736842,0.7113095238095238
TS0330G,4,10,TS0330A+TS0330C+TS0330D+TS0330E,fusion_shape,145,31,37,7,0.7142857142857143,0.7751152073732719,0.6666666666666666,0.7946428571428572
TS0330G,4,11,TS0330A+TS0330C+TS0330D+TS0330F,temperature,139,31,32,7,0.7142857142857143,0.7751152073732719,0.7142857142857143,0.8154761904761905
TS0330G,4,11,TS0330A+TS0330C+TS0330D+TS0330F,pressure_absolute,139,31,32,7,0.9761904761904762,0.9367346938775509,0.6666666666666666,0.8541666666666667
TS0330G,4,11,TS0330A+TS0330C+TS0330D+TS0330F,pressure_shape,139,31,32,7,0.2916666666666667,0.17891321780551495,0.3448275862068966,0.5029761904761905
TS0330G,4,11,TS0330A+TS0330C+TS0330D+TS0330F,fusion_absolute,139,31,32,7,0.7142857142857143,0.7751152073732719,0.47619047619047616,0.6696428571428572
TS0330G,4,11,TS0330A+TS0330C+TS0330D+TS0330F,fusion_shape,139,31,32,7,0.7142857142857143,0.7751152073732719,0.7142857142857143,0.8154761904761905
TS0330G,4,12,TS0330A+TS0330C+TS0330D+TS0330H,temperature,139,31,36,7,0.7142857142857143,0.7751152073732719,0.625,0.7738095238095238
TS0330G,4,12,TS0330A+TS0330C+TS0330D+TS0330H,pressure_absolute,139,31,36,7,0.9285714285714285,0.8717486994797918,0.5384615384615384,0.75
TS0330G,4,12,TS0330A+TS0330C+TS0330D+TS0330H,pressure_shape,139,31,36,7,0.3392857142857143,0.18848266579359016,0.2962962962962963,0.45238095238095233
TS0330G,4,12,TS0330A+TS0330C+TS0330D+TS0330H,fusion_absolute,139,31,36,7,0.6011904761904762,0.36317952400901715,0.37037037037037035,0.5446428571428572
TS0330G,4,12,TS0330A+TS0330C+TS0330D+TS0330H,fusion_shape,139,31,36,7,0.7023809523809523,0.7342988808426596,0.625,0.7738095238095238
TS0330G,4,13,TS0330A+TS0330C+TS0330E+TS0330F,temperature,146,31,41,7,0.7142857142857143,0.7751152073732719,0.7142857142857143,0.8154761904761905
TS0330G,4,13,TS0330A+TS0330C+TS0330E+TS0330F,pressure_absolute,146,31,41,7,0.9285714285714285,0.8717486994797918,0.6,0.7827380952380952
TS0330G,4,13,TS0330A+TS0330C+TS0330E+TS0330F,pressure_shape,146,31,41,7,0.25595238095238093,0.1702471861811759,0.3333333333333333,0.48214285714285715
TS0330G,4,13,TS0330A+TS0330C+TS0330E+TS0330F,fusion_absolute,146,31,41,7,0.7142857142857143,0.7751152073732719,0.5263157894736842,0.7113095238095238
TS0330G,4,13,TS0330A+TS0330C+TS0330E+TS0330F,fusion_shape,146,31,41,7,0.7142857142857143,0.7751152073732719,0.5882352941176471,0.7529761904761905
TS0330G,4,14,TS0330A+TS0330C+TS0330E+TS0330H,temperature,146,31,45,7,0.9047619047619049,0.8421768707482993,0.625,0.7738095238095238
TS0330G,4,14,TS0330A+TS0330C+TS0330E+TS0330H,pressure_absolute,146,31,45,7,0.9226190476190476,0.8683473389355743,0.5217391304347826,0.7202380952380952
TS0330G,4,14,TS0330A+TS0330C+TS0330E+TS0330H,pressure_shape,146,31,45,7,0.3333333333333333,0.1869794954225877,0.3448275862068966,0.5029761904761905
TS0330G,4,14,TS0330A+TS0330C+TS0330E+TS0330H,fusion_absolute,146,31,45,7,0.7142857142857143,0.7751152073732719,0.47619047619047616,0.6696428571428572
TS0330G,4,14,TS0330A+TS0330C+TS0330E+TS0330H,fusion_shape,146,31,45,7,0.7083333333333333,0.7352841025175365,0.5263157894736842,0.7113095238095238
TS0330G,4,15,TS0330A+TS0330C+TS0330F+TS0330H,temperature,140,31,40,7,0.8273809523809523,0.8025974025974025,0.5882352941176471,0.7529761904761905
TS0330G,4,15,TS0330A+TS0330C+TS0330F+TS0330H,pressure_absolute,140,31,40,7,0.9166666666666666,0.8445378151260503,0.5833333333333334,0.7916666666666667
TS0330G,4,15,TS0330A+TS0330C+TS0330F+TS0330H,pressure_shape,140,31,40,7,0.27976190476190477,0.17544669681546915,0.16,0.30952380952380953
TS0330G,4,15,TS0330A+TS0330C+TS0330F+TS0330H,fusion_absolute,140,31,40,7,0.7142857142857143,0.7751152073732719,0.47619047619047616,0.6696428571428572
TS0330G,4,15,TS0330A+TS0330C+TS0330F+TS0330H,fusion_shape,140,31,40,7,0.6964285714285714,0.7215437788018433,0.5555555555555556,0.7321428571428572
TS0330G,4,16,TS0330A+TS0330D+TS0330E+TS0330F,temperature,145,31,45,7,0.7142857142857143,0.7751152073732719,0.6666666666666666,0.7946428571428572
TS0330G,4,16,TS0330A+TS0330D+TS0330E+TS0330F,pressure_absolute,145,31,45,7,0.9464285714285714,0.8843537414965985,0.6666666666666666,0.8541666666666667
TS0330G,4,16,TS0330A+TS0330D+TS0330E+TS0330F,pressure_shape,145,31,45,7,0.44642857142857145,0.22259034661311702,0.35714285714285715,0.5238095238095238
TS0330G,4,16,TS0330A+TS0330D+TS0330E+TS0330F,fusion_absolute,145,31,45,7,0.7142857142857143,0.7751152073732719,0.47619047619047616,0.6696428571428572
TS0330G,4,16,TS0330A+TS0330D+TS0330E+TS0330F,fusion_shape,145,31,45,7,0.7083333333333334,0.7513056835637482,0.5263157894736842,0.7113095238095238
TS0330G,4,17,TS0330A+TS0330D+TS0330E+TS0330H,temperature,145,31,49,7,0.7261904761904763,0.7771560236998025,0.625,0.7738095238095238
TS0330G,4,17,TS0330A+TS0330D+TS0330E+TS0330H,pressure_absolute,145,31,49,7,0.9166666666666666,0.8445378151260503,0.56,0.7708333333333333
TS0330G,4,17,TS0330A+TS0330D+TS0330E+TS0330H,pressure_shape,145,31,49,7,0.47023809523809523,0.23105566475948955,0.3448275862068966,0.5029761904761905
TS0330G,4,17,TS0330A+TS0330D+TS0330E+TS0330H,fusion_absolute,145,31,49,7,0.7142857142857143,0.7751152073732719,0.45454545454545453,0.6488095238095238
TS0330G,4,17,TS0330A+TS0330D+TS0330E+TS0330H,fusion_shape,145,31,49,7,0.7023809523809523,0.7342988808426596,0.5,0.6904761904761905
TS0330G,4,18,TS0330A+TS0330D+TS0330F+TS0330H,temperature,139,31,44,7,0.7142857142857143,0.7751152073732719,0.5882352941176471,0.7529761904761905
TS0330G,4,18,TS0330A+TS0330D+TS0330F+TS0330H,pressure_absolute,139,31,44,7,0.9226190476190476,0.8564425770308122,0.5384615384615384,0.75
TS0330G,4,18,TS0330A+TS0330D+TS0330F+TS0330H,pressure_shape,139,31,44,7,0.44047619047619047,0.22117747843554297,0.3333333333333333,0.48214285714285715
TS0330G,4,18,TS0330A+TS0330D+TS0330F+TS0330H,fusion_absolute,139,31,44,7,0.7142857142857143,0.7751152073732719,0.3225806451612903,0.46130952380952384
TS0330G,4,18,TS0330A+TS0330D+TS0330F+TS0330H,fusion_shape,139,31,44,7,0.7023809523809523,0.7342988808426596,0.5,0.6904761904761905
TS0330G,4,19,TS0330A+TS0330E+TS0330F+TS0330H,temperature,146,31,53,7,0.8214285714285714,0.8005565862708719,0.5882352941176471,0.7529761904761905
TS0330G,4,19,TS0330A+TS0330E+TS0330F+TS0330H,pressure_absolute,146,31,53,7,0.8988095238095237,0.8207282913165266,0.5217391304347826,0.7202380952380952
TS0330G,4,19,TS0330A+TS0330E+TS0330F+TS0330H,pressure_shape,146,31,53,7,0.45238095238095233,0.22372849884370619,0.3333333333333333,0.48214285714285715
TS0330G,4,19,TS0330A+TS0330E+TS0330F+TS0330H,fusion_absolute,146,31,53,7,0.7142857142857143,0.7751152073732719,0.47619047619047616,0.6696428571428572
TS0330G,4,19,TS0330A+TS0330E+TS0330F+TS0330H,fusion_shape,146,31,53,7,0.7202380952380952,0.7761004290481488,0.5,0.6904761904761905
TS0330G,4,20,TS0330B+TS0330C+TS0330D+TS0330E,temperature,145,31,34,7,0.7142857142857143,0.7751152073732719,0.7692307692307693,0.8363095238095238
TS0330G,4,20,TS0330B+TS0330C+TS0330D+TS0330E,pressure_absolute,145,31,34,7,1.0,0.9999999999999998,0.875,0.9583333333333333
TS0330G,4,20,TS0330B+TS0330C+TS0330D+TS0330E,pressure_shape,145,31,34,7,0.4880952380952381,0.2446268068848714,0.35714285714285715,0.5238095238095238
TS0330G,4,20,TS0330B+TS0330C+TS0330D+TS0330E,fusion_absolute,145,31,34,7,0.7142857142857143,0.7751152073732719,0.5882352941176471,0.7529761904761905
TS0330G,4,20,TS0330B+TS0330C+TS0330D+TS0330E,fusion_shape,145,31,34,7,0.7142857142857143,0.7751152073732719,0.7272727272727273,0.7857142857142857
TS0330G,4,21,TS0330B+TS0330C+TS0330D+TS0330F,temperature,139,31,29,7,0.7142857142857143,0.7751152073732719,0.7142857142857143,0.8154761904761905
TS0330G,4,21,TS0330B+TS0330C+TS0330D+TS0330F,pressure_absolute,139,31,29,7,1.0,0.9999999999999998,0.9333333333333333,0.9791666666666667
TS0330G,4,21,TS0330B+TS0330C+TS0330D+TS0330F,pressure_shape,139,31,29,7,0.3571428571428571,0.1921985846531763,0.1111111111111111,0.36309523809523814
TS0330G,4,21,TS0330B+TS0330C+TS0330D+TS0330F,fusion_absolute,139,31,29,7,0.7142857142857143,0.7751152073732719,0.5882352941176471,0.7529761904761905
TS0330G,4,21,TS0330B+TS0330C+TS0330D+TS0330F,fusion_shape,139,31,29,7,0.7023809523809523,0.7342988808426596,0.6,0.7142857142857143
TS0330G,4,22,TS0330B+TS0330C+TS0330D+TS0330H,temperature,139,31,33,7,1.0,0.9999999999999998,0.7368421052631579,0.8958333333333333
TS0330G,4,22,TS0330B+TS0330C+TS0330D+TS0330H,pressure_absolute,139,31,33,7,1.0,0.9999999999999998,0.5185185185185185,0.7291666666666666
TS0330G,4,22,TS0330B+TS0330C+TS0330D+TS0330H,pressure_shape,139,31,33,7,0.26785714285714285,0.17426348668584693,0.0,0.3125
TS0330G,4,22,TS0330B+TS0330C+TS0330D+TS0330H,fusion_absolute,139,31,33,7,0.7142857142857143,0.7751152073732719,0.4166666666666667,0.6071428571428572
TS0330G,4,22,TS0330B+TS0330C+TS0330D+TS0330H,fusion_shape,139,31,33,7,0.7023809523809523,0.7342988808426596,0.4444444444444444,0.6428571428571428
TS0330G,4,23,TS0330B+TS0330C+TS0330E+TS0330F,temperature,146,31,38,7,0.7142857142857143,0.7751152073732719,0.7142857142857143,0.8154761904761905
TS0330G,4,23,TS0330B+TS0330C+TS0330E+TS0330F,pressure_absolute,146,31,38,7,1.0,0.9999999999999998,0.875,0.9583333333333333
TS0330G,4,23,TS0330B+TS0330C+TS0330E+TS0330F,pressure_shape,146,31,38,7,0.3928571428571429,0.20614244585487143,0.21052631578947367,0.43452380952380953
TS0330G,4,23,TS0330B+TS0330C+TS0330E+TS0330F,fusion_absolute,146,31,38,7,0.7142857142857143,0.7751152073732719,0.5882352941176471,0.7529761904761905
TS0330G,4,23,TS0330B+TS0330C+TS0330E+TS0330F,fusion_shape,146,31,38,7,0.7083333333333334,0.7513056835637482,0.7272727272727273,0.7857142857142857
TS0330G,4,24,TS0330B+TS0330C+TS0330E+TS0330H,temperature,146,31,42,7,1.0,0.9999999999999998,0.7368421052631579,0.8958333333333333
TS0330G,4,24,TS0330B+TS0330C+TS0330E+TS0330H,pressure_absolute,146,31,42,7,0.9940476190476191,0.982142857142857,0.6666666666666666,0.8541666666666667
TS0330G,4,24,TS0330B+TS0330C+TS0330E+TS0330H,pressure_shape,146,31,42,7,0.3869047619047619,0.20344048485268473,0.2,0.41369047619047616
TS0330G,4,24,TS0330B+TS0330C+TS0330E+TS0330H,fusion_absolute,146,31,42,7,0.7678571428571429,0.7856084656084656,0.5263157894736842,0.7113095238095238
TS0330G,4,24,TS0330B+TS0330C+TS0330E+TS0330H,fusion_shape,146,31,42,7,0.9285714285714286,0.8297619047619047,0.6666666666666666,0.7648809523809523
TS0330G,4,25,TS0330B+TS0330C+TS0330F+TS0330H,temperature,140,31,37,7,1.0,0.9999999999999998,0.7368421052631579,0.8958333333333333
TS0330G,4,25,TS0330B+TS0330C+TS0330F+TS0330H,pressure_absolute,140,31,37,7,1.0,0.9999999999999998,0.7,0.875
TS0330G,4,25,TS0330B+TS0330C+TS0330F+TS0330H,pressure_shape,140,31,37,7,0.26785714285714285,0.17300612086326372,0.0,0.25
TS0330G,4,25,TS0330B+TS0330C+TS0330F+TS0330H,fusion_absolute,140,31,37,7,0.7142857142857143,0.7751152073732719,0.5555555555555556,0.7321428571428572
TS0330G,4,25,TS0330B+TS0330C+TS0330F+TS0330H,fusion_shape,140,31,37,7,0.6845238095238096,0.5514430014430014,0.36363636363636365,0.6011904761904762
TS0330G,4,26,TS0330B+TS0330D+TS0330E+TS0330F,temperature,145,31,42,7,0.7142857142857143,0.7751152073732719,0.7142857142857143,0.8154761904761905
TS0330G,4,26,TS0330B+TS0330D+TS0330E+TS0330F,pressure_absolute,145,31,42,7,1.0,0.9999999999999998,0.875,0.9583333333333333
TS0330G,4,26,TS0330B+TS0330D+TS0330E+TS0330F,pressure_shape,145,31,42,7,0.5119047619047619,0.2620871243451889,0.38461538461538464,0.5654761904761905
TS0330G,4,26,TS0330B+TS0330D+TS0330E+TS0330F,fusion_absolute,145,31,42,7,0.7142857142857143,0.7751152073732719,0.5555555555555556,0.7321428571428572
TS0330G,4,26,TS0330B+TS0330D+TS0330E+TS0330F,fusion_shape,145,31,42,7,0.7142857142857143,0.7751152073732719,0.7692307692307693,0.8363095238095238
TS0330G,4,27,TS0330B+TS0330D+TS0330E+TS0330H,temperature,145,31,46,7,0.9761904761904762,0.9325396825396823,0.7368421052631579,0.8958333333333333
TS0330G,4,27,TS0330B+TS0330D+TS0330E+TS0330H,pressure_absolute,145,31,46,7,0.9940476190476191,0.982142857142857,0.5833333333333334,0.7916666666666667
TS0330G,4,27,TS0330B+TS0330D+TS0330E+TS0330H,pressure_shape,145,31,46,7,0.494047619047619,0.24787597834832859,0.4166666666666667,0.6071428571428572
TS0330G,4,27,TS0330B+TS0330D+TS0330E+TS0330H,fusion_absolute,145,31,46,7,0.7142857142857143,0.7751152073732719,0.5,0.6904761904761905
TS0330G,4,27,TS0330B+TS0330D+TS0330E+TS0330H,fusion_shape,145,31,46,7,0.7619047619047619,0.7842857142857143,0.7692307692307693,0.8363095238095238
TS0330G,4,28,TS0330B+TS0330D+TS0330F+TS0330H,temperature,139,31,41,7,0.9285714285714286,0.8626373626373625,0.5882352941176471,0.7529761904761905
TS0330G,4,28,TS0330B+TS0330D+TS0330F+TS0330H,pressure_absolute,139,31,41,7,1.0,0.9999999999999998,0.6363636363636364,0.8333333333333333
TS0330G,4,28,TS0330B+TS0330D+TS0330F+TS0330H,pressure_shape,139,31,41,7,0.40476190476190477,0.2078503293941082,0.2727272727272727,0.4642857142857143
TS0330G,4,28,TS0330B+TS0330D+TS0330F+TS0330H,fusion_absolute,139,31,41,7,0.7142857142857143,0.7751152073732719,0.5,0.6904761904761905
TS0330G,4,28,TS0330B+TS0330D+TS0330F+TS0330H,fusion_shape,139,31,41,7,0.7142857142857143,0.7751152073732719,0.8333333333333334,0.8571428571428572
TS0330G,4,29,TS0330B+TS0330E+TS0330F+TS0330H,temperature,146,31,50,7,1.0,0.9999999999999998,0.7368421052631579,0.8958333333333333
TS0330G,4,29,TS0330B+TS0330E+TS0330F+TS0330H,pressure_absolute,146,31,50,7,0.988095238095238,0.9682539682539681,0.7368421052631579,0.8958333333333333
TS0330G,4,29,TS0330B+TS0330E+TS0330F+TS0330H,pressure_shape,146,31,50,7,0.494047619047619,0.25184650595331,0.36363636363636365,0.5565476190476191
TS0330G,4,29,TS0330B+TS0330E+TS0330F+TS0330H,fusion_absolute,146,31,50,7,0.7142857142857143,0.7751152073732719,0.5,0.6904761904761905
TS0330G,4,29,TS0330B+TS0330E+TS0330F+TS0330H,fusion_shape,146,31,50,7,0.738095238095238,0.7793650793650793,0.7692307692307693,0.8363095238095238
TS0330G,4,30,TS0330C+TS0330D+TS0330E+TS0330F,temperature,137,31,37,7,0.7142857142857143,0.7751152073732719,0.7142857142857143,0.8154761904761905
TS0330G,4,30,TS0330C+TS0330D+TS0330E+TS0330F,pressure_absolute,137,31,37,7,0.9940476190476191,0.982142857142857,0.6666666666666666,0.8541666666666667
TS0330G,4,30,TS0330C+TS0330D+TS0330E+TS0330F,pressure_shape,137,31,37,7,0.30357142857142855,0.18183489929862504,0.3333333333333333,0.48214285714285715
TS0330G,4,30,TS0330C+TS0330D+TS0330E+TS0330F,fusion_absolute,137,31,37,7,0.7142857142857143,0.7751152073732719,0.3448275862068966,0.5029761904761905
TS0330G,4,30,TS0330C+TS0330D+TS0330E+TS0330F,fusion_shape,137,31,37,7,0.7142857142857143,0.7751152073732719,0.7142857142857143,0.8154761904761905
TS0330G,4,31,TS0330C+TS0330D+TS0330E+TS0330H,temperature,137,31,41,7,0.8690476190476191,0.8202614379084967,0.625,0.7738095238095238
TS0330G,4,31,TS0330C+TS0330D+TS0330E+TS0330H,pressure_absolute,137,31,41,7,0.9940476190476191,0.982142857142857,0.5384615384615384,0.75
TS0330G,4,31,TS0330C+TS0330D+TS0330E+TS0330H,pressure_shape,137,31,41,7,0.3630952380952381,0.19472667855020798,0.3870967741935484,0.5535714285714286
TS0330G,4,31,TS0330C+TS0330D+TS0330E+TS0330H,fusion_absolute,137,31,41,7,0.7142857142857143,0.7751152073732719,0.45454545454545453,0.6488095238095238
TS0330G,4,31,TS0330C+TS0330D+TS0330E+TS0330H,fusion_shape,137,31,41,7,0.7142857142857143,0.7751152073732719,0.7142857142857143,0.8154761904761905
TS0330G,4,32,TS0330C+TS0330D+TS0330F+TS0330H,temperature,131,31,36,7,0.7916666666666667,0.7915527950310559,0.5882352941176471,0.7529761904761905
TS0330G,4,32,TS0330C+TS0330D+TS0330F+TS0330H,pressure_absolute,131,31,36,7,1.0,0.9999999999999998,0.5384615384615384,0.75
TS0330G,4,32,TS0330C+TS0330D+TS0330F+TS0330H,pressure_shape,131,31,36,7,0.09523809523809522,0.14760442194965717,0.0,0.3333333333333333
TS0330G,4,32,TS0330C+TS0330D+TS0330F+TS0330H,fusion_absolute,131,31,36,7,0.7142857142857143,0.7751152073732719,0.35714285714285715,0.5238095238095238
TS0330G,4,32,TS0330C+TS0330D+TS0330F+TS0330H,fusion_shape,131,31,36,7,0.7023809523809523,0.7342988808426596,0.25,0.5714285714285714
TS0330G,4,33,TS0330C+TS0330E+TS0330F+TS0330H,temperature,138,31,45,7,0.9166666666666666,0.8516483516483515,0.5882352941176471,0.7529761904761905
TS0330G,4,33,TS0330C+TS0330E+TS0330F+TS0330H,pressure_absolute,138,31,45,7,0.9821428571428571,0.9571428571428571,0.56,0.7708333333333333
TS0330G,4,33,TS0330C+TS0330E+TS0330F+TS0330H,pressure_shape,138,31,45,7,0.3035714285714286,0.1808915529992416,0.3448275862068966,0.5029761904761905
TS0330G,4,33,TS0330C+TS0330E+TS0330F+TS0330H,fusion_absolute,138,31,45,7,0.7142857142857143,0.7751152073732719,0.47619047619047616,0.6696428571428572
TS0330G,4,33,TS0330C+TS0330E+TS0330F+TS0330H,fusion_shape,138,31,45,7,0.7083333333333334,0.7513056835637482,0.625,0.7738095238095238
TS0330G,4,34,TS0330D+TS0330E+TS0330F+TS0330H,temperature,137,31,49,7,0.7142857142857143,0.7751152073732719,0.5882352941176471,0.7529761904761905
TS0330G,4,34,TS0330D+TS0330E+TS0330F+TS0330H,pressure_absolute,137,31,49,7,0.9761904761904762,0.9367346938775509,0.5833333333333334,0.7916666666666667
TS0330G,4,34,TS0330D+TS0330E+TS0330F+TS0330H,pressure_shape,137,31,49,7,0.625,0.3659388025767336,0.3870967741935484,0.5535714285714286
TS0330G,4,34,TS0330D+TS0330E+TS0330F+TS0330H,fusion_absolute,137,31,49,7,0.7142857142857143,0.7751152073732719,0.47619047619047616,0.6696428571428572
TS0330G,4,34,TS0330D+TS0330E+TS0330F+TS0330H,fusion_shape,137,31,49,7,0.7023809523809523,0.7342988808426596,0.5,0.6904761904761905
TS0330G,7,0,TS0330A+TS0330B+TS0330C+TS0330D+TS0330E+TS0330F+TS0330H,temperature,252,31,71,7,0.8571428571428572,0.8145363408521302,0.6666666666666666,0.7946428571428572
TS0330G,7,0,TS0330A+TS0330B+TS0330C+TS0330D+TS0330E+TS0330F+TS0330H,pressure_absolute,252,31,71,7,0.9523809523809523,0.9081632653061225,0.5833333333333334,0.7916666666666667
TS0330G,7,0,TS0330A+TS0330B+TS0330C+TS0330D+TS0330E+TS0330F+TS0330H,pressure_shape,252,31,71,7,0.45833333333333337,0.23104816330622782,0.38461538461538464,0.5654761904761905
TS0330G,7,0,TS0330A+TS0330B+TS0330C+TS0330D+TS0330E+TS0330F+TS0330H,fusion_absolute,252,31,71,7,0.7142857142857143,0.7751152073732719,0.47619047619047616,0.6696428571428572
TS0330G,7,0,TS0330A+TS0330B+TS0330C+TS0330D+TS0330E+TS0330F+TS0330H,fusion_shape,252,31,71,7,0.7142857142857143,0.7751152073732719,0.7692307692307693,0.8363095238095238
TS0330H,2,0,TS0330A+TS0330B,temperature,82,33,19,15,1.0,1.0,0.75,0.8
TS0330H,2,0,TS0330A+TS0330B,pressure_absolute,82,33,19,15,0.9703703703703705,0.9717460317460317,0.8333333333333334,0.8333333333333333
TS0330H,2,0,TS0330A+TS0330B,pressure_shape,82,33,19,15,0.5074074074074075,0.45518085551580045,0.0,0.5
TS0330H,2,0,TS0330A+TS0330B,fusion_absolute,82,33,19,15,1.0,1.0,0.0,0.5
TS0330H,2,0,TS0330A+TS0330B,fusion_shape,82,33,19,15,0.9481481481481482,0.94995596995597,0.8,0.8333333333333333
TS0330H,2,1,TS0330A+TS0330C,temperature,74,33,14,15,1.0,1.0,0.75,0.8
TS0330H,2,1,TS0330A+TS0330C,pressure_absolute,74,33,14,15,0.9666666666666668,0.9691876750700279,0.0,0.5
TS0330H,2,1,TS0330A+TS0330C,pressure_shape,74,33,14,15,0.8629629629629629,0.8491574727252477,0.6153846153846154,0.6833333333333333
TS0330H,2,1,TS0330A+TS0330C,fusion_absolute,74,33,14,15,0.9851851851851852,0.9859649122807017,0.0,0.5
TS0330H,2,1,TS0330A+TS0330C,fusion_shape,74,33,14,15,0.9185185185185185,0.9244019138755981,0.8461538461538461,0.8666666666666667
TS0330H,2,2,TS0330A+TS0330D,temperature,73,33,18,15,1.0,1.0,0.8,0.8333333333333333
TS0330H,2,2,TS0330A+TS0330D,pressure_absolute,73,33,18,15,0.9407407407407408,0.9382101086048453,0.5714285714285714,0.7
TS0330H,2,2,TS0330A+TS0330D,pressure_shape,73,33,18,15,0.8333333333333334,0.8338299394477884,0.5454545454545454,0.6722222222222223
TS0330H,2,2,TS0330A+TS0330D,fusion_absolute,73,33,18,15,1.0,1.0,0.967741935483871,0.9722222222222222
TS0330H,2,2,TS0330A+TS0330D,fusion_shape,73,33,18,15,1.0,1.0,0.75,0.8
TS0330H,2,3,TS0330A+TS0330E,temperature,80,33,27,15,1.0,1.0,0.8,0.8333333333333333
TS0330H,2,3,TS0330A+TS0330E,pressure_absolute,80,33,27,15,0.8740740740740741,0.8605460770166652,0.5714285714285714,0.7
TS0330H,2,3,TS0330A+TS0330E,pressure_shape,80,33,27,15,0.8333333333333334,0.7972693391346641,0.8333333333333334,0.8333333333333333
TS0330H,2,3,TS0330A+TS0330E,fusion_absolute,80,33,27,15,1.0,1.0,0.9285714285714286,0.9333333333333333
TS0330H,2,3,TS0330A+TS0330E,fusion_shape,80,33,27,15,0.9962962962962962,0.9958333333333333,0.9285714285714286,0.9333333333333333
TS0330H,2,4,TS0330A+TS0330F,temperature,74,33,22,15,1.0,1.0,0.8461538461538461,0.8666666666666667
TS0330H,2,4,TS0330A+TS0330F,pressure_absolute,74,33,22,15,0.9481481481481482,0.9473767752715121,0.125,0.5333333333333333
TS0330H,2,4,TS0330A+TS0330F,pressure_shape,74,33,22,15,0.8555555555555556,0.8153543097196347,0.8235294117647058,0.8277777777777777
TS0330H,2,4,TS0330A+TS0330F,fusion_absolute,74,33,22,15,1.0,1.0,0.8823529411764706,0.8888888888888888
TS0330H,2,4,TS0330A+TS0330F,fusion_shape,74,33,22,15,1.0,1.0,0.8888888888888888,0.9
TS0330H,2,5,TS0330A+TS0330G,temperature,72,33,18,15,1.0,1.0,0.8461538461538461,0.8666666666666667
TS0330H,2,5,TS0330A+TS0330G,pressure_absolute,72,33,18,15,0.9703703703703704,0.9726190476190475,0.125,0.5333333333333333
TS0330H,2,5,TS0330A+TS0330G,pressure_shape,72,33,18,15,0.5814814814814815,0.4904881314256024,0.0,0.5
TS0330H,2,5,TS0330A+TS0330G,fusion_absolute,72,33,18,15,1.0,1.0,0.75,0.8
TS0330H,2,5,TS0330A+TS0330G,fusion_shape,72,33,18,15,0.9962962962962962,0.9958333333333333,0.8888888888888888,0.9
TS0330H,2,6,TS0330B+TS0330C,temperature,74,33,11,15,0.9888888888888888,0.9877124183006536,0.6956521739130435,0.7666666666666666
TS0330H,2,6,TS0330B+TS0330C,pressure_absolute,74,33,11,15,0.962962962962963,0.9595543345543345,0.0,0.5
TS0330H,2,6,TS0330B+TS0330C,pressure_shape,74,33,11,15,0.637037037037037,0.6330470415710907,0.36363636363636365,0.55
TS0330H,2,6,TS0330B+TS0330C,fusion_absolute,74,33,11,15,0.9851851851851852,0.9844444444444445,0.0,0.5
TS0330H,2,6,TS0330B+TS0330C,fusion_shape,74,33,11,15,0.8592592592592593,0.892298139768728,0.8148148148148148,0.8388888888888888
TS0330H,2,7,TS0330B+TS0330D,temperature,73,33,15,15,1.0,1.0,0.75,0.8
TS0330H,2,7,TS0330B+TS0330D,pressure_absolute,73,33,15,15,0.962962962962963,0.9549222999222999,0.0,0.5
TS0330H,2,7,TS0330B+TS0330D,pressure_shape,73,33,15,15,0.5592592592592592,0.5551612286137457,0.17391304347826086,0.39999999999999997
TS0330H,2,7,TS0330B+TS0330D,fusion_absolute,73,33,15,15,0.9851851851851852,0.9844444444444445,0.5714285714285714,0.7
TS0330H,2,7,TS0330B+TS0330D,fusion_shape,73,33,15,15,0.9851851851851852,0.9838235294117647,0.75,0.8
TS0330H,2,8,TS0330B+TS0330E,temperature,80,33,24,15,0.9962962962962962,0.9958333333333333,0.75,0.8
TS0330H,2,8,TS0330B+TS0330E,pressure_absolute,80,33,24,15,0.9740740740740741,0.968998778998779,0.5714285714285714,0.7
TS0330H,2,8,TS0330B+TS0330E,pressure_shape,80,33,24,15,0.8333333333333334,0.8243502358208241,0.6428571428571429,0.6888888888888889
TS0330H,2,8,TS0330B+TS0330E,fusion_absolute,80,33,24,15,0.9888888888888888,0.9877124183006536,0.8888888888888888,0.9
TS0330H,2,8,TS0330B+TS0330E,fusion_shape,80,33,24,15,0.9592592592592593,0.9610275689223058,0.8461538461538461,0.8666666666666667
TS0330H,2,9,TS0330B+TS0330F,temperature,74,33,19,15,1.0,1.0,0.8,0.8333333333333333
TS0330H,2,9,TS0330B+TS0330F,pressure_absolute,74,33,19,15,0.9703703703703704,0.96510989010989,0.0,0.5
TS0330H,2,9,TS0330B+TS0330F,pressure_shape,74,33,19,15,0.6296296296296297,0.6221929619275374,0.5,0.5666666666666667
TS0330H,2,9,TS0330B+TS0330F,fusion_absolute,74,33,19,15,0.9888888888888888,0.9877124183006536,0.8,0.8333333333333333
TS0330H,2,9,TS0330B+TS0330F,fusion_shape,74,33,19,15,0.974074074074074,0.9698064353946707,0.8461538461538461,0.8666666666666667
TS0330H,2,10,TS0330B+TS0330G,temperature,72,33,15,15,1.0,1.0,0.8,0.8333333333333333
TS0330H,2,10,TS0330B+TS0330G,pressure_absolute,72,33,15,15,0.962962962962963,0.9595543345543345,0.7692307692307693,0.8055555555555556
TS0330H,2,10,TS0330B+TS0330G,pressure_shape,72,33,15,15,0.525925925925926,0.4632628165362604,0.0,0.4166666666666667
TS0330H,2,10,TS0330B+TS0330G,fusion_absolute,72,33,15,15,1.0,1.0,0.9285714285714286,0.9333333333333333
TS0330H,2,10,TS0330B+TS0330G,fusion_shape,72,33,15,15,0.9851851851851852,0.981498778998779,0.8461538461538461,0.8666666666666667
TS0330H,2,11,TS0330C+TS0330D,temperature,65,33,10,15,1.0,1.0,0.75,0.8
TS0330H,2,11,TS0330C+TS0330D,pressure_absolute,65,33,10,15,0.9666666666666667,0.9600141963299859,0.625,0.5
TS0330H,2,11,TS0330C+TS0330D,pressure_shape,65,33,10,15,0.762962962962963,0.7303069273721448,0.6896551724137931,0.7222222222222222
TS0330H,2,11,TS0330C+TS0330D,fusion_absolute,65,33,10,15,0.9296296296296297,0.9315566694514064,0.625,0.5
TS0330H,2,11,TS0330C+TS0330D,fusion_shape,65,33,10,15,0.9074074074074074,0.9164630103249028,0.8461538461538461,0.8666666666666667
TS0330H,2,12,TS0330C+TS0330E,temperature,72,33,19,15,0.962962962962963,0.9601831123812548,0.75,0.8
TS0330H,2,12,TS0330C+TS0330E,pressure_absolute,72,33,19,15,0.9777777777777777,0.9722667528549882,0.8571428571428571,0.8722222222222222
TS0330H,2,12,TS0330C+TS0330E,pressure_shape,72,33,19,15,0.8185185185185186,0.7624322464028346,0.8333333333333334,0.8333333333333333
TS0330H,2,12,TS0330C+TS0330E,fusion_absolute,72,33,19,15,0.9555555555555556,0.9560185185185186,0.625,0.5
TS0330H,2,12,TS0330C+TS0330E,fusion_shape,72,33,19,15,0.888888888888889,0.8950718485161209,0.7647058823529411,0.7666666666666666
TS0330H,2,13,TS0330C+TS0330F,temperature,66,33,14,15,1.0,1.0,0.8,0.8333333333333333
TS0330H,2,13,TS0330C+TS0330F,pressure_absolute,66,33,14,15,0.9740740740740741,0.968998778998779,0.5,0.6666666666666666
TS0330H,2,13,TS0330C+TS0330F,pressure_shape,66,33,14,15,0.8111111111111111,0.7152491371144621,0.8571428571428571,0.8611111111111112
TS0330H,2,13,TS0330C+TS0330F,fusion_absolute,66,33,14,15,0.9444444444444444,0.943308434484905,0.8108108108108109,0.8055555555555556
TS0330H,2,13,TS0330C+TS0330F,fusion_shape,66,33,14,15,0.8814814814814815,0.8935306850012732,0.7272727272727273,0.7333333333333334
TS0330H,2,14,TS0330C+TS0330G,temperature,64,33,10,15,0.9962962962962962,0.9958333333333333,0.8,0.8333333333333333
TS0330H,2,14,TS0330C+TS0330G,pressure_absolute,64,33,10,15,0.962962962962963,0.9580589293747189,0.7692307692307693,0.8055555555555556
TS0330H,2,14,TS0330C+TS0330G,pressure_shape,64,33,10,15,0.737037037037037,0.6423874005052495,0.0,0.5
TS0330H,2,14,TS0330C+TS0330G,fusion_absolute,64,33,10,15,0.9777777777777779,0.9757936507936508,0.896551724137931,0.9055555555555556
TS0330H,2,14,TS0330C+TS0330G,fusion_shape,64,33,10,15,0.9074074074074074,0.9155130249867092,0.8148148148148148,0.8388888888888888
TS0330H,2,15,TS0330D+TS0330E,temperature,71,33,23,15,0.9962962962962962,0.9958333333333333,0.8,0.8333333333333333
TS0330H,2,15,TS0330D+TS0330E,pressure_absolute,71,33,23,15,0.9592592592592593,0.9613756613756614,0.42105263157894735,0.6333333333333333
TS0330H,2,15,TS0330D+TS0330E,pressure_shape,71,33,23,15,0.8814814814814815,0.872585161656369,0.7407407407407407,0.7777777777777777
TS0330H,2,15,TS0330D+TS0330E,fusion_absolute,71,33,23,15,1.0,1.0,0.6521739130434783,0.5555555555555556
TS0330H,2,15,TS0330D+TS0330E,fusion_shape,71,33,23,15,1.0,1.0,0.8,0.8333333333333333
TS0330H,2,16,TS0330D+TS0330F,temperature,65,33,18,15,1.0,1.0,0.8461538461538461,0.8666666666666667
TS0330H,2,16,TS0330D+TS0330F,pressure_absolute,65,33,18,15,0.9666666666666668,0.9691876750700279,0.0,0.5
TS0330H,2,16,TS0330D+TS0330F,pressure_shape,65,33,18,15,0.6851851851851852,0.723938865987167,0.5185185185185185,0.5944444444444444
TS0330H,2,16,TS0330D+TS0330F,fusion_absolute,65,33,18,15,1.0,1.0,0.75,0.7222222222222222
TS0330H,2,16,TS0330D+TS0330F,fusion_shape,65,33,18,15,0.9851851851851852,0.9838235294117647,0.5,0.6666666666666666
TS0330H,2,17,TS0330D+TS0330G,temperature,63,33,14,15,1.0,1.0,0.8461538461538461,0.8666666666666667
TS0330H,2,17,TS0330D+TS0330G,pressure_absolute,63,33,14,15,0.9555555555555556,0.9562474562474563,0.0,0.5
TS0330H,2,17,TS0330D+TS0330G,pressure_shape,63,33,14,15,0.6148148148148148,0.6649124256509248,0.3333333333333333,0.6
TS0330H,2,17,TS0330D+TS0330G,fusion_absolute,63,33,14,15,0.9962962962962962,0.9958333333333333,0.8888888888888888,0.9
TS0330H,2,17,TS0330D+TS0330G,fusion_shape,63,33,14,15,1.0,1.0,0.8,0.8333333333333333
TS0330H,2,18,TS0330E+TS0330F,temperature,72,33,27,15,1.0,1.0,0.8461538461538461,0.8666666666666667
TS0330H,2,18,TS0330E+TS0330F,pressure_absolute,72,33,27,15,0.9666666666666668,0.9691876750700279,0.0,0.5
TS0330H,2,18,TS0330E+TS0330F,pressure_shape,72,33,27,15,0.8592592592592593,0.8255604434551803,0.8235294117647058,0.8277777777777777
TS0330H,2,18,TS0330E+TS0330F,fusion_absolute,72,33,27,15,1.0,1.0,0.9655172413793104,0.9666666666666667
TS0330H,2,18,TS0330E+TS0330F,fusion_shape,72,33,27,15,1.0,1.0,0.8888888888888888,0.9
TS0330H,2,19,TS0330E+TS0330G,temperature,70,33,23,15,0.9962962962962962,0.9958333333333333,0.8461538461538461,0.8666666666666667
TS0330H,2,19,TS0330E+TS0330G,pressure_absolute,70,33,23,15,0.9555555555555555,0.9519959778783307,0.8,0.8333333333333333
TS0330H,2,19,TS0330E+TS0330G,pressure_shape,70,33,23,15,0.5740740740740741,0.5590715367729353,0.4827586206896552,0.538888888888889
TS0330H,2,19,TS0330E+TS0330G,fusion_absolute,70,33,23,15,1.0,1.0,0.8461538461538461,0.8666666666666667
TS0330H,2,19,TS0330E+TS0330G,fusion_shape,70,33,23,15,0.9740740740740741,0.9742002063983488,0.9285714285714286,0.9333333333333333
TS0330H,2,20,TS0330F+TS0330G,temperature,64,33,18,15,0.9962962962962962,0.9958333333333333,0.8888888888888888,0.9
TS0330H,2,20,TS0330F+TS0330G,pressure_absolute,64,33,18,15,0.9703703703703703,0.9677414690572586,0.0,0.5
TS0330H,2,20,TS0330F+TS0330G,pressure_shape,64,33,18,15,0.5666666666666667,0.5222466960491675,0.11764705882352941,0.5055555555555555
TS0330H,2,20,TS0330F+TS0330G,fusion_absolute,64,33,18,15,1.0,1.0,0.8461538461538461,0.8666666666666667
TS0330H,2,20,TS0330F+TS0330G,fusion_shape,64,33,18,15,1.0,1.0,0.9285714285714286,0.9333333333333333
TS0330H,4,0,TS0330A+TS0330B+TS0330C+TS0330D,temperature,147,33,29,15,0.9962962962962962,0.9958333333333333,0.6956521739130435,0.7666666666666666
TS0330H,4,0,TS0330A+TS0330B+TS0330C+TS0330D,pressure_absolute,147,33,29,15,0.9703703703703703,0.966074802390592,0.0,0.5
TS0330H,4,0,TS0330A+TS0330B+TS0330C+TS0330D,pressure_shape,147,33,29,15,0.8037037037037037,0.8140224807871865,0.6363636363636364,0.7333333333333334
TS0330H,4,0,TS0330A+TS0330B+TS0330C+TS0330D,fusion_absolute,147,33,29,15,0.9703703703703703,0.9694383016364441,0.5714285714285714,0.7
TS0330H,4,0,TS0330A+TS0330B+TS0330C+TS0330D,fusion_shape,147,33,29,15,0.9481481481481482,0.9501031991744067,0.8,0.8333333333333333
TS0330H,4,1,TS0330A+TS0330B+TS0330C+TS0330E,temperature,154,33,38,15,0.9962962962962962,0.9958333333333333,0.6956521739130435,0.7666666666666666
TS0330H,4,1,TS0330A+TS0330B+TS0330C+TS0330E,pressure_absolute,154,33,38,15,0.9740740740740741,0.9716303579461475,0.125,0.5333333333333333
TS0330H,4,1,TS0330A+TS0330B+TS0330C+TS0330E,pressure_shape,154,33,38,15,0.8518518518518519,0.825047116912442,0.7096774193548387,0.7277777777777777
TS0330H,4,1,TS0330A+TS0330B+TS0330C+TS0330E,fusion_absolute,154,33,38,15,0.9666666666666667,0.9653113175094599,0.8461538461538461,0.8666666666666667
TS0330H,4,1,TS0330A+TS0330B+TS0330C+TS0330E,fusion_shape,154,33,38,15,0.9333333333333333,0.9353661932609302,0.8461538461538461,0.8666666666666667
TS0330H,4,2,TS0330A+TS0330B+TS0330C+TS0330F,temperature,148,33,33,15,1.0,1.0,0.75,0.8
TS0330H,4,2,TS0330A+TS0330B+TS0330C+TS0330F,pressure_absolute,148,33,33,15,0.9814814814814815,0.9796825396825397,0.125,0.5333333333333333
TS0330H,4,2,TS0330A+TS0330B+TS0330C+TS0330F,pressure_shape,148,33,33,15,0.7925925925925925,0.8036962865136239,0.5925925925925926,0.6555555555555556
TS0330H,4,2,TS0330A+TS0330B+TS0330C+TS0330F,fusion_absolute,148,33,33,15,0.9666666666666667,0.9653113175094599,0.8888888888888888,0.9
TS0330H,4,2,TS0330A+TS0330B+TS0330C+TS0330F,fusion_shape,148,33,33,15,0.9444444444444445,0.9477222467934543,0.8461538461538461,0.8666666666666667
TS0330H,4,3,TS0330A+TS0330B+TS0330C+TS0330G,temperature,146,33,29,15,1.0,1.0,0.75,0.8
TS0330H,4,3,TS0330A+TS0330B+TS0330C+TS0330G,pressure_absolute,146,33,29,15,0.9777777777777777,0.9722667528549882,0.125,0.5333333333333333
TS0330H,4,3,TS0330A+TS0330B+TS0330C+TS0330G,pressure_shape,146,33,29,15,0.6185185185185185,0.503742536559874,0.0,0.5
TS0330H,4,3,TS0330A+TS0330B+TS0330C+TS0330G,fusion_absolute,146,33,29,15,0.9962962962962962,0.9958333333333333,0.8461538461538461,0.8666666666666667
TS0330H,4,3,TS0330A+TS0330B+TS0330C+TS0330G,fusion_shape,146,33,29,15,0.9888888888888889,0.9888888888888889,0.8461538461538461,0.8666666666666667
TS0330H,4,4,TS0330A+TS0330B+TS0330D+TS0330E,temperature,153,33,42,15,1.0,1.0,0.75,0.8
TS0330H,4,4,TS0330A+TS0330B+TS0330D+TS0330E,pressure_absolute,153,33,42,15,0.9740740740740741,0.9741269841269841,0.125,0.5333333333333333
TS0330H,4,4,TS0330A+TS0330B+TS0330D+TS0330E,pressure_shape,153,33,42,15,0.8851851851851852,0.8632771207693808,0.56,0.65
TS0330H,4,4,TS0330A+TS0330B+TS0330D+TS0330E,fusion_absolute,153,33,42,15,0.9962962962962962,0.9958333333333333,0.8,0.8333333333333333
TS0330H,4,4,TS0330A+TS0330B+TS0330D+TS0330E,fusion_shape,153,33,42,15,0.9962962962962962,0.9958333333333333,0.8,0.8333333333333333
TS0330H,4,5,TS0330A+TS0330B+TS0330D+TS0330F,temperature,147,33,37,15,1.0,1.0,0.75,0.8
TS0330H,4,5,TS0330A+TS0330B+TS0330D+TS0330F,pressure_absolute,147,33,37,15,0.9740740740740741,0.9741269841269841,0.0,0.5
TS0330H,4,5,TS0330A+TS0330B+TS0330D+TS0330F,pressure_shape,147,33,37,15,0.6888888888888889,0.7431084806370847,0.6086956521739131,0.7055555555555555
TS0330H,4,5,TS0330A+TS0330B+TS0330D+TS0330F,fusion_absolute,147,33,37,15,0.9962962962962962,0.9958333333333333,0.8461538461538461,0.8666666666666667
TS0330H,4,5,TS0330A+TS0330B+TS0330D+TS0330F,fusion_shape,147,33,37,15,1.0,1.0,0.8,0.8333333333333333
TS0330H,4,6,TS0330A+TS0330B+TS0330D+TS0330G,temperature,145,33,33,15,1.0,1.0,0.8,0.8333333333333333
TS0330H,4,6,TS0330A+TS0330B+TS0330D+TS0330G,pressure_absolute,145,33,33,15,0.9740740740740741,0.9741269841269841,0.0,0.5
TS0330H,4,6,TS0330A+TS0330B+TS0330D+TS0330G,pressure_shape,145,33,33,15,0.7629629629629631,0.758485787117366,0.0,0.5
TS0330H,4,6,TS0330A+TS0330B+TS0330D+TS0330G,fusion_absolute,145,33,33,15,1.0,1.0,0.8,0.8333333333333333
TS0330H,4,6,TS0330A+TS0330B+TS0330D+TS0330G,fusion_shape,145,33,33,15,1.0,1.0,0.8,0.8333333333333333
TS0330H,4,7,TS0330A+TS0330B+TS0330E+TS0330F,temperature,154,33,46,15,1.0,1.0,0.8,0.8333333333333333
TS0330H,4,7,TS0330A+TS0330B+TS0330E+TS0330F,pressure_absolute,154,33,46,15,0.9740740740740741,0.9741269841269841,0.125,0.5333333333333333
TS0330H,4,7,TS0330A+TS0330B+TS0330E+TS0330F,pressure_shape,154,33,46,15,0.8592592592592593,0.8332878576531828,0.7333333333333333,0.7555555555555555
TS0330H,4,7,TS0330A+TS0330B+TS0330E+TS0330F,fusion_absolute,154,33,46,15,0.9962962962962962,0.9958333333333333,0.8461538461538461,0.8666666666666667
TS0330H,4,7,TS0330A+TS0330B+TS0330E+TS0330F,fusion_shape,154,33,46,15,0.9962962962962962,0.9958333333333333,0.8,0.8333333333333333
TS0330H,4,8,TS0330A+TS0330B+TS0330E+TS0330G,temperature,152,33,42,15,1.0,1.0,0.8,0.8333333333333333
TS0330H,4,8,TS0330A+TS0330B+TS0330E+TS0330G,pressure_absolute,152,33,42,15,0.9740740740740741,0.968998778998779,0.5,0.6666666666666666
TS0330H,4,8,TS0330A+TS0330B+TS0330E+TS0330G,pressure_shape,152,33,42,15,0.9037037037037039,0.9260187482768127,0.3333333333333333,0.6
TS0330H,4,8,TS0330A+TS0330B+TS0330E+TS0330G,fusion_absolute,152,33,42,15,0.9962962962962962,0.9958333333333333,0.8461538461538461,0.8666666666666667
TS0330H,4,8,TS0330A+TS0330B+TS0330E+TS0330G,fusion_shape,152,33,42,15,0.9925925925925926,0.9913888888888889,0.8461538461538461,0.8666666666666667
TS0330H,4,9,TS0330A+TS0330B+TS0330F+TS0330G,temperature,146,33,37,15,1.0,1.0,0.8,0.8333333333333333
TS0330H,4,9,TS0330A+TS0330B+TS0330F+TS0330G,pressure_absolute,146,33,37,15,0.9777777777777779,0.9767585630743526,0.125,0.5333333333333333
TS0330H,4,9,TS0330A+TS0330B+TS0330F+TS0330G,pressure_shape,146,33,37,15,0.7296296296296296,0.756232689002199,0.0,0.5
TS0330H,4,9,TS0330A+TS0330B+TS0330F+TS0330G,fusion_absolute,146,33,37,15,0.9962962962962962,0.9958333333333333,0.8461538461538461,0.8666666666666667
TS0330H,4,9,TS0330A+TS0330B+TS0330F+TS0330G,fusion_shape,146,33,37,15,1.0,1.0,0.8461538461538461,0.8666666666666667
TS0330H,4,10,TS0330A+TS0330C+TS0330D+TS0330E,temperature,145,33,37,15,0.9962962962962962,0.9958333333333333,0.75,0.8
TS0330H,4,10,TS0330A+TS0330C+TS0330D+TS0330E,pressure_absolute,145,33,37,15,0.9592592592592593,0.9613756613756614,0.42105263157894735,0.6333333333333333
TS0330H,4,10,TS0330A+TS0330C+TS0330D+TS0330E,pressure_shape,145,33,37,15,0.8666666666666667,0.8417346396293766,0.7741935483870968,0.788888888888889
TS0330H,4,10,TS0330A+TS0330C+TS0330D+TS0330E,fusion_absolute,145,33,37,15,0.9666666666666667,0.9653113175094599,0.8275862068965517,0.8444444444444444
TS0330H,4,10,TS0330A+TS0330C+TS0330D+TS0330E,fusion_shape,145,33,37,15,0.9444444444444445,0.9498989898989898,0.8,0.8333333333333333
TS0330H,4,11,TS0330A+TS0330C+TS0330D+TS0330F,temperature,139,33,32,15,1.0,1.0,0.75,0.8
TS0330H,4,11,TS0330A+TS0330C+TS0330D+TS0330F,pressure_absolute,139,33,32,15,0.962962962962963,0.9627289377289376,0.125,0.5333333333333333
TS0330H,4,11,TS0330A+TS0330C+TS0330D+TS0330F,pressure_shape,139,33,32,15,0.8555555555555556,0.8166408445355813,0.6896551724137931,0.7222222222222222
TS0330H,4,11,TS0330A+TS0330C+TS0330D+TS0330F,fusion_absolute,139,33,32,15,0.9518518518518518,0.9528322440087147,0.8484848484848485,0.8555555555555556
TS0330H,4,11,TS0330A+TS0330C+TS0330D+TS0330F,fusion_shape,139,33,32,15,0.9592592592592593,0.9634085213032582,0.8461538461538461,0.8666666666666667
TS0330H,4,12,TS0330A+TS0330C+TS0330D+TS0330G,temperature,137,33,28,15,1.0,1.0,0.8,0.8333333333333333
TS0330H,4,12,TS0330A+TS0330C+TS0330D+TS0330G,pressure_absolute,137,33,28,15,0.9666666666666667,0.96510989010989,0.0,0.5
TS0330H,4,12,TS0330A+TS0330C+TS0330D+TS0330G,pressure_shape,137,33,28,15,0.8148148148148149,0.8208979704506021,0.3333333333333333,0.6
TS0330H,4,12,TS0330A+TS0330C+TS0330D+TS0330G,fusion_absolute,137,33,28,15,0.9925925925925926,0.992156862745098,0.8461538461538461,0.8666666666666667
TS0330H,4,12,TS0330A+TS0330C+TS0330D+TS0330G,fusion_shape,137,33,28,15,0.9925925925925926,0.992156862745098,0.8,0.8333333333333333
TS0330H,4,13,TS0330A+TS0330C+TS0330E+TS0330F,temperature,146,33,41,15,1.0,1.0,0.75,0.8
TS0330H,4,13,TS0330A+TS0330C+TS0330E+TS0330F,pressure_absolute,146,33,41,15,0.962962962962963,0.9644257703081232,0.3333333333333333,0.6
TS0330H,4,13,TS0330A+TS0330C+TS0330E+TS0330F,pressure_shape,146,33,41,15,0.8407407407407408,0.7947693391346642,0.8571428571428571,0.8611111111111112
TS0330H,4,13,TS0330A+TS0330C+TS0330E+TS0330F,fusion_absolute,146,33,41,15,0.9444444444444444,0.943308434484905,0.8484848484848485,0.8555555555555556
TS0330H,4,13,TS0330A+TS0330C+TS0330E+TS0330F,fusion_shape,146,33,41,15,0.9185185185185185,0.9228260192966076,0.7878787878787878,0.7944444444444445
TS0330H,4,14,TS0330A+TS0330C+TS0330E+TS0330G,temperature,144,33,37,15,1.0,1.0,0.8,0.8333333333333333
TS0330H,4,14,TS0330A+TS0330C+TS0330E+TS0330G,pressure_absolute,144,33,37,15,0.9740740740740741,0.9741269841269841,0.42105263157894735,0.6333333333333333
TS0330H,4,14,TS0330A+TS0330C+TS0330E+TS0330G,pressure_shape,144,33,37,15,0.8592592592592593,0.8689704425062482,0.7407407407407407,0.7777777777777777
TS0330H,4,14,TS0330A+TS0330C+TS0330E+TS0330G,fusion_absolute,144,33,37,15,0.9740740740740741,0.9728696741854637,0.8571428571428571,0.8722222222222222
TS0330H,4,14,TS0330A+TS0330C+TS0330E+TS0330G,fusion_shape,144,33,37,15,0.9592592592592593,0.9610275689223058,0.8888888888888888,0.9
TS0330H,4,15,TS0330A+TS0330C+TS0330F+TS0330G,temperature,138,33,32,15,1.0,1.0,0.8,0.8333333333333333
TS0330H,4,15,TS0330A+TS0330C+TS0330F+TS0330G,pressure_absolute,138,33,32,15,0.9703703703703703,0.968998778998779,0.125,0.5333333333333333
TS0330H,4,15,TS0330A+TS0330C+TS0330F+TS0330G,pressure_shape,138,33,32,15,0.8074074074074074,0.8220060508233882,0.5,0.6666666666666666
TS0330H,4,15,TS0330A+TS0330C+TS0330F+TS0330G,fusion_absolute,138,33,32,15,0.9703703703703703,0.9694383016364441,0.8571428571428571,0.8722222222222222
TS0330H,4,15,TS0330A+TS0330C+TS0330F+TS0330G,fusion_shape,138,33,32,15,0.9666666666666667,0.9685185185185186,0.8888888888888888,0.9
TS0330H,4,16,TS0330A+TS0330D+TS0330E+TS0330F,temperature,145,33,45,15,1.0,1.0,0.8,0.8333333333333333
TS0330H,4,16,TS0330A+TS0330D+TS0330E+TS0330F,pressure_absolute,145,33,45,15,0.962962962962963,0.9644257703081232,0.125,0.5333333333333333
TS0330H,4,16,TS0330A+TS0330D+TS0330E+TS0330F,pressure_shape,145,33,45,15,0.862962962962963,0.8380479559426928,0.7333333333333333,0.7555555555555555
TS0330H,4,16,TS0330A+TS0330D+TS0330E+TS0330F,fusion_absolute,145,33,45,15,1.0,1.0,0.9655172413793104,0.9666666666666667
TS0330H,4,16,TS0330A+TS0330D+TS0330E+TS0330F,fusion_shape,145,33,45,15,1.0,1.0,0.8,0.8333333333333333
TS0330H,4,17,TS0330A+TS0330D+TS0330E+TS0330G,temperature,143,33,41,15,1.0,1.0,0.8,0.8333333333333333
TS0330H,4,17,TS0330A+TS0330D+TS0330E+TS0330G,pressure_absolute,143,33,41,15,0.962962962962963,0.9627289377289376,0.125,0.5333333333333333
TS0330H,4,17,TS0330A+TS0330D+TS0330E+TS0330G,pressure_shape,143,33,41,15,0.9037037037037037,0.8883592132505176,0.5714285714285714,0.7
TS0330H,4,17,TS0330A+TS0330D+TS0330E+TS0330G,fusion_absolute,143,33,41,15,1.0,1.0,0.8461538461538461,0.8666666666666667
TS0330H,4,17,TS0330A+TS0330D+TS0330E+TS0330G,fusion_shape,143,33,41,15,0.9962962962962962,0.9958333333333333,0.8461538461538461,0.8666666666666667
TS0330H,4,18,TS0330A+TS0330D+TS0330F+TS0330G,temperature,137,33,36,15,1.0,1.0,0.8461538461538461,0.8666666666666667
TS0330H,4,18,TS0330A+TS0330D+TS0330F+TS0330G,pressure_absolute,137,33,36,15,0.9592592592592593,0.9613756613756614,0.0,0.5
TS0330H,4,18,TS0330A+TS0330D+TS0330F+TS0330G,pressure_shape,137,33,36,15,0.7962962962962963,0.8202033872560188,0.42105263157894735,0.6333333333333333
TS0330H,4,18,TS0330A+TS0330D+TS0330F+TS0330G,fusion_absolute,137,33,36,15,1.0,1.0,0.8888888888888888,0.9
TS0330H,4,18,TS0330A+TS0330D+TS0330F+TS0330G,fusion_shape,137,33,36,15,1.0,1.0,0.8888888888888888,0.9
TS0330H,4,19,TS0330A+TS0330E+TS0330F+TS0330G,temperature,144,33,45,15,1.0,1.0,0.8461538461538461,0.8666666666666667
TS0330H,4,19,TS0330A+TS0330E+TS0330F+TS0330G,pressure_absolute,144,33,45,15,0.9666666666666668,0.9666178266178266,0.125,0.5333333333333333
TS0330H,4,19,TS0330A+TS0330E+TS0330F+TS0330G,pressure_shape,144,33,45,15,0.8703703703703703,0.8530148555148555,0.6153846153846154,0.6833333333333333
TS0330H,4,19,TS0330A+TS0330E+TS0330F+TS0330G,fusion_absolute,144,33,45,15,0.9962962962962962,0.9958333333333333,0.8888888888888888,0.9
TS0330H,4,19,TS0330A+TS0330E+TS0330F+TS0330G,fusion_shape,144,33,45,15,0.9925925925925926,0.992156862745098,0.9285714285714286,0.9333333333333333
TS0330H,4,20,TS0330B+TS0330C+TS0330D+TS0330E,temperature,145,33,34,15,0.9777777777777779,0.9757936507936508,0.6956521739130435,0.7666666666666666
TS0330H,4,20,TS0330B+TS0330C+TS0330D+TS0330E,pressure_absolute,145,33,34,15,0.9666666666666667,0.9609829059829059,0.125,0.5333333333333333
TS0330H,4,20,TS0330B+TS0330C+TS0330D+TS0330E,pressure_shape,145,33,34,15,0.8703703703703705,0.8520596832361538,0.5925925925925926,0.6555555555555556
TS0330H,4,20,TS0330B+TS0330C+TS0330D+TS0330E,fusion_absolute,145,33,34,15,0.9592592592592593,0.9575515334338862,0.8387096774193549,0.8500000000000001
TS0330H,4,20,TS0330B+TS0330C+TS0330D+TS0330E,fusion_shape,145,33,34,15,0.9074074074074074,0.9111240611240611,0.8,0.8333333333333333
TS0330H,4,21,TS0330B+TS0330C+TS0330D+TS0330F,temperature,139,33,29,15,1.0,1.0,0.75,0.8
TS0330H,4,21,TS0330B+TS0330C+TS0330D+TS0330F,pressure_absolute,139,33,29,15,0.9666666666666667,0.9609829059829059,0.0,0.5
TS0330H,4,21,TS0330B+TS0330C+TS0330D+TS0330F,pressure_shape,139,33,29,15,0.6777777777777778,0.7231084806370848,0.56,0.65
TS0330H,4,21,TS0330B+TS0330C+TS0330D+TS0330F,fusion_absolute,139,33,29,15,0.962962962962963,0.9601831123812548,0.8387096774193549,0.8500000000000001
TS0330H,4,21,TS0330B+TS0330C+TS0330D+TS0330F,fusion_shape,139,33,29,15,0.9296296296296296,0.93829307568438,0.8,0.8333333333333333
TS0330H,4,22,TS0330B+TS0330C+TS0330D+TS0330G,temperature,137,33,25,15,1.0,1.0,0.75,0.8
TS0330H,4,22,TS0330B+TS0330C+TS0330D+TS0330G,pressure_absolute,137,33,25,15,0.9666666666666667,0.9609829059829059,0.23529411764705882,0.5666666666666667
TS0330H,4,22,TS0330B+TS0330C+TS0330D+TS0330G,pressure_shape,137,33,25,15,0.6703703703703703,0.6685136684432014,0.125,0.5333333333333333
TS0330H,4,22,TS0330B+TS0330C+TS0330D+TS0330G,fusion_absolute,137,33,25,15,0.9777777777777779,0.9757936507936508,0.8888888888888888,0.9
TS0330H,4,22,TS0330B+TS0330C+TS0330D+TS0330G,fusion_shape,137,33,25,15,1.0,1.0,0.8,0.8333333333333333
TS0330H,4,23,TS0330B+TS0330C+TS0330E+TS0330F,temperature,146,33,38,15,0.9962962962962962,0.9958333333333333,0.75,0.8
TS0330H,4,23,TS0330B+TS0330C+TS0330E+TS0330F,pressure_absolute,146,33,38,15,0.9740740740740741,0.968998778998779,0.125,0.5333333333333333
TS0330H,4,23,TS0330B+TS0330C+TS0330E+TS0330F,pressure_shape,146,33,38,15,0.8629629629629629,0.836229034123771,0.8235294117647058,0.8277777777777777
TS0330H,4,23,TS0330B+TS0330C+TS0330E+TS0330F,fusion_absolute,146,33,38,15,0.9666666666666667,0.964310096508239,0.8387096774193549,0.8500000000000001
TS0330H,4,23,TS0330B+TS0330C+TS0330E+TS0330F,fusion_shape,146,33,38,15,0.9444444444444444,0.9472709551656919,0.8461538461538461,0.8666666666666667
TS0330H,4,24,TS0330B+TS0330C+TS0330E+TS0330G,temperature,144,33,34,15,0.9888888888888888,0.9877124183006536,0.75,0.8
TS0330H,4,24,TS0330B+TS0330C+TS0330E+TS0330G,pressure_absolute,144,33,34,15,0.9703703703703704,0.96510989010989,0.6363636363636364,0.7333333333333334
TS0330H,4,24,TS0330B+TS0330C+TS0330E+TS0330G,pressure_shape,144,33,34,15,0.862962962962963,0.8865433955822972,0.6363636363636364,0.7333333333333334
TS0330H,4,24,TS0330B+TS0330C+TS0330E+TS0330G,fusion_absolute,144,33,34,15,0.9703703703703703,0.9694383016364441,0.896551724137931,0.9055555555555556
TS0330H,4,24,TS0330B+TS0330C+TS0330E+TS0330G,fusion_shape,144,33,34,15,0.9555555555555555,0.9569005847953217,0.8461538461538461,0.8666666666666667
TS0330H,4,25,TS0330B+TS0330C+TS0330F+TS0330G,temperature,138,33,29,15,1.0,1.0,0.8,0.8333333333333333
TS0330H,4,25,TS0330B+TS0330C+TS0330F+TS0330G,pressure_absolute,138,33,29,15,0.9666666666666667,0.9609829059829059,0.5,0.6666666666666666
TS0330H,4,25,TS0330B+TS0330C+TS0330F+TS0330G,pressure_shape,138,33,29,15,0.6185185185185185,0.59416071887836,0.23529411764705882,0.5666666666666667
TS0330H,4,25,TS0330B+TS0330C+TS0330F+TS0330G,fusion_absolute,138,33,29,15,0.9777777777777779,0.9757936507936508,0.896551724137931,0.9055555555555556
TS0330H,4,25,TS0330B+TS0330C+TS0330F+TS0330G,fusion_shape,138,33,29,15,0.9740740740740741,0.9716666666666667,0.8461538461538461,0.8666666666666667
TS0330H,4,26,TS0330B+TS0330D+TS0330E+TS0330F,temperature,145,33,42,15,1.0,1.0,0.75,0.8
TS0330H,4,26,TS0330B+TS0330D+TS0330E+TS0330F,pressure_absolute,145,33,42,15,0.9740740740740741,0.9728696741854637,0.0,0.5
TS0330H,4,26,TS0330B+TS0330D+TS0330E+TS0330F,pressure_shape,145,33,42,15,0.8296296296296296,0.8306792118556825,0.5384615384615384,0.6222222222222222
TS0330H,4,26,TS0330B+TS0330D+TS0330E+TS0330F,fusion_absolute,145,33,42,15,0.9962962962962962,0.9958333333333333,0.9285714285714286,0.9333333333333333
TS0330H,4,26,TS0330B+TS0330D+TS0330E+TS0330F,fusion_shape,145,33,42,15,1.0,1.0,0.75,0.8
TS0330H,4,27,TS0330B+TS0330D+TS0330E+TS0330G,temperature,143,33,38,15,0.9962962962962962,0.9958333333333333,0.75,0.8
TS0330H,4,27,TS0330B+TS0330D+TS0330E+TS0330G,pressure_absolute,143,33,38,15,0.9740740740740741,0.9706654456654457,0.125,0.5333333333333333
TS0330H,4,27,TS0330B+TS0330D+TS0330E+TS0330G,pressure_shape,143,33,38,15,0.8333333333333333,0.8669507786899091,0.5714285714285714,0.7
TS0330H,4,27,TS0330B+TS0330D+TS0330E+TS0330G,fusion_absolute,143,33,38,15,0.9777777777777779,0.9757936507936508,0.8888888888888888,0.9
TS0330H,4,27,TS0330B+TS0330D+TS0330E+TS0330G,fusion_shape,143,33,38,15,1.0,1.0,0.8,0.8333333333333333
TS0330H,4,28,TS0330B+TS0330D+TS0330F+TS0330G,temperature,137,33,33,15,1.0,1.0,0.8,0.8333333333333333
TS0330H,4,28,TS0330B+TS0330D+TS0330F+TS0330G,pressure_absolute,137,33,33,15,0.9703703703703703,0.9677414690572586,0.0,0.5
TS0330H,4,28,TS0330B+TS0330D+TS0330F+TS0330G,pressure_shape,137,33,33,15,0.5555555555555556,0.5139923341553776,0.1,0.4222222222222222
TS0330H,4,28,TS0330B+TS0330D+TS0330F+TS0330G,fusion_absolute,137,33,33,15,0.9888888888888888,0.9877124183006536,0.8888888888888888,0.9
TS0330H,4,28,TS0330B+TS0330D+TS0330F+TS0330G,fusion_shape,137,33,33,15,0.9962962962962962,0.9958333333333333,0.6956521739130435,0.7666666666666666
TS0330H,4,29,TS0330B+TS0330E+TS0330F+TS0330G,temperature,144,33,42,15,1.0,1.0,0.8,0.8333333333333333
TS0330H,4,29,TS0330B+TS0330E+TS0330F+TS0330G,pressure_absolute,144,33,42,15,0.9703703703703704,0.96510989010989,0.23529411764705882,0.5666666666666667
TS0330H,4,29,TS0330B+TS0330E+TS0330F+TS0330G,pressure_shape,144,33,42,15,0.8,0.8258347835739139,0.6363636363636364,0.7333333333333334
TS0330H,4,29,TS0330B+TS0330E+TS0330F+TS0330G,fusion_absolute,144,33,42,15,0.9851851851851852,0.9844444444444445,0.8888888888888888,0.9
TS0330H,4,29,TS0330B+TS0330E+TS0330F+TS0330G,fusion_shape,144,33,42,15,1.0,1.0,0.8461538461538461,0.8666666666666667
TS0330H,4,30,TS0330C+TS0330D+TS0330E+TS0330F,temperature,137,33,37,15,0.9888888888888888,0.9877124183006536,0.75,0.8
TS0330H,4,30,TS0330C+TS0330D+TS0330E+TS0330F,pressure_absolute,137,33,37,15,0.9703703703703703,0.9677414690572586,0.42105263157894735,0.6333333333333333
TS0330H,4,30,TS0330C+TS0330D+TS0330E+TS0330F,pressure_shape,137,33,37,15,0.8592592592592594,0.8300463279410648,0.75,0.7611111111111111
TS0330H,4,30,TS0330C+TS0330D+TS0330E+TS0330F,fusion_absolute,137,33,37,15,0.9851851851851852,0.9844444444444445,0.7894736842105263,0.7777777777777778
TS0330H,4,30,TS0330C+TS0330D+TS0330E+TS0330F,fusion_shape,137,33,37,15,0.9074074074074074,0.9164630103249028,0.8461538461538461,0.8666666666666667
TS0330H,4,31,TS0330C+TS0330D+TS0330E+TS0330G,temperature,135,33,33,15,0.9777777777777779,0.9757936507936508,0.75,0.8
TS0330H,4,31,TS0330C+TS0330D+TS0330E+TS0330G,pressure_absolute,135,33,33,15,0.9666666666666667,0.9609829059829059,0.5714285714285714,0.7
TS0330H,4,31,TS0330C+TS0330D+TS0330E+TS0330G,pressure_shape,135,33,33,15,0.888888888888889,0.8867956879721586,0.6923076923076923,0.7444444444444445
TS0330H,4,31,TS0330C+TS0330D+TS0330E+TS0330G,fusion_absolute,135,33,33,15,0.9444444444444444,0.9409391534391534,0.8387096774193549,0.8500000000000001
TS0330H,4,31,TS0330C+TS0330D+TS0330E+TS0330G,fusion_shape,135,33,33,15,0.925925925925926,0.9248626373626372,0.7692307692307693,0.8055555555555556
TS0330H,4,32,TS0330C+TS0330D+TS0330F+TS0330G,temperature,129,33,28,15,0.9962962962962962,0.9958333333333333,0.8,0.8333333333333333
TS0330H,4,32,TS0330C+TS0330D+TS0330F+TS0330G,pressure_absolute,129,33,28,15,0.9666666666666667,0.9609829059829059,0.5,0.6666666666666666
TS0330H,4,32,TS0330C+TS0330D+TS0330F+TS0330G,pressure_shape,129,33,28,15,0.6851851851851851,0.7065600463215471,0.42105263157894735,0.6333333333333333
TS0330H,4,32,TS0330C+TS0330D+TS0330F+TS0330G,fusion_absolute,129,33,28,15,0.9666666666666667,0.9653113175094599,0.8666666666666667,0.8777777777777778
TS0330H,4,32,TS0330C+TS0330D+TS0330F+TS0330G,fusion_shape,129,33,28,15,0.9962962962962962,0.9958333333333333,0.8,0.8333333333333333
TS0330H,4,33,TS0330C+TS0330E+TS0330F+TS0330G,temperature,136,33,37,15,0.9888888888888888,0.9877124183006536,0.8,0.8333333333333333
TS0330H,4,33,TS0330C+TS0330E+TS0330F+TS0330G,pressure_absolute,136,33,37,15,0.962962962962963,0.9549222999222999,0.5714285714285714,0.7
TS0330H,4,33,TS0330C+TS0330E+TS0330F+TS0330G,pressure_shape,136,33,37,15,0.8407407407407408,0.8291313806019689,0.75,0.7611111111111111
TS0330H,4,33,TS0330C+TS0330E+TS0330F+TS0330G,fusion_absolute,136,33,37,15,0.9592592592592593,0.9575515334338862,0.8387096774193549,0.8500000000000001
TS0330H,4,33,TS0330C+TS0330E+TS0330F+TS0330G,fusion_shape,136,33,37,15,0.9333333333333333,0.9373056573056573,0.7741935483870968,0.788888888888889
TS0330H,4,34,TS0330D+TS0330E+TS0330F+TS0330G,temperature,135,33,41,15,0.9962962962962962,0.9958333333333333,0.8,0.8333333333333333
TS0330H,4,34,TS0330D+TS0330E+TS0330F+TS0330G,pressure_absolute,135,33,41,15,0.9666666666666667,0.96510989010989,0.0,0.5
TS0330H,4,34,TS0330D+TS0330E+TS0330F+TS0330G,pressure_shape,135,33,41,15,0.8259259259259258,0.8459556905083221,0.72,0.7722222222222221
TS0330H,4,34,TS0330D+TS0330E+TS0330F+TS0330G,fusion_absolute,135,33,41,15,0.9814814814814815,0.9796825396825397,0.8888888888888888,0.9
TS0330H,4,34,TS0330D+TS0330E+TS0330F+TS0330G,fusion_shape,135,33,41,15,0.9962962962962962,0.9958333333333333,0.8461538461538461,0.8666666666666667
TS0330H,7,0,TS0330A+TS0330B+TS0330C+TS0330D+TS0330E+TS0330F+TS0330G,temperature,250,33,63,15,1.0,1.0,0.75,0.8
TS0330H,7,0,TS0330A+TS0330B+TS0330C+TS0330D+TS0330E+TS0330F+TS0330G,pressure_absolute,250,33,63,15,0.9666666666666667,0.96510989010989,0.125,0.5333333333333333
TS0330H,7,0,TS0330A+TS0330B+TS0330C+TS0330D+TS0330E+TS0330F+TS0330G,pressure_shape,250,33,63,15,0.8518518518518519,0.8435457914405282,0.6086956521739131,0.7055555555555555
TS0330H,7,0,TS0330A+TS0330B+TS0330C+TS0330D+TS0330E+TS0330F+TS0330G,fusion_absolute,250,33,63,15,0.9851851851851852,0.9844444444444445,0.8461538461538461,0.8666666666666667
TS0330H,7,0,TS0330A+TS0330B+TS0330C+TS0330D+TS0330E+TS0330F+TS0330G,fusion_shape,250,33,63,15,1.0,1.0,0.8,0.8333333333333333
