experiment,representation,t_end_s,tau_to_vent_s,label,probability,max_temperature_c
NMC111,temperature,256,10004,0,0.8851445497469329,70.47550201416016
NMC111,temperature,266,9994,0,0.8853650031388185,70.47550201416016
NMC111,temperature,276,9984,0,0.88540229246896,70.47550201416016
NMC111,temperature,286,9974,0,0.8854576681828085,70.47550201416016
NMC111,temperature,296,9964,0,0.8857054763328722,70.47550201416016
NMC111,temperature,306,9954,0,0.8863584184075097,70.49549865722656
NMC111,temperature,316,9944,0,0.8884357884448806,70.70475006103516
NMC111,temperature,326,9934,0,0.8907470767756049,70.94525146484375
NMC111,temperature,336,9924,0,0.892388652227472,71.13200378417969
NMC111,temperature,346,9914,0,0.8932182097102589,71.22775268554688
NMC111,temperature,356,9904,0,0.8935869863658532,71.27449798583984
NMC111,temperature,366,9894,0,0.8929648927658812,71.27449798583984
NMC111,temperature,376,9884,0,0.8925381569927701,71.27449798583984
NMC111,temperature,386,9874,0,0.8924259737658178,71.27449798583984
NMC111,temperature,396,9864,0,0.8926407632053641,71.27449798583984
NMC111,temperature,406,9854,0,0.8931849143606916,71.2969970703125
NMC111,temperature,416,9844,0,0.8951206833869201,71.49624633789062
NMC111,temperature,426,9834,0,0.8977563172766366,71.760498046875
NMC111,temperature,436,9824,0,0.8995600318396525,71.93800354003906
NMC111,temperature,446,9814,0,0.9005860848850257,72.02424621582031
NMC111,temperature,456,9804,0,0.9011110208376601,72.0354995727539
NMC111,temperature,466,9794,0,0.9019810263413169,72.0354995727539
NMC111,temperature,476,9784,0,0.9027087323001011,72.0354995727539
NMC111,temperature,486,9774,0,0.9033883280532515,72.0354995727539
NMC111,temperature,496,9764,0,0.9040312871092924,72.0354995727539
NMC111,temperature,506,9754,0,0.9048353117106289,72.04149627685547
NMC111,temperature,516,9744,0,0.907043751309624,72.24349975585938
NMC111,temperature,526,9734,0,0.9095884076510702,72.4800033569336
NMC111,temperature,536,9724,0,0.9121929440889236,72.73474884033203
NMC111,temperature,546,9714,0,0.913921998936408,72.87100219726562
NMC111,temperature,556,9704,0,0.9156043728204436,72.92150115966797
NMC111,temperature,566,9694,0,0.917430346655738,72.93724822998047
NMC111,temperature,576,9684,0,0.9191140057425194,72.93724822998047
NMC111,temperature,586,9674,0,0.9205471441580464,72.93724822998047
NMC111,temperature,596,9664,0,0.9209322796352258,72.93724822998047
NMC111,temperature,606,9654,0,0.9214369269440719,72.93724822998047
NMC111,temperature,616,9644,0,0.9223102216417959,72.93724822998047
NMC111,temperature,626,9634,0,0.9244202827077949,73.15550231933594
NMC111,temperature,636,9624,0,0.926563077111665,73.38800048828125
NMC111,temperature,646,9614,0,0.9284838642675195,73.5572509765625
NMC111,temperature,656,9604,0,0.9302560134257319,73.65750122070312
NMC111,temperature,666,9594,0,0.9315469502068575,73.65975189208984
NMC111,temperature,676,9584,0,0.9328323911165702,73.65975189208984
NMC111,temperature,686,9574,0,0.9341007805401224,73.65975189208984
NMC111,temperature,696,9564,0,0.9342500451260013,73.65975189208984
NMC111,temperature,706,9554,0,0.9346801177628246,73.65975189208984
NMC111,temperature,716,9544,0,0.9354460441552889,73.65975189208984
NMC111,temperature,726,9534,0,0.9371632310533243,73.8532485961914
NMC111,temperature,736,9524,0,0.9391446690402552,74.11399841308594
NMC111,temperature,746,9514,0,0.9410426148020032,74.3594970703125
NMC111,temperature,756,9504,0,0.9428100535136433,74.52300262451172
NMC111,temperature,766,9494,0,0.9442150570923207,74.58174896240234
NMC111,temperature,776,9484,0,0.945406002013564,74.58174896240234
NMC111,temperature,786,9474,0,0.946482180047425,74.58174896240234
NMC111,temperature,796,9464,0,0.9469916982577579,74.58174896240234
NMC111,temperature,806,9454,0,0.9470167840458382,74.58174896240234
NMC111,temperature,816,9444,0,0.9473295259048709,74.58174896240234
NMC111,temperature,826,9434,0,0.9478569533685718,74.58174896240234
NMC111,temperature,836,9424,0,0.9491180116624398,74.74825286865234
NMC111,temperature,846,9414,0,0.9505811345660209,74.97724914550781
NMC111,temperature,856,9404,0,0.9520238623634,75.197998046875
NMC111,temperature,866,9394,0,0.953508944332701,75.37525177001953
NMC111,temperature,876,9384,0,0.954828544480988,75.44225311279297
NMC111,temperature,886,9374,0,0.9560018217778593,75.45500183105469
NMC111,temperature,896,9364,0,0.9565811150943826,75.45500183105469
NMC111,temperature,906,9354,0,0.9565052282493488,75.45500183105469
NMC111,temperature,916,9344,0,0.9565393114170232,75.45500183105469
NMC111,temperature,926,9334,0,0.956825756711802,75.45500183105469
NMC111,temperature,936,9324,0,0.9573591776628599,75.45500183105469
NMC111,temperature,946,9314,0,0.9583667064389703,75.55225372314453
NMC111,temperature,956,9304,0,0.9597648071136056,75.78199768066406
NMC111,temperature,966,9294,0,0.9615527047223943,76.06950378417969
NMC111,temperature,976,9284,0,0.9632425634680528,76.28324890136719
NMC111,temperature,986,9274,0,0.9647203287543687,76.43274688720703
NMC111,temperature,996,9264,0,0.9658500301837037,76.48075103759766
NMC111,temperature,1006,9254,0,0.9661293429887519,76.48075103759766
NMC111,temperature,1016,9244,0,0.9660471296165741,76.48075103759766
NMC111,temperature,1026,9234,0,0.965955227419983,76.48075103759766
NMC111,temperature,1036,9224,0,0.9660952286645172,76.48075103759766
NMC111,temperature,1046,9214,0,0.9664542832717622,76.48075103759766
NMC111,temperature,1056,9204,0,0.9670118879947219,76.48075103759766
NMC111,temperature,1066,9194,0,0.9680549383913174,76.69300079345703
NMC111,temperature,1076,9184,0,0.9693446498082222,76.93800354003906
NMC111,temperature,1086,9174,0,0.9706653598175231,77.13825225830078
NMC111,temperature,1096,9164,0,0.9717450434604192,77.27449798583984
NMC111,temperature,1106,9154,0,0.972608231300158,77.32624816894531
NMC111,temperature,1116,9144,0,0.9729488480700696,77.32749938964844
NMC111,temperature,1126,9134,0,0.9729213248130334,77.32749938964844
NMC111,temperature,1136,9124,0,0.9729204015016538,77.32749938964844
NMC111,temperature,1146,9114,0,0.9730192594049537,77.32749938964844
NMC111,temperature,1156,9104,0,0.9732777639310285,77.32749938964844
NMC111,temperature,1166,9094,0,0.9737598880935086,77.36299896240234
NMC111,temperature,1176,9084,0,0.9746639450669099,77.60649871826172
NMC111,temperature,1186,9074,0,0.9756070457731801,77.83799743652344
NMC111,temperature,1196,9064,0,0.9766246349999294,78.04199981689453
NMC111,temperature,1206,9054,0,0.9774402816980132,78.1415023803711
NMC111,temperature,1216,9044,0,0.9781607376328584,78.18199920654297
NMC111,temperature,1226,9034,0,0.9786635073569967,78.18199920654297
NMC111,temperature,1236,9024,0,0.9786942065077631,78.18199920654297
NMC111,temperature,1246,9014,0,0.9786898364614727,78.18199920654297
NMC111,temperature,1256,9004,0,0.9787598097905842,78.18199920654297
NMC111,temperature,1266,8994,0,0.9789800656235852,78.18199920654297
NMC111,temperature,1276,8984,0,0.9793066582624012,78.19650268554688
NMC111,temperature,1286,8974,0,0.9799217355265336,78.40675354003906
NMC111,temperature,1296,8964,0,0.9805715862019102,78.62799835205078
NMC111,temperature,1306,8954,0,0.9813270881092467,78.84124755859375
NMC111,temperature,1316,8944,0,0.9820919878520386,79.0270004272461
NMC111,temperature,1326,8934,0,0.9827853936681509,79.15374755859375
NMC111,temperature,1336,8924,0,0.9832296588448034,79.18924713134766
NMC111,temperature,1346,8914,0,0.9833808155407365,79.18924713134766
NMC111,temperature,1356,8904,0,0.9833660808158843,79.18924713134766
NMC111,temperature,1366,8894,0,0.9833338534549101,79.18924713134766
NMC111,temperature,1376,8884,0,0.9833987576499201,79.18924713134766
NMC111,temperature,1386,8874,0,0.983563410711333,79.18924713134766
NMC111,temperature,1396,8864,0,0.9837900086550023,79.18924713134766
NMC111,temperature,1406,8854,0,0.984231348799567,79.31575012207031
NMC111,temperature,1416,8844,0,0.9849031000474741,79.5780029296875
NMC111,temperature,1426,8834,0,0.9856109631893709,79.79750061035156
NMC111,temperature,1436,8824,0,0.9862725487182677,80.01349639892578
NMC111,temperature,1446,8814,0,0.9867513202964484,80.16275024414062
NMC111,temperature,1456,8804,0,0.9868592360730286,80.23049926757812
NMC111,temperature,1466,8794,0,0.9868996254144117,80.25775146484375
NMC111,temperature,1476,8784,0,0.9869141030299526,80.25775146484375
NMC111,temperature,1486,8774,0,0.9869389794285006,80.25775146484375
NMC111,temperature,1496,8764,0,0.9870054107016953,80.25775146484375
NMC111,temperature,1506,8754,0,0.9871005970389091,80.25775146484375
NMC111,temperature,1516,8744,0,0.9872985471879646,80.25775146484375
NMC111,temperature,1526,8734,0,0.9876932111527926,80.25775146484375
NMC111,temperature,1536,8724,0,0.9882513278247724,80.41825103759766
NMC111,temperature,1546,8714,0,0.9888236093205365,80.6467514038086
NMC111,temperature,1556,8704,0,0.9893435027518502,80.86849975585938
NMC111,temperature,1566,8694,0,0.9898029281915248,81.09124755859375
NMC111,temperature,1576,8684,0,0.9899594702665849,81.23224639892578
NMC111,temperature,1586,8674,0,0.9900299426941161,81.29724884033203
NMC111,temperature,1596,8664,0,0.990039472093175,81.30374908447266
NMC111,temperature,1606,8654,0,0.9900477133278549,81.30374908447266
NMC111,temperature,1616,8644,0,0.9900776224769762,81.30374908447266
NMC111,temperature,1626,8634,0,0.9901582684342579,81.30374908447266
NMC111,temperature,1636,8624,0,0.9903080964809382,81.30374908447266
NMC111,temperature,1646,8614,0,0.9905550602661505,81.30374908447266
NMC111,temperature,1656,8604,0,0.9909538952496293,81.48699951171875
NMC111,temperature,1666,8594,0,0.991432829250147,81.74150085449219
NMC111,temperature,1676,8584,0,0.9918420130652512,81.96600341796875
NMC111,temperature,1686,8574,0,0.992146294967683,82.12525177001953
NMC111,temperature,1696,8564,0,0.9923184955282789,82.1865005493164
NMC111,temperature,1706,8554,0,0.9923251376905167,82.18924713134766
NMC111,temperature,1716,8544,0,0.9923002126002765,82.18924713134766
NMC111,temperature,1726,8534,0,0.992296368813996,82.18924713134766
NMC111,temperature,1736,8524,0,0.9923415815690633,82.18924713134766
NMC111,temperature,1746,8514,0,0.9924331669935191,82.18924713134766
NMC111,temperature,1756,8504,0,0.9925701102171418,82.22675323486328
NMC111,temperature,1766,8494,0,0.9928227366503781,82.44474792480469
NMC111,temperature,1776,8484,0,0.9931384956257866,82.70249938964844
NMC111,temperature,1786,8474,0,0.9934140953007546,82.90850067138672
NMC111,temperature,1796,8464,0,0.9936558827525543,83.04225158691406
NMC111,temperature,1806,8454,0,0.993871235104459,83.104248046875
NMC111,temperature,1816,8444,0,0.9940090626335467,83.11499786376953
NMC111,temperature,1826,8434,0,0.9940538139946885,83.11499786376953
NMC111,temperature,1836,8424,0,0.9940517040288519,83.11499786376953
NMC111,temperature,1846,8414,0,0.9940560858353756,83.11499786376953
NMC111,temperature,1856,8404,0,0.9940994048431476,83.11499786376953
NMC111,temperature,1866,8394,0,0.9941770981822604,83.11499786376953
NMC111,temperature,1876,8384,0,0.9943138232914595,83.2092514038086
NMC111,temperature,1886,8374,0,0.9945220030358852,83.46375274658203
NMC111,temperature,1896,8364,0,0.994743885791612,83.70375061035156
NMC111,temperature,1906,8354,0,0.994966943465029,83.89550018310547
NMC111,temperature,1916,8344,0,0.9951542839482954,84.03900146484375
NMC111,temperature,1926,8334,0,0.9953022229325589,84.09874725341797
NMC111,temperature,1936,8324,0,0.9953591702220566,84.12000274658203
NMC111,temperature,1946,8314,0,0.9953523841595028,84.12000274658203
NMC111,temperature,1956,8304,0,0.9953481159501877,84.12000274658203
NMC111,temperature,1966,8294,0,0.9953458789511984,84.12000274658203
NMC111,temperature,1976,8284,0,0.9953792873304745,84.12000274658203
NMC111,temperature,1986,8274,0,0.9954442881299919,84.12000274658203
NMC111,temperature,1996,8264,0,0.9955394172549095,84.12000274658203
NMC111,temperature,2006,8254,0,0.9957062386525973,84.24150085449219
NMC111,temperature,2016,8244,0,0.9959229709768177,84.49124908447266
NMC111,temperature,2026,8234,0,0.9961290198244858,84.75325012207031
NMC111,temperature,2036,8224,0,0.996289426314009,84.9437484741211
NMC111,temperature,2046,8214,0,0.996360981920801,85.06024932861328
NMC111,temperature,2056,8204,0,0.9963686904280775,85.08924865722656
NMC111,temperature,2066,8194,0,0.9963588859043282,85.08924865722656
NMC111,temperature,2076,8184,0,0.9963504472683766,85.08924865722656
NMC111,temperature,2086,8174,0,0.9963662007242036,85.08924865722656
NMC111,temperature,2096,8164,0,0.9964008318139489,85.08924865722656
NMC111,temperature,2106,8154,0,0.99645525208637,85.08924865722656
NMC111,temperature,2116,8144,0,0.9965304869953803,85.08924865722656
NMC111,temperature,2126,8134,0,0.9966547344445361,85.1780014038086
NMC111,temperature,2136,8124,0,0.9968241707800842,85.4207534790039
NMC111,temperature,2146,8114,0,0.9969822698205447,85.64375305175781
NMC111,temperature,2156,8104,0,0.9971098214364036,85.8427505493164
NMC111,temperature,2166,8094,0,0.9971508612016603,85.97575378417969
NMC111,temperature,2176,8084,0,0.9971727400897904,86.05175018310547
NMC111,temperature,2186,8074,0,0.9971754393207518,86.0687484741211
NMC111,temperature,2196,8064,0,0.9971774731987356,86.0687484741211
NMC111,temperature,2206,8054,0,0.9971829729113805,86.0687484741211
NMC111,temperature,2216,8044,0,0.9971994686674948,86.0687484741211
NMC111,temperature,2226,8034,0,0.9972250973107949,86.0687484741211
NMC111,temperature,2236,8024,0,0.9972707340683956,86.0687484741211
NMC111,temperature,2246,8014,0,0.9973476844398886,86.08824920654297
NMC111,temperature,2256,8004,0,0.9974679256453828,86.26950073242188
NMC111,temperature,2266,7994,0,0.9976030747639751,86.5199966430664
NMC111,temperature,2276,7984,0,0.997724579232887,86.74825286865234
NMC111,temperature,2286,7974,0,0.9978089132363059,86.958251953125
NMC111,temperature,2296,7964,0,0.9978388762315621,87.08824920654297
NMC111,temperature,2306,7954,0,0.9978512100948952,87.15074920654297
NMC111,temperature,2316,7944,0,0.9978549321440523,87.17150115966797
NMC111,temperature,2326,7934,0,0.9978578308351931,87.17150115966797
NMC111,temperature,2336,7924,0,0.9978649578414878,87.17150115966797
NMC111,temperature,2346,7914,0,0.9978828003516993,87.17150115966797
NMC111,temperature,2356,7904,0,0.997914499453287,87.17150115966797
NMC111,temperature,2366,7894,0,0.9979636963391619,87.17150115966797
NMC111,temperature,2376,7884,0,0.99802467161608,87.17375183105469
NMC111,temperature,2386,7874,0,0.9981141833840268,87.34425354003906
NMC111,temperature,2396,7864,0,0.998205488983059,87.55750274658203
NMC111,temperature,2406,7854,0,0.9982918782822858,87.80950164794922
NMC111,temperature,2416,7844,0,0.9983456070461169,87.98999786376953
NMC111,temperature,2426,7834,0,0.9983744364692801,88.15924835205078
NMC111,temperature,2436,7824,0,0.9983879619096225,88.2354965209961
NMC111,temperature,2446,7814,0,0.9983896156402327,88.23625183105469
NMC111,temperature,2456,7804,0,0.9983912229977536,88.23625183105469
NMC111,temperature,2466,7794,0,0.9983956072228961,88.23625183105469
NMC111,temperature,2476,7784,0,0.9984030168530085,88.23625183105469
NMC111,temperature,2486,7774,0,0.9984243878417397,88.23625183105469
NMC111,temperature,2496,7764,0,0.9984607917912823,88.23625183105469
NMC111,temperature,2506,7754,0,0.9985139142976565,88.23625183105469
NMC111,temperature,2516,7744,0,0.9985878491444189,88.4520034790039
NMC111,temperature,2526,7734,0,0.9986564828416608,88.65450286865234
NMC111,temperature,2536,7724,0,0.9987137431294336,88.85974884033203
NMC111,temperature,2546,7714,0,0.9987480105297782,89.01699829101562
NMC111,temperature,2556,7704,0,0.9987576470569942,89.08699798583984
NMC111,temperature,2566,7694,0,0.9987596256961392,89.09850311279297
NMC111,temperature,2576,7684,0,0.9987593444030339,89.09850311279297
NMC111,temperature,2586,7674,0,0.9987625160034507,89.09850311279297
NMC111,temperature,2596,7664,0,0.9987699518842091,89.09850311279297
NMC111,temperature,2606,7654,0,0.9987836304545372,89.09850311279297
NMC111,temperature,2616,7644,0,0.9988082304099587,89.10199737548828
NMC111,temperature,2626,7634,0,0.9988572749892322,89.32524871826172
NMC111,temperature,2636,7624,0,0.998915493264427,89.62124633789062
NMC111,temperature,2646,7614,0,0.9989643100526199,89.84224700927734
NMC111,temperature,2656,7604,0,0.9990058943845614,90.00150299072266
NMC111,temperature,2666,7594,0,0.9990319598083806,90.04724884033203
NMC111,temperature,2676,7584,0,0.9990356236497056,90.04850006103516
NMC111,temperature,2686,7574,0,0.9990334421803898,90.04850006103516
NMC111,temperature,2696,7564,0,0.9990313974267783,90.04850006103516
NMC111,temperature,2706,7554,0,0.9990336605393996,90.04850006103516
NMC111,temperature,2716,7544,0,0.999042777716102,90.04850006103516
NMC111,temperature,2726,7534,0,0.999056513048379,90.04850006103516
NMC111,temperature,2736,7524,0,0.9990820364889178,90.20525360107422
NMC111,temperature,2746,7514,0,0.9991157359833974,90.43824768066406
NMC111,temperature,2756,7504,0,0.999151663657151,90.66224670410156
NMC111,temperature,2766,7494,0,0.9991895218276081,90.85250091552734
NMC111,temperature,2776,7484,0,0.9992147295818089,90.93350219726562
NMC111,temperature,2786,7474,0,0.9992326762752537,90.94550323486328
NMC111,temperature,2796,7464,0,0.9992455966211387,90.94550323486328
NMC111,temperature,2806,7454,0,0.9992447532457355,90.94550323486328
NMC111,temperature,2816,7444,0,0.9992439715463179,90.94550323486328
NMC111,temperature,2826,7434,0,0.9992499902330685,90.94550323486328
NMC111,temperature,2836,7424,0,0.9992587610132424,90.94550323486328
NMC111,temperature,2846,7414,0,0.9992712194225492,90.97374725341797
NMC111,temperature,2856,7404,0,0.9992963573856756,91.20774841308594
NMC111,temperature,2866,7394,0,0.9993257354980435,91.44574737548828
NMC111,temperature,2876,7384,0,0.9993543536353207,91.63424682617188
NMC111,temperature,2886,7374,0,0.9993835851336553,91.80549621582031
NMC111,temperature,2896,7364,0,0.9994072612851057,91.90824890136719
NMC111,temperature,2906,7354,0,0.9994134114529302,91.93025207519531
NMC111,temperature,2916,7344,0,0.999412783384202,91.93025207519531
NMC111,temperature,2926,7334,0,0.9994113530796531,91.93025207519531
NMC111,temperature,2936,7324,0,0.9994122027763536,91.93025207519531
NMC111,temperature,2946,7314,0,0.9994153858960552,91.93025207519531
NMC111,temperature,2956,7304,0,0.9994220517607444,91.93025207519531
NMC111,temperature,2966,7294,0,0.9994327268993856,91.93025207519531
NMC111,temperature,2976,7284,0,0.9994515645719395,92.01850128173828
NMC111,temperature,2986,7274,0,0.9994771912961984,92.25225067138672
NMC111,temperature,2996,7264,0,0.9995027389552498,92.48300170898438
NMC111,temperature,3006,7254,0,0.999525281653259,92.69499969482422
NMC111,temperature,3016,7244,0,0.9995399857243584,92.84874725341797
NMC111,temperature,3026,7234,0,0.9995436540468631,92.92424774169922
NMC111,temperature,3036,7224,0,0.9995441714254781,92.93900299072266
NMC111,temperature,3046,7214,0,0.9995436017369479,92.93900299072266
NMC111,temperature,3056,7204,0,0.9995439517435465,92.93900299072266
NMC111,temperature,3066,7194,0,0.9995464313736043,92.93900299072266
NMC111,temperature,3076,7184,0,0.9995517828857063,92.93900299072266
NMC111,temperature,3086,7174,0,0.9995600190575595,92.93900299072266
NMC111,temperature,3096,7164,0,0.999572348342841,92.95449829101562
NMC111,temperature,3106,7154,0,0.9995916132129626,93.1657485961914
NMC111,temperature,3116,7144,0,0.9996123411210986,93.39275360107422
NMC111,temperature,3126,7134,0,0.999629391857026,93.61150360107422
NMC111,temperature,3136,7124,0,0.999640642752259,93.77449798583984
NMC111,temperature,3146,7114,0,0.9996448516789335,93.88075256347656
NMC111,temperature,3156,7104,0,0.9996467661292112,93.93499755859375
NMC111,temperature,3166,7094,0,0.9996471539740965,93.93499755859375
NMC111,temperature,3176,7084,0,0.9996478190500677,93.93499755859375
NMC111,temperature,3186,7074,0,0.9996489874462035,93.93499755859375
NMC111,temperature,3196,7064,0,0.9996516023010288,93.93499755859375
NMC111,temperature,3206,7054,0,0.9996560864140632,93.93499755859375
NMC111,temperature,3216,7044,0,0.9996644589025581,93.93499755859375
NMC111,temperature,3226,7034,0,0.9996784503432046,94.1094970703125
NMC111,temperature,3236,7024,0,0.9996933646976524,94.30850219726562
NMC111,temperature,3246,7014,0,0.9997088527714817,94.52974700927734
NMC111,temperature,3256,7004,0,0.9997217723941602,94.72225189208984
NMC111,temperature,3266,6994,0,0.9997283303544463,94.87024688720703
NMC111,temperature,3276,6984,0,0.9997309145293356,94.95149993896484
NMC111,temperature,3286,6974,0,0.999731711929955,94.97425079345703
NMC111,temperature,3296,6964,0,0.9997316102719451,94.97425079345703
NMC111,temperature,3306,6954,0,0.9997311272993458,94.97425079345703
NMC111,temperature,3316,6944,0,0.9997328725077557,94.97425079345703
NMC111,temperature,3326,6934,0,0.9997366750971932,94.97425079345703
NMC111,temperature,3336,6924,0,0.9997421586784458,94.97425079345703
NMC111,temperature,3346,6914,0,0.9997524554120266,95.13574981689453
NMC111,temperature,3356,6904,0,0.999763512691638,95.32424926757812
NMC111,temperature,3366,6894,0,0.9997736922102735,95.48224639892578
NMC111,temperature,3376,6884,0,0.9997821034984079,95.63700103759766
NMC111,temperature,3386,6874,0,0.9997883326871214,95.71224975585938
NMC111,temperature,3396,6864,0,0.9997906891449748,95.72875213623047
NMC111,temperature,3406,6854,0,0.9997909506188385,95.72875213623047
NMC111,temperature,3416,6844,0,0.9997911413441517,95.72875213623047
NMC111,temperature,3426,6834,0,0.9997920247181848,95.72875213623047
NMC111,temperature,3436,6824,0,0.999793777021651,95.72875213623047
NMC111,temperature,3446,6814,0,0.9997974605971357,95.77749633789062
NMC111,temperature,3456,6804,0,0.9998030892454219,95.95800018310547
NMC111,temperature,3466,6794,0,0.9998103078273147,96.17250061035156
NMC111,temperature,3476,6784,0,0.9998182847059486,96.38574981689453
NMC111,temperature,3486,6774,0,0.9998259280059887,96.55975341796875
NMC111,temperature,3496,6764,0,0.9998320057472161,96.67500305175781
NMC111,temperature,3506,6754,0,0.9998359472200221,96.69200134277344
NMC111,temperature,3516,6744,0,0.9998377728970689,96.69200134277344
NMC111,temperature,3526,6734,0,0.9998375675097418,96.69200134277344
NMC111,temperature,3536,6724,0,0.9998375407762806,96.69200134277344
NMC111,temperature,3546,6714,0,0.9998380678139874,96.69200134277344
NMC111,temperature,3556,6704,0,0.9998396294214718,96.69200134277344
NMC111,temperature,3566,6694,0,0.9998420068571424,96.7042465209961
NMC111,temperature,3576,6684,0,0.9998467380295677,96.89350128173828
NMC111,temperature,3586,6674,0,0.9998523663796667,97.09750366210938
NMC111,temperature,3596,6664,0,0.9998588609516054,97.31050109863281
NMC111,temperature,3606,6654,0,0.9998652114994567,97.52124786376953
NMC111,temperature,3616,6644,0,0.9998696630151097,97.66874694824219
NMC111,temperature,3626,6634,0,0.9998723406963398,97.7145004272461
NMC111,temperature,3636,6624,0,0.9998729517757745,97.71624755859375
NMC111,temperature,3646,6614,0,0.9998727371594647,97.71624755859375
NMC111,temperature,3656,6604,0,0.9998728164950864,97.71624755859375
NMC111,temperature,3666,6594,0,0.9998735041551147,97.71624755859375
NMC111,temperature,3676,6584,0,0.9998748831816767,97.71624755859375
NMC111,temperature,3686,6574,0,0.9998769023201816,97.71624755859375
NMC111,temperature,3696,6564,0,0.9998807803036531,97.82949829101562
NMC111,temperature,3706,6554,0,0.9998859848744082,98.03475189208984
NMC111,temperature,3716,6544,0,0.999890965680881,98.22750091552734
NMC111,temperature,3726,6534,0,0.9998955339382808,98.41549682617188
NMC111,temperature,3736,6524,0,0.9998993301346665,98.58824920654297
NMC111,temperature,3746,6514,0,0.999900450725156,98.64025115966797
NMC111,temperature,3756,6504,0,0.9999005973210509,98.65249633789062
NMC111,temperature,3766,6494,0,0.999900591020604,98.65249633789062
NMC111,temperature,3776,6484,0,0.9999006159492748,98.65249633789062
NMC111,temperature,3786,6474,0,0.9999012471984481,98.65249633789062
NMC111,temperature,3796,6464,0,0.9999021472047711,98.65249633789062
NMC111,temperature,3806,6454,0,0.9999039228715868,98.65249633789062
NMC111,temperature,3816,6444,0,0.9999067454534866,98.71900177001953
NMC111,temperature,3826,6434,0,0.9999108436808538,98.93975067138672
NMC111,temperature,3836,6424,0,0.9999148282106598,99.14375305175781
NMC111,temperature,3846,6414,0,0.9999184610183529,99.34124755859375
NMC111,temperature,3856,6404,0,0.9999215611412183,99.49925231933594
NMC111,temperature,3866,6394,0,0.9999231555944381,99.61475372314453
NMC111,temperature,3876,6384,0,0.9999235822846253,99.65875244140625
NMC111,temperature,3886,6374,0,0.999923538897742,99.66024780273438
NMC111,temperature,3896,6364,0,0.999923564624649,99.66024780273438
NMC111,temperature,3906,6354,0,0.9999238022196426,99.66024780273438
NMC111,temperature,3916,6344,0,0.999924482666807,99.66024780273438
NMC111,temperature,3926,6334,0,0.9999256159791299,99.66024780273438
NMC111,temperature,3936,6324,0,0.9999277387262073,99.74150085449219
NMC111,temperature,3946,6314,0,0.9999306794655278,99.92675018310547
NMC111,temperature,3956,6304,0,0.9999335755458736,100.09850311279297
NMC111,temperature,3966,6294,0,0.9999364560536538,100.27925109863281
NMC111,temperature,3976,6284,0,0.999938535722843,100.41300201416016
NMC111,temperature,3986,6274,0,0.9999399170672794,100.50174713134766
NMC111,temperature,3996,6264,0,0.9999403799339104,100.56024932861328
NMC111,temperature,4006,6254,0,0.9999403794065149,100.56300354003906
NMC111,temperature,4016,6244,0,0.9999404420893252,100.56300354003906
NMC111,temperature,4026,6234,0,0.9999407191712004,100.56300354003906
NMC111,temperature,4036,6224,0,0.9999412530590417,100.56300354003906
NMC111,temperature,4046,6214,0,0.9999420475785552,100.56300354003906
NMC111,temperature,4056,6204,0,0.9999437724641933,100.67949676513672
NMC111,temperature,4066,6194,0,0.9999461560611835,100.89125061035156
NMC111,temperature,4076,6184,0,0.9999487776797289,101.1395034790039
NMC111,temperature,4086,6174,0,0.9999510657676851,101.34075164794922
NMC111,temperature,4096,6164,0,0.999952733005033,101.48274993896484
NMC111,temperature,4106,6154,0,0.9999538637418085,101.53175354003906
NMC111,temperature,4116,6144,0,0.9999541140135448,101.53874969482422
NMC111,temperature,4126,6134,0,0.9999540214842855,101.53874969482422
NMC111,temperature,4136,6124,0,0.9999539630041048,101.53874969482422
NMC111,temperature,4146,6114,0,0.9999542026180558,101.53874969482422
NMC111,temperature,4156,6104,0,0.9999547234109205,101.53874969482422
NMC111,temperature,4166,6094,0,0.9999554898825482,101.5512466430664
NMC111,temperature,4176,6084,0,0.999957009618215,101.76799774169922
NMC111,temperature,4186,6074,0,0.99995885462072,101.99299621582031
NMC111,temperature,4196,6064,0,0.9999606285736855,102.20549774169922
NMC111,temperature,4206,6054,0,0.9999620469619108,102.36699676513672
NMC111,temperature,4216,6044,0,0.9999631191894278,102.45149993896484
NMC111,temperature,4226,6034,0,0.9999638401400772,102.48574829101562
NMC111,temperature,4236,6024,0,0.9999641116450037,102.48574829101562
NMC111,temperature,4246,6014,0,0.9999640601045909,102.48574829101562
NMC111,temperature,4256,6004,0,0.9999640824400479,102.48574829101562
NMC111,temperature,4266,5994,0,0.9999643083593062,102.48574829101562
NMC111,temperature,4276,5984,0,0.999964752296788,102.48574829101562
NMC111,temperature,4286,5974,0,0.9999654453908887,102.51824951171875
NMC111,temperature,4296,5964,0,0.9999666483849166,102.74250030517578
NMC111,temperature,4306,5954,0,0.9999679470260742,102.93800354003906
NMC111,temperature,4316,5944,0,0.999969302576665,103.11775207519531
NMC111,temperature,4326,5934,0,0.9999705887278582,103.27375030517578
NMC111,temperature,4336,5924,0,0.999971562930002,103.35700225830078
NMC111,temperature,4346,5914,0,0.9999718458648653,103.37875366210938
NMC111,temperature,4356,5904,0,0.9999718454861588,103.37875366210938
NMC111,temperature,4366,5894,0,0.9999718822017775,103.37875366210938
NMC111,temperature,4376,5884,0,0.9999719836773575,103.37875366210938
NMC111,temperature,4386,5874,0,0.999972175495491,103.37875366210938
NMC111,temperature,4396,5864,0,0.9999725189591662,103.37875366210938
NMC111,temperature,4406,5854,0,0.999973163061942,103.4532470703125
NMC111,temperature,4416,5844,0,0.9999741325524346,103.62325286865234
NMC111,temperature,4426,5834,0,0.9999754264254797,103.85774993896484
NMC111,temperature,4436,5824,0,0.9999766113997367,104.07575225830078
NMC111,temperature,4446,5814,0,0.9999775268547024,104.27249908447266
NMC111,temperature,4456,5804,0,0.9999780655364435,104.38200378417969
NMC111,temperature,4466,5794,0,0.999978130540249,104.40474700927734
NMC111,temperature,4476,5784,0,0.9999781191721028,104.4072494506836
NMC111,temperature,4486,5774,0,0.9999781317997086,104.4072494506836
NMC111,temperature,4496,5764,0,0.9999781698816547,104.4072494506836
NMC111,temperature,4506,5754,0,0.999978335120596,104.4072494506836
NMC111,temperature,4516,5744,0,0.9999786074892013,104.4072494506836
NMC111,temperature,4526,5734,0,0.9999790825017407,104.41799926757812
NMC111,temperature,4536,5724,0,0.9999799518985767,104.62124633789062
NMC111,temperature,4546,5714,0,0.9999809567949722,104.84725189208984
NMC111,temperature,4556,5704,0,0.9999818088951072,105.06124877929688
NMC111,temperature,4566,5694,0,0.9999824448398682,105.19924926757812
NMC111,temperature,4576,5684,0,0.9999828956670104,105.29499816894531
NMC111,temperature,4586,5674,0,0.9999830944084316,105.35050201416016
NMC111,temperature,4596,5664,0,0.9999831029139922,105.36250305175781
NMC111,temperature,4606,5654,0,0.9999831175092675,105.36250305175781
NMC111,temperature,4616,5644,0,0.9999831391182965,105.36250305175781
NMC111,temperature,4626,5634,0,0.9999832411318746,105.36250305175781
NMC111,temperature,4636,5624,0,0.9999834655271518,105.36250305175781
NMC111,temperature,4646,5614,0,0.999983811633312,105.38674926757812
NMC111,temperature,4656,5604,0,0.9999844781997215,105.60724639892578
NMC111,temperature,4666,5594,0,0.999985189672404,105.83499908447266
NMC111,temperature,4676,5584,0,0.9999858712325046,106.04724884033203
NMC111,temperature,4686,5574,0,0.9999864412704804,106.20249938964844
NMC111,temperature,4696,5564,0,0.9999867971207368,106.25975036621094
NMC111,temperature,4706,5554,0,0.9999868646697164,106.26824951171875
NMC111,temperature,4716,5544,0,0.9999868498219422,106.26824951171875
NMC111,temperature,4726,5534,0,0.9999868195184388,106.26824951171875
NMC111,temperature,4736,5524,0,0.9999868701029163,106.26824951171875
NMC111,temperature,4746,5514,0,0.9999869959975347,106.26824951171875
NMC111,temperature,4756,5504,0,0.9999871885874955,106.26824951171875
NMC111,temperature,4766,5494,0,0.9999875388529121,106.40249633789062
NMC111,temperature,4776,5484,0,0.9999880144343529,106.59200286865234
NMC111,temperature,4786,5474,0,0.9999885598438931,106.81974792480469
NMC111,temperature,4796,5464,0,0.999989052548138,106.99874877929688
NMC111,temperature,4806,5454,0,0.9999893912760791,107.0719985961914
NMC111,temperature,4816,5444,0,0.9999896063284617,107.09625244140625
NMC111,temperature,4826,5434,0,0.999989613438446,107.09625244140625
NMC111,temperature,4836,5424,0,0.9999896220256536,107.09625244140625
NMC111,temperature,4846,5414,0,0.9999896548605636,107.09625244140625
NMC111,temperature,4856,5404,0,0.9999897127303806,107.09625244140625
NMC111,temperature,4866,5394,0,0.9999898277455576,107.09625244140625
NMC111,temperature,4876,5384,0,0.9999900286799839,107.1865005493164
NMC111,temperature,4886,5374,0,0.9999903305342521,107.39350128173828
NMC111,temperature,4896,5364,0,0.9999907387093381,107.60124969482422
NMC111,temperature,4906,5354,0,0.9999911267956135,107.78450012207031
NMC111,temperature,4916,5344,0,0.999991479211345,107.93074798583984
NMC111,temperature,4926,5334,0,0.9999917796509686,108.0457534790039
NMC111,temperature,4936,5324,0,0.9999919078363326,108.09750366210938
NMC111,temperature,4946,5314,0,0.9999919022715573,108.09750366210938
NMC111,temperature,4956,5304,0,0.9999918793780691,108.09750366210938
NMC111,temperature,4966,5294,0,0.999991884609501,108.09750366210938
NMC111,temperature,4976,5284,0,0.999991947312895,108.09750366210938
NMC111,temperature,4986,5274,0,0.9999920509211486,108.09750366210938
NMC111,temperature,4996,5264,0,0.9999921801585925,108.10250091552734
NMC111,temperature,5006,5254,0,0.9999924497655642,108.2967529296875
NMC111,temperature,5016,5244,0,0.999992767496493,108.48975372314453
NMC111,temperature,5026,5234,0,0.9999930826591712,108.6717529296875
NMC111,temperature,5036,5224,0,0.9999933620654445,108.82975006103516
NMC111,temperature,5046,5214,0,0.9999935447134244,108.89099884033203
NMC111,temperature,5056,5204,0,0.9999936014057224,108.91999816894531
NMC111,temperature,5066,5194,0,0.9999936159124535,108.91999816894531
NMC111,temperature,5076,5184,0,0.9999936244880508,108.93475341796875
NMC111,temperature,5086,5174,0,0.9999936580167771,108.93475341796875
NMC111,temperature,5096,5164,0,0.9999937004682541,108.93475341796875
NMC111,temperature,5106,5154,0,0.9999937618027777,108.93475341796875
NMC111,temperature,5116,5144,0,0.999993881825916,108.94249725341797
NMC111,temperature,5126,5134,0,0.999994098886486,109.11650085449219
NMC111,temperature,5136,5124,0,0.9999943805078627,109.35025024414062
NMC111,temperature,5146,5114,0,0.9999946519546754,109.59925079345703
NMC111,temperature,5156,5104,0,0.9999948615138794,109.78250122070312
NMC111,temperature,5166,5094,0,0.9999949960110678,109.90574645996094
NMC111,temperature,5176,5084,0,0.9999950134383682,109.9175033569336
NMC111,temperature,5186,5074,0,0.9999950099185299,109.9227523803711
NMC111,temperature,5196,5064,0,0.9999949991664463,109.9227523803711
NMC111,temperature,5206,5054,0,0.9999950086234063,109.9227523803711
NMC111,temperature,5216,5044,0,0.9999950392510246,109.9227523803711
NMC111,temperature,5226,5034,0,0.9999950902139584,109.9227523803711
NMC111,temperature,5236,5024,0,0.9999951873164997,109.9227523803711
NMC111,temperature,5246,5014,0,0.9999953572661434,110.06625366210938
NMC111,temperature,5256,5004,0,0.9999955501468913,110.25900268554688
NMC111,temperature,5266,4994,0,0.9999957326818387,110.4365005493164
NMC111,temperature,5276,4984,0,0.9999958834539722,110.59725189208984
NMC111,temperature,5286,4974,0,0.9999960266377071,110.77300262451172
NMC111,temperature,5296,4964,0,0.9999960783850078,110.83875274658203
NMC111,temperature,5306,4954,0,0.9999960764922292,110.83875274658203
NMC111,temperature,5316,4944,0,0.9999960747819409,110.83875274658203
NMC111,temperature,5326,4934,0,0.9999960816606122,110.83875274658203
NMC111,temperature,5336,4924,0,0.9999961093505991,110.83875274658203
NMC111,temperature,5346,4914,0,0.9999961552256433,110.83875274658203
NMC111,temperature,5356,4904,0,0.9999962203782685,110.85900115966797
NMC111,temperature,5366,4894,0,0.9999963516686626,111.072998046875
NMC111,temperature,5376,4884,0,0.9999965060120617,111.29325103759766
NMC111,temperature,5386,4874,0,0.9999966549765633,111.46700286865234
NMC111,temperature,5396,4864,0,0.9999967700581123,111.5510025024414
NMC111,temperature,5406,4854,0,0.9999968548541421,111.58899688720703
NMC111,temperature,5416,4844,0,0.999996856431089,111.58899688720703
NMC111,temperature,5426,4834,0,0.999996859160715,111.58899688720703
NMC111,temperature,5436,4824,0,0.999996863732365,111.58899688720703
NMC111,temperature,5446,4814,0,0.9999968853965365,111.58899688720703
NMC111,temperature,5456,4804,0,0.9999969296702071,111.60700225830078
NMC111,temperature,5466,4794,0,0.9999970252967123,111.84124755859375
NMC111,temperature,5476,4784,0,0.9999971193011925,112.041748046875
NMC111,temperature,5486,4774,0,0.9999972189501427,112.24175262451172
NMC111,temperature,5496,4764,0,0.9999973148250514,112.38475036621094
NMC111,temperature,5506,4754,0,0.9999973930050766,112.44625091552734
NMC111,temperature,5516,4744,0,0.9999974515857576,112.4530029296875
NMC111,temperature,5526,4734,0,0.9999974896488222,112.4530029296875
NMC111,temperature,5536,4724,0,0.999997513697412,112.4530029296875
NMC111,temperature,5546,4714,0,0.9999975160269243,112.4530029296875
NMC111,temperature,5556,4704,0,0.9999975344564032,112.4530029296875
NMC111,temperature,5566,4694,0,0.999997564984528,112.46074676513672
NMC111,temperature,5576,4684,0,0.9999976373936802,112.68775177001953
NMC111,temperature,5586,4674,0,0.9999977138587859,112.9229965209961
NMC111,temperature,5596,4664,0,0.9999977845518028,113.13349914550781
NMC111,temperature,5606,4654,0,0.9999978492283059,113.25800323486328
NMC111,temperature,5616,4644,0,0.9999979046970626,113.3012466430664
NMC111,temperature,5626,4634,0,0.999997947550053,113.3012466430664
NMC111,temperature,5636,4624,0,0.9999979803874864,113.3012466430664
NMC111,temperature,5646,4614,0,0.9999979956269668,113.3012466430664
NMC111,temperature,5656,4604,0,0.9999980076018646,113.3012466430664
NMC111,temperature,5666,4594,0,0.9999980315839541,113.3012466430664
NMC111,temperature,5676,4584,0,0.999998072491725,113.41950225830078
NMC111,temperature,5686,4574,0,0.9999981279077339,113.63674926757812
NMC111,temperature,5696,4564,0,0.9999981824220479,113.85124969482422
NMC111,temperature,5706,4554,0,0.9999982400270322,114.02525329589844
NMC111,temperature,5716,4544,0,0.9999982946345495,114.11325073242188
NMC111,temperature,5726,4534,0,0.9999983349580553,114.125
NMC111,temperature,5736,4524,0,0.9999983640955913,114.125
NMC111,temperature,5746,4514,0,0.9999983812407693,114.125
NMC111,temperature,5756,4504,0,0.9999983869965073,114.125
NMC111,temperature,5766,4494,0,0.9999983966999957,114.125
NMC111,temperature,5776,4484,0,0.9999984176794083,114.14875030517578
NMC111,temperature,5786,4474,0,0.9999984590273066,114.34400177001953
NMC111,temperature,5796,4464,0,0.9999985014877186,114.53900146484375
NMC111,temperature,5806,4454,0,0.9999985392971855,114.70249938964844
NMC111,temperature,5816,4444,0,0.9999985896057234,114.87149810791016
NMC111,temperature,5826,4434,0,0.9999986363131859,114.96824645996094
NMC111,temperature,5836,4424,0,0.9999986738488781,114.98699951171875
NMC111,temperature,5846,4414,0,0.9999987038354481,114.98699951171875
NMC111,temperature,5856,4404,0,0.9999987089361515,114.98699951171875
NMC111,temperature,5866,4394,0,0.9999987110562509,114.98699951171875
NMC111,temperature,5876,4384,0,0.9999987174203887,114.98699951171875
NMC111,temperature,5886,4374,0,0.9999987319616851,114.98699951171875
NMC111,temperature,5896,4364,0,0.9999987600311812,115.08899688720703
NMC111,temperature,5906,4354,0,0.9999987968374316,115.28724670410156
NMC111,temperature,5916,4344,0,0.9999988419375656,115.51824951171875
NMC111,temperature,5926,4334,0,0.9999988877314382,115.69349670410156
NMC111,temperature,5936,4324,0,0.9999989271442066,115.82050323486328
NMC111,temperature,5946,4314,0,0.9999989602899261,115.86949920654297
NMC111,temperature,5956,4304,0,0.9999989796268312,115.88475036621094
NMC111,temperature,5966,4294,0,0.9999989810953512,115.88475036621094
NMC111,temperature,5976,4284,0,0.9999989816808452,115.88475036621094
NMC111,temperature,5986,4274,0,0.9999989862276336,115.88475036621094
NMC111,temperature,5996,4264,0,0.9999989913500753,115.88475036621094
NMC111,temperature,6006,4254,0,0.9999990133441652,115.98274993896484
NMC111,temperature,6016,4244,0,0.999999040798898,116.17949676513672
NMC111,temperature,6026,4234,0,0.9999990812415757,116.39924621582031
NMC111,temperature,6036,4224,0,0.9999991203886115,116.58674621582031
NMC111,temperature,6046,4214,0,0.9999991543098863,116.75325012207031
NMC111,temperature,6056,4204,0,0.9999991786306183,116.84600067138672
NMC111,temperature,6066,4194,0,0.9999991952928916,116.8792495727539
NMC111,temperature,6076,4184,0,0.9999991956714206,116.8792495727539
NMC111,temperature,6086,4174,0,0.9999991931493013,116.8792495727539
NMC111,temperature,6096,4164,0,0.9999991940050273,116.8792495727539
NMC111,temperature,6106,4154,0,0.9999991994557622,116.8792495727539
NMC111,temperature,6116,4144,0,0.9999992102614239,116.8792495727539
NMC111,temperature,6126,4134,0,0.9999992260697009,116.90799713134766
NMC111,temperature,6136,4124,0,0.9999992546353096,117.13574981689453
NMC111,temperature,6146,4114,0,0.9999992898391951,117.40750122070312
NMC111,temperature,6156,4104,0,0.9999993207431306,117.62100219726562
NMC111,temperature,6166,4094,0,0.9999993443496997,117.74700164794922
NMC111,temperature,6176,4084,0,0.9999993610919683,117.78925323486328
NMC111,temperature,6186,4074,0,0.9999993701337314,117.79850006103516
NMC111,temperature,6196,4064,0,0.9999993697357554,117.79850006103516
NMC111,temperature,6206,4054,0,0.999999369218618,117.79850006103516
NMC111,temperature,6216,4044,0,0.9999993720071021,117.79850006103516
NMC111,temperature,6226,4034,0,0.9999993782952997,117.79850006103516
NMC111,temperature,6236,4024,0,0.9999993891596816,117.80049896240234
NMC111,temperature,6246,4014,0,0.9999994090478415,117.99250030517578
NMC111,temperature,6256,4004,0,0.9999994331860989,118.2074966430664
NMC111,temperature,6266,3994,0,0.9999994548246774,118.3905029296875
NMC111,temperature,6276,3984,0,0.999999479426248,118.55975341796875
NMC111,temperature,6286,3974,0,0.9999994977323514,118.6927490234375
NMC111,temperature,6296,3964,0,0.9999995089445102,118.75450134277344
NMC111,temperature,6306,3954,0,0.9999995115753441,118.78724670410156
NMC111,temperature,6316,3944,0,0.9999995091967959,118.78724670410156
NMC111,temperature,6326,3934,0,0.9999995086397967,118.78724670410156
NMC111,temperature,6336,3924,0,0.9999995115514865,118.78724670410156
NMC111,temperature,6346,3914,0,0.9999995174722051,118.78724670410156
NMC111,temperature,6356,3904,0,0.9999995251192176,118.78724670410156
NMC111,temperature,6366,3894,0,0.9999995414715999,118.9832534790039
NMC111,temperature,6376,3884,0,0.9999995602732599,119.18675231933594
NMC111,temperature,6386,3874,0,0.9999995805215794,119.37674713134766
NMC111,temperature,6396,3864,0,0.9999996005595838,119.5477523803711
NMC111,temperature,6406,3854,0,0.999999615395083,119.69499969482422
NMC111,temperature,6416,3844,0,0.9999996219319388,119.76599884033203
NMC111,temperature,6426,3834,0,0.9999996223073685,119.76725006103516
NMC111,temperature,6436,3824,0,0.9999996218036191,119.76725006103516
NMC111,temperature,6446,3814,0,0.9999996227156205,119.76725006103516
NMC111,temperature,6456,3804,0,0.9999996248618819,119.76725006103516
NMC111,temperature,6466,3794,0,0.9999996283493167,119.76725006103516
NMC111,temperature,6476,3784,0,0.9999996345196843,119.76725006103516
NMC111,temperature,6486,3774,0,0.9999996466196622,119.88400268554688
NMC111,mechanical_shape,256,10004,0,0.943234857311817,70.47550201416016
NMC111,mechanical_shape,266,9994,0,0.9776788684178822,70.47550201416016
NMC111,mechanical_shape,276,9984,0,0.964504908706615,70.47550201416016
NMC111,mechanical_shape,286,9974,0,0.9542639122090072,70.47550201416016
NMC111,mechanical_shape,296,9964,0,0.9754609246851556,70.47550201416016
NMC111,mechanical_shape,306,9954,0,0.961299788728553,70.49549865722656
NMC111,mechanical_shape,316,9944,0,0.9678027887617092,70.70475006103516
NMC111,mechanical_shape,326,9934,0,0.9599188979974821,70.94525146484375
NMC111,mechanical_shape,336,9924,0,0.9514405614111356,71.13200378417969
NMC111,mechanical_shape,346,9914,0,0.9544718231240359,71.22775268554688
NMC111,mechanical_shape,356,9904,0,0.9699340880896732,71.27449798583984
NMC111,mechanical_shape,366,9894,0,0.9432110659718171,71.27449798583984
NMC111,mechanical_shape,376,9884,0,0.965263206639396,71.27449798583984
NMC111,mechanical_shape,386,9874,0,0.972750842403697,71.27449798583984
NMC111,mechanical_shape,396,9864,0,0.9574141929036782,71.27449798583984
NMC111,mechanical_shape,406,9854,0,0.9664702371766942,71.2969970703125
NMC111,mechanical_shape,416,9844,0,0.9478153038384366,71.49624633789062
NMC111,mechanical_shape,426,9834,0,0.9604008566556712,71.760498046875
NMC111,mechanical_shape,436,9824,0,0.9557884830672443,71.93800354003906
NMC111,mechanical_shape,446,9814,0,0.9641985777584697,72.02424621582031
NMC111,mechanical_shape,456,9804,0,0.9590240757722766,72.0354995727539
NMC111,mechanical_shape,466,9794,0,0.9476093228593687,72.0354995727539
NMC111,mechanical_shape,476,9784,0,0.9530067901611845,72.0354995727539
NMC111,mechanical_shape,486,9774,0,0.9602082307235164,72.0354995727539
NMC111,mechanical_shape,496,9764,0,0.9662627672427876,72.0354995727539
NMC111,mechanical_shape,506,9754,0,0.9776890589765203,72.04149627685547
NMC111,mechanical_shape,516,9744,0,0.9695093727600315,72.24349975585938
NMC111,mechanical_shape,526,9734,0,0.967338551026094,72.4800033569336
NMC111,mechanical_shape,536,9724,0,0.9747647189132195,72.73474884033203
NMC111,mechanical_shape,546,9714,0,0.9738784886411452,72.87100219726562
NMC111,mechanical_shape,556,9704,0,0.9721710624336374,72.92150115966797
NMC111,mechanical_shape,566,9694,0,0.9532206079361488,72.93724822998047
NMC111,mechanical_shape,576,9684,0,0.9705445324453655,72.93724822998047
NMC111,mechanical_shape,586,9674,0,0.9568978457240044,72.93724822998047
NMC111,mechanical_shape,596,9664,0,0.9473378546803635,72.93724822998047
NMC111,mechanical_shape,606,9654,0,0.9665498114138742,72.93724822998047
NMC111,mechanical_shape,616,9644,0,0.9695566475949909,72.93724822998047
NMC111,mechanical_shape,626,9634,0,0.9672765468888889,73.15550231933594
NMC111,mechanical_shape,636,9624,0,0.9782144692477128,73.38800048828125
NMC111,mechanical_shape,646,9614,0,0.9706747960408583,73.5572509765625
NMC111,mechanical_shape,656,9604,0,0.9713122315938276,73.65750122070312
NMC111,mechanical_shape,666,9594,0,0.9580907969370208,73.65975189208984
NMC111,mechanical_shape,676,9584,0,0.9680393344518978,73.65975189208984
NMC111,mechanical_shape,686,9574,0,0.9563300524060041,73.65975189208984
NMC111,mechanical_shape,696,9564,0,0.965706124996922,73.65975189208984
NMC111,mechanical_shape,706,9554,0,0.9779368698048304,73.65975189208984
NMC111,mechanical_shape,716,9544,0,0.9807172187072422,73.65975189208984
NMC111,mechanical_shape,726,9534,0,0.9695524482609147,73.8532485961914
NMC111,mechanical_shape,736,9524,0,0.9746491309721784,74.11399841308594
NMC111,mechanical_shape,746,9514,0,0.9745458272710632,74.3594970703125
NMC111,mechanical_shape,756,9504,0,0.9674526728429668,74.52300262451172
NMC111,mechanical_shape,766,9494,0,0.972982301941471,74.58174896240234
NMC111,mechanical_shape,776,9484,0,0.9597960793647444,74.58174896240234
NMC111,mechanical_shape,786,9474,0,0.9680093653441263,74.58174896240234
NMC111,mechanical_shape,796,9464,0,0.9676418683953899,74.58174896240234
NMC111,mechanical_shape,806,9454,0,0.9741685379547831,74.58174896240234
NMC111,mechanical_shape,816,9444,0,0.9763989876292987,74.58174896240234
NMC111,mechanical_shape,826,9434,0,0.9790519928076381,74.58174896240234
NMC111,mechanical_shape,836,9424,0,0.9718270212621666,74.74825286865234
NMC111,mechanical_shape,846,9414,0,0.9821172895152607,74.97724914550781
NMC111,mechanical_shape,856,9404,0,0.9781286086698687,75.197998046875
NMC111,mechanical_shape,866,9394,0,0.969258390751053,75.37525177001953
NMC111,mechanical_shape,876,9384,0,0.972998261636497,75.44225311279297
NMC111,mechanical_shape,886,9374,0,0.9764005927217263,75.45500183105469
NMC111,mechanical_shape,896,9364,0,0.981845238195761,75.45500183105469
NMC111,mechanical_shape,906,9354,0,0.9767286976991659,75.45500183105469
NMC111,mechanical_shape,916,9344,0,0.9720549190683185,75.45500183105469
NMC111,mechanical_shape,926,9334,0,0.956914732396414,75.45500183105469
NMC111,mechanical_shape,936,9324,0,0.9712844755609509,75.45500183105469
NMC111,mechanical_shape,946,9314,0,0.9747717114315632,75.55225372314453
NMC111,mechanical_shape,956,9304,0,0.972400132539214,75.78199768066406
NMC111,mechanical_shape,966,9294,0,0.9682602690200677,76.06950378417969
NMC111,mechanical_shape,976,9284,0,0.9781871451335629,76.28324890136719
NMC111,mechanical_shape,986,9274,0,0.9719607913813755,76.43274688720703
NMC111,mechanical_shape,996,9264,0,0.9557305680833835,76.48075103759766
NMC111,mechanical_shape,1006,9254,0,0.9611037964940152,76.48075103759766
NMC111,mechanical_shape,1016,9244,0,0.959081269201432,76.48075103759766
NMC111,mechanical_shape,1026,9234,0,0.9627416372461126,76.48075103759766
NMC111,mechanical_shape,1036,9224,0,0.9688773136659067,76.48075103759766
NMC111,mechanical_shape,1046,9214,0,0.9585519666043589,76.48075103759766
NMC111,mechanical_shape,1056,9204,0,0.950688159286077,76.48075103759766
NMC111,mechanical_shape,1066,9194,0,0.9678630419307203,76.69300079345703
NMC111,mechanical_shape,1076,9184,0,0.9683095223820615,76.93800354003906
NMC111,mechanical_shape,1086,9174,0,0.9603001787671355,77.13825225830078
NMC111,mechanical_shape,1096,9164,0,0.9573693811861136,77.27449798583984
NMC111,mechanical_shape,1106,9154,0,0.9663473220181626,77.32624816894531
NMC111,mechanical_shape,1116,9144,0,0.9744102451845383,77.32749938964844
NMC111,mechanical_shape,1126,9134,0,0.9714954150564885,77.32749938964844
NMC111,mechanical_shape,1136,9124,0,0.9537816343261525,77.32749938964844
NMC111,mechanical_shape,1146,9114,0,0.9552311756897421,77.32749938964844
NMC111,mechanical_shape,1156,9104,0,0.9622685266889998,77.32749938964844
NMC111,mechanical_shape,1166,9094,0,0.949919312778243,77.36299896240234
NMC111,mechanical_shape,1176,9084,0,0.9652220089451878,77.60649871826172
NMC111,mechanical_shape,1186,9074,0,0.9449549237394705,77.83799743652344
NMC111,mechanical_shape,1196,9064,0,0.9795021925107774,78.04199981689453
NMC111,mechanical_shape,1206,9054,0,0.97301159796808,78.1415023803711
NMC111,mechanical_shape,1216,9044,0,0.9863612987265982,78.18199920654297
NMC111,mechanical_shape,1226,9034,0,0.9691243334876644,78.18199920654297
NMC111,mechanical_shape,1236,9024,0,0.9739369235373921,78.18199920654297
NMC111,mechanical_shape,1246,9014,0,0.9665911984998765,78.18199920654297
NMC111,mechanical_shape,1256,9004,0,0.9795870055878924,78.18199920654297
NMC111,mechanical_shape,1266,8994,0,0.9715895321965169,78.18199920654297
NMC111,mechanical_shape,1276,8984,0,0.9724562233345536,78.19650268554688
NMC111,mechanical_shape,1286,8974,0,0.9691645102119341,78.40675354003906
NMC111,mechanical_shape,1296,8964,0,0.9781013967660532,78.62799835205078
NMC111,mechanical_shape,1306,8954,0,0.9657693827853623,78.84124755859375
NMC111,mechanical_shape,1316,8944,0,0.9697165154559725,79.0270004272461
NMC111,mechanical_shape,1326,8934,0,0.9688536512116143,79.15374755859375
NMC111,mechanical_shape,1336,8924,0,0.9642447651917355,79.18924713134766
NMC111,mechanical_shape,1346,8914,0,0.9691664032483316,79.18924713134766
NMC111,mechanical_shape,1356,8904,0,0.9758315414805502,79.18924713134766
NMC111,mechanical_shape,1366,8894,0,0.9797224001808951,79.18924713134766
NMC111,mechanical_shape,1376,8884,0,0.9705753481244761,79.18924713134766
NMC111,mechanical_shape,1386,8874,0,0.9721094303695721,79.18924713134766
NMC111,mechanical_shape,1396,8864,0,0.9689239814682438,79.18924713134766
NMC111,mechanical_shape,1406,8854,0,0.9695217171341435,79.31575012207031
NMC111,mechanical_shape,1416,8844,0,0.9616806338362234,79.5780029296875
NMC111,mechanical_shape,1426,8834,0,0.9812868287848474,79.79750061035156
NMC111,mechanical_shape,1436,8824,0,0.9759901271251505,80.01349639892578
NMC111,mechanical_shape,1446,8814,0,0.9792151868367418,80.16275024414062
NMC111,mechanical_shape,1456,8804,0,0.9704942744146113,80.23049926757812
NMC111,mechanical_shape,1466,8794,0,0.969916911419499,80.25775146484375
NMC111,mechanical_shape,1476,8784,0,0.9792870236113685,80.25775146484375
NMC111,mechanical_shape,1486,8774,0,0.9740708376293712,80.25775146484375
NMC111,mechanical_shape,1496,8764,0,0.9651448286773108,80.25775146484375
NMC111,mechanical_shape,1506,8754,0,0.9677527707756591,80.25775146484375
NMC111,mechanical_shape,1516,8744,0,0.9735943486361065,80.25775146484375
NMC111,mechanical_shape,1526,8734,0,0.9796510140290642,80.25775146484375
NMC111,mechanical_shape,1536,8724,0,0.9710566402799304,80.41825103759766
NMC111,mechanical_shape,1546,8714,0,0.975879470609784,80.6467514038086
NMC111,mechanical_shape,1556,8704,0,0.9713721530273037,80.86849975585938
NMC111,mechanical_shape,1566,8694,0,0.9758215745207302,81.09124755859375
NMC111,mechanical_shape,1576,8684,0,0.9685149142072093,81.23224639892578
NMC111,mechanical_shape,1586,8674,0,0.958640340886245,81.29724884033203
NMC111,mechanical_shape,1596,8664,0,0.9448803499568504,81.30374908447266
NMC111,mechanical_shape,1606,8654,0,0.9798449837432717,81.30374908447266
NMC111,mechanical_shape,1616,8644,0,0.9754377118606746,81.30374908447266
NMC111,mechanical_shape,1626,8634,0,0.9645619706938546,81.30374908447266
NMC111,mechanical_shape,1636,8624,0,0.9557119916112095,81.30374908447266
NMC111,mechanical_shape,1646,8614,0,0.9633880499731134,81.30374908447266
NMC111,mechanical_shape,1656,8604,0,0.9591003895466793,81.48699951171875
NMC111,mechanical_shape,1666,8594,0,0.9700180926483701,81.74150085449219
NMC111,mechanical_shape,1676,8584,0,0.971896787483259,81.96600341796875
NMC111,mechanical_shape,1686,8574,0,0.9734068700161244,82.12525177001953
NMC111,mechanical_shape,1696,8564,0,0.9604501909481182,82.1865005493164
NMC111,mechanical_shape,1706,8554,0,0.9643826478483688,82.18924713134766
NMC111,mechanical_shape,1716,8544,0,0.9670973152228104,82.18924713134766
NMC111,mechanical_shape,1726,8534,0,0.9459206799148855,82.18924713134766
NMC111,mechanical_shape,1736,8524,0,0.9615299848240503,82.18924713134766
NMC111,mechanical_shape,1746,8514,0,0.9572483636376662,82.18924713134766
NMC111,mechanical_shape,1756,8504,0,0.9742488033805433,82.22675323486328
NMC111,mechanical_shape,1766,8494,0,0.9703779654443462,82.44474792480469
NMC111,mechanical_shape,1776,8484,0,0.9748866726849128,82.70249938964844
NMC111,mechanical_shape,1786,8474,0,0.9780876334629189,82.90850067138672
NMC111,mechanical_shape,1796,8464,0,0.9698437984841766,83.04225158691406
NMC111,mechanical_shape,1806,8454,0,0.9743885673246245,83.104248046875
NMC111,mechanical_shape,1816,8444,0,0.9696644886097876,83.11499786376953
NMC111,mechanical_shape,1826,8434,0,0.978792929094136,83.11499786376953
NMC111,mechanical_shape,1836,8424,0,0.9703998414498303,83.11499786376953
NMC111,mechanical_shape,1846,8414,0,0.9642443931351883,83.11499786376953
NMC111,mechanical_shape,1856,8404,0,0.9728857438587537,83.11499786376953
NMC111,mechanical_shape,1866,8394,0,0.9670898776029172,83.11499786376953
NMC111,mechanical_shape,1876,8384,0,0.9734822302442282,83.2092514038086
NMC111,mechanical_shape,1886,8374,0,0.9804298523682201,83.46375274658203
NMC111,mechanical_shape,1896,8364,0,0.9777650756530705,83.70375061035156
NMC111,mechanical_shape,1906,8354,0,0.9777358764946426,83.89550018310547
NMC111,mechanical_shape,1916,8344,0,0.9725253138678455,84.03900146484375
NMC111,mechanical_shape,1926,8334,0,0.9717053981564768,84.09874725341797
NMC111,mechanical_shape,1936,8324,0,0.9741263095485285,84.12000274658203
NMC111,mechanical_shape,1946,8314,0,0.9751056253622042,84.12000274658203
NMC111,mechanical_shape,1956,8304,0,0.9816118528519832,84.12000274658203
NMC111,mechanical_shape,1966,8294,0,0.9753911134052315,84.12000274658203
NMC111,mechanical_shape,1976,8284,0,0.9781528183477297,84.12000274658203
NMC111,mechanical_shape,1986,8274,0,0.9678762494685865,84.12000274658203
NMC111,mechanical_shape,1996,8264,0,0.9747490870954885,84.12000274658203
NMC111,mechanical_shape,2006,8254,0,0.9775135649587934,84.24150085449219
NMC111,mechanical_shape,2016,8244,0,0.9665500428294302,84.49124908447266
NMC111,mechanical_shape,2026,8234,0,0.9482480961940429,84.75325012207031
NMC111,mechanical_shape,2036,8224,0,0.9642910962981522,84.9437484741211
NMC111,mechanical_shape,2046,8214,0,0.9677460312461285,85.06024932861328
NMC111,mechanical_shape,2056,8204,0,0.9619592883598461,85.08924865722656
NMC111,mechanical_shape,2066,8194,0,0.9815597551332238,85.08924865722656
NMC111,mechanical_shape,2076,8184,0,0.9629115244385326,85.08924865722656
NMC111,mechanical_shape,2086,8174,0,0.971107494844583,85.08924865722656
NMC111,mechanical_shape,2096,8164,0,0.9641403553039979,85.08924865722656
NMC111,mechanical_shape,2106,8154,0,0.9722862255114855,85.08924865722656
NMC111,mechanical_shape,2116,8144,0,0.9615083398772595,85.08924865722656
NMC111,mechanical_shape,2126,8134,0,0.9673939752428556,85.1780014038086
NMC111,mechanical_shape,2136,8124,0,0.9697305058009644,85.4207534790039
NMC111,mechanical_shape,2146,8114,0,0.9712488707352203,85.64375305175781
NMC111,mechanical_shape,2156,8104,0,0.9696239049369048,85.8427505493164
NMC111,mechanical_shape,2166,8094,0,0.9769147564430719,85.97575378417969
NMC111,mechanical_shape,2176,8084,0,0.9743790470601295,86.05175018310547
NMC111,mechanical_shape,2186,8074,0,0.9726245029371708,86.0687484741211
NMC111,mechanical_shape,2196,8064,0,0.9747909763148517,86.0687484741211
NMC111,mechanical_shape,2206,8054,0,0.9751681422920286,86.0687484741211
NMC111,mechanical_shape,2216,8044,0,0.9813513153959504,86.0687484741211
NMC111,mechanical_shape,2226,8034,0,0.9731231115502771,86.0687484741211
NMC111,mechanical_shape,2236,8024,0,0.969624188187746,86.0687484741211
NMC111,mechanical_shape,2246,8014,0,0.9758569931609727,86.08824920654297
NMC111,mechanical_shape,2256,8004,0,0.9651000069087255,86.26950073242188
NMC111,mechanical_shape,2266,7994,0,0.9679971477459071,86.5199966430664
NMC111,mechanical_shape,2276,7984,0,0.9667560146867717,86.74825286865234
NMC111,mechanical_shape,2286,7974,0,0.9713974744685274,86.958251953125
NMC111,mechanical_shape,2296,7964,0,0.9788463418528023,87.08824920654297
NMC111,mechanical_shape,2306,7954,0,0.9643359052873749,87.15074920654297
NMC111,mechanical_shape,2316,7944,0,0.9738309510523502,87.17150115966797
NMC111,mechanical_shape,2326,7934,0,0.9795950243892267,87.17150115966797
NMC111,mechanical_shape,2336,7924,0,0.9727573186840105,87.17150115966797
NMC111,mechanical_shape,2346,7914,0,0.9795916846407,87.17150115966797
NMC111,mechanical_shape,2356,7904,0,0.9722156894736896,87.17150115966797
NMC111,mechanical_shape,2366,7894,0,0.9729162932712939,87.17150115966797
NMC111,mechanical_shape,2376,7884,0,0.9710203250896356,87.17375183105469
NMC111,mechanical_shape,2386,7874,0,0.9680789814477414,87.34425354003906
NMC111,mechanical_shape,2396,7864,0,0.9733487447815562,87.55750274658203
NMC111,mechanical_shape,2406,7854,0,0.9741441649369466,87.80950164794922
NMC111,mechanical_shape,2416,7844,0,0.966363909248066,87.98999786376953
NMC111,mechanical_shape,2426,7834,0,0.9696699562262783,88.15924835205078
NMC111,mechanical_shape,2436,7824,0,0.9719105466612712,88.2354965209961
NMC111,mechanical_shape,2446,7814,0,0.972596368909174,88.23625183105469
NMC111,mechanical_shape,2456,7804,0,0.9763263294366463,88.23625183105469
NMC111,mechanical_shape,2466,7794,0,0.9786172241152199,88.23625183105469
NMC111,mechanical_shape,2476,7784,0,0.9762301217060704,88.23625183105469
NMC111,mechanical_shape,2486,7774,0,0.9780575459537132,88.23625183105469
NMC111,mechanical_shape,2496,7764,0,0.9703916784369491,88.23625183105469
NMC111,mechanical_shape,2506,7754,0,0.9739971254991426,88.23625183105469
NMC111,mechanical_shape,2516,7744,0,0.9760221711544191,88.4520034790039
NMC111,mechanical_shape,2526,7734,0,0.9787786606394161,88.65450286865234
NMC111,mechanical_shape,2536,7724,0,0.9728292570953506,88.85974884033203
NMC111,mechanical_shape,2546,7714,0,0.9810936307950953,89.01699829101562
NMC111,mechanical_shape,2556,7704,0,0.9756589448098135,89.08699798583984
NMC111,mechanical_shape,2566,7694,0,0.9779093687496575,89.09850311279297
NMC111,mechanical_shape,2576,7684,0,0.9752911060472471,89.09850311279297
NMC111,mechanical_shape,2586,7674,0,0.9780312839260161,89.09850311279297
NMC111,mechanical_shape,2596,7664,0,0.9646339255653369,89.09850311279297
NMC111,mechanical_shape,2606,7654,0,0.9851936619287761,89.09850311279297
NMC111,mechanical_shape,2616,7644,0,0.9809373284155258,89.10199737548828
NMC111,mechanical_shape,2626,7634,0,0.9670040419105851,89.32524871826172
NMC111,mechanical_shape,2636,7624,0,0.9613467365229633,89.62124633789062
NMC111,mechanical_shape,2646,7614,0,0.9662072612567879,89.84224700927734
NMC111,mechanical_shape,2656,7604,0,0.9472212410835901,90.00150299072266
NMC111,mechanical_shape,2666,7594,0,0.9684193295142013,90.04724884033203
NMC111,mechanical_shape,2676,7584,0,0.9570790825999412,90.04850006103516
NMC111,mechanical_shape,2686,7574,0,0.9623605620355761,90.04850006103516
NMC111,mechanical_shape,2696,7564,0,0.9534783061936943,90.04850006103516
NMC111,mechanical_shape,2706,7554,0,0.9604409710173648,90.04850006103516
NMC111,mechanical_shape,2716,7544,0,0.9524169392648284,90.04850006103516
NMC111,mechanical_shape,2726,7534,0,0.9516544445916838,90.04850006103516
NMC111,mechanical_shape,2736,7524,0,0.9400075095203831,90.20525360107422
NMC111,mechanical_shape,2746,7514,0,0.9548823895003817,90.43824768066406
NMC111,mechanical_shape,2756,7504,0,0.9511680671218502,90.66224670410156
NMC111,mechanical_shape,2766,7494,0,0.9681193290895765,90.85250091552734
NMC111,mechanical_shape,2776,7484,0,0.961045718464182,90.93350219726562
NMC111,mechanical_shape,2786,7474,0,0.9594189266911263,90.94550323486328
NMC111,mechanical_shape,2796,7464,0,0.9634693194981145,90.94550323486328
NMC111,mechanical_shape,2806,7454,0,0.953781133164503,90.94550323486328
NMC111,mechanical_shape,2816,7444,0,0.9491575898826697,90.94550323486328
NMC111,mechanical_shape,2826,7434,0,0.9639416832569557,90.94550323486328
NMC111,mechanical_shape,2836,7424,0,0.9688429221268072,90.94550323486328
NMC111,mechanical_shape,2846,7414,0,0.9652173950783162,90.97374725341797
NMC111,mechanical_shape,2856,7404,0,0.9563965107358172,91.20774841308594
NMC111,mechanical_shape,2866,7394,0,0.9357582954836763,91.44574737548828
NMC111,mechanical_shape,2876,7384,0,0.9385365250060289,91.63424682617188
NMC111,mechanical_shape,2886,7374,0,0.9770444686733427,91.80549621582031
NMC111,mechanical_shape,2896,7364,0,0.9693717943017781,91.90824890136719
NMC111,mechanical_shape,2906,7354,0,0.9696436756419891,91.93025207519531
NMC111,mechanical_shape,2916,7344,0,0.9729360766894022,91.93025207519531
NMC111,mechanical_shape,2926,7334,0,0.9659882565134594,91.93025207519531
NMC111,mechanical_shape,2936,7324,0,0.967395828748702,91.93025207519531
NMC111,mechanical_shape,2946,7314,0,0.9658973611584558,91.93025207519531
NMC111,mechanical_shape,2956,7304,0,0.9715227909607049,91.93025207519531
NMC111,mechanical_shape,2966,7294,0,0.9665716631496024,91.93025207519531
NMC111,mechanical_shape,2976,7284,0,0.9694799221013156,92.01850128173828
NMC111,mechanical_shape,2986,7274,0,0.9647400405625246,92.25225067138672
NMC111,mechanical_shape,2996,7264,0,0.9692156845027253,92.48300170898438
NMC111,mechanical_shape,3006,7254,0,0.9719589687023749,92.69499969482422
NMC111,mechanical_shape,3016,7244,0,0.9749672016395612,92.84874725341797
NMC111,mechanical_shape,3026,7234,0,0.9701882449922018,92.92424774169922
NMC111,mechanical_shape,3036,7224,0,0.9726529340488586,92.93900299072266
NMC111,mechanical_shape,3046,7214,0,0.9606528911879347,92.93900299072266
NMC111,mechanical_shape,3056,7204,0,0.9704699653319689,92.93900299072266
NMC111,mechanical_shape,3066,7194,0,0.9632594662630748,92.93900299072266
NMC111,mechanical_shape,3076,7184,0,0.9689341043139085,92.93900299072266
NMC111,mechanical_shape,3086,7174,0,0.9723625557224183,92.93900299072266
NMC111,mechanical_shape,3096,7164,0,0.9728588147088001,92.95449829101562
NMC111,mechanical_shape,3106,7154,0,0.9808225835446683,93.1657485961914
NMC111,mechanical_shape,3116,7144,0,0.9737006272321634,93.39275360107422
NMC111,mechanical_shape,3126,7134,0,0.976072194287776,93.61150360107422
NMC111,mechanical_shape,3136,7124,0,0.9785643146794785,93.77449798583984
NMC111,mechanical_shape,3146,7114,0,0.980637710348045,93.88075256347656
NMC111,mechanical_shape,3156,7104,0,0.9763995109172261,93.93499755859375
NMC111,mechanical_shape,3166,7094,0,0.973911745960928,93.93499755859375
NMC111,mechanical_shape,3176,7084,0,0.9759513965252498,93.93499755859375
NMC111,mechanical_shape,3186,7074,0,0.9732532615801818,93.93499755859375
NMC111,mechanical_shape,3196,7064,0,0.9663635154507473,93.93499755859375
NMC111,mechanical_shape,3206,7054,0,0.9750957663436098,93.93499755859375
NMC111,mechanical_shape,3216,7044,0,0.9707123165010145,93.93499755859375
NMC111,mechanical_shape,3226,7034,0,0.972436563728363,94.1094970703125
NMC111,mechanical_shape,3236,7024,0,0.9657494273452842,94.30850219726562
NMC111,mechanical_shape,3246,7014,0,0.9684492302894643,94.52974700927734
NMC111,mechanical_shape,3256,7004,0,0.9743674988636054,94.72225189208984
NMC111,mechanical_shape,3266,6994,0,0.9784413090282864,94.87024688720703
NMC111,mechanical_shape,3276,6984,0,0.9718724359566941,94.95149993896484
NMC111,mechanical_shape,3286,6974,0,0.9706217267161286,94.97425079345703
NMC111,mechanical_shape,3296,6964,0,0.9647996051293625,94.97425079345703
NMC111,mechanical_shape,3306,6954,0,0.9697007846714266,94.97425079345703
NMC111,mechanical_shape,3316,6944,0,0.9709186188123673,94.97425079345703
NMC111,mechanical_shape,3326,6934,0,0.9702841597237964,94.97425079345703
NMC111,mechanical_shape,3336,6924,0,0.9625554594250441,94.97425079345703
NMC111,mechanical_shape,3346,6914,0,0.9775712698140206,95.13574981689453
NMC111,mechanical_shape,3356,6904,0,0.9736880758745015,95.32424926757812
NMC111,mechanical_shape,3366,6894,0,0.9768654295101994,95.48224639892578
NMC111,mechanical_shape,3376,6884,0,0.9704891653085779,95.63700103759766
NMC111,mechanical_shape,3386,6874,0,0.973189048608194,95.71224975585938
NMC111,mechanical_shape,3396,6864,0,0.9722214984292582,95.72875213623047
NMC111,mechanical_shape,3406,6854,0,0.9734816341648121,95.72875213623047
NMC111,mechanical_shape,3416,6844,0,0.9686743414179075,95.72875213623047
NMC111,mechanical_shape,3426,6834,0,0.9730479723135793,95.72875213623047
NMC111,mechanical_shape,3436,6824,0,0.9719161014365267,95.72875213623047
NMC111,mechanical_shape,3446,6814,0,0.9814358346715787,95.77749633789062
NMC111,mechanical_shape,3456,6804,0,0.978188327329751,95.95800018310547
NMC111,mechanical_shape,3466,6794,0,0.9808546778928285,96.17250061035156
NMC111,mechanical_shape,3476,6784,0,0.9806002383476984,96.38574981689453
NMC111,mechanical_shape,3486,6774,0,0.979434874503233,96.55975341796875
NMC111,mechanical_shape,3496,6764,0,0.9798638868625684,96.67500305175781
NMC111,mechanical_shape,3506,6754,0,0.9794486161242463,96.69200134277344
NMC111,mechanical_shape,3516,6744,0,0.9823193251373186,96.69200134277344
NMC111,mechanical_shape,3526,6734,0,0.980825240002924,96.69200134277344
NMC111,mechanical_shape,3536,6724,0,0.9756826413649085,96.69200134277344
NMC111,mechanical_shape,3546,6714,0,0.9794158843804146,96.69200134277344
NMC111,mechanical_shape,3556,6704,0,0.9781824501669054,96.69200134277344
NMC111,mechanical_shape,3566,6694,0,0.9802279744751444,96.7042465209961
NMC111,mechanical_shape,3576,6684,0,0.9789537544721949,96.89350128173828
NMC111,mechanical_shape,3586,6674,0,0.9787575499671112,97.09750366210938
NMC111,mechanical_shape,3596,6664,0,0.9753912857531735,97.31050109863281
NMC111,mechanical_shape,3606,6654,0,0.9799685419285622,97.52124786376953
NMC111,mechanical_shape,3616,6644,0,0.982140641675789,97.66874694824219
NMC111,mechanical_shape,3626,6634,0,0.9806139217640584,97.7145004272461
NMC111,mechanical_shape,3636,6624,0,0.9836057007270184,97.71624755859375
NMC111,mechanical_shape,3646,6614,0,0.9834099140065558,97.71624755859375
NMC111,mechanical_shape,3656,6604,0,0.9770180297913735,97.71624755859375
NMC111,mechanical_shape,3666,6594,0,0.9824391908015354,97.71624755859375
NMC111,mechanical_shape,3676,6584,0,0.9847680045456323,97.71624755859375
NMC111,mechanical_shape,3686,6574,0,0.9821814240452629,97.71624755859375
NMC111,mechanical_shape,3696,6564,0,0.9818860524528634,97.82949829101562
NMC111,mechanical_shape,3706,6554,0,0.982993375624231,98.03475189208984
NMC111,mechanical_shape,3716,6544,0,0.983191988273069,98.22750091552734
NMC111,mechanical_shape,3726,6534,0,0.9839919223471956,98.41549682617188
NMC111,mechanical_shape,3736,6524,0,0.9802666173526957,98.58824920654297
NMC111,mechanical_shape,3746,6514,0,0.9801215161053386,98.64025115966797
NMC111,mechanical_shape,3756,6504,0,0.9796324244033487,98.65249633789062
NMC111,mechanical_shape,3766,6494,0,0.9752692801353934,98.65249633789062
NMC111,mechanical_shape,3776,6484,0,0.9803444927458568,98.65249633789062
NMC111,mechanical_shape,3786,6474,0,0.977796150113163,98.65249633789062
NMC111,mechanical_shape,3796,6464,0,0.9789994484666543,98.65249633789062
NMC111,mechanical_shape,3806,6454,0,0.9737585333984492,98.65249633789062
NMC111,mechanical_shape,3816,6444,0,0.9676057540745417,98.71900177001953
NMC111,mechanical_shape,3826,6434,0,0.9741568231885618,98.93975067138672
NMC111,mechanical_shape,3836,6424,0,0.9720223634848975,99.14375305175781
NMC111,mechanical_shape,3846,6414,0,0.9696554320450809,99.34124755859375
NMC111,mechanical_shape,3856,6404,0,0.9668773458561227,99.49925231933594
NMC111,mechanical_shape,3866,6394,0,0.9695631284569874,99.61475372314453
NMC111,mechanical_shape,3876,6384,0,0.9623789619022364,99.65875244140625
NMC111,mechanical_shape,3886,6374,0,0.9638182190453162,99.66024780273438
NMC111,mechanical_shape,3896,6364,0,0.9641994045185961,99.66024780273438
NMC111,mechanical_shape,3906,6354,0,0.9612009121966549,99.66024780273438
NMC111,mechanical_shape,3916,6344,0,0.9702864023912993,99.66024780273438
NMC111,mechanical_shape,3926,6334,0,0.9677180443309652,99.66024780273438
NMC111,mechanical_shape,3936,6324,0,0.9695834542854833,99.74150085449219
NMC111,mechanical_shape,3946,6314,0,0.9741328286498778,99.92675018310547
NMC111,mechanical_shape,3956,6304,0,0.9673512460156597,100.09850311279297
NMC111,mechanical_shape,3966,6294,0,0.9645720749734592,100.27925109863281
NMC111,mechanical_shape,3976,6284,0,0.9696876394826305,100.41300201416016
NMC111,mechanical_shape,3986,6274,0,0.959114790623588,100.50174713134766
NMC111,mechanical_shape,3996,6264,0,0.9624785918310351,100.56024932861328
NMC111,mechanical_shape,4006,6254,0,0.9642436377605725,100.56300354003906
NMC111,mechanical_shape,4016,6244,0,0.9626793298801252,100.56300354003906
NMC111,mechanical_shape,4026,6234,0,0.9648798993997761,100.56300354003906
NMC111,mechanical_shape,4036,6224,0,0.9639228071576892,100.56300354003906
NMC111,mechanical_shape,4046,6214,0,0.9663264080603282,100.56300354003906
NMC111,mechanical_shape,4056,6204,0,0.9623166059213244,100.67949676513672
NMC111,mechanical_shape,4066,6194,0,0.9633831463932441,100.89125061035156
NMC111,mechanical_shape,4076,6184,0,0.9678789594930755,101.1395034790039
NMC111,mechanical_shape,4086,6174,0,0.9626612450818635,101.34075164794922
NMC111,mechanical_shape,4096,6164,0,0.966440384339399,101.48274993896484
NMC111,mechanical_shape,4106,6154,0,0.9678709892696656,101.53175354003906
NMC111,mechanical_shape,4116,6144,0,0.967588371989349,101.53874969482422
NMC111,mechanical_shape,4126,6134,0,0.9660646926251618,101.53874969482422
NMC111,mechanical_shape,4136,6124,0,0.9621167687657377,101.53874969482422
NMC111,mechanical_shape,4146,6114,0,0.9666893114019026,101.53874969482422
NMC111,mechanical_shape,4156,6104,0,0.9710172810129397,101.53874969482422
NMC111,mechanical_shape,4166,6094,0,0.9667704912894185,101.5512466430664
NMC111,mechanical_shape,4176,6084,0,0.9722079611752987,101.76799774169922
NMC111,mechanical_shape,4186,6074,0,0.9700854715479885,101.99299621582031
NMC111,mechanical_shape,4196,6064,0,0.971731790717174,102.20549774169922
NMC111,mechanical_shape,4206,6054,0,0.9714634019124432,102.36699676513672
NMC111,mechanical_shape,4216,6044,0,0.9675465838072589,102.45149993896484
NMC111,mechanical_shape,4226,6034,0,0.9654775157573963,102.48574829101562
NMC111,mechanical_shape,4236,6024,0,0.968353067415431,102.48574829101562
NMC111,mechanical_shape,4246,6014,0,0.9690711053870318,102.48574829101562
NMC111,mechanical_shape,4256,6004,0,0.9681934784360958,102.48574829101562
NMC111,mechanical_shape,4266,5994,0,0.9655631988335492,102.48574829101562
NMC111,mechanical_shape,4276,5984,0,0.9651264556972857,102.48574829101562
NMC111,mechanical_shape,4286,5974,0,0.966613691622997,102.51824951171875
NMC111,mechanical_shape,4296,5964,0,0.9671882953250351,102.74250030517578
NMC111,mechanical_shape,4306,5954,0,0.9627753960871953,102.93800354003906
NMC111,mechanical_shape,4316,5944,0,0.9657802181932539,103.11775207519531
NMC111,mechanical_shape,4326,5934,0,0.9656573602570677,103.27375030517578
NMC111,mechanical_shape,4336,5924,0,0.9678191838261553,103.35700225830078
NMC111,mechanical_shape,4346,5914,0,0.9622950404989,103.37875366210938
NMC111,mechanical_shape,4356,5904,0,0.9668537057333862,103.37875366210938
NMC111,mechanical_shape,4366,5894,0,0.9632138653141352,103.37875366210938
NMC111,mechanical_shape,4376,5884,0,0.9643076757239087,103.37875366210938
NMC111,mechanical_shape,4386,5874,0,0.9628112408879166,103.37875366210938
NMC111,mechanical_shape,4396,5864,0,0.9643974922603633,103.37875366210938
NMC111,mechanical_shape,4406,5854,0,0.9616224849857666,103.4532470703125
NMC111,mechanical_shape,4416,5844,0,0.9616525393056315,103.62325286865234
NMC111,mechanical_shape,4426,5834,0,0.9638973080870384,103.85774993896484
NMC111,mechanical_shape,4436,5824,0,0.9690808307055825,104.07575225830078
NMC111,mechanical_shape,4446,5814,0,0.9686354135757245,104.27249908447266
NMC111,mechanical_shape,4456,5804,0,0.9729730183441009,104.38200378417969
NMC111,mechanical_shape,4466,5794,0,0.9680938087320086,104.40474700927734
NMC111,mechanical_shape,4476,5784,0,0.9693372008719642,104.4072494506836
NMC111,mechanical_shape,4486,5774,0,0.969717978546811,104.4072494506836
NMC111,mechanical_shape,4496,5764,0,0.968146141184065,104.4072494506836
NMC111,mechanical_shape,4506,5754,0,0.9710114251288576,104.4072494506836
NMC111,mechanical_shape,4516,5744,0,0.9688989600395587,104.4072494506836
NMC111,mechanical_shape,4526,5734,0,0.970373535699131,104.41799926757812
NMC111,mechanical_shape,4536,5724,0,0.9645123778991413,104.62124633789062
NMC111,mechanical_shape,4546,5714,0,0.9684131270531496,104.84725189208984
NMC111,mechanical_shape,4556,5704,0,0.9674241262864128,105.06124877929688
NMC111,mechanical_shape,4566,5694,0,0.9709510318630018,105.19924926757812
NMC111,mechanical_shape,4576,5684,0,0.9635405740110418,105.29499816894531
NMC111,mechanical_shape,4586,5674,0,0.9680939652133531,105.35050201416016
NMC111,mechanical_shape,4596,5664,0,0.9701834700986712,105.36250305175781
NMC111,mechanical_shape,4606,5654,0,0.972783229587973,105.36250305175781
NMC111,mechanical_shape,4616,5644,0,0.9695455495132463,105.36250305175781
NMC111,mechanical_shape,4626,5634,0,0.9621681421111665,105.36250305175781
NMC111,mechanical_shape,4636,5624,0,0.966143779109371,105.36250305175781
NMC111,mechanical_shape,4646,5614,0,0.9638530890504466,105.38674926757812
NMC111,mechanical_shape,4656,5604,0,0.9658816276533465,105.60724639892578
NMC111,mechanical_shape,4666,5594,0,0.9660160623165053,105.83499908447266
NMC111,mechanical_shape,4676,5584,0,0.962527491086961,106.04724884033203
NMC111,mechanical_shape,4686,5574,0,0.9660602390253265,106.20249938964844
NMC111,mechanical_shape,4696,5564,0,0.9647061397314554,106.25975036621094
NMC111,mechanical_shape,4706,5554,0,0.9630180838167165,106.26824951171875
NMC111,mechanical_shape,4716,5544,0,0.9634512311695191,106.26824951171875
NMC111,mechanical_shape,4726,5534,0,0.9695766935957462,106.26824951171875
NMC111,mechanical_shape,4736,5524,0,0.9663616946413688,106.26824951171875
NMC111,mechanical_shape,4746,5514,0,0.9675910553355939,106.26824951171875
NMC111,mechanical_shape,4756,5504,0,0.9624554735769996,106.26824951171875
NMC111,mechanical_shape,4766,5494,0,0.9653149431413011,106.40249633789062
NMC111,mechanical_shape,4776,5484,0,0.9618937701708117,106.59200286865234
NMC111,mechanical_shape,4786,5474,0,0.9602004377481652,106.81974792480469
NMC111,mechanical_shape,4796,5464,0,0.9653764527719504,106.99874877929688
NMC111,mechanical_shape,4806,5454,0,0.9600915764181197,107.0719985961914
NMC111,mechanical_shape,4816,5444,0,0.9624171102560012,107.09625244140625
NMC111,mechanical_shape,4826,5434,0,0.9633127197831306,107.09625244140625
NMC111,mechanical_shape,4836,5424,0,0.9642658187764301,107.09625244140625
NMC111,mechanical_shape,4846,5414,0,0.9607658207809988,107.09625244140625
NMC111,mechanical_shape,4856,5404,0,0.9650034004084406,107.09625244140625
NMC111,mechanical_shape,4866,5394,0,0.9662337859373583,107.09625244140625
NMC111,mechanical_shape,4876,5384,0,0.9662757769216727,107.1865005493164
NMC111,mechanical_shape,4886,5374,0,0.9654794736484117,107.39350128173828
NMC111,mechanical_shape,4896,5364,0,0.9663929122811957,107.60124969482422
NMC111,mechanical_shape,4906,5354,0,0.9634477312527376,107.78450012207031
NMC111,mechanical_shape,4916,5344,0,0.9643520212356729,107.93074798583984
NMC111,mechanical_shape,4926,5334,0,0.9588849596604676,108.0457534790039
NMC111,mechanical_shape,4936,5324,0,0.9601609476674055,108.09750366210938
NMC111,mechanical_shape,4946,5314,0,0.9606337979590542,108.09750366210938
NMC111,mechanical_shape,4956,5304,0,0.9606226280563379,108.09750366210938
NMC111,mechanical_shape,4966,5294,0,0.9585902437567274,108.09750366210938
NMC111,mechanical_shape,4976,5284,0,0.9620122212550416,108.09750366210938
NMC111,mechanical_shape,4986,5274,0,0.9664171589158096,108.09750366210938
NMC111,mechanical_shape,4996,5264,0,0.9616928774337614,108.10250091552734
NMC111,mechanical_shape,5006,5254,0,0.9605307083275277,108.2967529296875
NMC111,mechanical_shape,5016,5244,0,0.9616613832283046,108.48975372314453
NMC111,mechanical_shape,5026,5234,0,0.9546851232347716,108.6717529296875
NMC111,mechanical_shape,5036,5224,0,0.9598504315613583,108.82975006103516
NMC111,mechanical_shape,5046,5214,0,0.961424676685569,108.89099884033203
NMC111,mechanical_shape,5056,5204,0,0.9592344214535407,108.91999816894531
NMC111,mechanical_shape,5066,5194,0,0.9608050415484911,108.91999816894531
NMC111,mechanical_shape,5076,5184,0,0.9619658485409848,108.93475341796875
NMC111,mechanical_shape,5086,5174,0,0.9631131775242325,108.93475341796875
NMC111,mechanical_shape,5096,5164,0,0.960277093459141,108.93475341796875
NMC111,mechanical_shape,5106,5154,0,0.9566298045375639,108.93475341796875
NMC111,mechanical_shape,5116,5144,0,0.9657710668889053,108.94249725341797
NMC111,mechanical_shape,5126,5134,0,0.9627893496366436,109.11650085449219
NMC111,mechanical_shape,5136,5124,0,0.9701752764624955,109.35025024414062
NMC111,mechanical_shape,5146,5114,0,0.9631246007944645,109.59925079345703
NMC111,mechanical_shape,5156,5104,0,0.9628272601804487,109.78250122070312
NMC111,mechanical_shape,5166,5094,0,0.9672696451224503,109.90574645996094
NMC111,mechanical_shape,5176,5084,0,0.9626955493803848,109.9175033569336
NMC111,mechanical_shape,5186,5074,0,0.9608621968347137,109.9227523803711
NMC111,mechanical_shape,5196,5064,0,0.9607805019286125,109.9227523803711
NMC111,mechanical_shape,5206,5054,0,0.963887759691423,109.9227523803711
NMC111,mechanical_shape,5216,5044,0,0.9633409292058266,109.9227523803711
NMC111,mechanical_shape,5226,5034,0,0.9620578876211994,109.9227523803711
NMC111,mechanical_shape,5236,5024,0,0.961465993244687,109.9227523803711
NMC111,mechanical_shape,5246,5014,0,0.9627409692221177,110.06625366210938
NMC111,mechanical_shape,5256,5004,0,0.9558512857350171,110.25900268554688
NMC111,mechanical_shape,5266,4994,0,0.961239172155967,110.4365005493164
NMC111,mechanical_shape,5276,4984,0,0.9594623063236756,110.59725189208984
NMC111,mechanical_shape,5286,4974,0,0.9621562057727767,110.77300262451172
NMC111,mechanical_shape,5296,4964,0,0.9599610058702377,110.83875274658203
NMC111,mechanical_shape,5306,4954,0,0.9580053884063858,110.83875274658203
NMC111,mechanical_shape,5316,4944,0,0.9578756137332582,110.83875274658203
NMC111,mechanical_shape,5326,4934,0,0.9541910691157384,110.83875274658203
NMC111,mechanical_shape,5336,4924,0,0.956718102459855,110.83875274658203
NMC111,mechanical_shape,5346,4914,0,0.9631083420940101,110.83875274658203
NMC111,mechanical_shape,5356,4904,0,0.9618731439362133,110.85900115966797
NMC111,mechanical_shape,5366,4894,0,0.9615036635811139,111.072998046875
NMC111,mechanical_shape,5376,4884,0,0.9583695677544719,111.29325103759766
NMC111,mechanical_shape,5386,4874,0,0.9578156286273662,111.46700286865234
NMC111,mechanical_shape,5396,4864,0,0.9605485042025806,111.5510025024414
NMC111,mechanical_shape,5406,4854,0,0.9625011109818326,111.58899688720703
NMC111,mechanical_shape,5416,4844,0,0.958468449210449,111.58899688720703
NMC111,mechanical_shape,5426,4834,0,0.9581197702933107,111.58899688720703
NMC111,mechanical_shape,5436,4824,0,0.9553933106249969,111.58899688720703
NMC111,mechanical_shape,5446,4814,0,0.9584768940108988,111.58899688720703
NMC111,mechanical_shape,5456,4804,0,0.9608276012146391,111.60700225830078
NMC111,mechanical_shape,5466,4794,0,0.9630807914259469,111.84124755859375
NMC111,mechanical_shape,5476,4784,0,0.959285065893598,112.041748046875
NMC111,mechanical_shape,5486,4774,0,0.9619387915327745,112.24175262451172
NMC111,mechanical_shape,5496,4764,0,0.958019486073194,112.38475036621094
NMC111,mechanical_shape,5506,4754,0,0.9664516759706545,112.44625091552734
NMC111,mechanical_shape,5516,4744,0,0.9650174209184041,112.4530029296875
NMC111,mechanical_shape,5526,4734,0,0.9674581784797855,112.4530029296875
NMC111,mechanical_shape,5536,4724,0,0.962801353675487,112.4530029296875
NMC111,mechanical_shape,5546,4714,0,0.962868473175528,112.4530029296875
NMC111,mechanical_shape,5556,4704,0,0.9632554863143606,112.4530029296875
NMC111,mechanical_shape,5566,4694,0,0.9589873318891373,112.46074676513672
NMC111,mechanical_shape,5576,4684,0,0.9614296177582335,112.68775177001953
NMC111,mechanical_shape,5586,4674,0,0.9596760308685267,112.9229965209961
NMC111,mechanical_shape,5596,4664,0,0.9618742680805942,113.13349914550781
NMC111,mechanical_shape,5606,4654,0,0.9605345377778419,113.25800323486328
NMC111,mechanical_shape,5616,4644,0,0.9594382021350815,113.3012466430664
NMC111,mechanical_shape,5626,4634,0,0.9586589826777673,113.3012466430664
NMC111,mechanical_shape,5636,4624,0,0.952978724508538,113.3012466430664
NMC111,mechanical_shape,5646,4614,0,0.9543321479337353,113.3012466430664
NMC111,mechanical_shape,5656,4604,0,0.9576558599982062,113.3012466430664
NMC111,mechanical_shape,5666,4594,0,0.9543209624626816,113.3012466430664
NMC111,mechanical_shape,5676,4584,0,0.9528727487477222,113.41950225830078
NMC111,mechanical_shape,5686,4574,0,0.9572525732090267,113.63674926757812
NMC111,mechanical_shape,5696,4564,0,0.956435902135013,113.85124969482422
NMC111,mechanical_shape,5706,4554,0,0.9522222836720118,114.02525329589844
NMC111,mechanical_shape,5716,4544,0,0.9533595469123738,114.11325073242188
NMC111,mechanical_shape,5726,4534,0,0.9516296529471043,114.125
NMC111,mechanical_shape,5736,4524,0,0.9520786615582933,114.125
NMC111,mechanical_shape,5746,4514,0,0.9538147801139071,114.125
NMC111,mechanical_shape,5756,4504,0,0.9516609437147244,114.125
NMC111,mechanical_shape,5766,4494,0,0.9535597874527061,114.125
NMC111,mechanical_shape,5776,4484,0,0.9528133626371098,114.14875030517578
NMC111,mechanical_shape,5786,4474,0,0.9557138476083777,114.34400177001953
NMC111,mechanical_shape,5796,4464,0,0.9537635391138614,114.53900146484375
NMC111,mechanical_shape,5806,4454,0,0.953072188403694,114.70249938964844
NMC111,mechanical_shape,5816,4444,0,0.9494862037693168,114.87149810791016
NMC111,mechanical_shape,5826,4434,0,0.9510684006912788,114.96824645996094
NMC111,mechanical_shape,5836,4424,0,0.9497476981764789,114.98699951171875
NMC111,mechanical_shape,5846,4414,0,0.9459262982872193,114.98699951171875
NMC111,mechanical_shape,5856,4404,0,0.9493693326624317,114.98699951171875
NMC111,mechanical_shape,5866,4394,0,0.9478654015816844,114.98699951171875
NMC111,mechanical_shape,5876,4384,0,0.9525009446038347,114.98699951171875
NMC111,mechanical_shape,5886,4374,0,0.9501376798761143,114.98699951171875
NMC111,mechanical_shape,5896,4364,0,0.9515379283080861,115.08899688720703
NMC111,mechanical_shape,5906,4354,0,0.9498374873201937,115.28724670410156
NMC111,mechanical_shape,5916,4344,0,0.9515425143885514,115.51824951171875
NMC111,mechanical_shape,5926,4334,0,0.9530852522725768,115.69349670410156
NMC111,mechanical_shape,5936,4324,0,0.9455188297358778,115.82050323486328
NMC111,mechanical_shape,5946,4314,0,0.9480954365771352,115.86949920654297
NMC111,mechanical_shape,5956,4304,0,0.9514510874625475,115.88475036621094
NMC111,mechanical_shape,5966,4294,0,0.950598323457624,115.88475036621094
NMC111,mechanical_shape,5976,4284,0,0.9475470598675555,115.88475036621094
NMC111,mechanical_shape,5986,4274,0,0.9470805816826969,115.88475036621094
NMC111,mechanical_shape,5996,4264,0,0.9510876592912395,115.88475036621094
NMC111,mechanical_shape,6006,4254,0,0.9480401568385353,115.98274993896484
NMC111,mechanical_shape,6016,4244,0,0.9529190575663278,116.17949676513672
NMC111,mechanical_shape,6026,4234,0,0.9525157274433818,116.39924621582031
NMC111,mechanical_shape,6036,4224,0,0.9498870005417043,116.58674621582031
NMC111,mechanical_shape,6046,4214,0,0.9492072710523667,116.75325012207031
NMC111,mechanical_shape,6056,4204,0,0.9534779524355368,116.84600067138672
NMC111,mechanical_shape,6066,4194,0,0.9547964664979678,116.8792495727539
NMC111,mechanical_shape,6076,4184,0,0.9524066256380934,116.8792495727539
NMC111,mechanical_shape,6086,4174,0,0.9527200790332446,116.8792495727539
NMC111,mechanical_shape,6096,4164,0,0.955067337682703,116.8792495727539
NMC111,mechanical_shape,6106,4154,0,0.9592515447814174,116.8792495727539
NMC111,mechanical_shape,6116,4144,0,0.9537993341584978,116.8792495727539
NMC111,mechanical_shape,6126,4134,0,0.9503502842180251,116.90799713134766
NMC111,mechanical_shape,6136,4124,0,0.9513907614249582,117.13574981689453
NMC111,mechanical_shape,6146,4114,0,0.9521614260048941,117.40750122070312
NMC111,mechanical_shape,6156,4104,0,0.9513678585911711,117.62100219726562
NMC111,mechanical_shape,6166,4094,0,0.9452642462223381,117.74700164794922
NMC111,mechanical_shape,6176,4084,0,0.9504638230102735,117.78925323486328
NMC111,mechanical_shape,6186,4074,0,0.9493776437814619,117.79850006103516
NMC111,mechanical_shape,6196,4064,0,0.9437701606626991,117.79850006103516
NMC111,mechanical_shape,6206,4054,0,0.9480490525468832,117.79850006103516
NMC111,mechanical_shape,6216,4044,0,0.9489264415716169,117.79850006103516
NMC111,mechanical_shape,6226,4034,0,0.9474566398695665,117.79850006103516
NMC111,mechanical_shape,6236,4024,0,0.953268045137037,117.80049896240234
NMC111,mechanical_shape,6246,4014,0,0.9540343217322077,117.99250030517578
NMC111,mechanical_shape,6256,4004,0,0.9577213510893906,118.2074966430664
NMC111,mechanical_shape,6266,3994,0,0.9606803649924668,118.3905029296875
NMC111,mechanical_shape,6276,3984,0,0.9607763015761571,118.55975341796875
NMC111,mechanical_shape,6286,3974,0,0.9597786245219243,118.6927490234375
NMC111,mechanical_shape,6296,3964,0,0.9599388312453923,118.75450134277344
NMC111,mechanical_shape,6306,3954,0,0.9553713767851735,118.78724670410156
NMC111,mechanical_shape,6316,3944,0,0.95648895427405,118.78724670410156
NMC111,mechanical_shape,6326,3934,0,0.9518698337160763,118.78724670410156
NMC111,mechanical_shape,6336,3924,0,0.9497236274430321,118.78724670410156
NMC111,mechanical_shape,6346,3914,0,0.9428430482873976,118.78724670410156
NMC111,mechanical_shape,6356,3904,0,0.9470246556471174,118.78724670410156
NMC111,mechanical_shape,6366,3894,0,0.9535460968444877,118.9832534790039
NMC111,mechanical_shape,6376,3884,0,0.9624595492415708,119.18675231933594
NMC111,mechanical_shape,6386,3874,0,0.9620924140490879,119.37674713134766
NMC111,mechanical_shape,6396,3864,0,0.9611059628611904,119.5477523803711
NMC111,mechanical_shape,6406,3854,0,0.960296614093563,119.69499969482422
NMC111,mechanical_shape,6416,3844,0,0.96148940509238,119.76599884033203
NMC111,mechanical_shape,6426,3834,0,0.9660425270215944,119.76725006103516
NMC111,mechanical_shape,6436,3824,0,0.9604865901639108,119.76725006103516
NMC111,mechanical_shape,6446,3814,0,0.9628797473109354,119.76725006103516
NMC111,mechanical_shape,6456,3804,0,0.9598252679961338,119.76725006103516
NMC111,mechanical_shape,6466,3794,0,0.9586877072798256,119.76725006103516
NMC111,mechanical_shape,6476,3784,0,0.9548559709516995,119.76725006103516
NMC111,mechanical_shape,6486,3774,0,0.9577403438661434,119.88400268554688
NMC111,fusion_shape,256,10004,0,0.9974960618191615,70.47550201416016
NMC111,fusion_shape,266,9994,0,0.9986535103968575,70.47550201416016
NMC111,fusion_shape,276,9984,0,0.9984419148585498,70.47550201416016
NMC111,fusion_shape,286,9974,0,0.9978410167655164,70.47550201416016
NMC111,fusion_shape,296,9964,0,0.9983245623264357,70.47550201416016
NMC111,fusion_shape,306,9954,0,0.9983946592611811,70.49549865722656
NMC111,fusion_shape,316,9944,0,0.9985639546614378,70.70475006103516
NMC111,fusion_shape,326,9934,0,0.9980906531233537,70.94525146484375
NMC111,fusion_shape,336,9924,0,0.9985157141793332,71.13200378417969
NMC111,fusion_shape,346,9914,0,0.9984163982758242,71.22775268554688
NMC111,fusion_shape,356,9904,0,0.9989138787781157,71.27449798583984
NMC111,fusion_shape,366,9894,0,0.998399746129876,71.27449798583984
NMC111,fusion_shape,376,9884,0,0.9989141992656907,71.27449798583984
NMC111,fusion_shape,386,9874,0,0.998735174063765,71.27449798583984
NMC111,fusion_shape,396,9864,0,0.9989815299494306,71.27449798583984
NMC111,fusion_shape,406,9854,0,0.9991091991650622,71.2969970703125
NMC111,fusion_shape,416,9844,0,0.9988365287039013,71.49624633789062
NMC111,fusion_shape,426,9834,0,0.9984175471278329,71.760498046875
NMC111,fusion_shape,436,9824,0,0.9987534549413823,71.93800354003906
NMC111,fusion_shape,446,9814,0,0.9989578751261723,72.02424621582031
NMC111,fusion_shape,456,9804,0,0.9989173791761028,72.0354995727539
NMC111,fusion_shape,466,9794,0,0.998851533103339,72.0354995727539
NMC111,fusion_shape,476,9784,0,0.9989227506366717,72.0354995727539
NMC111,fusion_shape,486,9774,0,0.9985869764771965,72.0354995727539
NMC111,fusion_shape,496,9764,0,0.9992095090347126,72.0354995727539
NMC111,fusion_shape,506,9754,0,0.9990683577902,72.04149627685547
NMC111,fusion_shape,516,9744,0,0.999180500576312,72.24349975585938
NMC111,fusion_shape,526,9734,0,0.9990476984714359,72.4800033569336
NMC111,fusion_shape,536,9724,0,0.9988062936799055,72.73474884033203
NMC111,fusion_shape,546,9714,0,0.9991326119979441,72.87100219726562
NMC111,fusion_shape,556,9704,0,0.9992140586096253,72.92150115966797
NMC111,fusion_shape,566,9694,0,0.9990826742717188,72.93724822998047
NMC111,fusion_shape,576,9684,0,0.9993713538073248,72.93724822998047
NMC111,fusion_shape,586,9674,0,0.9991250330480993,72.93724822998047
NMC111,fusion_shape,596,9664,0,0.9991658912927881,72.93724822998047
NMC111,fusion_shape,606,9654,0,0.9992650677549237,72.93724822998047
NMC111,fusion_shape,616,9644,0,0.9993861852836724,72.93724822998047
NMC111,fusion_shape,626,9634,0,0.999360419914807,73.15550231933594
NMC111,fusion_shape,636,9624,0,0.9992864631362529,73.38800048828125
NMC111,fusion_shape,646,9614,0,0.9993910902317298,73.5572509765625
NMC111,fusion_shape,656,9604,0,0.9994946919914991,73.65750122070312
NMC111,fusion_shape,666,9594,0,0.9993434724874856,73.65975189208984
NMC111,fusion_shape,676,9584,0,0.9995123603702167,73.65975189208984
NMC111,fusion_shape,686,9574,0,0.9995008213765906,73.65975189208984
NMC111,fusion_shape,696,9564,0,0.999382406896822,73.65975189208984
NMC111,fusion_shape,706,9554,0,0.9994946957839032,73.65975189208984
NMC111,fusion_shape,716,9544,0,0.9995334355543205,73.65975189208984
NMC111,fusion_shape,726,9534,0,0.9994446439840552,73.8532485961914
NMC111,fusion_shape,736,9524,0,0.999635490689957,74.11399841308594
NMC111,fusion_shape,746,9514,0,0.9994738795933192,74.3594970703125
NMC111,fusion_shape,756,9504,0,0.9994734964164094,74.52300262451172
NMC111,fusion_shape,766,9494,0,0.999661491797363,74.58174896240234
NMC111,fusion_shape,776,9484,0,0.9994544650141525,74.58174896240234
NMC111,fusion_shape,786,9474,0,0.9994844248733284,74.58174896240234
NMC111,fusion_shape,796,9464,0,0.999438817307633,74.58174896240234
NMC111,fusion_shape,806,9454,0,0.9996316069466159,74.58174896240234
NMC111,fusion_shape,816,9444,0,0.9995583820516517,74.58174896240234
NMC111,fusion_shape,826,9434,0,0.99969399669116,74.58174896240234
NMC111,fusion_shape,836,9424,0,0.9997349677077408,74.74825286865234
NMC111,fusion_shape,846,9414,0,0.9997245823582147,74.97724914550781
NMC111,fusion_shape,856,9404,0,0.9996972081723797,75.197998046875
NMC111,fusion_shape,866,9394,0,0.9997161533232845,75.37525177001953
NMC111,fusion_shape,876,9384,0,0.9996980625478336,75.44225311279297
NMC111,fusion_shape,886,9374,0,0.9997164637049235,75.45500183105469
NMC111,fusion_shape,896,9364,0,0.9997091973507631,75.45500183105469
NMC111,fusion_shape,906,9354,0,0.9996900004152255,75.45500183105469
NMC111,fusion_shape,916,9344,0,0.9996509385304904,75.45500183105469
NMC111,fusion_shape,926,9334,0,0.9994742840788823,75.45500183105469
NMC111,fusion_shape,936,9324,0,0.9997267815641191,75.45500183105469
NMC111,fusion_shape,946,9314,0,0.9997016541829423,75.55225372314453
NMC111,fusion_shape,956,9304,0,0.9996754527958535,75.78199768066406
NMC111,fusion_shape,966,9294,0,0.9996811772666204,76.06950378417969
NMC111,fusion_shape,976,9284,0,0.9997085297722489,76.28324890136719
NMC111,fusion_shape,986,9274,0,0.9997067333802953,76.43274688720703
NMC111,fusion_shape,996,9264,0,0.9997182543829779,76.48075103759766
NMC111,fusion_shape,1006,9254,0,0.9997235775541196,76.48075103759766
NMC111,fusion_shape,1016,9244,0,0.9997537805870066,76.48075103759766
NMC111,fusion_shape,1026,9234,0,0.9997568245273739,76.48075103759766
NMC111,fusion_shape,1036,9224,0,0.9998138136371607,76.48075103759766
NMC111,fusion_shape,1046,9214,0,0.9997695841048929,76.48075103759766
NMC111,fusion_shape,1056,9204,0,0.9997485386149317,76.48075103759766
NMC111,fusion_shape,1066,9194,0,0.9998287817076719,76.69300079345703
NMC111,fusion_shape,1076,9184,0,0.999721468873821,76.93800354003906
NMC111,fusion_shape,1086,9174,0,0.9997294941070828,77.13825225830078
NMC111,fusion_shape,1096,9164,0,0.9997115128477584,77.27449798583984
NMC111,fusion_shape,1106,9154,0,0.999753547103662,77.32624816894531
NMC111,fusion_shape,1116,9144,0,0.9997797147588864,77.32749938964844
NMC111,fusion_shape,1126,9134,0,0.9997466728288577,77.32749938964844
NMC111,fusion_shape,1136,9124,0,0.9996537898520463,77.32749938964844
NMC111,fusion_shape,1146,9114,0,0.99974845315224,77.32749938964844
NMC111,fusion_shape,1156,9104,0,0.9996549398128499,77.32749938964844
NMC111,fusion_shape,1166,9094,0,0.9996362771499913,77.36299896240234
NMC111,fusion_shape,1176,9084,0,0.9997318798240649,77.60649871826172
NMC111,fusion_shape,1186,9074,0,0.9996482527883617,77.83799743652344
NMC111,fusion_shape,1196,9064,0,0.9998104344552027,78.04199981689453
NMC111,fusion_shape,1206,9054,0,0.9998098444138653,78.1415023803711
NMC111,fusion_shape,1216,9044,0,0.9997119073616905,78.18199920654297
NMC111,fusion_shape,1226,9034,0,0.9997462500204726,78.18199920654297
NMC111,fusion_shape,1236,9024,0,0.9998385178798292,78.18199920654297
NMC111,fusion_shape,1246,9014,0,0.9998263214858718,78.18199920654297
NMC111,fusion_shape,1256,9004,0,0.9997619877859,78.18199920654297
NMC111,fusion_shape,1266,8994,0,0.9998234502523589,78.18199920654297
NMC111,fusion_shape,1276,8984,0,0.999803328235809,78.19650268554688
NMC111,fusion_shape,1286,8974,0,0.9997740797013367,78.40675354003906
NMC111,fusion_shape,1296,8964,0,0.9998440050659192,78.62799835205078
NMC111,fusion_shape,1306,8954,0,0.9998381416157842,78.84124755859375
NMC111,fusion_shape,1316,8944,0,0.9998622294020659,79.0270004272461
NMC111,fusion_shape,1326,8934,0,0.9998659037876881,79.15374755859375
NMC111,fusion_shape,1336,8924,0,0.9998893287997069,79.18924713134766
NMC111,fusion_shape,1346,8914,0,0.9998787782219082,79.18924713134766
NMC111,fusion_shape,1356,8904,0,0.9998800842415085,79.18924713134766
NMC111,fusion_shape,1366,8894,0,0.9999198035690611,79.18924713134766
NMC111,fusion_shape,1376,8884,0,0.9998890676969718,79.18924713134766
NMC111,fusion_shape,1386,8874,0,0.9999112756920145,79.18924713134766
NMC111,fusion_shape,1396,8864,0,0.9998990733886888,79.18924713134766
NMC111,fusion_shape,1406,8854,0,0.9998924668990509,79.31575012207031
NMC111,fusion_shape,1416,8844,0,0.9998953363138275,79.5780029296875
NMC111,fusion_shape,1426,8834,0,0.9999313449550626,79.79750061035156
NMC111,fusion_shape,1436,8824,0,0.9999349740697678,80.01349639892578
NMC111,fusion_shape,1446,8814,0,0.9999274790502974,80.16275024414062
NMC111,fusion_shape,1456,8804,0,0.9999239773546572,80.23049926757812
NMC111,fusion_shape,1466,8794,0,0.9999168223962598,80.25775146484375
NMC111,fusion_shape,1476,8784,0,0.9999287691956454,80.25775146484375
NMC111,fusion_shape,1486,8774,0,0.999928553775394,80.25775146484375
NMC111,fusion_shape,1496,8764,0,0.9999133041905114,80.25775146484375
NMC111,fusion_shape,1506,8754,0,0.9999237131761318,80.25775146484375
NMC111,fusion_shape,1516,8744,0,0.9999091343795385,80.25775146484375
NMC111,fusion_shape,1526,8734,0,0.9999310138774445,80.25775146484375
NMC111,fusion_shape,1536,8724,0,0.9999287974781605,80.41825103759766
NMC111,fusion_shape,1546,8714,0,0.9999262799625421,80.6467514038086
NMC111,fusion_shape,1556,8704,0,0.999925395432014,80.86849975585938
NMC111,fusion_shape,1566,8694,0,0.9999356928752359,81.09124755859375
NMC111,fusion_shape,1576,8684,0,0.9999335582421194,81.23224639892578
NMC111,fusion_shape,1586,8674,0,0.9999032038303072,81.29724884033203
NMC111,fusion_shape,1596,8664,0,0.9999068968782077,81.30374908447266
NMC111,fusion_shape,1606,8654,0,0.9999355499939394,81.30374908447266
NMC111,fusion_shape,1616,8644,0,0.999929385019221,81.30374908447266
NMC111,fusion_shape,1626,8634,0,0.9999066080690008,81.30374908447266
NMC111,fusion_shape,1636,8624,0,0.9999091042402612,81.30374908447266
NMC111,fusion_shape,1646,8614,0,0.9998900784326259,81.30374908447266
NMC111,fusion_shape,1656,8604,0,0.9999178634932788,81.48699951171875
NMC111,fusion_shape,1666,8594,0,0.9999136455948268,81.74150085449219
NMC111,fusion_shape,1676,8584,0,0.999935916460702,81.96600341796875
NMC111,fusion_shape,1686,8574,0,0.999952846905461,82.12525177001953
NMC111,fusion_shape,1696,8564,0,0.9999199552917126,82.1865005493164
NMC111,fusion_shape,1706,8554,0,0.9999310142595046,82.18924713134766
NMC111,fusion_shape,1716,8544,0,0.9999497229963118,82.18924713134766
NMC111,fusion_shape,1726,8534,0,0.9999118159271911,82.18924713134766
NMC111,fusion_shape,1736,8524,0,0.9999562202820023,82.18924713134766
NMC111,fusion_shape,1746,8514,0,0.9999583860120087,82.18924713134766
NMC111,fusion_shape,1756,8504,0,0.9999630683126487,82.22675323486328
NMC111,fusion_shape,1766,8494,0,0.9999599489440253,82.44474792480469
NMC111,fusion_shape,1776,8484,0,0.9999647466711489,82.70249938964844
NMC111,fusion_shape,1786,8474,0,0.9999707289831994,82.90850067138672
NMC111,fusion_shape,1796,8464,0,0.9999602626740177,83.04225158691406
NMC111,fusion_shape,1806,8454,0,0.9999714493694961,83.104248046875
NMC111,fusion_shape,1816,8444,0,0.9999619214408346,83.11499786376953
NMC111,fusion_shape,1826,8434,0,0.9999768758386322,83.11499786376953
NMC111,fusion_shape,1836,8424,0,0.9999657949767562,83.11499786376953
NMC111,fusion_shape,1846,8414,0,0.99997534537233,83.11499786376953
NMC111,fusion_shape,1856,8404,0,0.999968997024019,83.11499786376953
NMC111,fusion_shape,1866,8394,0,0.9999745792684643,83.11499786376953
NMC111,fusion_shape,1876,8384,0,0.9999653993713888,83.2092514038086
NMC111,fusion_shape,1886,8374,0,0.9999777931119758,83.46375274658203
NMC111,fusion_shape,1896,8364,0,0.9999725424372461,83.70375061035156
NMC111,fusion_shape,1906,8354,0,0.9999801343177703,83.89550018310547
NMC111,fusion_shape,1916,8344,0,0.99996421559271,84.03900146484375
NMC111,fusion_shape,1926,8334,0,0.999973522259593,84.09874725341797
NMC111,fusion_shape,1936,8324,0,0.999976744987073,84.12000274658203
NMC111,fusion_shape,1946,8314,0,0.9999733569257828,84.12000274658203
NMC111,fusion_shape,1956,8304,0,0.9999789063395181,84.12000274658203
NMC111,fusion_shape,1966,8294,0,0.9999703143708895,84.12000274658203
NMC111,fusion_shape,1976,8284,0,0.9999769535176036,84.12000274658203
NMC111,fusion_shape,1986,8274,0,0.9999745038152139,84.12000274658203
NMC111,fusion_shape,1996,8264,0,0.9999752842627846,84.12000274658203
NMC111,fusion_shape,2006,8254,0,0.9999747281627657,84.24150085449219
NMC111,fusion_shape,2016,8244,0,0.9999712529727991,84.49124908447266
NMC111,fusion_shape,2026,8234,0,0.999968820384681,84.75325012207031
NMC111,fusion_shape,2036,8224,0,0.9999756752394181,84.9437484741211
NMC111,fusion_shape,2046,8214,0,0.9999722229092921,85.06024932861328
NMC111,fusion_shape,2056,8204,0,0.9999735096560038,85.08924865722656
NMC111,fusion_shape,2066,8194,0,0.9999752973498465,85.08924865722656
NMC111,fusion_shape,2076,8184,0,0.9999692292654607,85.08924865722656
NMC111,fusion_shape,2086,8174,0,0.999976978234368,85.08924865722656
NMC111,fusion_shape,2096,8164,0,0.9999728603751745,85.08924865722656
NMC111,fusion_shape,2106,8154,0,0.9999761717762887,85.08924865722656
NMC111,fusion_shape,2116,8144,0,0.999974359778658,85.08924865722656
NMC111,fusion_shape,2126,8134,0,0.9999755919261092,85.1780014038086
NMC111,fusion_shape,2136,8124,0,0.9999741008037547,85.4207534790039
NMC111,fusion_shape,2146,8114,0,0.9999770856376584,85.64375305175781
NMC111,fusion_shape,2156,8104,0,0.9999804825717126,85.8427505493164
NMC111,fusion_shape,2166,8094,0,0.9999861930459046,85.97575378417969
NMC111,fusion_shape,2176,8084,0,0.9999843768904357,86.05175018310547
NMC111,fusion_shape,2186,8074,0,0.9999823761799743,86.0687484741211
NMC111,fusion_shape,2196,8064,0,0.9999843247592035,86.0687484741211
NMC111,fusion_shape,2206,8054,0,0.9999834536264156,86.0687484741211
NMC111,fusion_shape,2216,8044,0,0.999985741068738,86.0687484741211
NMC111,fusion_shape,2226,8034,0,0.9999827373487609,86.0687484741211
NMC111,fusion_shape,2236,8024,0,0.999982134493784,86.0687484741211
NMC111,fusion_shape,2246,8014,0,0.9999861270697813,86.08824920654297
NMC111,fusion_shape,2256,8004,0,0.9999839585283655,86.26950073242188
NMC111,fusion_shape,2266,7994,0,0.9999853926011714,86.5199966430664
NMC111,fusion_shape,2276,7984,0,0.9999854296379019,86.74825286865234
NMC111,fusion_shape,2286,7974,0,0.999987938895666,86.958251953125
NMC111,fusion_shape,2296,7964,0,0.9999903404326752,87.08824920654297
NMC111,fusion_shape,2306,7954,0,0.9999830104289344,87.15074920654297
NMC111,fusion_shape,2316,7944,0,0.9999884947898358,87.17150115966797
NMC111,fusion_shape,2326,7934,0,0.9999896792750572,87.17150115966797
NMC111,fusion_shape,2336,7924,0,0.9999878800740948,87.17150115966797
NMC111,fusion_shape,2346,7914,0,0.9999903106510021,87.17150115966797
NMC111,fusion_shape,2356,7904,0,0.9999868976814029,87.17150115966797
NMC111,fusion_shape,2366,7894,0,0.9999907665190916,87.17150115966797
NMC111,fusion_shape,2376,7884,0,0.9999889142011115,87.17375183105469
NMC111,fusion_shape,2386,7874,0,0.9999920268521183,87.34425354003906
NMC111,fusion_shape,2396,7864,0,0.9999916536072889,87.55750274658203
NMC111,fusion_shape,2406,7854,0,0.9999929074998942,87.80950164794922
NMC111,fusion_shape,2416,7844,0,0.9999905636856777,87.98999786376953
NMC111,fusion_shape,2426,7834,0,0.999993348189147,88.15924835205078
NMC111,fusion_shape,2436,7824,0,0.9999932417143359,88.2354965209961
NMC111,fusion_shape,2446,7814,0,0.999992718780817,88.23625183105469
NMC111,fusion_shape,2456,7804,0,0.999993309818086,88.23625183105469
NMC111,fusion_shape,2466,7794,0,0.9999940403100261,88.23625183105469
NMC111,fusion_shape,2476,7784,0,0.9999938573454863,88.23625183105469
NMC111,fusion_shape,2486,7774,0,0.9999948554343673,88.23625183105469
NMC111,fusion_shape,2496,7764,0,0.9999941048647412,88.23625183105469
NMC111,fusion_shape,2506,7754,0,0.9999944471875607,88.23625183105469
NMC111,fusion_shape,2516,7744,0,0.9999951333296426,88.4520034790039
NMC111,fusion_shape,2526,7734,0,0.9999953830390761,88.65450286865234
NMC111,fusion_shape,2536,7724,0,0.9999949467630338,88.85974884033203
NMC111,fusion_shape,2546,7714,0,0.9999957556888213,89.01699829101562
NMC111,fusion_shape,2556,7704,0,0.9999948829415628,89.08699798583984
NMC111,fusion_shape,2566,7694,0,0.9999951455646082,89.09850311279297
NMC111,fusion_shape,2576,7684,0,0.9999948751226821,89.09850311279297
NMC111,fusion_shape,2586,7674,0,0.9999947343069143,89.09850311279297
NMC111,fusion_shape,2596,7664,0,0.9999940308319887,89.09850311279297
NMC111,fusion_shape,2606,7654,0,0.9999962797010524,89.09850311279297
NMC111,fusion_shape,2616,7644,0,0.9999961596504029,89.10199737548828
NMC111,fusion_shape,2626,7634,0,0.9999951966432342,89.32524871826172
NMC111,fusion_shape,2636,7624,0,0.9999954835760043,89.62124633789062
NMC111,fusion_shape,2646,7614,0,0.999995717791637,89.84224700927734
NMC111,fusion_shape,2656,7604,0,0.9999942703544826,90.00150299072266
NMC111,fusion_shape,2666,7594,0,0.9999961657811208,90.04724884033203
NMC111,fusion_shape,2676,7584,0,0.9999954031587497,90.04850006103516
NMC111,fusion_shape,2686,7574,0,0.9999958179120613,90.04850006103516
NMC111,fusion_shape,2696,7564,0,0.9999936834867175,90.04850006103516
NMC111,fusion_shape,2706,7554,0,0.9999955754989067,90.04850006103516
NMC111,fusion_shape,2716,7544,0,0.9999954498311996,90.04850006103516
NMC111,fusion_shape,2726,7534,0,0.9999943690249152,90.04850006103516
NMC111,fusion_shape,2736,7524,0,0.9999949269211188,90.20525360107422
NMC111,fusion_shape,2746,7514,0,0.9999957462072109,90.43824768066406
NMC111,fusion_shape,2756,7504,0,0.999995906897598,90.66224670410156
NMC111,fusion_shape,2766,7494,0,0.9999965253077335,90.85250091552734
NMC111,fusion_shape,2776,7484,0,0.999996004250471,90.93350219726562
NMC111,fusion_shape,2786,7474,0,0.9999968929495655,90.94550323486328
NMC111,fusion_shape,2796,7464,0,0.9999961786635051,90.94550323486328
NMC111,fusion_shape,2806,7454,0,0.9999964457622804,90.94550323486328
NMC111,fusion_shape,2816,7444,0,0.9999959859640185,90.94550323486328
NMC111,fusion_shape,2826,7434,0,0.9999968562887216,90.94550323486328
NMC111,fusion_shape,2836,7424,0,0.9999973334174158,90.94550323486328
NMC111,fusion_shape,2846,7414,0,0.9999963936953388,90.97374725341797
NMC111,fusion_shape,2856,7404,0,0.9999965253119305,91.20774841308594
NMC111,fusion_shape,2866,7394,0,0.9999963190318291,91.44574737548828
NMC111,fusion_shape,2876,7384,0,0.999996521099177,91.63424682617188
NMC111,fusion_shape,2886,7374,0,0.999997585751227,91.80549621582031
NMC111,fusion_shape,2896,7364,0,0.9999974954182698,91.90824890136719
NMC111,fusion_shape,2906,7354,0,0.9999970876330304,91.93025207519531
NMC111,fusion_shape,2916,7344,0,0.9999971693304295,91.93025207519531
NMC111,fusion_shape,2926,7334,0,0.9999968531088661,91.93025207519531
NMC111,fusion_shape,2936,7324,0,0.9999972964854675,91.93025207519531
NMC111,fusion_shape,2946,7314,0,0.9999963294397353,91.93025207519531
NMC111,fusion_shape,2956,7304,0,0.9999974439179126,91.93025207519531
NMC111,fusion_shape,2966,7294,0,0.9999977458103569,91.93025207519531
NMC111,fusion_shape,2976,7284,0,0.9999978819971758,92.01850128173828
NMC111,fusion_shape,2986,7274,0,0.999998002475996,92.25225067138672
NMC111,fusion_shape,2996,7264,0,0.9999976691517675,92.48300170898438
NMC111,fusion_shape,3006,7254,0,0.999997818976641,92.69499969482422
NMC111,fusion_shape,3016,7244,0,0.9999980383700118,92.84874725341797
NMC111,fusion_shape,3026,7234,0,0.9999978007594824,92.92424774169922
NMC111,fusion_shape,3036,7224,0,0.9999977834497923,92.93900299072266
NMC111,fusion_shape,3046,7214,0,0.9999978768789698,92.93900299072266
NMC111,fusion_shape,3056,7204,0,0.9999980480616133,92.93900299072266
NMC111,fusion_shape,3066,7194,0,0.9999971194674623,92.93900299072266
NMC111,fusion_shape,3076,7184,0,0.999997923236783,92.93900299072266
NMC111,fusion_shape,3086,7174,0,0.9999984540790563,92.93900299072266
NMC111,fusion_shape,3096,7164,0,0.9999980758160539,92.95449829101562
NMC111,fusion_shape,3106,7154,0,0.9999983181870015,93.1657485961914
NMC111,fusion_shape,3116,7144,0,0.9999984283246585,93.39275360107422
NMC111,fusion_shape,3126,7134,0,0.9999983392113387,93.61150360107422
NMC111,fusion_shape,3136,7124,0,0.999998720490809,93.77449798583984
NMC111,fusion_shape,3146,7114,0,0.9999987136283907,93.88075256347656
NMC111,fusion_shape,3156,7104,0,0.999998620106512,93.93499755859375
NMC111,fusion_shape,3166,7094,0,0.9999984710003679,93.93499755859375
NMC111,fusion_shape,3176,7084,0,0.9999984082808713,93.93499755859375
NMC111,fusion_shape,3186,7074,0,0.9999983565381201,93.93499755859375
NMC111,fusion_shape,3196,7064,0,0.9999981312140278,93.93499755859375
NMC111,fusion_shape,3206,7054,0,0.9999988541088748,93.93499755859375
NMC111,fusion_shape,3216,7044,0,0.9999986492263753,93.93499755859375
NMC111,fusion_shape,3226,7034,0,0.9999984110671295,94.1094970703125
NMC111,fusion_shape,3236,7024,0,0.9999985823654285,94.30850219726562
NMC111,fusion_shape,3246,7014,0,0.9999987219325984,94.52974700927734
NMC111,fusion_shape,3256,7004,0,0.999998934233998,94.72225189208984
NMC111,fusion_shape,3266,6994,0,0.9999989962907911,94.87024688720703
NMC111,fusion_shape,3276,6984,0,0.9999989270049434,94.95149993896484
NMC111,fusion_shape,3286,6974,0,0.9999989738576265,94.97425079345703
NMC111,fusion_shape,3296,6964,0,0.9999989517152363,94.97425079345703
NMC111,fusion_shape,3306,6954,0,0.9999990065189814,94.97425079345703
NMC111,fusion_shape,3316,6944,0,0.999999163797098,94.97425079345703
NMC111,fusion_shape,3326,6934,0,0.9999989376574093,94.97425079345703
NMC111,fusion_shape,3336,6924,0,0.9999988466890392,94.97425079345703
NMC111,fusion_shape,3346,6914,0,0.9999991053160118,95.13574981689453
NMC111,fusion_shape,3356,6904,0,0.9999993083874419,95.32424926757812
NMC111,fusion_shape,3366,6894,0,0.9999992051723856,95.48224639892578
NMC111,fusion_shape,3376,6884,0,0.9999992330093569,95.63700103759766
NMC111,fusion_shape,3386,6874,0,0.9999993197694579,95.71224975585938
NMC111,fusion_shape,3396,6864,0,0.9999992436414064,95.72875213623047
NMC111,fusion_shape,3406,6854,0,0.9999991708009405,95.72875213623047
NMC111,fusion_shape,3416,6844,0,0.9999991822153176,95.72875213623047
NMC111,fusion_shape,3426,6834,0,0.9999992515643795,95.72875213623047
NMC111,fusion_shape,3436,6824,0,0.9999994105555619,95.72875213623047
NMC111,fusion_shape,3446,6814,0,0.9999993955197016,95.77749633789062
NMC111,fusion_shape,3456,6804,0,0.9999993528977054,95.95800018310547
NMC111,fusion_shape,3466,6794,0,0.999999481920498,96.17250061035156
NMC111,fusion_shape,3476,6784,0,0.9999994924223136,96.38574981689453
NMC111,fusion_shape,3486,6774,0,0.9999995628834145,96.55975341796875
NMC111,fusion_shape,3496,6764,0,0.9999996030496422,96.67500305175781
NMC111,fusion_shape,3506,6754,0,0.9999995919552829,96.69200134277344
NMC111,fusion_shape,3516,6744,0,0.9999995788919956,96.69200134277344
NMC111,fusion_shape,3526,6734,0,0.9999996210235074,96.69200134277344
NMC111,fusion_shape,3536,6724,0,0.9999995589052026,96.69200134277344
NMC111,fusion_shape,3546,6714,0,0.9999996349390137,96.69200134277344
NMC111,fusion_shape,3556,6704,0,0.9999996071155433,96.69200134277344
NMC111,fusion_shape,3566,6694,0,0.9999996504171255,96.7042465209961
NMC111,fusion_shape,3576,6684,0,0.999999605520441,96.89350128173828
NMC111,fusion_shape,3586,6674,0,0.9999996386797538,97.09750366210938
NMC111,fusion_shape,3596,6664,0,0.999999667031629,97.31050109863281
NMC111,fusion_shape,3606,6654,0,0.9999997294257185,97.52124786376953
NMC111,fusion_shape,3616,6644,0,0.9999997365524605,97.66874694824219
NMC111,fusion_shape,3626,6634,0,0.9999997144028944,97.7145004272461
NMC111,fusion_shape,3636,6624,0,0.9999997687329185,97.71624755859375
NMC111,fusion_shape,3646,6614,0,0.99999976987241,97.71624755859375
NMC111,fusion_shape,3656,6604,0,0.9999997426118824,97.71624755859375
NMC111,fusion_shape,3666,6594,0,0.9999997556104847,97.71624755859375
NMC111,fusion_shape,3676,6584,0,0.9999997479496343,97.71624755859375
NMC111,fusion_shape,3686,6574,0,0.9999997302622133,97.71624755859375
NMC111,fusion_shape,3696,6564,0,0.9999997547558777,97.82949829101562
NMC111,fusion_shape,3706,6554,0,0.9999997561386478,98.03475189208984
NMC111,fusion_shape,3716,6544,0,0.9999997570817107,98.22750091552734
NMC111,fusion_shape,3726,6534,0,0.9999997977339652,98.41549682617188
NMC111,fusion_shape,3736,6524,0,0.9999997796328842,98.58824920654297
NMC111,fusion_shape,3746,6514,0,0.9999997805137839,98.64025115966797
NMC111,fusion_shape,3756,6504,0,0.9999997330519492,98.65249633789062
NMC111,fusion_shape,3766,6494,0,0.9999997229935039,98.65249633789062
NMC111,fusion_shape,3776,6484,0,0.999999749620392,98.65249633789062
NMC111,fusion_shape,3786,6474,0,0.9999996994926089,98.65249633789062
NMC111,fusion_shape,3796,6464,0,0.999999712480446,98.65249633789062
NMC111,fusion_shape,3806,6454,0,0.9999996900947833,98.65249633789062
NMC111,fusion_shape,3816,6444,0,0.9999996650196262,98.71900177001953
NMC111,fusion_shape,3826,6434,0,0.9999997203126402,98.93975067138672
NMC111,fusion_shape,3836,6424,0,0.999999671072162,99.14375305175781
NMC111,fusion_shape,3846,6414,0,0.9999997142327681,99.34124755859375
NMC111,fusion_shape,3856,6404,0,0.9999997261317393,99.49925231933594
NMC111,fusion_shape,3866,6394,0,0.9999997255969122,99.61475372314453
NMC111,fusion_shape,3876,6384,0,0.9999997533457217,99.65875244140625
NMC111,fusion_shape,3886,6374,0,0.9999997268899852,99.66024780273438
NMC111,fusion_shape,3896,6364,0,0.9999997016333901,99.66024780273438
NMC111,fusion_shape,3906,6354,0,0.9999997209433117,99.66024780273438
NMC111,fusion_shape,3916,6344,0,0.999999710483808,99.66024780273438
NMC111,fusion_shape,3926,6334,0,0.9999997050065015,99.66024780273438
NMC111,fusion_shape,3936,6324,0,0.9999997329881063,99.74150085449219
NMC111,fusion_shape,3946,6314,0,0.9999997535554931,99.92675018310547
NMC111,fusion_shape,3956,6304,0,0.9999997506865745,100.09850311279297
NMC111,fusion_shape,3966,6294,0,0.9999997251620909,100.27925109863281
NMC111,fusion_shape,3976,6284,0,0.9999997596138426,100.41300201416016
NMC111,fusion_shape,3986,6274,0,0.9999997262823025,100.50174713134766
NMC111,fusion_shape,3996,6264,0,0.9999997433533151,100.56024932861328
NMC111,fusion_shape,4006,6254,0,0.9999997629085415,100.56300354003906
NMC111,fusion_shape,4016,6244,0,0.9999997682691524,100.56300354003906
NMC111,fusion_shape,4026,6234,0,0.9999997804490999,100.56300354003906
NMC111,fusion_shape,4036,6224,0,0.9999997766154746,100.56300354003906
NMC111,fusion_shape,4046,6214,0,0.99999978247225,100.56300354003906
NMC111,fusion_shape,4056,6204,0,0.9999997505914551,100.67949676513672
NMC111,fusion_shape,4066,6194,0,0.999999800264589,100.89125061035156
NMC111,fusion_shape,4076,6184,0,0.9999998095393915,101.1395034790039
NMC111,fusion_shape,4086,6174,0,0.9999998104349865,101.34075164794922
NMC111,fusion_shape,4096,6164,0,0.9999998357439587,101.48274993896484
NMC111,fusion_shape,4106,6154,0,0.9999998288080159,101.53175354003906
NMC111,fusion_shape,4116,6144,0,0.9999998324800919,101.53874969482422
NMC111,fusion_shape,4126,6134,0,0.9999998435770487,101.53874969482422
NMC111,fusion_shape,4136,6124,0,0.9999998335389404,101.53874969482422
NMC111,fusion_shape,4146,6114,0,0.9999998368695702,101.53874969482422
NMC111,fusion_shape,4156,6104,0,0.9999998383075398,101.53874969482422
NMC111,fusion_shape,4166,6094,0,0.9999998332639117,101.5512466430664
NMC111,fusion_shape,4176,6084,0,0.9999998565979641,101.76799774169922
NMC111,fusion_shape,4186,6074,0,0.9999998515204273,101.99299621582031
NMC111,fusion_shape,4196,6064,0,0.9999998444492209,102.20549774169922
NMC111,fusion_shape,4206,6054,0,0.9999998562129686,102.36699676513672
NMC111,fusion_shape,4216,6044,0,0.9999998553795624,102.45149993896484
NMC111,fusion_shape,4226,6034,0,0.999999844257818,102.48574829101562
NMC111,fusion_shape,4236,6024,0,0.9999998567656959,102.48574829101562
NMC111,fusion_shape,4246,6014,0,0.9999998647652125,102.48574829101562
NMC111,fusion_shape,4256,6004,0,0.9999998638540403,102.48574829101562
NMC111,fusion_shape,4266,5994,0,0.9999998622444647,102.48574829101562
NMC111,fusion_shape,4276,5984,0,0.9999998699737653,102.48574829101562
NMC111,fusion_shape,4286,5974,0,0.9999998799475902,102.51824951171875
NMC111,fusion_shape,4296,5964,0,0.9999998874733123,102.74250030517578
NMC111,fusion_shape,4306,5954,0,0.9999998845875075,102.93800354003906
NMC111,fusion_shape,4316,5944,0,0.9999999003121987,103.11775207519531
NMC111,fusion_shape,4326,5934,0,0.9999999061368195,103.27375030517578
NMC111,fusion_shape,4336,5924,0,0.9999999078657895,103.35700225830078
NMC111,fusion_shape,4346,5914,0,0.9999999139862213,103.37875366210938
NMC111,fusion_shape,4356,5904,0,0.9999999129392665,103.37875366210938
NMC111,fusion_shape,4366,5894,0,0.9999999139417693,103.37875366210938
NMC111,fusion_shape,4376,5884,0,0.9999999190640542,103.37875366210938
NMC111,fusion_shape,4386,5874,0,0.9999999182962214,103.37875366210938
NMC111,fusion_shape,4396,5864,0,0.9999999225172038,103.37875366210938
NMC111,fusion_shape,4406,5854,0,0.9999999205290763,103.4532470703125
NMC111,fusion_shape,4416,5844,0,0.999999924499238,103.62325286865234
NMC111,fusion_shape,4426,5834,0,0.9999999326451391,103.85774993896484
NMC111,fusion_shape,4436,5824,0,0.9999999337971647,104.07575225830078
NMC111,fusion_shape,4446,5814,0,0.9999999396694864,104.27249908447266
NMC111,fusion_shape,4456,5804,0,0.9999999433493579,104.38200378417969
NMC111,fusion_shape,4466,5794,0,0.9999999396609563,104.40474700927734
NMC111,fusion_shape,4476,5784,0,0.9999999411431392,104.4072494506836
NMC111,fusion_shape,4486,5774,0,0.999999938781025,104.4072494506836
NMC111,fusion_shape,4496,5764,0,0.9999999332521363,104.4072494506836
NMC111,fusion_shape,4506,5754,0,0.9999999390713866,104.4072494506836
NMC111,fusion_shape,4516,5744,0,0.9999999333052085,104.4072494506836
NMC111,fusion_shape,4526,5734,0,0.9999999367672794,104.41799926757812
NMC111,fusion_shape,4536,5724,0,0.9999999364417052,104.62124633789062
NMC111,fusion_shape,4546,5714,0,0.9999999413318751,104.84725189208984
NMC111,fusion_shape,4556,5704,0,0.9999999468134014,105.06124877929688
NMC111,fusion_shape,4566,5694,0,0.999999948989548,105.19924926757812
NMC111,fusion_shape,4576,5684,0,0.9999999501644279,105.29499816894531
NMC111,fusion_shape,4586,5674,0,0.999999950085108,105.35050201416016
NMC111,fusion_shape,4596,5664,0,0.9999999537970682,105.36250305175781
NMC111,fusion_shape,4606,5654,0,0.9999999542979708,105.36250305175781
NMC111,fusion_shape,4616,5644,0,0.9999999489292929,105.36250305175781
NMC111,fusion_shape,4626,5634,0,0.9999999452331653,105.36250305175781
NMC111,fusion_shape,4636,5624,0,0.9999999451427465,105.36250305175781
NMC111,fusion_shape,4646,5614,0,0.9999999467256178,105.38674926757812
NMC111,fusion_shape,4656,5604,0,0.9999999518697279,105.60724639892578
NMC111,fusion_shape,4666,5594,0,0.9999999520125952,105.83499908447266
NMC111,fusion_shape,4676,5584,0,0.9999999530003858,106.04724884033203
NMC111,fusion_shape,4686,5574,0,0.9999999570466788,106.20249938964844
NMC111,fusion_shape,4696,5564,0,0.9999999571793442,106.25975036621094
NMC111,fusion_shape,4706,5554,0,0.9999999578016612,106.26824951171875
NMC111,fusion_shape,4716,5544,0,0.9999999622169055,106.26824951171875
NMC111,fusion_shape,4726,5534,0,0.9999999612389971,106.26824951171875
NMC111,fusion_shape,4736,5524,0,0.9999999563738432,106.26824951171875
NMC111,fusion_shape,4746,5514,0,0.9999999623707964,106.26824951171875
NMC111,fusion_shape,4756,5504,0,0.9999999617955299,106.26824951171875
NMC111,fusion_shape,4766,5494,0,0.9999999628067089,106.40249633789062
NMC111,fusion_shape,4776,5484,0,0.9999999634947114,106.59200286865234
NMC111,fusion_shape,4786,5474,0,0.9999999663686985,106.81974792480469
NMC111,fusion_shape,4796,5464,0,0.9999999697568325,106.99874877929688
NMC111,fusion_shape,4806,5454,0,0.9999999690674689,107.0719985961914
NMC111,fusion_shape,4816,5444,0,0.999999970549952,107.09625244140625
NMC111,fusion_shape,4826,5434,0,0.9999999713744202,107.09625244140625
NMC111,fusion_shape,4836,5424,0,0.9999999711927715,107.09625244140625
NMC111,fusion_shape,4846,5414,0,0.9999999687460454,107.09625244140625
NMC111,fusion_shape,4856,5404,0,0.9999999715653304,107.09625244140625
NMC111,fusion_shape,4866,5394,0,0.999999972337824,107.09625244140625
NMC111,fusion_shape,4876,5384,0,0.9999999735076532,107.1865005493164
NMC111,fusion_shape,4886,5374,0,0.9999999732557103,107.39350128173828
NMC111,fusion_shape,4896,5364,0,0.9999999739790899,107.60124969482422
NMC111,fusion_shape,4906,5354,0,0.9999999752322815,107.78450012207031
NMC111,fusion_shape,4916,5344,0,0.9999999743999668,107.93074798583984
NMC111,fusion_shape,4926,5334,0,0.9999999738147529,108.0457534790039
NMC111,fusion_shape,4936,5324,0,0.9999999771682834,108.09750366210938
NMC111,fusion_shape,4946,5314,0,0.9999999753059042,108.09750366210938
NMC111,fusion_shape,4956,5304,0,0.9999999733935556,108.09750366210938
NMC111,fusion_shape,4966,5294,0,0.9999999734550054,108.09750366210938
NMC111,fusion_shape,4976,5284,0,0.9999999758652341,108.09750366210938
NMC111,fusion_shape,4986,5274,0,0.999999976668532,108.09750366210938
NMC111,fusion_shape,4996,5264,0,0.9999999753398169,108.10250091552734
NMC111,fusion_shape,5006,5254,0,0.9999999765209869,108.2967529296875
NMC111,fusion_shape,5016,5244,0,0.9999999775121889,108.48975372314453
NMC111,fusion_shape,5026,5234,0,0.9999999766527258,108.6717529296875
NMC111,fusion_shape,5036,5224,0,0.9999999778707289,108.82975006103516
NMC111,fusion_shape,5046,5214,0,0.999999978707991,108.89099884033203
NMC111,fusion_shape,5056,5204,0,0.999999981152676,108.91999816894531
NMC111,fusion_shape,5066,5194,0,0.9999999809513122,108.91999816894531
NMC111,fusion_shape,5076,5184,0,0.9999999810543801,108.93475341796875
NMC111,fusion_shape,5086,5174,0,0.9999999790963392,108.93475341796875
NMC111,fusion_shape,5096,5164,0,0.999999980151802,108.93475341796875
NMC111,fusion_shape,5106,5154,0,0.999999979610066,108.93475341796875
NMC111,fusion_shape,5116,5144,0,0.9999999833182597,108.94249725341797
NMC111,fusion_shape,5126,5134,0,0.9999999828275085,109.11650085449219
NMC111,fusion_shape,5136,5124,0,0.999999985068942,109.35025024414062
NMC111,fusion_shape,5146,5114,0,0.9999999850916745,109.59925079345703
NMC111,fusion_shape,5156,5104,0,0.999999986088711,109.78250122070312
NMC111,fusion_shape,5166,5094,0,0.9999999875785158,109.90574645996094
NMC111,fusion_shape,5176,5084,0,0.9999999864054223,109.9175033569336
NMC111,fusion_shape,5186,5074,0,0.9999999864395408,109.9227523803711
NMC111,fusion_shape,5196,5064,0,0.9999999861776745,109.9227523803711
NMC111,fusion_shape,5206,5054,0,0.9999999854732273,109.9227523803711
NMC111,fusion_shape,5216,5044,0,0.9999999852081385,109.9227523803711
NMC111,fusion_shape,5226,5034,0,0.999999985321546,109.9227523803711
NMC111,fusion_shape,5236,5024,0,0.9999999855827917,109.9227523803711
NMC111,fusion_shape,5246,5014,0,0.9999999865689886,110.06625366210938
NMC111,fusion_shape,5256,5004,0,0.9999999864694897,110.25900268554688
NMC111,fusion_shape,5266,4994,0,0.999999987237801,110.4365005493164
NMC111,fusion_shape,5276,4984,0,0.9999999878648752,110.59725189208984
NMC111,fusion_shape,5286,4974,0,0.999999988628283,110.77300262451172
NMC111,fusion_shape,5296,4964,0,0.9999999891866097,110.83875274658203
NMC111,fusion_shape,5306,4954,0,0.9999999881252591,110.83875274658203
NMC111,fusion_shape,5316,4944,0,0.9999999881381355,110.83875274658203
NMC111,fusion_shape,5326,4934,0,0.999999988304472,110.83875274658203
NMC111,fusion_shape,5336,4924,0,0.9999999885827541,110.83875274658203
NMC111,fusion_shape,5346,4914,0,0.9999999892817374,110.83875274658203
NMC111,fusion_shape,5356,4904,0,0.9999999894767589,110.85900115966797
NMC111,fusion_shape,5366,4894,0,0.9999999900238535,111.072998046875
NMC111,fusion_shape,5376,4884,0,0.9999999894896382,111.29325103759766
NMC111,fusion_shape,5386,4874,0,0.9999999894648058,111.46700286865234
NMC111,fusion_shape,5396,4864,0,0.9999999906425322,111.5510025024414
NMC111,fusion_shape,5406,4854,0,0.9999999908455769,111.58899688720703
NMC111,fusion_shape,5416,4844,0,0.9999999909829517,111.58899688720703
NMC111,fusion_shape,5426,4834,0,0.9999999908207163,111.58899688720703
NMC111,fusion_shape,5436,4824,0,0.9999999901759483,111.58899688720703
NMC111,fusion_shape,5446,4814,0,0.9999999913904613,111.58899688720703
NMC111,fusion_shape,5456,4804,0,0.9999999918623647,111.60700225830078
NMC111,fusion_shape,5466,4794,0,0.9999999917925481,111.84124755859375
NMC111,fusion_shape,5476,4784,0,0.999999991505632,112.041748046875
NMC111,fusion_shape,5486,4774,0,0.9999999926830256,112.24175262451172
NMC111,fusion_shape,5496,4764,0,0.9999999926636212,112.38475036621094
NMC111,fusion_shape,5506,4754,0,0.9999999937421193,112.44625091552734
NMC111,fusion_shape,5516,4744,0,0.9999999940330537,112.4530029296875
NMC111,fusion_shape,5526,4734,0,0.9999999946107054,112.4530029296875
NMC111,fusion_shape,5536,4724,0,0.9999999935660993,112.4530029296875
NMC111,fusion_shape,5546,4714,0,0.9999999937937676,112.4530029296875
NMC111,fusion_shape,5556,4704,0,0.999999994138618,112.4530029296875
NMC111,fusion_shape,5566,4694,0,0.9999999937232158,112.46074676513672
NMC111,fusion_shape,5576,4684,0,0.9999999938233668,112.68775177001953
NMC111,fusion_shape,5586,4674,0,0.9999999936546762,112.9229965209961
NMC111,fusion_shape,5596,4664,0,0.9999999935266499,113.13349914550781
NMC111,fusion_shape,5606,4654,0,0.9999999939498423,113.25800323486328
NMC111,fusion_shape,5616,4644,0,0.9999999935210051,113.3012466430664
NMC111,fusion_shape,5626,4634,0,0.9999999935072046,113.3012466430664
NMC111,fusion_shape,5636,4624,0,0.9999999935866322,113.3012466430664
NMC111,fusion_shape,5646,4614,0,0.9999999935548134,113.3012466430664
NMC111,fusion_shape,5656,4604,0,0.9999999937009878,113.3012466430664
NMC111,fusion_shape,5666,4594,0,0.9999999933216708,113.3012466430664
NMC111,fusion_shape,5676,4584,0,0.9999999938327946,113.41950225830078
NMC111,fusion_shape,5686,4574,0,0.9999999946505544,113.63674926757812
NMC111,fusion_shape,5696,4564,0,0.9999999947130762,113.85124969482422
NMC111,fusion_shape,5706,4554,0,0.9999999942340068,114.02525329589844
NMC111,fusion_shape,5716,4544,0,0.9999999947445288,114.11325073242188
NMC111,fusion_shape,5726,4534,0,0.999999994908517,114.125
NMC111,fusion_shape,5736,4524,0,0.9999999951144964,114.125
NMC111,fusion_shape,5746,4514,0,0.999999994766219,114.125
NMC111,fusion_shape,5756,4504,0,0.9999999945630453,114.125
NMC111,fusion_shape,5766,4494,0,0.9999999949418903,114.125
NMC111,fusion_shape,5776,4484,0,0.9999999948899982,114.14875030517578
NMC111,fusion_shape,5786,4474,0,0.9999999951534706,114.34400177001953
NMC111,fusion_shape,5796,4464,0,0.9999999952975205,114.53900146484375
NMC111,fusion_shape,5806,4454,0,0.9999999955573697,114.70249938964844
NMC111,fusion_shape,5816,4444,0,0.9999999951974063,114.87149810791016
NMC111,fusion_shape,5826,4434,0,0.999999995573595,114.96824645996094
NMC111,fusion_shape,5836,4424,0,0.9999999953996144,114.98699951171875
NMC111,fusion_shape,5846,4414,0,0.9999999955483148,114.98699951171875
NMC111,fusion_shape,5856,4404,0,0.9999999956204644,114.98699951171875
NMC111,fusion_shape,5866,4394,0,0.9999999953660659,114.98699951171875
NMC111,fusion_shape,5876,4384,0,0.9999999957880252,114.98699951171875
NMC111,fusion_shape,5886,4374,0,0.9999999957072236,114.98699951171875
NMC111,fusion_shape,5896,4364,0,0.9999999959221566,115.08899688720703
NMC111,fusion_shape,5906,4354,0,0.999999996245913,115.28724670410156
NMC111,fusion_shape,5916,4344,0,0.9999999963806432,115.51824951171875
NMC111,fusion_shape,5926,4334,0,0.9999999964367159,115.69349670410156
NMC111,fusion_shape,5936,4324,0,0.9999999964781197,115.82050323486328
NMC111,fusion_shape,5946,4314,0,0.9999999969443643,115.86949920654297
NMC111,fusion_shape,5956,4304,0,0.9999999970299893,115.88475036621094
NMC111,fusion_shape,5966,4294,0,0.9999999967886752,115.88475036621094
NMC111,fusion_shape,5976,4284,0,0.9999999969664943,115.88475036621094
NMC111,fusion_shape,5986,4274,0,0.9999999970332933,115.88475036621094
NMC111,fusion_shape,5996,4264,0,0.9999999970057656,115.88475036621094
NMC111,fusion_shape,6006,4254,0,0.999999997103006,115.98274993896484
NMC111,fusion_shape,6016,4244,0,0.9999999968838182,116.17949676513672
NMC111,fusion_shape,6026,4234,0,0.9999999970031939,116.39924621582031
NMC111,fusion_shape,6036,4224,0,0.999999997100649,116.58674621582031
NMC111,fusion_shape,6046,4214,0,0.9999999971950855,116.75325012207031
NMC111,fusion_shape,6056,4204,0,0.9999999976041742,116.84600067138672
NMC111,fusion_shape,6066,4194,0,0.9999999979245295,116.8792495727539
NMC111,fusion_shape,6076,4184,0,0.9999999976143688,116.8792495727539
NMC111,fusion_shape,6086,4174,0,0.999999997753916,116.8792495727539
NMC111,fusion_shape,6096,4164,0,0.9999999978010423,116.8792495727539
NMC111,fusion_shape,6106,4154,0,0.9999999978991976,116.8792495727539
NMC111,fusion_shape,6116,4144,0,0.9999999976819858,116.8792495727539
NMC111,fusion_shape,6126,4134,0,0.999999997791509,116.90799713134766
NMC111,fusion_shape,6136,4124,0,0.9999999978942502,117.13574981689453
NMC111,fusion_shape,6146,4114,0,0.9999999980281109,117.40750122070312
NMC111,fusion_shape,6156,4104,0,0.9999999981654486,117.62100219726562
NMC111,fusion_shape,6166,4094,0,0.9999999982477739,117.74700164794922
NMC111,fusion_shape,6176,4084,0,0.9999999982323997,117.78925323486328
NMC111,fusion_shape,6186,4074,0,0.9999999982442989,117.79850006103516
NMC111,fusion_shape,6196,4064,0,0.9999999981699039,117.79850006103516
NMC111,fusion_shape,6206,4054,0,0.9999999981768417,117.79850006103516
NMC111,fusion_shape,6216,4044,0,0.9999999983094963,117.79850006103516
NMC111,fusion_shape,6226,4034,0,0.9999999983735082,117.79850006103516
NMC111,fusion_shape,6236,4024,0,0.9999999984328354,117.80049896240234
NMC111,fusion_shape,6246,4014,0,0.9999999984143424,117.99250030517578
NMC111,fusion_shape,6256,4004,0,0.9999999986181369,118.2074966430664
NMC111,fusion_shape,6266,3994,0,0.9999999987366284,118.3905029296875
NMC111,fusion_shape,6276,3984,0,0.9999999988040373,118.55975341796875
NMC111,fusion_shape,6286,3974,0,0.9999999988509494,118.6927490234375
NMC111,fusion_shape,6296,3964,0,0.9999999989262816,118.75450134277344
NMC111,fusion_shape,6306,3954,0,0.9999999988489434,118.78724670410156
NMC111,fusion_shape,6316,3944,0,0.9999999988599351,118.78724670410156
NMC111,fusion_shape,6326,3934,0,0.9999999987009363,118.78724670410156
NMC111,fusion_shape,6336,3924,0,0.9999999987523114,118.78724670410156
NMC111,fusion_shape,6346,3914,0,0.9999999986168382,118.78724670410156
NMC111,fusion_shape,6356,3904,0,0.9999999986435968,118.78724670410156
NMC111,fusion_shape,6366,3894,0,0.999999998924108,118.9832534790039
NMC111,fusion_shape,6376,3884,0,0.9999999989444537,119.18675231933594
NMC111,fusion_shape,6386,3874,0,0.9999999989824389,119.37674713134766
NMC111,fusion_shape,6396,3864,0,0.9999999991080848,119.5477523803711
NMC111,fusion_shape,6406,3854,0,0.9999999991249384,119.69499969482422
NMC111,fusion_shape,6416,3844,0,0.9999999991635131,119.76599884033203
NMC111,fusion_shape,6426,3834,0,0.99999999918663,119.76725006103516
NMC111,fusion_shape,6436,3824,0,0.9999999991732273,119.76725006103516
NMC111,fusion_shape,6446,3814,0,0.9999999991792436,119.76725006103516
NMC111,fusion_shape,6456,3804,0,0.9999999991579376,119.76725006103516
NMC111,fusion_shape,6466,3794,0,0.9999999991258808,119.76725006103516
NMC111,fusion_shape,6476,3784,0,0.9999999991257533,119.76725006103516
NMC111,fusion_shape,6486,3774,0,0.9999999990974555,119.88400268554688
NMC811,temperature,255,1095,0,0.0011620382192448504,56.15071487426758
NMC811,temperature,265,1085,0,0.0015568813881263945,57.51499938964844
NMC811,temperature,275,1075,0,0.001846522862377104,57.51499938964844
NMC811,temperature,285,1065,0,0.0020696312559560105,57.51499938964844
NMC811,temperature,295,1055,0,0.0022161207863008042,57.51499938964844
NMC811,temperature,305,1045,0,0.002701280139684435,57.51499938964844
NMC811,temperature,315,1035,0,0.004812328902762258,61.77642822265625
NMC811,temperature,325,1025,0,0.007451491399585123,63.5042839050293
NMC811,temperature,335,1015,0,0.008718861269588015,63.5042839050293
NMC811,temperature,345,1005,0,0.008408856108822466,63.5042839050293
NMC811,temperature,355,995,0,0.008952961519137841,63.5042839050293
NMC811,temperature,365,985,0,0.011469577430114017,63.5042839050293
NMC811,temperature,375,975,0,0.023556356175191126,68.14142608642578
NMC811,temperature,385,965,0,0.03726436309647753,69.39286041259766
NMC811,temperature,395,955,0,0.03646975247796845,69.39286041259766
NMC811,temperature,405,945,0,0.03516573931972187,69.39286041259766
NMC811,temperature,415,935,0,0.039194798014365664,69.39286041259766
NMC811,temperature,425,925,0,0.05334153016662195,70.12857055664062
NMC811,temperature,435,915,0,0.10903118546474604,74.62142944335938
NMC811,temperature,445,905,0,0.1665053584053541,75.5857162475586
NMC811,temperature,455,895,1,0.15893552109602363,75.5857162475586
NMC811,temperature,465,885,1,0.15379725184060328,75.5857162475586
NMC811,temperature,475,875,1,0.1722235197366455,75.5857162475586
NMC811,temperature,485,865,1,0.23438103246131978,77.29285430908203
NMC811,temperature,495,855,1,0.36494607957268155,81.50357055664062
NMC811,temperature,505,845,1,0.4887673314318397,82.02143096923828
NMC811,temperature,515,835,1,0.4834204717144284,82.02143096923828
NMC811,temperature,525,825,1,0.47624083599004446,82.02143096923828
NMC811,temperature,535,815,1,0.5165936424511005,82.02143096923828
NMC811,temperature,545,805,1,0.6210155779180574,84.37285614013672
NMC811,temperature,555,795,1,0.7384291904505156,87.98357391357422
NMC811,temperature,565,785,1,0.8139639343257544,88.12857055664062
NMC811,temperature,575,775,1,0.8165858570282729,88.12857055664062
NMC811,temperature,585,765,1,0.8191305799459734,88.12857055664062
NMC811,temperature,595,755,1,0.8469969531792805,88.12857055664062
NMC811,temperature,605,745,1,0.9053658376628493,92.24214172363281
NMC811,temperature,615,735,1,0.9365489379068069,94.49356842041016
NMC811,temperature,625,725,1,0.9568929219673633,94.54142761230469
NMC811,temperature,635,715,1,0.9559857135539057,94.54142761230469
NMC811,temperature,645,705,1,0.9584615376370238,94.54142761230469
NMC811,temperature,655,695,1,0.9688153103514615,95.27714538574219
NMC811,temperature,665,685,1,0.9813730519586895,99.3885726928711
NMC811,temperature,675,675,1,0.9874786668367663,100.74714660644531
NMC811,temperature,685,665,1,0.9912760485379015,100.74714660644531
NMC811,temperature,695,655,1,0.9911365823019961,100.74714660644531
NMC811,temperature,705,645,1,0.992381848251915,100.74714660644531
NMC811,temperature,715,635,1,0.9950125433111244,103.3164291381836
NMC811,temperature,725,625,1,0.9968094333291302,106.60857391357422
NMC811,temperature,735,615,1,0.9976503034880838,106.69499969482422
NMC811,temperature,745,605,1,0.998251840274754,106.69499969482422
NMC811,temperature,755,595,1,0.9983608175775929,106.69499969482422
NMC811,temperature,765,585,1,0.9987351159754208,107.53713989257812
NMC811,temperature,775,575,1,0.9992616596229009,111.80642700195312
NMC811,temperature,785,565,1,0.9994787511369425,114.00357055664062
NMC811,temperature,795,555,1,0.9996043491691996,114.00357055664062
NMC811,temperature,805,545,1,0.9996922867999947,114.00357055664062
NMC811,temperature,815,535,1,0.9997233891980029,114.00357055664062
NMC811,temperature,825,525,1,0.999798914860092,115.48857116699219
NMC811,temperature,835,515,1,0.9998798647684558,119.49785614013672
NMC811,mechanical_shape,255,1095,0,3.8161708159348026e-11,56.15071487426758
NMC811,mechanical_shape,265,1085,0,0.31036192911395205,57.51499938964844
NMC811,mechanical_shape,275,1075,0,0.20341995553297257,57.51499938964844
NMC811,mechanical_shape,285,1065,0,0.24639971681780204,57.51499938964844
NMC811,mechanical_shape,295,1055,0,0.2290769567817621,57.51499938964844
NMC811,mechanical_shape,305,1045,0,0.24563960894989337,57.51499938964844
NMC811,mechanical_shape,315,1035,0,0.21151239538248795,61.77642822265625
NMC811,mechanical_shape,325,1025,0,0.22542536682666878,63.5042839050293
NMC811,mechanical_shape,335,1015,0,0.1821907910265545,63.5042839050293
NMC811,mechanical_shape,345,1005,0,0.23889752470729347,63.5042839050293
NMC811,mechanical_shape,355,995,0,0.18421334694950814,63.5042839050293
NMC811,mechanical_shape,365,985,0,0.2730055846241,63.5042839050293
NMC811,mechanical_shape,375,975,0,0.2555945938695165,68.14142608642578
NMC811,mechanical_shape,385,965,0,0.2711022991996372,69.39286041259766
NMC811,mechanical_shape,395,955,0,0.5159974760903673,69.39286041259766
NMC811,mechanical_shape,405,945,0,0.47674922297745875,69.39286041259766
NMC811,mechanical_shape,415,935,0,0.6194173735401863,69.39286041259766
NMC811,mechanical_shape,425,925,0,0.6079545478967029,70.12857055664062
NMC811,mechanical_shape,435,915,0,0.6539505036638803,74.62142944335938
NMC811,mechanical_shape,445,905,0,0.7213240837203134,75.5857162475586
NMC811,mechanical_shape,455,895,1,0.7232728369625209,75.5857162475586
NMC811,mechanical_shape,465,885,1,0.6903417312507961,75.5857162475586
NMC811,mechanical_shape,475,875,1,0.6574856997505035,75.5857162475586
NMC811,mechanical_shape,485,865,1,0.6596197670987298,77.29285430908203
NMC811,mechanical_shape,495,855,1,0.7156688863883659,81.50357055664062
NMC811,mechanical_shape,505,845,1,0.7374557746849024,82.02143096923828
NMC811,mechanical_shape,515,835,1,0.7303089953869915,82.02143096923828
NMC811,mechanical_shape,525,825,1,0.6874185471121991,82.02143096923828
NMC811,mechanical_shape,535,815,1,0.6748062297775183,82.02143096923828
NMC811,mechanical_shape,545,805,1,0.667859596320407,84.37285614013672
NMC811,mechanical_shape,555,795,1,0.6533863375143552,87.98357391357422
NMC811,mechanical_shape,565,785,1,0.7142250276283494,88.12857055664062
NMC811,mechanical_shape,575,775,1,0.672606642179722,88.12857055664062
NMC811,mechanical_shape,585,765,1,0.6380136418165282,88.12857055664062
NMC811,mechanical_shape,595,755,1,0.6063461044373878,88.12857055664062
NMC811,mechanical_shape,605,745,1,0.5859042864151116,92.24214172363281
NMC811,mechanical_shape,615,735,1,0.5554861227840568,94.49356842041016
NMC811,mechanical_shape,625,725,1,0.5938427327832564,94.54142761230469
NMC811,mechanical_shape,635,715,1,0.5545488538482191,94.54142761230469
NMC811,mechanical_shape,645,705,1,0.5021490867737792,94.54142761230469
NMC811,mechanical_shape,655,695,1,0.47173746376082787,95.27714538574219
NMC811,mechanical_shape,665,685,1,0.4709093176682546,99.3885726928711
NMC811,mechanical_shape,675,675,1,0.4758517973709369,100.74714660644531
NMC811,mechanical_shape,685,665,1,0.47605716595777126,100.74714660644531
NMC811,mechanical_shape,695,655,1,0.4469117346880058,100.74714660644531
NMC811,mechanical_shape,705,645,1,0.4092441569793765,100.74714660644531
NMC811,mechanical_shape,715,635,1,0.3916737369101042,103.3164291381836
NMC811,mechanical_shape,725,625,1,0.39598767436146226,106.60857391357422
NMC811,mechanical_shape,735,615,1,0.39811153710550684,106.69499969482422
NMC811,mechanical_shape,745,605,1,0.3711390763379004,106.69499969482422
NMC811,mechanical_shape,755,595,1,0.32726251330625067,106.69499969482422
NMC811,mechanical_shape,765,585,1,0.3131377532337472,107.53713989257812
NMC811,mechanical_shape,775,575,1,0.3227615106777108,111.80642700195312
NMC811,mechanical_shape,785,565,1,0.3250742522276005,114.00357055664062
NMC811,mechanical_shape,795,555,1,0.30331967238618207,114.00357055664062
NMC811,mechanical_shape,805,545,1,0.2674626092717097,114.00357055664062
NMC811,mechanical_shape,815,535,1,0.23462991178459042,114.00357055664062
NMC811,mechanical_shape,825,525,1,0.20506250939745427,115.48857116699219
NMC811,mechanical_shape,835,515,1,0.19613468853625496,119.49785614013672
NMC811,fusion_shape,255,1095,0,3.0834421851927094e-10,56.15071487426758
NMC811,fusion_shape,265,1085,0,0.00025530624794116896,57.51499938964844
NMC811,fusion_shape,275,1075,0,0.0002452993005761995,57.51499938964844
NMC811,fusion_shape,285,1065,0,0.0005310907737092305,57.51499938964844
NMC811,fusion_shape,295,1055,0,0.0006929708572617031,57.51499938964844
NMC811,fusion_shape,305,1045,0,0.0011895231708438307,57.51499938964844
NMC811,fusion_shape,315,1035,0,0.0015977263994329278,61.77642822265625
NMC811,fusion_shape,325,1025,0,0.003386969874241805,63.5042839050293
NMC811,fusion_shape,335,1015,0,0.0036739844571733694,63.5042839050293
NMC811,fusion_shape,345,1005,0,0.00619073751331555,63.5042839050293
NMC811,fusion_shape,355,995,0,0.005495416318063521,63.5042839050293
NMC811,fusion_shape,365,985,0,0.01267910889069792,63.5042839050293
NMC811,fusion_shape,375,975,0,0.025430400258125208,68.14142608642578
NMC811,fusion_shape,385,965,0,0.05140900246808152,69.39286041259766
NMC811,fusion_shape,395,955,0,0.07213105909491349,69.39286041259766
NMC811,fusion_shape,405,945,0,0.07150187202416272,69.39286041259766
NMC811,fusion_shape,415,935,0,0.10397347248153684,69.39286041259766
NMC811,fusion_shape,425,925,0,0.1357614458297518,70.12857055664062
NMC811,fusion_shape,435,915,0,0.27616472950433346,74.62142944335938
NMC811,fusion_shape,445,905,0,0.40619492995994977,75.5857162475586
NMC811,fusion_shape,455,895,1,0.38941925169913927,75.5857162475586
NMC811,fusion_shape,465,885,1,0.3823321254941216,75.5857162475586
NMC811,fusion_shape,475,875,1,0.4099237520340096,75.5857162475586
NMC811,fusion_shape,485,865,1,0.47615535576948337,77.29285430908203
NMC811,fusion_shape,495,855,1,0.6090137748924347,81.50357055664062
NMC811,fusion_shape,505,845,1,0.7774773288868805,82.02143096923828
NMC811,fusion_shape,515,835,1,0.7762632062955274,82.02143096923828
NMC811,fusion_shape,525,825,1,0.7673998133418871,82.02143096923828
NMC811,fusion_shape,535,815,1,0.7949566245934611,82.02143096923828
NMC811,fusion_shape,545,805,1,0.8318721371046495,84.37285614013672
NMC811,fusion_shape,555,795,1,0.8853827011722853,87.98357391357422
NMC811,fusion_shape,565,785,1,0.9319755042764459,88.12857055664062
NMC811,fusion_shape,575,775,1,0.9350327214369689,88.12857055664062
NMC811,fusion_shape,585,765,1,0.934667732779281,88.12857055664062
NMC811,fusion_shape,595,755,1,0.9438621563719731,88.12857055664062
NMC811,fusion_shape,605,745,1,0.9588673926711151,92.24214172363281
NMC811,fusion_shape,615,735,1,0.9668549912514024,94.49356842041016
NMC811,fusion_shape,625,725,1,0.9798471644599072,94.54142761230469
NMC811,fusion_shape,635,715,1,0.9825619299405058,94.54142761230469
NMC811,fusion_shape,645,705,1,0.9820323347268765,94.54142761230469
NMC811,fusion_shape,655,695,1,0.9849444428989318,95.27714538574219
NMC811,fusion_shape,665,685,1,0.9897186980107932,99.3885726928711
NMC811,fusion_shape,675,675,1,0.9924708430528796,100.74714660644531
NMC811,fusion_shape,685,665,1,0.9953675595228083,100.74714660644531
NMC811,fusion_shape,695,655,1,0.9959412044568456,100.74714660644531
NMC811,fusion_shape,705,645,1,0.9963124916853537,100.74714660644531
NMC811,fusion_shape,715,635,1,0.9971536576426773,103.3164291381836
NMC811,fusion_shape,725,625,1,0.9977991043153382,106.60857391357422
NMC811,fusion_shape,735,615,1,0.9983125980735008,106.69499969482422
NMC811,fusion_shape,745,605,1,0.9989112670232951,106.69499969482422
NMC811,fusion_shape,755,595,1,0.9989820742203067,106.69499969482422
NMC811,fusion_shape,765,585,1,0.9991593295161091,107.53713989257812
NMC811,fusion_shape,775,575,1,0.9994316795367862,111.80642700195312
NMC811,fusion_shape,785,565,1,0.9995083476343529,114.00357055664062
NMC811,fusion_shape,795,555,1,0.999600204120013,114.00357055664062
NMC811,fusion_shape,805,545,1,0.9997289650218483,114.00357055664062
NMC811,fusion_shape,815,535,1,0.9997622235402488,114.00357055664062
NMC811,fusion_shape,825,525,1,0.9997903971756712,115.48857116699219
NMC811,fusion_shape,835,515,1,0.9998391203963655,119.49785614013672
