heldout,seed,index,t_end_s,tau_true_s,tau_pred_s,abs_error_s,gate_mean,lag_weight_0s,lag_weight_2s,lag_weight_5s,lag_weight_10s,lag_weight_20s,lag_weight_30s,risk_60s,risk_120s,risk_180s,risk_300s,risk_450s
TS0330A,2026,0,216,599.89,498.601806640625,101.288193359375,0.4732834696769714,0.1667458862066269,0.1667332202196121,0.1667142808437347,0.1666787266731262,0.1665990948677063,0.1665287613868713,0.0003915848210453,0.0015146631048992,0.0062787518836557,0.028148703277111,0.1313153207302093
TS0330A,2026,1,226,589.89,499.3908386230469,90.49916137695313,0.4732991456985473,0.1667465418577194,0.1667336076498031,0.1667143553495407,0.1666784137487411,0.1665987223386764,0.1665283590555191,0.0003713085316121,0.001440912252292,0.0060041383840143,0.0271872393786907,0.1278641670942306
TS0330A,2026,2,236,579.89,500.3737182617188,79.51628173828124,0.4733140170574188,0.1667472273111343,0.1667340248823166,0.1667143702507019,0.1666780859231948,0.1665983200073242,0.1665279567241668,0.0003468095383141,0.0013519852655008,0.0056707505136728,0.0260030254721641,0.1236030682921409
TS0330A,2026,3,246,569.89,501.5619201660156,68.32807983398436,0.4733257293701172,0.1667478680610656,0.166734367609024,0.1667143404483795,0.1666776984930038,0.1665978878736496,0.1665278226137161,0.0003189266426488,0.0012510626111179,0.005284187849611,0.0245954450219869,0.1184994578361511
TS0330A,2026,4,256,559.89,502.92474365234375,56.96525634765624,0.4733315408229828,0.1667483001947403,0.1667345017194748,0.1667141169309616,0.1666771322488784,0.1665975898504257,0.1665283590555191,0.0002884427376557,0.001140731270425,0.0048561771400272,0.0230111368000507,0.112726978957653
TS0330A,2026,5,266,549.89,504.4109497070313,45.479050292968736,0.4733294248580932,0.1667482852935791,0.1667341887950897,0.1667134910821914,0.1666763722896576,0.1665976345539093,0.166530042886734,0.0002569906937424,0.0010260337730869,0.0044054863974452,0.021300945430994,0.1065485626459121
TS0330A,2026,6,276,539.89,505.9026794433594,33.98732055664061,0.4733181893825531,0.1667473763227462,0.1667331010103225,0.1667122840881347,0.1666752845048904,0.1665981262922287,0.1665338426828384,0.0002273751597385,0.000915357901249,0.0039655454456806,0.0195853430777788,0.1004526019096374
TS0330A,2026,7,286,529.89,507.3546142578125,22.535385742187486,0.4732960164546966,0.1667453199625015,0.166730910539627,0.1667101234197616,0.1666736900806427,0.1665998846292495,0.1665400862693786,0.0001991086173802,0.0008057220838963,0.0035268231295049,0.0178612377494573,0.0944853723049163
TS0330A,2026,8,296,519.89,508.53564453125,11.354355468749986,0.4732643663883209,0.166741743683815,0.1667274683713913,0.1667071878910064,0.1666722893714904,0.1666029393672943,0.1665483862161636,0.0001780269376467,0.0007206340669654,0.0031686259899288,0.016391783952713,0.089527852833271
TS0330A,2026,9,306,509.89,509.3294067382813,0.5605932617187364,0.4732201993465423,0.1667371243238449,0.1667231917381286,0.166703850030899,0.166670873761177,0.1666068583726883,0.1665580868721008,0.0001637364475755,0.0006589027470909,0.0028932085260748,0.0152241280302405,0.0858492404222488
TS0330A,2026,10,316,499.89,509.6355895996094,9.745589599609389,0.4731605947017669,0.1667316854000091,0.1667182296514511,0.1667000651359558,0.1666694283485412,0.1666113287210464,0.166569247841835,0.0001536592753836,0.0006126692169345,0.0026693965774029,0.0142527343705296,0.083539105951786
TS0330A,2026,11,326,489.89,509.21783447265625,19.327834472656264,0.4730845093727112,0.1667255759239196,0.1667127311229705,0.1666958779096603,0.1666677892208099,0.1666164845228195,0.1665815263986587,0.0001508435234427,0.0005961668211966,0.0025487802922725,0.0136535465717315,0.0837972536683082
TS0330A,2026,12,336,479.89,507.7615356445313,27.871535644531264,0.4729922115802765,0.1667187213897705,0.1667065918445587,0.1666912585496902,0.1666663736104965,0.1666222512722015,0.1665947884321212,0.0001570727035868,0.0006165828090161,0.0025339680723845,0.0134782074019312,0.0878331437706947
TS0330A,2026,13,346,469.89,505.037841796875,35.147841796875014,0.4728848040103912,0.1667114943265915,0.1667001396417617,0.166686549782753,0.1666648536920547,0.1666283756494522,0.1666085571050644,0.0001734196266625,0.0006758926901966,0.0026231461670249,0.0137046854943037,0.0964617803692817
TS0330A,2026,14,356,459.89,500.4715881347656,40.58158813476564,0.4727625846862793,0.1667039543390274,0.1666935086250305,0.1666817516088485,0.1666635125875473,0.1666347980499267,0.1666224598884582,0.0002067953028017,0.0007936208858154,0.0028205122798681,0.0141660254448652,0.1121147945523262
TS0330A,2026,15,366,449.89,494.5363464355469,44.64634643554689,0.4726260006427765,0.1666964143514633,0.1666869074106216,0.1666770130395889,0.1666623055934906,0.1666411906480789,0.1666361540555954,0.0002605193585623,0.0009756749495863,0.003159075975418,0.015081993304193,0.135533720254898
TS0330A,2026,16,376,439.89,487.4395446777344,47.54954467773439,0.4724767804145813,0.1666890084743499,0.1666803956031799,0.1666724383831024,0.166661188006401,0.1666474640369415,0.1666495352983474,0.0003335502406116,0.0012138558086007,0.0036104896571487,0.0162916444242,0.1686487048864364
TS0330A,2026,17,386,429.89,479.28460693359375,49.39460693359376,0.4723157286643982,0.1666819006204605,0.1666742265224456,0.166668102145195,0.1666601449251175,0.1666535884141922,0.1666620224714279,0.0004150521708652,0.0014787234831601,0.0040453462861478,0.0174624938517808,0.2127503603696823
TS0330A,2026,18,396,419.89,470.90228271484375,51.01228271484376,0.472143679857254,0.1666751950979232,0.16666841506958,0.1666640490293502,0.1666593700647354,0.1666592061519622,0.1666737496852874,0.0004925948451273,0.0017201456939801,0.0044386112131178,0.0184810161590576,0.2678825259208679
TS0330A,2026,19,406,409.89,462.8187255859375,52.92872558593752,0.4719635844230652,0.1666689068078994,0.1666629463434219,0.1666602194309234,0.1666584610939026,0.1666644513607025,0.16668501496315,0.0005575978429988,0.0019075785530731,0.0047405664809048,0.0193028207868337,0.3325141668319702
TS0330A,2026,20,416,399.89,455.0630493164063,55.17304931640626,0.4717777669429779,0.1666627824306488,0.1666576564311981,0.166656419634819,0.166657492518425,0.1666695922613144,0.1666960418224334,0.0006025910843163,0.0020613933447748,0.0049837362021207,0.0199978593736886,0.4056190252304077
TS0330A,2026,21,426,389.89,447.6686401367188,57.77864013671877,0.4715895354747772,0.1666568219661712,0.1666524559259414,0.1666526645421981,0.1666565835475921,0.1666746437549591,0.166706845164299,0.000644085521344,0.0021888900082558,0.0052176918834447,0.0211089327931404,0.4825997352600097
TS0330A,2026,22,436,379.89,440.4646301269531,60.57463012695314,0.4714002013206482,0.1666509211063385,0.1666473001241684,0.1666489392518997,0.1666556447744369,0.1666795462369918,0.1667176634073257,0.0006959727616049,0.0023351809941232,0.0054974760860204,0.0225227400660514,0.5595757365226746
TS0330A,2026,23,446,369.89,433.3556213378906,63.46562133789064,0.4712150990962982,0.1666449606418609,0.1666421294212341,0.16664519906044,0.1666545569896698,0.1666844636201858,0.1667287498712539,0.0007664743461646,0.0024895968381315,0.0058530331589281,0.0245781820267438,0.6334342360496521
TS0330A,2026,24,456,359.89,426.2734680175781,66.38346801757814,0.4710344076156616,0.166638895869255,0.1666367799043655,0.1666412502527237,0.1666534543037414,0.1666896045207977,0.1667400002479553,0.0008561151335015,0.0026555580552667,0.0062551172450184,0.0269060675054788,0.7016574144363403
TS0330A,2026,25,466,349.89,418.5712890625,68.68128906250001,0.4708573222160339,0.1666327565908432,0.1666314303874969,0.1666373163461685,0.1666523963212967,0.166694775223732,0.1667513400316238,0.0010181092657148,0.002994121517986,0.0069703292101621,0.0306028313934803,0.7633026242256165
TS0330A,2026,26,476,339.89,409.59173583984375,69.70173583984376,0.4706847369670868,0.1666266620159149,0.1666260659694671,0.1666332930326461,0.1666512191295623,0.1666998416185379,0.166762962937355,0.0012892704689875,0.0035919598303735,0.0081757558509707,0.0363198034465312,0.8217305541038513
TS0330A,2026,27,486,329.89,398.8064880371094,68.91648803710939,0.4705204963684082,0.1666204035282135,0.1666206419467926,0.1666292697191238,0.1666500121355056,0.1667052209377288,0.166774496436119,0.0017614889657124,0.0046506687067449,0.0102302385494112,0.0456669591367244,0.8758248686790466
TS0330A,2026,28,496,319.89,388.3635864257813,68.47358642578126,0.4703681468963623,0.166614145040512,0.1666152477264404,0.1666254103183746,0.1666491478681564,0.1667105257511139,0.1667855381965637,0.0024230000562965,0.0062992926687002,0.0131310671567916,0.0581590272486209,0.9147143959999084
TS0330A,2026,29,506,309.89,380.1103515625,70.22035156250001,0.4702251553535461,0.1666084080934524,0.1666103154420852,0.1666218489408493,0.16664819419384,0.1667153239250183,0.1667959243059158,0.0031363735906779,0.0082095293328166,0.0161341652274131,0.0711131766438484,0.9378435611724854
TS0330A,2026,30,516,299.89,373.5777282714844,73.68772827148439,0.4700862169265747,0.1666029989719391,0.166605532169342,0.1666182577610016,0.166647270321846,0.166719913482666,0.1668060272932052,0.0038005572278052,0.0101383021101355,0.0187635254114866,0.0819310694932937,0.9530676007270812
TS0330A,2026,31,526,289.89,367.2977294921875,77.40772949218751,0.4699568748474121,0.1665977388620376,0.1666010171175003,0.1666150093078613,0.1666463166475296,0.1667245179414749,0.1668153703212738,0.0045920074917376,0.0126062231138348,0.0220240671187639,0.0948575586080551,0.9639077186584472
TS0330A,2026,32,536,279.89,361.97662353515625,82.08662353515626,0.4698341786861419,0.1665927767753601,0.1665967106819152,0.1666119247674942,0.1666457802057266,0.1667287498712539,0.1668240427970886,0.0053290831856429,0.0149382809177041,0.0249812025576829,0.1066244691610336,0.9719268679618835
TS0330A,2026,33,546,269.89,357.3378295898437,87.44782958984376,0.4697173237800598,0.1665882170200348,0.1665927767753601,0.1666090190410614,0.1666447967290878,0.1667321771383285,0.1668330579996109,0.0060694958083331,0.0172076001763343,0.0279548671096563,0.1187537685036659,0.9773942232131958
TS0330A,2026,34,556,259.89,354.4706726074219,94.58067260742187,0.4696128964424133,0.1665832102298736,0.1665883660316467,0.1666056364774704,0.1666435599327087,0.1667365580797195,0.1668426692485809,0.0065581682138144,0.0186547990888357,0.0299425013363361,0.1279680430889129,0.9801239371299744
TS0330A,2026,35,566,249.89,350.708251953125,100.818251953125,0.4695260226726532,0.1665777266025543,0.1665836423635482,0.1666022986173629,0.166642889380455,0.1667411774396896,0.1668523102998733,0.0072411941364407,0.0205319821834564,0.033004805445671,0.1433472633361816,0.982524037361145
TS0330A,2026,36,576,239.89,346.3847351074219,106.49473510742187,0.4694481790065765,0.1665728241205215,0.166579470038414,0.1665992736816406,0.1666422188282013,0.1667456626892089,0.1668605506420135,0.0080288033932447,0.0226211082190275,0.036572054028511,0.1612366735935211,0.985120415687561
TS0330A,2026,37,586,229.89,341.52032470703125,111.63032470703126,0.4693716764450073,0.1665685027837753,0.1665758192539215,0.1665968298912048,0.1666418612003326,0.1667491048574447,0.1668679267168045,0.0089610991999506,0.0249327886849641,0.0406044870615005,0.1817433983087539,0.9878219962120056
TS0330A,2026,38,596,219.89,337.93212890625,118.04212890625,0.4692927598953247,0.1665646731853485,0.1665724068880081,0.1665942072868347,0.1666408479213714,0.1667520552873611,0.1668757945299148,0.0095884725451469,0.0262906868010759,0.04313825070858,0.1967249363660812,0.9898677468299866
TS0330A,2026,39,606,209.89,333.8982849121094,124.0082849121094,0.4692156612873077,0.166560411453247,0.1665686219930648,0.1665913015604019,0.1666397452354431,0.1667558550834655,0.1668840944766998,0.0102728633210062,0.0277924314141273,0.0461549423635005,0.214526280760765,0.991680145263672
TS0330A,2026,40,616,199.89,328.5790405273437,128.68904052734376,0.4691399931907654,0.1665559113025665,0.1665647029876709,0.166588470339775,0.1666392385959625,0.1667598336935043,0.166891872882843,0.0113450028002262,0.0302343387156724,0.0509927868843078,0.2400877773761749,0.9933544397354126
TS0330A,2027,0,216,599.89,457.2749633789063,142.61503662109374,0.5058638453483582,0.1663248538970947,0.1663514226675033,0.1664046198129654,0.1665323376655578,0.1669579446315765,0.1674287766218185,0.0062078922055661,0.0113457720726728,0.0255174096673727,0.0716780126094818,0.3923082947731018
TS0330A,2027,1,226,589.89,460.0675354003906,129.82246459960936,0.5058885216712952,0.1663249433040619,0.1663515418767929,0.1664047241210937,0.1665324717760086,0.1669578850269317,0.167428433895111,0.0058104307390749,0.0105860857293009,0.0238870363682508,0.067795343697071,0.3804987072944641
TS0330A,2027,2,236,579.89,463.1330261230469,116.75697387695313,0.5059198141098022,0.1663250476121902,0.16635163128376,0.1664048582315445,0.1665325760841369,0.1669577956199646,0.1674281060695648,0.0053840703330934,0.0097744138911366,0.0221456307917833,0.0636082217097282,0.3675879240036011
TS0330A,2027,3,246,569.89,466.6398315429688,103.25016845703124,0.5059579014778137,0.166325032711029,0.16635163128376,0.166404902935028,0.1665326952934265,0.1669577956199646,0.1674279272556305,0.0049135047011077,0.0088691432029008,0.0202051661908626,0.0588875226676464,0.3528133630752563
TS0330A,2027,4,256,559.89,470.640625,89.24937499999999,0.50600266456604,0.166324958205223,0.1663515865802765,0.1664048880338668,0.1665327697992324,0.1669578850269317,0.1674279123544693,0.0044090296141803,0.0078750252723693,0.018083507195115,0.0536090694367885,0.3356780707836151
TS0330A,2027,5,266,549.89,475.0054931640625,74.88450683593749,0.5060534477233887,0.1663247793912887,0.1663514822721481,0.1664047986268997,0.166532814502716,0.1669580042362213,0.1674281060695648,0.0038875637110322,0.0068449000827968,0.0158906709402799,0.047987725585699,0.3165324032306671
TS0330A,2027,6,276,539.89,479.4032287597656,60.48677124023436,0.5061091780662537,0.1663245111703872,0.1663512289524078,0.1664046794176101,0.1665328294038772,0.1669582277536392,0.1674285233020782,0.0033919750712811,0.0058723832480609,0.0137913860380649,0.042527824640274,0.2968596518039703
TS0330A,2027,7,286,529.89,483.71881103515625,46.171188964843736,0.5061686038970947,0.1663241237401962,0.1663509160280227,0.1664044708013534,0.1665328294038772,0.1669585406780243,0.167429119348526,0.0029353492427617,0.0049842447042465,0.0118417656049132,0.0373858101665973,0.277069479227066
TS0330A,2027,8,296,519.89,487.46380615234375,32.42619384765624,0.5062283873558044,0.1663236916065216,0.1663505733013153,0.1664042323827743,0.1665328443050384,0.1669588685035705,0.1674297451972961,0.0025561924558132,0.0042483983561396,0.0101825576275587,0.0329136624932289,0.2597875595092773
TS0330A,2027,9,306,509.89,490.5884399414063,19.301560058593736,0.5062862038612366,0.1663232296705246,0.1663501858711242,0.1664040237665176,0.166532889008522,0.1669592559337616,0.167430430650711,0.0022476308513432,0.0036528785713016,0.008794174529612,0.0291031189262866,0.2451682835817337
TS0330A,2027,10,316,499.89,493.13671875,6.753281249999986,0.506340742111206,0.1663227081298828,0.1663497537374496,0.1664037704467773,0.1665329039096832,0.166959673166275,0.1674311608076095,0.0019959227647632,0.0031686574220657,0.0076312199234962,0.0258803497999906,0.2327790558338165
TS0330A,2027,11,326,489.89,495.0213928222656,5.131392822265639,0.5063912868499756,0.1663222163915634,0.1663493812084198,0.166403517127037,0.1665329188108444,0.1669600754976272,0.1674319058656692,0.0018072274979203,0.0027973528485745,0.006700659636408,0.0232593771070241,0.2221936583518982
TS0330A,2027,12,336,479.89,495.8888549804688,15.998854980468764,0.5064367651939392,0.1663216799497604,0.1663489341735839,0.1664032787084579,0.1665329486131668,0.1669604927301406,0.1674326807260513,0.0016975929029285,0.0025626956485211,0.0060709873214364,0.021489143371582,0.2163367271423339
TS0330A,2027,13,346,469.89,495.7847595214844,25.89475952148439,0.5064769983291626,0.1663211435079574,0.1663485318422317,0.1664030253887176,0.166532963514328,0.1669609397649765,0.1674333959817886,0.0016539490316063,0.002449290594086,0.005723419599235,0.0205784123390913,0.2150742411613464
TS0330A,2027,14,356,459.89,494.5467834472656,34.65678344726564,0.5065121650695801,0.1663206219673156,0.1663480848073959,0.1664028018712997,0.1665330231189727,0.1669613569974899,0.1674341261386871,0.0016973901074379,0.0024755715858191,0.0056734047830104,0.0205642115324735,0.2195603549480438
TS0330A,2027,15,366,449.89,492.4612426757813,42.571242675781264,0.5065423846244812,0.1663201004266739,0.1663476973772049,0.1664025634527206,0.1665330529212951,0.1669617742300033,0.1674348264932632,0.0018206926761195,0.0026315336581319,0.0059207947924733,0.021514605730772,0.2296291440725326
TS0330A,2027,16,376,439.89,489.7775268554688,49.88752685546877,0.5065683722496033,0.1663195639848709,0.1663472801446914,0.1664023250341415,0.1665330827236175,0.1669622063636779,0.1674355119466781,0.0020321153569966,0.0029274178668856,0.0064782509580254,0.0234876368194818,0.243953675031662
TS0330A,2027,17,386,429.89,486.7672424316406,56.87724243164064,0.5065909624099731,0.1663190573453903,0.1663469225168228,0.1664021164178848,0.1665331423282623,0.1669626086950302,0.1674361675977707,0.0023266572970896,0.0033426089212298,0.0072904550470411,0.0262318216264247,0.2593745291233063
TS0330A,2027,18,396,419.89,482.9066162109375,63.01661621093752,0.5066108107566833,0.1663185954093933,0.1663465350866317,0.1664019227027893,0.1665331870317459,0.1669629663228988,0.1674367636442184,0.0027480309363454,0.0039440807886421,0.0084824170917272,0.0301665570586919,0.2790535688400268
TS0330A,2027,19,406,409.89,478.6366271972656,68.74662719726564,0.5066282749176025,0.1663181483745575,0.1663461774587631,0.1664017289876938,0.1665332317352295,0.1669633686542511,0.1674373596906662,0.0032745448406785,0.004707224201411,0.0100143514573574,0.0351153761148452,0.3004140555858612
TS0330A,2027,20,416,399.89,473.5351257324219,73.64512573242189,0.5066443085670471,0.1663176864385604,0.1663458347320556,0.1664015501737594,0.1665332615375518,0.1669637411832809,0.1674379557371139,0.0039801122620701,0.0057280398905277,0.0120324837043881,0.0415392853319644,0.3254147469997406
TS0330A,2027,21,426,389.89,468.1982116699219,78.30821166992189,0.506658673286438,0.1663172543048858,0.1663455069065094,0.1664013415575027,0.166533276438713,0.1669640988111496,0.1674385219812393,0.0048243156634271,0.0069479239173233,0.0144661543890833,0.0490896962583065,0.3500663340091705
TS0330A,2027,22,436,379.89,461.8533935546875,81.96339355468751,0.5066717863082886,0.1663168519735336,0.1663451790809631,0.1664011478424072,0.1665333062410354,0.166964441537857,0.1674390882253646,0.0059389704838395,0.0085648698732256,0.0176437087357044,0.0585972145199775,0.3790146708488464
TS0330A,2027,23,446,369.89,454.998291015625,85.10829101562501,0.5066832900047302,0.1663164645433426,0.166344866156578,0.1664009690284729,0.1665333062410354,0.1669647246599197,0.1674396246671676,0.0072859348729252,0.0105531523004174,0.0216009542346,0.0698970928788185,0.4086861610412597
TS0330A,2027,24,456,359.89,448.0241088867188,88.13410888671876,0.5066937804222107,0.1663160771131515,0.1663445681333542,0.1664008051156997,0.1665333360433578,0.1669650375843048,0.1674401611089706,0.0088207209482789,0.0127914752811193,0.0260450076311826,0.0822204425930976,0.4367057979106903
TS0330A,2027,25,466,349.89,439.9533386230469,90.06333862304689,0.5067026615142822,0.1663157343864441,0.1663442999124527,0.1664006263017654,0.1665333360433578,0.1669653505086898,0.1674406677484512,0.0107589438557624,0.0156217738986015,0.031570553779602,0.0972008481621742,0.4686501026153564
TS0330A,2027,26,476,339.89,431.7488403320313,91.85884033203126,0.5067102313041687,0.1663153767585754,0.1663440316915512,0.1664004772901535,0.1665333807468414,0.1669656187295913,0.1674411445856094,0.012974627315998,0.0188163220882415,0.0377641320228576,0.1134941801428794,0.4991910755634308
TS0330A,2027,27,486,329.89,421.8479614257813,91.95796142578126,0.5067161321640015,0.1663151234388351,0.1663438230752945,0.1664003431797027,0.1665333807468414,0.1669658124446869,0.1674415320158004,0.0158485639840364,0.023080063983798,0.045995183289051,0.1344053000211715,0.5349316596984863
TS0330A,2027,28,496,319.89,411.0906372070313,91.20063720703126,0.5067201852798462,0.1663149297237396,0.1663436591625213,0.1664002686738968,0.1665333807468414,0.16696597635746,0.1674417853355407,0.0192459356039762,0.0282352231442928,0.0559952929615974,0.158788725733757,0.5710675716400146
TS0330A,2027,29,506,309.89,401.41009521484375,91.52009521484376,0.5067232251167297,0.1663147807121276,0.1663435846567154,0.1664002239704132,0.1665334403514862,0.1669660657644271,0.1674418896436691,0.0226176362484693,0.0333322249352932,0.0657983422279357,0.1818249821662902,0.6015996336936951
TS0330A,2027,30,516,299.89,392.2861328125,92.3961328125,0.5067251920700073,0.1663146615028381,0.1663434952497482,0.1664002239704132,0.1665335148572921,0.1669661551713943,0.1674419492483139,0.0261308103799819,0.0385656729340553,0.0756074041128158,0.2042913883924484,0.6292322874069214
TS0330A,2027,31,526,289.89,382.2275085449219,92.33750854492187,0.5067253708839417,0.1663145869970321,0.1663434505462646,0.166400209069252,0.1665335595607757,0.1669662147760391,0.1674419492483139,0.0302353892475366,0.04483412951231,0.0873395651578903,0.2299855500459671,0.6586821675300598
TS0330A,2027,32,536,279.89,372.6482543945313,92.75825439453126,0.50672447681427,0.1663145124912262,0.166343405842781,0.1664002388715744,0.1665336638689041,0.1669662743806839,0.1674419045448303,0.0344541780650615,0.0513016730546951,0.0993842333555221,0.2555010914802551,0.6846963763237
TS0330A,2027,33,546,269.89,363.6241455078125,93.73414550781251,0.5067227482795715,0.1663144528865814,0.1663434207439422,0.1664002686738968,0.1665337234735489,0.1669662892818451,0.1674418449401855,0.0387393720448017,0.0578818023204803,0.1113481521606445,0.2800207138061523,0.7087603211402893
TS0330A,2027,34,556,259.89,351.6889038085937,91.79890380859376,0.5067200064659119,0.1663144379854202,0.1663433909416198,0.1664002835750579,0.1665337532758712,0.1669663488864898,0.1674418002367019,0.0446099899709224,0.0672747790813446,0.1284674853086471,0.3135488927364349,0.7388526201248169
TS0330A,2027,35,566,249.89,340.1099853515625,90.21998535156251,0.506716251373291,0.1663143336772918,0.1663433462381363,0.1664002686738968,0.1665337979793548,0.1669664084911346,0.1674418151378631,0.0506738871335983,0.0771430283784866,0.1464345902204513,0.3472835123538971,0.7656053304672241
TS0330A,2027,36,576,239.89,331.69024658203125,91.80024658203126,0.5067117214202881,0.1663141697645187,0.1663432270288467,0.166400209069252,0.1665338575839996,0.1669666022062301,0.1674419492483139,0.0555058680474758,0.0848569050431251,0.1602107435464859,0.3722513914108276,0.7839310169219971
TS0330A,2027,37,586,229.89,326.2562561035156,96.36625610351564,0.5067062377929688,0.166314035654068,0.1663430780172348,0.1664001494646072,0.166533887386322,0.1669667214155197,0.1674421280622482,0.0589634776115417,0.0900975540280342,0.1692647486925125,0.388538658618927,0.7952631115913391
TS0330A,2027,38,596,219.89,320.4254455566406,100.53544555664064,0.5067002773284912,0.1663138717412948,0.1663429737091064,0.1664000898599624,0.1665339171886444,0.1669668555259704,0.1674423366785049,0.0628435462713241,0.0960132703185081,0.1793040186166763,0.4059761762619018,0.8073423504829407
TS0330A,2027,39,606,209.89,313.6374816894531,103.74748168945314,0.5066936612129211,0.1663137078285217,0.1663428395986557,0.1663999855518341,0.1665339022874832,0.1669669896364212,0.167442575097084,0.067469336092472,0.1031975150108337,0.191522866487503,0.4265726506710052,0.8207892179489136
TS0330A,2027,40,616,199.89,307.6349792480469,107.74497924804687,0.5066854953765869,0.166313499212265,0.1663427054882049,0.1663999110460281,0.1665339320898056,0.1669671386480331,0.1674427986145019,0.0717634037137031,0.1097971946001052,0.2026777267456054,0.4451172053813934,0.8319756388664246
TS0330A,2028,0,216,599.89,555.6661376953125,44.223862304687486,0.508188009262085,0.166853666305542,0.1668179482221603,0.1667660325765609,0.1666861027479171,0.1665199697017669,0.1663562804460525,0.0001584283454576,0.0005650712409988,0.0014232769608497,0.0144754480570554,0.0583174414932727
TS0330A,2028,1,226,589.89,556.9959716796875,32.894028320312486,0.5075669288635254,0.1668568700551986,0.1668199747800827,0.1667663305997848,0.1666847765445709,0.1665179580450058,0.166354089975357,0.0001414714497514,0.0005142968147993,0.0012892088852822,0.0131529858335852,0.0538073852658271
TS0330A,2028,2,236,579.89,558.5181884765625,21.371811523437486,0.5067911148071289,0.1668602079153061,0.166822001338005,0.1667665690183639,0.1666834056377411,0.1665159165859222,0.1663518846035003,0.0001230365887749,0.0004584263660944,0.0011405701516196,0.0116588296368718,0.0486434511840343
TS0330A,2028,3,246,569.89,560.1553344726562,9.734665527343736,0.505854070186615,0.1668634563684463,0.1668239086866378,0.1667667031288147,0.1666819304227829,0.166513904929161,0.1663500815629959,0.0001042267831508,0.0004000486806035,0.0009856435935944,0.0100503051653504,0.0429809316992759
TS0330A,2028,4,256,559.89,561.8189086914062,1.928908691406264,0.5047550201416016,0.1668663322925567,0.1668255180120468,0.1667665988206863,0.1666803061962127,0.1665121167898178,0.1663491576910019,8.615643309894949e-05,0.0003430882643442,0.0008305974770337,0.0083979777991771,0.0369969084858894
TS0330A,2028,5,266,549.89,563.3699951171875,13.479995117187514,0.5035063624382019,0.1668683439493179,0.1668263524770736,0.166765883564949,0.1666784882545471,0.1665109992027282,0.1663499176502227,6.972088158363476e-05,0.0002894153294619,0.0006872137892059,0.006821253336966,0.0310189649462699
TS0330A,2028,6,276,539.89,564.6253662109375,24.735366210937517,0.5021302700042725,0.1668689996004104,0.166826069355011,0.1667644828557968,0.1666764169931411,0.1665106266736984,0.1663533896207809,5.536052049137652e-05,0.0002398618671577,0.0005614364054054,0.005320266354829,0.0249508861452341
TS0330A,2028,7,286,529.89,565.42333984375,35.533339843750014,0.5006550550460815,0.1668680012226104,0.1668243408203125,0.166761964559555,0.1666740626096725,0.1665119230747223,0.1663597077131271,4.336981146479957e-05,0.0001927078119479,0.0004484450037125,0.0039304038509726,0.0187010075896978
TS0330A,2028,8,296,519.89,565.4640502929688,45.57405029296877,0.4991277158260345,0.1668649017810821,0.1668209731578827,0.1667585968971252,0.1666720062494278,0.1665148884057998,0.1663686633110046,3.429988646530546e-05,0.0001552068133605,0.0003622304066084,0.0028658488299697,0.013630143366754
TS0330A,2028,9,306,509.89,564.5927734375,54.702773437500014,0.4976094663143158,0.1668603122234344,0.1668165475130081,0.1667548269033432,0.1666700989007949,0.1665188670158386,0.1663793474435806,2.765568751783576e-05,0.0001250502391485,0.000296885264106,0.0020475301425904,0.0095880338922142
TS0330A,2028,10,316,499.89,562.5130615234375,62.62306152343752,0.4961429238319397,0.1668546050786972,0.1668112576007843,0.1667505800724029,0.1666682362556457,0.1665236204862594,0.1663917154073715,2.2463542336481623e-05,9.868116467259824e-05,0.0002442773256916,0.0014119922416284,0.0064221508800983
TS0330A,2028,11,326,489.89,558.7877807617188,68.89778076171876,0.4947614073753357,0.1668480485677719,0.1668053567409515,0.1667458862066269,0.1666662544012069,0.1665291786193847,0.1664052456617355,1.883801814983599e-05,7.763633038848639e-05,0.0002058849786408,0.0009564976207911,0.0041616284288465
TS0330A,2028,12,336,479.89,552.9521484375,73.06214843750001,0.4934865832328796,0.1668406873941421,0.1667987257242202,0.1667407602071762,0.1666645854711532,0.166535347700119,0.1664198786020279,1.6181451428565197e-05,6.122741615399718e-05,0.0001813045964809,0.0006634432938881,0.0027038890402764
TS0330A,2028,13,346,469.89,545.0775756835938,75.18757568359376,0.4923502206802368,0.1668329834938049,0.1667918860912323,0.1667356938123703,0.1666628271341323,0.1665418595075607,0.1664347350597381,1.3640661563840696e-05,4.529579018708319e-05,0.0001600051036803,0.0004558805958367,0.001801659935154
TS0330A,2028,14,356,459.89,535.5198974609375,75.62989746093751,0.4913623929023742,0.1668252497911453,0.1667850911617279,0.1667306721210479,0.1666612923145294,0.1665484756231308,0.1664492338895797,1.1428821380832233e-05,3.219931750209071e-05,0.0001418430329067,0.0003222644154448,0.0013201930560171
TS0330A,2028,15,366,449.89,525.270751953125,75.38075195312501,0.4905388653278351,0.1668178439140319,0.1667786240577697,0.1667259037494659,0.1666599959135055,0.166554793715477,0.1664628386497497,9.868263987300452e-06,2.34907420235686e-05,0.0001288264902541,0.0002426089195068,0.0011254915734753
TS0330A,2028,16,376,439.89,515.7318115234375,75.84181152343751,0.4898811280727386,0.1668110489845276,0.166772648692131,0.1667216271162033,0.16665880382061,0.1665607094764709,0.166475161910057,8.608423740952276e-06,1.798592165869195e-05,0.0001171954718302,0.0001953537721419,0.0011523776920512
TS0330A,2028,17,386,429.89,508.0209655761719,78.13096557617189,0.4893821179866791,0.1668052524328231,0.1667676120996475,0.166717916727066,0.1666577309370041,0.1665658950805664,0.1664855927228927,7.682362593186554e-06,1.4325147276395e-05,0.0001092405072995,0.0001715087710181,0.0013904408551752
TS0330A,2028,18,396,419.89,501.51556396484375,81.62556396484376,0.489031970500946,0.1668004393577575,0.1667634099721908,0.1667147725820541,0.1666569411754608,0.1665701568126678,0.1664942800998687,7.152249509090325e-06,1.2287961908441504e-05,0.0001037874826579,0.000161953314091,0.00194425531663
TS0330A,2028,19,406,409.89,495.6905822753906,85.80058227539064,0.4888128936290741,0.1667965054512024,0.1667599529027938,0.1667122542858123,0.1666561663150787,0.1665736138820648,0.1665014922618866,7.078147518768674e-06,1.171005715150386e-05,0.0001001919663394,0.0001610596664249,0.003199188504368
TS0330A,2028,20,416,399.89,489.2422790527344,89.35227905273439,0.4886996746063232,0.1667932122945785,0.1667570322751999,0.1667099446058273,0.1666554361581802,0.1665766388177871,0.1665077805519104,7.520793587900698e-06,1.267010702576954e-05,9.998447785619646e-05,0.000171126492205,0.0069583766162395
TS0330A,2028,21,426,389.89,481.81396484375,91.92396484375,0.4886749684810638,0.1667905151844024,0.1667546182870865,0.1667079925537109,0.1666546612977981,0.1665791124105453,0.1665130704641342,8.718250683159567e-06,1.5543317203992046e-05,9.964781202143058e-05,0.0001896812900668,0.0192467179149389
TS0330A,2028,22,436,379.89,472.6676635742188,92.77766357421876,0.488723486661911,0.1667880713939666,0.1667523682117462,0.1667061597108841,0.1666540801525116,0.1665813773870468,0.1665179580450058,1.2624818737094756e-05,2.234347084595356e-05,0.0001005602898658,0.0002249225508421,0.0581304840743541
TS0330A,2028,23,446,369.89,462.6167602539063,92.72676025390626,0.4888284504413605,0.166785717010498,0.1667502671480178,0.1667045950889587,0.1666534543037414,0.1665834039449691,0.1665225476026535,1.836828778323252e-05,3.249519068049267e-05,0.0001043990414473,0.000256829051068,0.1555478423833847
TS0330A,2028,24,456,359.89,452.8455810546875,92.95558105468751,0.4889829754829407,0.1667839437723159,0.166748508810997,0.1667029857635498,0.1666526943445205,0.16658516228199,0.1665267199277877,2.2665508367936127e-05,4.171693944954313e-05,0.0001007476894301,0.0002590530493762,0.3779257237911224
TS0330A,2028,25,466,349.89,440.8075256347656,90.91752563476564,0.4891788065433502,0.1667820364236831,0.1667466759681701,0.1667014509439468,0.166652113199234,0.1665869653224945,0.1665307730436325,2.6524228815105744e-05,5.464555215439759e-05,0.0001051762228598,0.0002543875889386,0.7377455234527588
TS0330A,2028,26,476,339.89,428.4557495117188,88.56574951171876,0.4894134998321533,0.1667804419994354,0.1667450517416,0.166699931025505,0.1666513830423355,0.1665884852409362,0.16653473675251,3.152646604576148e-05,7.269192428793758e-05,0.0001193869320559,0.0002538980043027,0.94766104221344
TS0330A,2028,27,486,329.89,415.3359375,85.44593750000001,0.4896701872348785,0.1667783856391906,0.1667431890964508,0.166698470711708,0.1666507720947265,0.1665903180837631,0.1665388494729995,4.008996620541439e-05,9.677145135356112e-05,0.0001415626902598,0.0002789942373055,0.9959527254104614
TS0330A,2028,28,496,319.89,401.6817932128906,81.79179321289064,0.4899392426013946,0.1667763143777847,0.1667413562536239,0.1666971147060394,0.1666504293680191,0.1665921658277511,0.1665426343679428,4.978990546078421e-05,0.0001117529536713,0.0001521753438282,0.0003177404578309,0.9998820424079896
TS0330A,2028,29,506,309.89,391.0137634277344,81.12376342773439,0.4902198016643524,0.1667748391628265,0.1667400002479553,0.1666960567235946,0.1666499823331833,0.166593462228775,0.1665457040071487,5.6666340242372826e-05,0.0001144301641033,0.0001497732446296,0.0003938594600185,0.999998152256012
TS0330A,2028,30,516,299.89,380.39935302734375,80.50935302734376,0.4905118644237518,0.1667736023664474,0.1667386591434478,0.1666948348283767,0.1666495501995086,0.1665946394205093,0.1665487140417099,5.890385727980174e-05,0.0001066113691194,0.0001377196458633,0.0005521816783584,1.0
TS0330A,2028,31,526,289.89,370.3309020996094,80.44090209960939,0.4908049702644348,0.1667720824480056,0.1667373478412628,0.1666939407587051,0.1666491627693176,0.1665960103273391,0.1665514558553695,6.434964598156512e-05,0.0001085573676391,0.0001398574822815,0.0009534153505228,1.0
TS0330A,2028,32,536,279.89,362.6793823242188,82.78938232421876,0.4910987913608551,0.1667709052562713,0.1667361855506897,0.1666930317878723,0.1666490733623504,0.1665971875190735,0.1665535718202591,5.94452976656612e-05,9.717913781059906e-05,0.0001271186920348,0.0015866387402638,0.9999999403953552
TS0330A,2028,33,546,269.89,354.29168701171875,84.40168701171876,0.4913904368877411,0.1667697876691818,0.1667351871728897,0.166692316532135,0.1666488200426101,0.1665979176759719,0.1665559709072113,6.0532736824825406e-05,9.793377830646932e-05,0.0001327966165263,0.0028948509134352,1.0
TS0330A,2028,34,556,259.89,344.8289794921875,84.93897949218751,0.4916630983352661,0.1667680889368057,0.1667337417602539,0.1666913777589798,0.166648581624031,0.1665994375944137,0.1665587723255157,6.250550359254703e-05,0.0001004849618766,0.000139391675475,0.0051950588822364,1.0
TS0330A,2028,35,566,249.89,335.4239501953125,85.53395019531251,0.4919236898422241,0.1667662113904953,0.1667321324348449,0.1666904091835022,0.1666486710309982,0.1666008383035659,0.1665617674589157,8.241761679528281e-05,0.0001329566002823,0.0001853229041444,0.0127068236470222,1.0
TS0330A,2028,36,576,239.89,327.6483459472656,87.75834594726564,0.4921706616878509,0.1667649000883102,0.1667309701442718,0.1666895449161529,0.1666483879089355,0.1666022688150406,0.16656394302845,0.0001212781717185,0.0001959435030585,0.0002754365559667,0.0321270786225795,1.0
TS0330A,2028,37,586,229.89,317.1928100585937,87.30281005859376,0.492418497800827,0.1667638719081878,0.1667299717664718,0.1666888892650604,0.1666484028100967,0.1666031926870346,0.1665656864643097,0.0002145313337678,0.0003408936900086,0.0004878672771155,0.0989475026726722,1.0
TS0330A,2028,38,596,219.89,308.3320007324219,88.44200073242189,0.4926552772521972,0.1667629927396774,0.166729137301445,0.1666882038116455,0.1666480898857116,0.1666038185358047,0.1665677577257156,0.0003105133364442,0.0004794388369191,0.0006973090348765,0.219022735953331,0.9999999403953552
TS0330A,2028,39,606,209.89,300.64013671875,90.75013671875,0.492891401052475,0.166762039065361,0.1667281538248062,0.1666873395442962,0.1666475981473922,0.1666047722101211,0.1665701270103454,0.000441593612777,0.0006575692095793,0.0009606450912542,0.4050955176353454,0.9999999403953552
TS0330A,2028,40,616,199.89,292.6138000488281,92.72380004882814,0.4931303560733795,0.1667610704898834,0.1667271256446838,0.166686475276947,0.1666473746299743,0.166605919599533,0.1665720641613006,0.0007284343591891,0.0010572405299171,0.0015669604763388,0.641985297203064,1.0
TS0330B,2026,0,203,593.36,536.1901245117188,57.169875488281264,0.4811626970767975,0.1667087227106094,0.1667005121707916,0.1666873842477798,0.1666672527790069,0.1666334420442581,0.1666026711463928,0.0003523240739013,0.0010222542332485,0.0055910167284309,0.0066080507822334,0.0119639942422509
TS0330B,2026,1,213,583.36,534.2393798828125,49.12062011718752,0.483205109834671,0.1667082607746124,0.1667000949382782,0.1666870713233947,0.1666671484708786,0.1666338145732879,0.1666035950183868,0.0002964350860565,0.0008660315652377,0.0044288407079875,0.0053195278160274,0.0106656560674309
TS0330B,2026,2,223,573.36,530.565185546875,42.79481445312501,0.4853741526603699,0.1667077094316482,0.1666996031999588,0.1666866987943649,0.1666670143604278,0.1666342914104461,0.1666046977043151,0.0002578508574515,0.0007557778153568,0.0034727994352579,0.0042805736884474,0.010222771205008
TS0330B,2026,3,233,563.36,525.015380859375,38.34461914062501,0.4876133501529693,0.1667070388793945,0.1666990220546722,0.1666863113641739,0.1666668951511383,0.1666348129510879,0.166605919599533,0.0002382667007623,0.0006921386229805,0.0027594224084168,0.0035359652247279,0.011156665161252
TS0330B,2026,4,243,553.36,517.6326904296875,35.727309570312514,0.4898867011070251,0.166706308722496,0.1666984260082245,0.166685864329338,0.1666667759418487,0.1666354089975357,0.1666072309017181,0.0002292559074703,0.0006510111270472,0.0022105022799223,0.0030049609486013,0.0146488985046744
TS0330B,2026,5,253,543.36,508.70306396484375,34.656936035156264,0.4921455681324005,0.1667055934667587,0.1666977852582931,0.1666854172945022,0.1666666716337204,0.1666359901428222,0.1666085571050644,0.0002305964881088,0.0006274140323512,0.0018133975099772,0.0026666994672268,0.0236712768673896
TS0330B,2026,6,263,533.36,498.4694519042969,34.89054809570314,0.4943732023239136,0.1667048186063766,0.166697159409523,0.1666849702596664,0.166666567325592,0.1666366308927536,0.1666098684072494,0.000236436331761,0.000615346012637,0.001506907865405,0.002426964463666,0.0449056066572666
TS0330B,2026,7,273,523.36,487.7388000488281,35.62119995117189,0.4965333640575409,0.1667040288448333,0.1666965037584304,0.166684553027153,0.1666664779186248,0.1666372418403625,0.1666111797094345,0.000235510393395,0.000608172675129,0.0012687471462413,0.0022573764435946,0.0879036709666252
TS0330B,2026,8,283,513.36,477.0701599121094,36.28984008789064,0.498613029718399,0.1667033284902572,0.1666958928108215,0.1666841208934784,0.1666664183139801,0.1666378378868103,0.1666123867034912,0.0002279490727232,0.0005964037263765,0.0010801282478496,0.0021519353613257,0.1617731899023056
TS0330B,2026,9,293,503.36,466.4159240722656,36.94407592773439,0.5005907416343689,0.1667026728391647,0.1666953563690185,0.1666837632656097,0.1666663438081741,0.1666383743286132,0.1666134893894195,0.0002152942033717,0.0005649775848723,0.0009125903015956,0.002054437296465,0.2737869024276733
TS0330B,2026,10,303,493.36,455.64263916015625,37.71736083984376,0.5024664998054504,0.1667020767927169,0.1666948348283767,0.1666834354400634,0.1666662991046905,0.166638895869255,0.1666144728660583,0.0002028022281592,0.0005360305658541,0.0007809746311977,0.0019838714506477,0.4232755899429321
TS0330B,2026,11,313,483.36,443.2183227539063,40.14167724609376,0.5042489171028137,0.1667015552520752,0.1666944026947021,0.166683167219162,0.1666662693023681,0.1666393131017685,0.1666152775287628,0.0001955962507054,0.0005263260100036,0.0006988568929955,0.0020237432327121,0.6220236420631409
TS0330B,2026,12,323,473.36,430.3054504394531,43.05454956054689,0.5059114694595337,0.1667011231184005,0.1666940748691558,0.1666829138994217,0.1666662395000457,0.1666396707296371,0.1666159629821777,0.00018482687301,0.0005078598624095,0.0006297208601608,0.002142702229321,0.8170368075370789
TS0330B,2026,13,333,463.36,419.3409118652344,44.01908813476564,0.5074820518493652,0.1667007505893707,0.1666937470436096,0.1666827350854873,0.1666662245988845,0.1666399836540222,0.1666165739297866,0.0001691314828349,0.0004726707411464,0.0005657953443005,0.0022816879209131,0.9321515560150146
TS0330B,2026,14,343,453.36,410.4190673828125,42.94093261718752,0.5089682936668396,0.1667004227638244,0.1666934937238693,0.166682556271553,0.1666661947965622,0.1666402369737625,0.1666170805692672,0.0001576519425725,0.0004419981560204,0.0005236369324848,0.0024495858233422,0.9757891297340392
TS0330B,2026,15,353,443.36,400.99993896484375,42.36006103515626,0.5103763341903687,0.1667001396417617,0.1666932702064514,0.1666824221611023,0.166666179895401,0.1666404753923416,0.1666174829006195,0.0001579466188559,0.0004370825481601,0.0005167271592654,0.0027888780459761,0.992023468017578
TS0330B,2026,16,363,433.36,391.150390625,42.209609375000014,0.5117270946502686,0.1666999012231826,0.1666931062936782,0.1666822880506515,0.1666661649942398,0.1666406542062759,0.1666178703308105,0.0001711094519123,0.0004644108994398,0.0005508707254193,0.0034090864937752,0.9977050423622132
TS0330B,2026,17,373,423.36,381.5529479980469,41.80705200195314,0.5130147933959961,0.1666996926069259,0.1666929125785827,0.1666821539402008,0.1666661649942398,0.1666408330202102,0.166618213057518,0.0001979818189283,0.0005248158704489,0.0006246486445888,0.0044290754012763,0.99944669008255
TS0330B,2026,18,383,413.36,372.617431640625,40.74256835937501,0.5142602324485779,0.166699469089508,0.1666927337646484,0.1666820496320724,0.1666661351919174,0.1666410118341446,0.1666185706853866,0.0002212714607594,0.000582794600632,0.0006914981640875,0.0060474425554275,0.9998833537101746
TS0330B,2026,19,393,403.36,364.3995666503906,38.96043334960939,0.5154626369476318,0.1666992604732513,0.1666925400495529,0.1666819453239441,0.1666661351919174,0.1666411906480789,0.1666189134120941,0.0002441656542941,0.0006630539428442,0.0007829133537597,0.0088768815621733,0.9999764561653136
TS0330B,2026,20,403,393.36,357.0145568847656,36.34544311523439,0.5166218280792236,0.1666990667581558,0.1666924059391021,0.1666818112134933,0.166666105389595,0.1666413694620132,0.1666192412376403,0.0002789105055853,0.0007864237413741,0.0009278923389501,0.013985757716,0.9999945163726808
TS0330B,2026,21,413,383.36,350.4690856933594,32.89091430664064,0.5177567601203918,0.1666988432407379,0.1666922271251678,0.1666817367076873,0.166666105389595,0.1666415184736251,0.1666195541620254,0.000330035079969,0.0009517748840153,0.0011295048752799,0.0224699154496192,0.9999980330467224
TS0330B,2026,22,423,373.36,343.6867980957031,29.67320190429689,0.5188367962837219,0.1666986495256424,0.1666920781135559,0.1666816174983978,0.166666105389595,0.1666416823863983,0.1666198372840881,0.0003997060994151,0.0011735992738977,0.0014225111808627,0.0371577888727188,0.9999987483024596
TS0330B,2026,23,433,363.36,337.8094787597656,25.55052124023439,0.5198556780815125,0.1666984558105468,0.1666919440031051,0.1666815280914306,0.166666105389595,0.1666418462991714,0.1666201651096344,0.0004428274696692,0.0013269885675981,0.0016779763391241,0.0559303387999534,0.9999988675117492
TS0330B,2026,24,443,353.36,330.62030029296875,22.739699707031264,0.5208323001861572,0.1666982769966125,0.1666917949914932,0.1666814386844635,0.166666105389595,0.166641965508461,0.1666204184293747,0.000533037353307,0.0016297688707709,0.0021795982029289,0.087719976902008,0.9999991059303284
TS0330B,2026,25,453,343.36,323.0714416503906,20.28855834960939,0.5217997431755066,0.1666981130838394,0.1666916757822036,0.1666813492774963,0.1666660904884338,0.1666421145200729,0.1666206568479538,0.0006690080626867,0.0020724171772599,0.0029700146988034,0.1357636004686355,0.9999993443489076
TS0330B,2026,26,463,333.36,315.7020263671875,17.657973632812514,0.5227355360984802,0.1666979491710662,0.1666915416717529,0.1666812896728515,0.166666105389595,0.1666422188282013,0.1666209250688552,0.0008618732681497,0.0026633962988853,0.0041602049022912,0.2010925114154815,0.999999463558197
TS0330B,2026,27,473,323.36,307.3135681152344,16.04643188476564,0.5236373543739319,0.1666977703571319,0.1666914075613021,0.1666812300682068,0.1666660904884338,0.166642352938652,0.1666211485862732,0.0011068487074226,0.0034567301627248,0.0060608233325183,0.301908403635025,0.9999995231628418
TS0330B,2026,28,483,313.36,299.6607971191406,13.699202880859389,0.524485170841217,0.1666976064443588,0.1666912734508514,0.1666811257600784,0.1666661202907562,0.1666424721479416,0.1666214019060135,0.0013728514313697,0.0042966874316334,0.0085089309141039,0.4085951447486877,0.9999995827674866
TS0330B,2026,29,493,303.36,290.9637756347656,12.396224365234389,0.5252636671066284,0.1666974425315857,0.166691169142723,0.1666810661554336,0.1666661202907562,0.1666425913572311,0.1666216552257537,0.001742425141856,0.0053754490800201,0.0123136658221483,0.5331072807312012,0.999999701976776
TS0330B,2026,30,503,293.36,282.1732177734375,11.186782226562514,0.5259713530540466,0.1666972935199737,0.1666910499334335,0.1666809767484665,0.1666661202907562,0.1666427105665207,0.1666218191385269,0.0022148347925394,0.0067027392797172,0.0177378188818693,0.6473031640052795,0.9999996423721312
TS0330B,2026,31,513,283.36,273.4571228027344,9.90287719726564,0.5266496539115906,0.166697159409523,0.1666909307241439,0.1666809171438217,0.1666661351919174,0.166642814874649,0.1666219830513,0.0028072681743651,0.0082762027159333,0.0251982975751161,0.742505669593811,0.999999701976776
TS0330B,2026,32,523,273.36,263.1534423828125,10.206557617187514,0.5273248553276062,0.1666970252990722,0.166690856218338,0.1666809022426605,0.1666661351919174,0.166642889380455,0.1666221767663955,0.0037900004535913,0.0107496073469519,0.0386654995381832,0.826596736907959,0.999999701976776
TS0330B,2026,33,533,263.36,255.7255096435547,7.634490356445326,0.528013288974762,0.1666968762874603,0.1666907519102096,0.1666808128356933,0.166666105389595,0.1666429787874221,0.1666224300861358,0.0046498565934598,0.0127900540828704,0.0516965687274932,0.8733481764793396,0.9999998211860656
TS0330B,2026,34,543,253.36,248.1506500244141,5.209349975585951,0.5286692976951599,0.1666967272758484,0.1666906327009201,0.1666807234287262,0.1666660904884338,0.1666431427001953,0.1666226685047149,0.0057596652768552,0.0153633682057261,0.0691188424825668,0.9099191427230836,0.9999998807907104
TS0330B,2026,35,553,243.36,239.94256591796875,3.417434082031264,0.5292301774024963,0.166696548461914,0.1666904836893081,0.1666806489229202,0.1666661202907562,0.166643276810646,0.1666228771209716,0.0072803571820259,0.0188011713325977,0.0938298776745796,0.939201295375824,0.9999999403953552
TS0330B,2026,36,563,233.36,230.8472442626953,2.512755737304701,0.5297563076019287,0.1666964590549469,0.1666904091835022,0.1666806042194366,0.1666661351919174,0.1666433662176132,0.1666230261325836,0.0096340728923678,0.0238707680255174,0.1312185972929,0.9609441757202148,0.9999998211860656
TS0330B,2026,37,573,223.36,225.030517578125,1.6705175781249864,0.5302796363830566,0.1666963398456573,0.1666903495788574,0.1666805893182754,0.1666661649942398,0.166643425822258,0.1666231155395507,0.0114574814215302,0.0276499316096305,0.1598604619503021,0.9712184071540833,0.9999998211860656
TS0330B,2027,0,203,593.36,563.989501953125,29.370498046875014,0.52167809009552,0.1664215624332428,0.1664259582757949,0.1664357334375381,0.1665087789297104,0.1668880581855774,0.1673199087381363,2.2051770429243334e-05,0.0002441100514261,0.0002925277804024,0.0003977086162194,0.0290485341101884
TS0330B,2027,1,213,583.36,563.9317626953125,19.428237304687517,0.5210128426551819,0.1664226651191711,0.1664267480373382,0.1664360910654068,0.1665085107088089,0.1668872833251953,0.1673186719417572,1.5365862054750323e-05,0.0001782165927579,0.000226522781304,0.0003263412218075,0.0203869026154279
TS0330B,2027,2,223,573.36,559.5945434570312,13.765456542968764,0.5202612280845642,0.1664240360260009,0.1664277613162994,0.166436493396759,0.166508212685585,0.1668863296508789,0.167317196726799,1.2063129361195024e-05,0.0001112345489673,0.0001646393357077,0.0002792138548102,0.0118964836001396
TS0330B,2027,3,233,563.36,546.9036254882812,16.456374511718764,0.5194348096847534,0.1664254665374755,0.1664287894964218,0.1664369255304336,0.1665078848600387,0.1668852865695953,0.167315661907196,1.1422401257732416e-05,6.074396151234396e-05,0.0001250593923032,0.0002951237256638,0.0070342682301998
TS0330B,2027,4,243,553.36,530.5952758789062,22.764724121093764,0.5185447931289673,0.1664268970489502,0.1664298325777053,0.1664372980594635,0.1665074974298477,0.1668842434883117,0.167314201593399,1.1216558050364256e-05,2.947434040834196e-05,9.753556514624506e-05,0.0003730643657036,0.0050679058767855
TS0330B,2027,5,253,543.36,517.1900634765625,26.169936523437517,0.5176087021827698,0.1664281487464904,0.1664306968450546,0.166437566280365,0.1665070652961731,0.1668834239244461,0.1673131138086319,1.4908193406881765e-05,2.342597144888714e-05,0.0001138173247454,0.0006843981100246,0.0054636909626424
TS0330B,2027,6,263,533.36,506.676513671875,26.683486328125014,0.5166412591934204,0.16642926633358,0.1664314121007919,0.1664376556873321,0.1665065735578537,0.1668826192617416,0.1673124581575393,2.5035225917235948e-05,3.121383269899525e-05,0.0001721295411698,0.0014593983069062,0.008269433863461
TS0330B,2027,7,273,523.36,496.8678283691406,26.49217163085939,0.5156651735305786,0.1664301604032516,0.1664319187402725,0.1664376705884933,0.1665060371160507,0.1668820530176162,0.1673121750354766,4.159957461524755e-05,4.783677650266327e-05,0.0002639791346155,0.0025943464133888,0.0143005335703492
TS0330B,2027,8,283,513.36,487.7423095703125,25.617690429687517,0.514701247215271,0.1664308011531829,0.1664322167634964,0.166437491774559,0.1665054857730865,0.1668816208839416,0.1673123687505722,6.185015809023753e-05,6.94811824359931e-05,0.0003555074508767,0.0032986353617161,0.026236955076456
TS0330B,2027,9,293,503.36,480.4066162109375,22.953383789062517,0.5137821435928345,0.16643126308918,0.1664322912693023,0.1664370894432068,0.166504755616188,0.1668814271688461,0.1673131585121154,8.806485857348889e-05,0.0001008362160064,0.0004686097381636,0.003434948856011,0.0497272945940494
TS0330B,2027,10,303,493.36,473.0803833007813,20.279616699218764,0.5129327774047852,0.1664314717054367,0.1664321273565292,0.166436493396759,0.1665038764476776,0.1668814867734909,0.1673145592212677,0.0001120876841014,0.000131957931444,0.0004956308985128,0.0029979990795254,0.104592889547348
TS0330B,2027,11,313,483.36,463.52447509765625,19.835524902343764,0.512184202671051,0.1664316952228546,0.1664319038391113,0.1664357334375381,0.1665028035640716,0.1668815463781356,0.1673163026571273,0.0001466471003368,0.0001774992415448,0.000487953191623,0.002674437360838,0.2478447556495666
TS0330B,2027,12,323,473.36,451.7755126953125,21.584487304687517,0.5115669965744019,0.1664316654205322,0.1664313971996307,0.1664347648620605,0.1665016859769821,0.1668818444013595,0.1673186272382736,0.0002143718302249,0.0002716513699851,0.0005799580249004,0.0029353785794228,0.4938445091247558
TS0330B,2027,13,333,463.36,442.4436340332031,20.91636596679689,0.5110910534858704,0.1664318144321441,0.1664309352636337,0.166433647274971,0.1665003150701522,0.1668821424245834,0.1673211306333542,0.0002827573625836,0.0003918736765626,0.0007169336895458,0.0034527846146374,0.6896199584007263
TS0330B,2027,14,343,453.36,433.6872253417969,19.67277465820314,0.5107592940330505,0.1664319783449173,0.1664305627346038,0.1664325594902038,0.1664988100528717,0.1668823659420013,0.1673237383365631,0.0003592929861042,0.0005834891926497,0.000976262090262,0.0043045156635344,0.8146895170211792
TS0330B,2027,15,353,443.36,426.208984375,17.151015625000014,0.5105675458908081,0.1664319783449173,0.1664298325777053,0.1664311289787292,0.1664972603321075,0.1668829172849655,0.167326882481575,0.0005008279695175,0.0008826220873743,0.0014185238396748,0.0053772930987179,0.8753833174705505
TS0330B,2027,16,363,433.36,420.45123291015625,12.908767089843764,0.5105088353157043,0.1664324253797531,0.1664295196533203,0.166429802775383,0.1664952933788299,0.1668830662965774,0.1673298925161361,0.0006114028510637,0.001100827474147,0.001767385052517,0.0059733432717621,0.9037309288978576
TS0330B,2027,17,373,423.36,414.12017822265625,9.239821777343764,0.5105658769607544,0.1664324402809143,0.166428729891777,0.166428193449974,0.1664934456348419,0.1668836176395416,0.1673336327075958,0.0007949802675284,0.0014763101935386,0.0023653712123632,0.0073256189934909,0.9263930320739746
TS0330B,2027,18,383,413.36,407.700439453125,5.659560546875014,0.5107282400131226,0.1664329022169113,0.1664283722639084,0.1664267480373382,0.1664911955595016,0.1668836623430252,0.1673371195793151,0.0009202695218846,0.0017734946450218,0.0028256287332624,0.0082743931561708,0.943949818611145
TS0330B,2027,19,393,403.36,400.40338134765625,2.956618652343764,0.5109782814979553,0.1664328575134277,0.166427344083786,0.1664247661828994,0.1664889454841613,0.1668843626976013,0.1673416942358017,0.0009682989912107,0.0020031603053212,0.0031912887934595,0.0090198507532477,0.9592985510826112
TS0330B,2027,20,403,393.36,393.2777099609375,0.0822900390625136,0.5112982988357544,0.1664323657751083,0.1664261668920517,0.1664227694272995,0.1664865463972091,0.1668850928544998,0.1673470884561538,0.0009401388233527,0.0020502156112343,0.0033260341733694,0.0097230095416307,0.9709396958351136
TS0330B,2027,21,413,383.36,386.34808349609375,2.9880834960937364,0.511688232421875,0.1664321571588516,0.1664247810840606,0.1664201468229293,0.1664837449789047,0.1668862700462341,0.1673528850078582,0.000755759247113,0.001590313273482,0.0027429971378296,0.0101170279085636,0.9806879162788392
TS0330B,2027,22,423,373.36,377.4391784667969,4.079178466796861,0.5121191143989563,0.1664303839206695,0.1664223968982696,0.1664174050092697,0.1664815247058868,0.1668881475925445,0.1673601418733596,0.0006767652812413,0.0012775266077369,0.0025041999761015,0.0137556316331028,0.9873045086860656
TS0330B,2027,23,433,363.36,368.38818359375,5.028183593749986,0.5125769972801208,0.1664282381534576,0.1664197295904159,0.1664143502712249,0.1664791256189346,0.16689033806324,0.1673682034015655,0.0006948526715859,0.0011809477582573,0.0026728699449449,0.0224181115627288,0.9908437132835388
TS0330B,2027,24,443,353.36,359.3653564453125,6.005356445312486,0.5130544900894165,0.1664255708456039,0.16641665995121,0.1664112210273742,0.1664766669273376,0.1668931394815445,0.167376697063446,0.0007550711743533,0.0011780550703406,0.0030702650547027,0.0383858010172843,0.9932878613471984
TS0330B,2027,25,453,343.36,352.0769348144531,8.716934814453111,0.5135648846626282,0.1664240211248397,0.1664140969514846,0.1664076745510101,0.1664734780788421,0.1668949723243713,0.1673857569694519,0.0007050132844597,0.0010278577683493,0.0030651858542114,0.0582357756793499,0.9947032332420348
TS0330B,2027,26,463,333.36,343.9653625488281,10.605362548828111,0.5140893459320068,0.1664213240146637,0.1664105951786041,0.1664038002490997,0.1664702892303466,0.1668983846902847,0.1673955917358398,0.0007797753205522,0.0010938715422526,0.0036123003810644,0.0925822928547859,0.9961429834365844
TS0330B,2027,27,473,323.36,333.79693603515625,10.436936035156236,0.5146172642707825,0.1664172112941742,0.1664060950279235,0.1663996130228042,0.166468009352684,0.1669018566608429,0.1674072295427322,0.0009713126346468,0.0013350436929613,0.0048364493995904,0.1559869945049286,0.997442901134491
TS0330B,2027,28,483,313.36,322.3651733398437,9.005173339843736,0.5151322484016418,0.1664129793643951,0.1664015501737594,0.1663952469825744,0.1664650291204452,0.1669064164161682,0.1674187779426574,0.0013209806056693,0.0018177304882556,0.0070546027272939,0.2504415810108185,0.9985817670822144
TS0330B,2027,29,493,303.36,306.69677734375,3.3367773437499864,0.5156168341636658,0.1664060801267624,0.1663950383663177,0.16639044880867,0.1664639860391616,0.1669121086597442,0.167432352900505,0.002116153948009,0.0029842867515981,0.0123870875686407,0.4044621884822845,0.9994679689407348
TS0330B,2027,30,503,293.36,291.6298217773437,1.7301782226562636,0.5160652995109558,0.1664001494646072,0.1663895398378372,0.1663860231637954,0.1664613932371139,0.1669169515371322,0.1674459427595138,0.0031684946734458,0.0046009523794054,0.0203428138047456,0.5696237683296204,0.9998092651367188
TS0330B,2027,31,513,283.36,280.1827697753906,3.1772302246093886,0.5165005922317505,0.1663947105407714,0.1663839370012283,0.1663810312747955,0.1664590835571289,0.1669228971004486,0.1674583256244659,0.0041697681881487,0.0061924629844725,0.0288280192762613,0.6924357414245605,0.9999212622642516
TS0330B,2027,32,523,273.36,273.1024169921875,0.2575830078125136,0.5169386863708496,0.1663916110992431,0.1663805693387985,0.1663778573274612,0.1664566993713379,0.166925773024559,0.1674674898386001,0.0048272884450852,0.0072083887644112,0.0345150679349899,0.76243656873703,0.999951958656311
TS0330B,2027,33,533,263.36,270.13818359375,6.778183593749986,0.5173905491828918,0.1663902401924133,0.1663778722286224,0.1663741618394851,0.1664533764123916,0.1669277399778366,0.1674766093492508,0.0052041658200323,0.0077682957053184,0.0371858403086662,0.7876670360565186,0.9999573230743408
TS0330B,2027,34,543,253.36,261.3469543457031,7.986954345703111,0.5178220272064209,0.1663847863674163,0.1663722097873687,0.1663692146539688,0.1664506942033767,0.1669319421052932,0.1674911677837371,0.0068884594365954,0.0105031197890639,0.0501838959753513,0.8494216799736023,0.9999812841415404
TS0330B,2027,35,553,243.36,245.3326110839844,1.9726110839843611,0.5181909203529358,0.1663752347230911,0.1663637310266494,0.1663632690906524,0.1664492338895797,0.1669409275054931,0.1675076484680175,0.0112025067210197,0.0179621409624815,0.0848313197493553,0.9311255812644958,0.9999966025352478
TS0330B,2027,36,563,233.36,235.24197387695312,1.8819738769531116,0.5185343623161316,0.1663686335086822,0.1663578450679779,0.1663590520620346,0.166448101401329,0.1669464856386184,0.1675198525190353,0.0148689486086368,0.0246654916554689,0.1144635751843452,0.9629535675048828,0.9999988079071044
TS0330B,2027,37,573,223.36,234.0884704589844,10.72847045898436,0.5188738107681274,0.1663663983345031,0.1663549393415451,0.1663558781147003,0.1664454787969589,0.1669494807720184,0.1675277799367904,0.0153125403448939,0.0255212541669607,0.1175619736313819,0.9657138586044312,0.9999988079071044
TS0330B,2028,0,203,593.36,541.9696044921875,51.390395507812514,0.5178171992301941,0.166687399148941,0.1666862219572067,0.1666807383298874,0.1666710376739502,0.1666488945484161,0.1666257381439209,1.8631733837537467e-05,0.000121441516967,0.0006566825904883,0.0013203598791733,0.0212608035653829
TS0330B,2028,1,213,583.36,538.3779296875,44.982070312500014,0.5161409378051758,0.1666883826255798,0.1666870266199112,0.1666812896728515,0.1666711866855621,0.1666481643915176,0.1666239798069,1.777759098331444e-05,0.0001062753435689,0.0006520042661577,0.0012306176358833,0.0183068513870239
TS0330B,2028,2,223,573.36,531.9163208007812,41.44367919921877,0.5143858790397644,0.1666894853115081,0.1666879802942276,0.1666819304227829,0.1666713505983352,0.1666472852230072,0.1666219532489776,1.9451124899205752e-05,9.557554585626347e-05,0.000674576498568,0.0012076490093022,0.0169105380773544
TS0330B,2028,3,233,563.36,522.473388671875,40.88661132812501,0.5126019716262817,0.166690781712532,0.1666890531778335,0.1666826456785202,0.166671484708786,0.1666462868452072,0.1666197478771209,2.546938594605308e-05,9.48075030464679e-05,0.0007334353285841,0.0012556525180116,0.0179746970534324
TS0330B,2028,4,243,553.36,511.20355224609375,42.15644775390626,0.5108237862586975,0.1666921228170395,0.1666901260614395,0.1666833311319351,0.1666716039180755,0.166645273566246,0.1666175574064254,4.311139855417423e-05,0.0001231226342497,0.0009687892161309,0.0015819713007658,0.0233893301337957
TS0330B,2028,5,253,543.36,501.59271240234375,41.76728759765626,0.5091012120246887,0.1666934937238693,0.166691243648529,0.1666840016841888,0.1666716784238815,0.16664420068264,0.1666154116392135,7.493138400604948e-05,0.0001710818032734,0.0012326972791925,0.0020319449249655,0.0340769775211811
TS0330B,2028,6,263,533.36,493.4830932617188,39.876906738281264,0.5074484348297119,0.1666948348283767,0.1666922718286514,0.1666846126317978,0.1666716933250427,0.1666431576013565,0.1666134744882583,0.0001137536601163,0.0002210332750109,0.0013732238439843,0.002369690220803,0.0521741211414337
TS0330B,2028,7,273,523.36,485.80377197265625,37.55622802734376,0.5059008002281189,0.1666960716247558,0.1666932106018066,0.1666851341724395,0.1666716635227203,0.1666422337293625,0.1666116863489151,0.0001650849008001,0.0002770695427898,0.0014345925301313,0.0025830164086073,0.0814490392804145
TS0330B,2028,8,283,513.36,477.7833557128906,35.57664428710939,0.5044755935668945,0.1666971147060394,0.1666940003633499,0.1666855812072754,0.1666716635227203,0.1666414439678192,0.1666101813316345,0.0002279386535519,0.0003475559642538,0.0014379522763192,0.0026248367503285,0.1385234594345092
TS0330B,2028,9,293,503.36,468.49322509765625,34.866774902343764,0.5031974911689758,0.1666980385780334,0.166694700717926,0.1666859239339828,0.1666715890169143,0.1666407585144043,0.1666089594364166,0.0002904753200709,0.0004238679539412,0.0013890744885429,0.0025888073723763,0.2396212220191955
TS0330B,2028,10,303,493.36,457.5614013671875,35.798598632812514,0.502070426940918,0.1666987687349319,0.1666952520608902,0.1666862070560455,0.1666715294122696,0.1666402667760849,0.1666080057621002,0.0003548899258021,0.0005189747316762,0.0013873893767595,0.0026059886440634,0.4052731990814209
TS0330B,2028,11,313,483.36,445.8038635253906,37.55613647460939,0.5011024475097656,0.1666993945837021,0.1666956692934036,0.1666864305734634,0.1666715294122696,0.1666398346424102,0.1666071563959121,0.0004353916156105,0.0006704962579533,0.0015458748675882,0.0028062609490007,0.6236402988433838
TS0330B,2028,12,323,473.36,437.3182067871094,36.04179321289064,0.5003051161766052,0.1666999161243438,0.1666960567235946,0.1666866242885589,0.1666714996099472,0.1666394919157028,0.1666064411401748,0.0004733621317427,0.0007941950461827,0.0016907341778278,0.0029676107224076,0.7748905420303345
TS0330B,2028,13,333,463.36,430.9309692382813,32.429030761718764,0.4996551871299743,0.1667003780603408,0.1666964143514633,0.1666868180036544,0.166671484708786,0.1666391342878341,0.1666057407855987,0.0004749703512061,0.0008717168821021,0.0017376962350681,0.0029873435851186,0.8686146140098572
TS0330B,2028,14,343,453.36,425.85003662109375,27.509963378906264,0.4991381466388702,0.1667008250951767,0.1666967719793319,0.16668701171875,0.1666714996099472,0.1666388362646103,0.1666050404310226,0.0004731977824121,0.0009506396600045,0.0017996603855863,0.0030753321480005,0.9250812530517578
TS0330B,2028,15,353,443.36,421.9317932128906,21.42820678710939,0.4987378716468811,0.1667012423276901,0.166697084903717,0.1666871905326843,0.1666714996099472,0.1666385680437088,0.1666044145822525,0.0004362545732874,0.0009691452141851,0.0017741174669936,0.0030319872312247,0.9558319449424744
TS0330B,2028,16,363,433.36,418.5242309570313,14.835769042968764,0.4984374940395355,0.1667017191648483,0.166697472333908,0.166687399148941,0.1666715145111084,0.1666382104158401,0.1666036695241928,0.0003640255599748,0.0008894390193745,0.001578620634973,0.0027233734726905,0.973863959312439
TS0330B,2028,17,373,423.36,415.1373596191406,8.222640380859389,0.4982237517833709,0.1667022258043289,0.1666978895664215,0.1666876524686813,0.1666715294122696,0.1666378378868103,0.1666028946638107,0.0002760677307378,0.0007370863459073,0.0012845017481595,0.0022900821641087,0.9824303984642028
TS0330B,2028,18,383,413.36,410.2287292480469,3.131270751953138,0.4980835318565368,0.1667027920484542,0.1666983217000961,0.166687935590744,0.1666715741157531,0.1666374206542968,0.1666019707918167,0.0001938866480486,0.0005521920393221,0.0009520326275378,0.0020026166457682,0.9878501296043396
TS0330B,2028,19,393,403.36,403.2307739257813,0.1292260742187636,0.4980060160160064,0.1667034029960632,0.1666988283395767,0.1666882485151291,0.1666716039180755,0.1666369587182998,0.1666009575128555,0.0001351418031845,0.0003925556957256,0.0006681093364022,0.0020925744902342,0.991186499595642
TS0330B,2028,20,403,393.36,395.41107177734375,2.0510717773437364,0.4979802072048187,0.1667040288448333,0.1666993796825409,0.1666886061429977,0.1666716635227203,0.166636437177658,0.1665999144315719,0.0001083646493498,0.0003093321283813,0.0005218512960709,0.0029411986470222,0.9925401210784912
TS0330B,2028,21,413,383.36,387.158203125,3.7982031249999855,0.4980020225048065,0.1667047441005706,0.1666999161243438,0.1666889041662216,0.1666716933250427,0.1666359305381775,0.1665988266468048,0.0001001888012979,0.0002756781759671,0.0004680144484154,0.0049337493255734,0.9932903051376344
TS0330B,2028,22,423,373.36,377.95648193359375,4.596481933593736,0.4980601370334625,0.1667054146528244,0.1667004525661468,0.1666892915964126,0.1666717231273651,0.1666353642940521,0.1665977090597152,0.0001040258794091,0.0002797586785163,0.000480628106743,0.0087813502177596,0.9945225715637208
TS0330B,2028,23,433,363.36,369.58099365234375,6.220993652343736,0.4981479346752167,0.1667060852050781,0.1667010337114334,0.1666896343231201,0.1666718125343322,0.1666348427534103,0.1665966212749481,0.0001146295107901,0.0002933403593488,0.0005003871629014,0.0143862180411815,0.9963465929031372
TS0330B,2028,24,443,353.36,360.7812194824219,7.421219482421861,0.498256653547287,0.166706696152687,0.166701540350914,0.1666899770498275,0.1666718572378158,0.1666343659162521,0.1665955334901809,0.0001441802742192,0.0003410940989851,0.0005705691874027,0.0243669748306274,0.9978811144828796
TS0330B,2028,25,453,343.36,353.28179931640625,9.921799316406236,0.4983885586261749,0.1667073220014572,0.1667020320892334,0.1666902899742126,0.1666719168424606,0.1666338890790939,0.1665945649147033,0.0001758505532052,0.0003853278758469,0.0006407348555512,0.0372659564018249,0.9987955093383788
TS0330B,2028,26,463,333.36,345.43609619140625,12.076096191406236,0.4985374510288238,0.1667079329490661,0.1667025238275528,0.1666905879974365,0.1666719168424606,0.1666334569454193,0.1665936112403869,0.000236768668401,0.000486029748572,0.0008162962622009,0.057948887348175,0.9993334412574768
TS0330B,2028,27,473,323.36,336.84796142578125,13.487961425781236,0.4986954033374786,0.1667084842920303,0.1667029857635498,0.1666908711194992,0.1666719764471054,0.1666329652070999,0.1665927320718765,0.0003570011758711,0.0006801303243264,0.0011698716552928,0.0952236726880073,0.9996188282966614
TS0330B,2028,28,483,313.36,328.4763488769531,15.116348876953111,0.4988579750061035,0.1667090803384781,0.166703462600708,0.1666911989450454,0.1666719913482666,0.1666325181722641,0.1665918231010437,0.00049417297123,0.0009060821612365,0.0016634890343993,0.1455149948596954,0.99975323677063
TS0330B,2028,29,493,303.36,317.5879211425781,14.227921142578111,0.4990154802799225,0.1667095273733139,0.166703850030899,0.1666914671659469,0.1666720658540725,0.1666321456432342,0.1665909439325332,0.0007897846517153,0.0013989339349791,0.0028005763888359,0.2325267493724823,0.9998751282691956
TS0330B,2028,30,503,293.36,306.8056335449219,13.44563354492186,0.4991663098335266,0.1667099893093109,0.1667042374610901,0.1666917204856872,0.1666720956563949,0.166631743311882,0.1665901988744735,0.0012380292173475,0.0021643151994794,0.0048060282133519,0.3423438966274261,0.9999388456344604
TS0330B,2028,31,513,283.36,296.9443359375,13.584335937499986,0.499316394329071,0.1667104661464691,0.1667045950889587,0.1666918843984604,0.1666720658540725,0.1666314005851745,0.1665895879268646,0.0018413042416796,0.0031395819969475,0.0077209938317537,0.4545776844024658,0.9999560713768004
TS0330B,2028,32,523,273.36,285.5326843261719,12.17268432617186,0.4994707703590393,0.1667108833789825,0.1667049378156662,0.1666920930147171,0.1666720509529113,0.1666310876607895,0.1665889471769333,0.00295454217121,0.0050607123412191,0.0142578622326254,0.5805347561836243,0.9999529719352722
TS0330B,2028,33,533,263.36,278.8736877441406,15.513687744140611,0.499634325504303,0.1667113304138183,0.1667052954435348,0.1666923314332962,0.1666721254587173,0.1666307747364044,0.1665881425142288,0.0037852912209928,0.0065004150383174,0.0198475643992424,0.6466522812843323,0.9999510049819946
TS0330B,2028,34,543,253.36,272.662353515625,19.302353515624983,0.4997960329055786,0.1667117774486541,0.1667056679725647,0.1666925996541977,0.1666721850633621,0.166630357503891,0.1665873825550079,0.0047925803810358,0.0082900058478116,0.0271138101816177,0.7020614743232727,0.9999473094940186
TS0330B,2028,35,553,243.36,266.0438842773437,22.683884277343736,0.4999386370182037,0.1667122095823288,0.1667060256004333,0.1666928380727768,0.1666721999645233,0.1666300296783447,0.1665867269039154,0.0061328769661486,0.0106953689828515,0.0370679050683975,0.7542119026184082,0.999941349029541
TS0330B,2028,36,563,233.36,258.0040588378906,24.64405883789061,0.5000730156898499,0.1667125672101974,0.1667063236236572,0.1666930168867111,0.1666721999645233,0.1666297018527984,0.1665862053632736,0.0081218089908361,0.0142607679590582,0.0529277473688125,0.8076645731925964,0.9999256730079652
TS0330B,2028,37,573,223.36,253.9711761474609,30.611176147460924,0.5002063512802124,0.1667129099369049,0.1667065620422363,0.1666931211948394,0.1666721403598785,0.1666294187307357,0.1665858477354049,0.0093621304258704,0.01650364510715,0.0637651234865188,0.8300350904464722,0.9999120831489564
TS0330C,2026,0,149,593.94,529.1465454101562,64.7934545898438,0.4974468350410461,0.1666257232427597,0.1666299998760223,0.166638433933258,0.1666556298732757,0.1667011231184005,0.1667490899562835,4.51549822173547e-05,0.0001964570546988,0.0006373280775733,0.009233146905899,0.0684911981225013
TS0330C,2026,1,159,583.94,528.5960693359375,55.34393066406256,0.4978239238262176,0.1666254550218582,0.1666297316551208,0.1666381955146789,0.1666555106639862,0.1667013317346573,0.1667498052120208,4.198162059765309e-05,0.000182041505468,0.0005807757261209,0.0085630808025598,0.0683566927909851
TS0330C,2026,2,169,573.94,527.3245239257812,46.615476074218805,0.4982253611087799,0.1666250079870224,0.1666293144226074,0.1666378825902938,0.1666553318500518,0.1667016595602035,0.1667507737874984,4.082265877514146e-05,0.0001753203978296,0.0005460913525894,0.0080539109185338,0.0701907724142074
TS0330C,2026,3,179,563.94,524.9622802734375,38.97771972656256,0.498642235994339,0.1666244566440582,0.166628822684288,0.1666374802589416,0.1666551977396011,0.1667021214962005,0.1667519062757492,4.265519237378612e-05,0.0001802314800443,0.0005414108745753,0.0077955266460776,0.0749850869178772
TS0330C,2026,4,189,553.94,521.3792114257812,32.560788574218805,0.4990589916706085,0.166623830795288,0.1666282713413238,0.1666370779275894,0.1666550487279892,0.1667026728391647,0.1667530834674835,4.8025241994764656e-05,0.0001979832741199,0.0005653534317389,0.0077341520227491,0.0835112258791923
TS0330C,2026,5,199,543.94,516.3015747070312,27.638425292968805,0.4994670748710632,0.1666231751441955,0.1666276752948761,0.166636660695076,0.1666549295186996,0.1667032092809677,0.1667543053627014,5.908135426579975e-05,0.0002369745343457,0.0006310820463113,0.0079489471390843,0.097887635231018
TS0330C,2026,6,209,533.94,509.8609313964844,24.07906860351568,0.4998593628406524,0.1666225045919418,0.1666271090507507,0.1666362583637237,0.1666548252105713,0.1667037606239318,0.1667555272579193,7.738400745438412e-05,0.0002989163040183,0.0007354266708716,0.0083190891891717,0.1190201118588447
TS0330C,2026,7,219,523.94,502.027099609375,21.91290039062505,0.5002375841140747,0.1666218787431717,0.1666265428066253,0.1666358560323715,0.1666547358036041,0.166704311966896,0.1667567044496536,0.0001079766370821,0.0003973261918872,0.0008998352568596,0.008961814455688,0.1492161154747009
TS0330C,2026,8,229,513.94,493.0455932617188,20.894406738281305,0.500592827796936,0.1666212379932403,0.1666260063648224,0.1666354835033416,0.1666546165943145,0.1667048335075378,0.1667578220367431,0.000155882386025,0.0005419254885055,0.0011253978591412,0.0098295109346508,0.1901204288005828
TS0330C,2026,9,239,503.94000000000005,483.12640380859375,20.813596191406305,0.5009285807609558,0.1666206419467926,0.1666254997253418,0.166635125875473,0.1666545420885086,0.1667053252458572,0.1667588651180267,0.0002317698090337,0.0007582705584354,0.0014469902962446,0.011121030896902,0.2438639551401138
TS0330C,2026,10,249,493.94000000000005,472.7366333007813,21.203366699218805,0.5012431144714355,0.1666200906038284,0.1666250228881836,0.1666347980499267,0.166654422879219,0.166705772280693,0.1667598783969879,0.0003421294677536,0.0010505283717066,0.0018571864347904,0.0129555836319923,0.3106450736522674
TS0330C,2026,11,259,483.94000000000005,462.0519409179688,21.888059082031305,0.5015410780906677,0.1666195839643478,0.1666245758533477,0.1666344702243805,0.166654348373413,0.1667061895132064,0.1667608320713043,0.0004963105311617,0.0014369590207934,0.0023766816593706,0.0156206293031573,0.3901337385177612
TS0330C,2026,12,269,473.94000000000005,450.1718444824219,23.76815551757818,0.5018206834793091,0.1666190922260284,0.1666241288185119,0.1666341423988342,0.1666542738676071,0.1667066067457199,0.1667617410421371,0.0007213840144686,0.0019730685744434,0.0031001716852188,0.0196574665606021,0.4814906120300293
TS0330C,2026,13,279,463.94000000000005,437.882080078125,26.05791992187505,0.5020840764045715,0.166618600487709,0.1666236817836761,0.1666338443756103,0.1666541844606399,0.1667070090770721,0.1667626649141311,0.0010266541503369,0.0026630039792507,0.0040534436702728,0.0253982059657573,0.5737248659133911
TS0330C,2026,14,289,453.94000000000005,425.2613525390625,28.678647460937555,0.5023356080055237,0.1666180938482284,0.1666232794523239,0.1666335314512252,0.1666541099548339,0.1667074412107467,0.166763573884964,0.0014248900115489,0.0035354443825781,0.0053299982100725,0.033744178712368,0.6609111428260803
TS0330C,2026,15,299,443.94000000000005,412.49066162109375,31.449338378906305,0.5025762915611267,0.166617602109909,0.1666228324174881,0.1666332185268402,0.1666540056467056,0.166707843542099,0.166764497756958,0.0018976088613271,0.0045856400392949,0.0069696395657956,0.0454715602099895,0.7385808229446411
TS0330C,2026,16,309,433.94000000000005,400.2692565917969,33.67074340820318,0.5028038024902344,0.1666170805692672,0.1666223853826522,0.1666328907012939,0.1666539013385772,0.1667082756757736,0.1667654514312744,0.0024215294979512,0.0058038039132952,0.0090778274461627,0.0618395060300827,0.8008673787117004
TS0330C,2026,17,319,423.94000000000005,388.1365051269531,35.80349487304693,0.503018856048584,0.1666165441274643,0.1666219234466552,0.1666325628757476,0.1666538268327713,0.1667087227106094,0.1667664051055908,0.002991645829752,0.0072911521419882,0.0118859903886914,0.0853742733597755,0.8481346368789673
TS0330C,2026,18,329,413.94000000000005,376.3536376953125,37.58636230468756,0.5032227635383606,0.1666160523891449,0.1666214764118194,0.1666322201490402,0.1666537225246429,0.166709154844284,0.166767343878746,0.0036363103426992,0.0091495979577302,0.0157420784235,0.1171761825680732,0.882166862487793
TS0330C,2026,19,339,403.94000000000005,365.2356872558594,38.70431274414068,0.503418505191803,0.1666155457496643,0.1666210442781448,0.1666319221258163,0.1666536331176757,0.1667095571756363,0.16676826775074,0.0043404744938015,0.0112637290731072,0.0206195320934057,0.1551654189825058,0.9059808254241944
TS0330C,2026,20,349,393.94000000000005,353.36785888671875,40.572141113281305,0.5036047697067261,0.1666150689125061,0.1666206419467926,0.1666316241025924,0.166653573513031,0.1667099595069885,0.1667691618204116,0.0052625024691224,0.0140275182202458,0.0274877622723579,0.2031310647726059,0.9257075190544128
TS0330C,2026,21,359,383.94000000000005,341.3277587890625,42.61224121093756,0.5037825703620911,0.1666146218776703,0.1666202396154403,0.1666313111782074,0.1666534692049026,0.1667103618383407,0.1667699813842773,0.0064657884649932,0.0175188388675451,0.0364294052124023,0.2578812837600708,0.9416103363037108
TS0330C,2026,22,369,373.94000000000005,328.89666748046875,45.043332519531305,0.5039525628089905,0.1666141897439956,0.1666198372840881,0.1666310429573059,0.1666533946990966,0.1667107045650482,0.1667707860469818,0.0080510256811976,0.0220134202390909,0.0480361022055149,0.3196325302124023,0.9549670219421388
TS0330C,2026,23,379,363.94000000000005,317.0855712890625,46.85442871093756,0.5041111707687378,0.1666137874126434,0.1666194945573806,0.1666307747364044,0.1666533201932907,0.166711077094078,0.166771575808525,0.0098737338557839,0.0271380245685577,0.061616376042366,0.381951630115509,0.965170443058014
TS0330C,2026,24,389,353.94000000000005,305.4664611816406,48.47353881835943,0.504259467124939,0.1666133850812912,0.1666191518306732,0.1666305214166641,0.1666532307863235,0.1667114049196243,0.1667722910642624,0.0120653193444013,0.0332352742552757,0.0777084082365036,0.4448117911815643,0.9734292030334472
TS0330C,2026,25,399,343.94000000000005,294.0440368652344,49.89596313476568,0.5044001936912537,0.1666130274534225,0.1666188389062881,0.1666303128004074,0.1666531860828399,0.1667117178440094,0.1667729020118713,0.0147069217637181,0.0405138544738292,0.0964457914233207,0.5069915056228638,0.980013370513916
TS0330C,2026,26,409,333.94000000000005,283.7323608398437,50.20763916015631,0.5045363306999207,0.1666127145290374,0.1666185706853866,0.166630133986473,0.1666531562805175,0.1667119711637497,0.1667734682559967,0.0175100918859243,0.0482469461858272,0.1161552742123603,0.5628620386123657,0.9847190380096436
TS0330C,2026,27,419,323.94000000000005,275.32623291015625,48.613767089843805,0.5046647787094116,0.1666124314069748,0.1666183471679687,0.1666299402713775,0.1666530817747116,0.1667121946811676,0.1667740046977996,0.0201276484876871,0.0554252229630947,0.1344626694917678,0.6076338291168213,0.9878145456314088
TS0330C,2026,28,429,313.94000000000005,268.0348815917969,45.90511840820318,0.5047879815101624,0.1666121482849121,0.1666180938482284,0.1666297316551208,0.1666530072689056,0.1667124330997467,0.1667745560407638,0.022631561383605,0.0623435713350772,0.1518837809562683,0.6455551385879517,0.9900250434875488
TS0330C,2026,29,439,303.94000000000005,260.6794738769531,43.26052612304693,0.5048984885215759,0.166611909866333,0.1666178703308105,0.1666295826435089,0.1666529327630996,0.1667126268148422,0.166775032877922,0.0254703946411609,0.0702743306756019,0.1709843128919601,0.6825400590896606,0.9919262528419496
TS0330C,2026,30,449,293.94000000000005,253.5262908935547,40.41370910644537,0.5049967169761658,0.1666117012500763,0.1666176915168762,0.1666294634342193,0.1666529178619384,0.1667127758264541,0.1667754501104354,0.0286088120192289,0.079028308391571,0.1910818070173263,0.7166297435760498,0.9934863448143004
TS0330C,2026,31,459,283.94000000000005,247.7803649902344,36.15963500976568,0.5050876140594482,0.1666115075349807,0.1666175276041031,0.1666293442249298,0.1666529029607772,0.1667129695415496,0.1667757779359817,0.0314360298216342,0.0869340822100639,0.2081971615552902,0.7428823113441467,0.9945890307426452
TS0330C,2026,32,469,273.94000000000005,242.12472534179688,31.81527465820318,0.5051782727241516,0.1666112840175628,0.1666173338890075,0.1666292250156402,0.1666529029607772,0.166713148355484,0.166776105761528,0.0344535559415817,0.0954635739326477,0.2261113375425338,0.767412543296814,0.9954895973205566
TS0330C,2027,0,149,593.94,526.9158935546875,67.02410644531255,0.5038398504257202,0.1666105091571808,0.1666185855865478,0.1666320860385894,0.1666564792394638,0.1667122542858123,0.1667701303958892,5.996891559334472e-05,7.049264968372881e-05,0.0001638433313928,0.0034915986470878,0.0548261776566505
TS0330C,2027,1,159,583.94,527.1236572265625,56.81634277343756,0.5038329362869263,0.1666104942560196,0.1666185706853866,0.1666320860385894,0.1666565090417862,0.1667122840881347,0.1667700856924057,5.738094114349224e-05,6.707435386488214e-05,0.0001564924023114,0.0033101772423833,0.0523675829172134
TS0330C,2027,2,169,573.94,527.012939453125,46.927060546875055,0.5038021802902222,0.1666104197502136,0.166618525981903,0.1666320860385894,0.1666565686464309,0.1667123138904571,0.1667700558900833,5.427219366538338e-05,6.312344339676201e-05,0.0001481982180848,0.0031160898506641,0.0504842959344387
TS0330C,2027,3,179,563.94,526.2884521484375,37.65154785156256,0.5037381649017334,0.1666103452444076,0.1666184961795807,0.1666321158409118,0.1666566580533981,0.1667123734951019,0.1667700111865997,5.212501855567098e-05,6.0360813222359866e-05,0.000142625242006,0.0029657562263309,0.0500318445265293
TS0330C,2027,4,189,553.94,524.6649169921875,29.275083007812555,0.5036442875862122,0.166610300540924,0.1666184961795807,0.166632130742073,0.1666567325592041,0.1667123883962631,0.1667699515819549,5.131799844093621e-05,5.92734977544751e-05,0.0001409360120305,0.0028678115922957,0.0519206002354621
TS0330C,2027,5,199,543.94,521.6051025390625,22.334897460937555,0.5035131573677063,0.1666102409362793,0.1666184812784195,0.1666321754455566,0.1666568368673324,0.1667124330997467,0.166769877076149,5.445824353955686e-05,6.284316623350605e-05,0.0001490168215241,0.0028728183824568,0.0587955042719841
TS0330C,2027,6,209,533.94,516.6925048828125,17.247495117187555,0.503349781036377,0.1666101962327957,0.1666184216737747,0.166632205247879,0.1666569411754608,0.1667124629020691,0.1667697876691818,6.36530457995832e-05,7.352296961471438e-05,0.0001712324010441,0.0029844637028872,0.0746113955974578
TS0330C,2027,7,219,523.94,509.2673950195313,14.672604980468805,0.5031471848487854,0.1666101664304733,0.1666184067726135,0.1666322350502014,0.1666570156812667,0.1667124778032302,0.1667696982622146,8.440590318059549e-05,9.79239193839021e-05,0.0002203037875005,0.0033022898714989,0.1067771762609481
TS0330C,2027,8,229,513.94,498.650146484375,15.289853515625056,0.5029091835021973,0.1666101068258285,0.1666183918714523,0.166632279753685,0.1666570603847503,0.1667124778032302,0.1667696386575698,0.0001240947603946,0.0001455094170523,0.0003114875871688,0.0039547253400087,0.165664866566658
TS0330C,2027,9,239,503.94000000000005,485.7825927734375,18.157407226562555,0.5026293992996216,0.1666100770235061,0.1666183769702911,0.1666323095560073,0.1666571348905563,0.1667124778032302,0.1667696088552475,0.0001857500174082,0.000221516660531,0.000445233163191,0.0048671714030206,0.2593245804309845
TS0330C,2027,10,249,493.94000000000005,471.4177551269531,22.52224487304693,0.5023102760314941,0.1666100472211837,0.1666183620691299,0.1666323095560073,0.1666571646928787,0.1667124927043914,0.1667695939540863,0.0002782525552902,0.000337225239491,0.000635266827885,0.0063145742751657,0.3812289535999298
TS0330C,2027,11,259,483.94000000000005,456.6597900390625,27.280209960937555,0.5019497275352478,0.1666100174188614,0.1666183620691299,0.1666323244571685,0.1666571944952011,0.1667124927043914,0.166769653558731,0.0004545351839624,0.0005556683754548,0.0009958903538063,0.0089062908664345,0.5100172162055969
TS0330C,2027,12,269,473.94000000000005,445.4231872558594,28.51681274414068,0.5015507340431213,0.166609987616539,0.1666183322668075,0.1666323095560073,0.1666572093963623,0.1667125076055526,0.1667696684598922,0.0006854817620478,0.0008422338869422,0.0014830195577815,0.0122338654473423,0.599058985710144
TS0330C,2027,13,279,463.94000000000005,435.2071533203125,28.732846679687555,0.5011178851127625,0.1666099280118942,0.1666183024644851,0.1666323095560073,0.1666572093963623,0.166712537407875,0.166769728064537,0.001010674634017,0.0012478575808927,0.002192843472585,0.0166741181164979,0.665714681148529
TS0330C,2027,14,289,453.94000000000005,424.95404052734375,28.985959472656305,0.5006460547447205,0.1666098684072494,0.1666182726621627,0.1666322648525238,0.1666572093963623,0.1667125672101974,0.1667698174715042,0.0014546895399689,0.0018031561048701,0.0031834456603974,0.0225770622491836,0.7256541848182678
TS0330C,2027,15,299,443.94000000000005,415.8785400390625,28.061459960937555,0.5001375079154968,0.1666098237037658,0.166618213057518,0.1666322350502014,0.1666571944952011,0.1667125970125198,0.1667699217796325,0.0019432385452091,0.0024149438831955,0.0043081911280751,0.0296153929084539,0.7713889479637146
TS0330C,2027,16,309,433.94000000000005,407.228759765625,26.71124023437505,0.4996078908443451,0.1666097939014434,0.1666181832551956,0.1666321903467178,0.1666571646928787,0.1667126566171646,0.1667699962854385,0.0024929260835051,0.0031127638649195,0.0056735458783805,0.0385352075099945,0.808282196521759
TS0330C,2027,17,319,423.94000000000005,398.95709228515625,24.982907714843805,0.4990672767162323,0.1666097640991211,0.1666181534528732,0.1666321605443954,0.1666571348905563,0.1667126715183258,0.1667700856924057,0.0030281257349997,0.0037976978346705,0.0070900311693549,0.0494792237877845,0.840240478515625
TS0330C,2027,18,329,413.94000000000005,390.5807495117188,23.359250488281305,0.4985188841819763,0.1666097342967987,0.166618138551712,0.166632130742073,0.1666571050882339,0.1667127162218094,0.1667702049016952,0.0035854740999639,0.0045382296666502,0.0087429508566856,0.0636054649949073,0.8684207797050476
TS0330C,2027,19,339,403.94000000000005,381.8485412597656,22.09145874023443,0.4979588687419891,0.1666097342967987,0.1666181087493896,0.1666321158409118,0.1666570603847503,0.1667127162218094,0.1667702943086624,0.0041486625559628,0.0053348136134445,0.0106489220634102,0.0827737897634506,0.8935534954071045
TS0330C,2027,20,349,393.94000000000005,370.3204040527344,23.61959594726568,0.4974000751972198,0.1666097342967987,0.1666181087493896,0.1666320860385894,0.1666570007801056,0.1667127460241317,0.1667703688144683,0.0050452766008675,0.0066849431023001,0.0138762574642896,0.1145414859056472,0.919320583343506
TS0330C,2027,21,359,383.94000000000005,356.1289367675781,27.81106323242193,0.4968431293964386,0.1666097342967987,0.1666180938482284,0.1666320413351059,0.1666569709777832,0.1667127609252929,0.1667704433202743,0.0064294254407286,0.0088487016037106,0.0189275685697793,0.1631886214017868,0.9422259330749512
TS0330C,2027,22,369,373.94000000000005,338.9613647460937,34.978635253906305,0.4962914288043976,0.1666097342967987,0.1666180789470672,0.1666319966316223,0.1666569262742996,0.1667127460241317,0.1667705029249191,0.0086242314428091,0.0124164065346121,0.0269934572279453,0.2356669902801513,0.9614219665527344
TS0330C,2027,23,379,363.94000000000005,321.1940002441406,42.74599975585943,0.4957598745822906,0.1666097491979599,0.1666180938482284,0.1666319668292999,0.166656881570816,0.1667127460241317,0.1667705625295639,0.0117045072838664,0.0176257491111755,0.0384960137307643,0.3251204490661621,0.9752824306488036
TS0330C,2027,24,389,353.94000000000005,302.76922607421875,51.170773925781305,0.4952505826950073,0.1666097640991211,0.1666180789470672,0.1666319519281387,0.1666568219661712,0.1667127460241317,0.1667706668376922,0.0161488223820924,0.0253333635628223,0.0549409613013267,0.4308977723121643,0.985489010810852
TS0330C,2027,25,399,343.94000000000005,284.8446655273437,59.09533447265631,0.4947583377361297,0.1666097640991211,0.1666180789470672,0.1666319221258163,0.1666567623615265,0.1667127460241317,0.1667707413434982,0.022071624174714,0.0359942056238651,0.0768385380506515,0.5439375042915344,0.992248237133026
TS0330C,2027,26,409,333.94000000000005,271.620361328125,62.319638671875055,0.4942758679389953,0.1666097790002823,0.166618064045906,0.1666318923234939,0.1666567325592041,0.1667127609252929,0.166770800948143,0.0279720537364482,0.0468439646065235,0.0978259071707725,0.6297246217727661,0.9955437779426576
TS0330C,2027,27,419,323.94000000000005,262.638671875,61.301328125000055,0.493813693523407,0.1666097790002823,0.166618064045906,0.1666318476200103,0.1666566878557205,0.1667127609252929,0.1667708456516266,0.0330820456147193,0.0563479922711849,0.1154386773705482,0.6863617897033691,0.9970302581787108
TS0330C,2027,28,429,313.94000000000005,255.7282257080078,58.21177429199224,0.4933647513389587,0.1666097939014434,0.166618064045906,0.1666318327188491,0.1666566580533981,0.1667127460241317,0.1667708754539489,0.0377456843852996,0.0652509704232215,0.1317875385284423,0.7265468835830688,0.9978631138801576
TS0330C,2027,29,439,303.94000000000005,249.26551818847656,54.67448181152349,0.4929548799991607,0.1666098237037658,0.1666180938482284,0.1666318029165268,0.1666565984487533,0.1667127460241317,0.1667709350585937,0.0428300276398658,0.075147844851017,0.1495580673217773,0.7604373097419739,0.9984393119812012
TS0330C,2027,30,449,293.94000000000005,242.46612548828125,51.473874511718805,0.4925900399684906,0.1666098982095718,0.1666181087493896,0.1666318327188491,0.1666565686464309,0.1667127013206482,0.1667709201574325,0.0489831455051898,0.0872866436839103,0.170836716890335,0.7918175458908081,0.99888277053833
TS0330C,2027,31,459,283.94000000000005,238.5895233154297,45.35047668457037,0.4922546446323395,0.166609913110733,0.166618138551712,0.1666318327188491,0.1666565537452697,0.1667126715183258,0.1667709052562713,0.0528022721409797,0.094791330397129,0.183808296918869,0.8083598613739014,0.9990773797035216
TS0330C,2027,32,469,273.94000000000005,236.01242065429688,37.92757934570318,0.491921991109848,0.1666099429130554,0.166618138551712,0.1666318029165268,0.1666565239429474,0.166712686419487,0.1667709052562713,0.0551889725029468,0.0997663736343383,0.1923557072877884,0.8195301294326782,0.999198317527771
TS0330C,2028,0,149,593.94,528.2573852539062,65.6826147460938,0.5089754462242126,0.166676789522171,0.1666766554117202,0.1666740924119949,0.1666690409183502,0.1666575819253921,0.1666458398103714,7.169989657995757e-06,3.501449464238249e-05,0.0003677463682834,0.0010138780344277,0.0638930723071098
TS0330C,2028,1,159,583.94,525.8841552734375,58.05584472656256,0.5081592798233032,0.1666770726442337,0.1666769236326217,0.1666743010282516,0.1666691154241562,0.1666573584079742,0.1666452288627624,7.759696927678306e-06,3.662307426566258e-05,0.0003841790312435,0.0010159036610275,0.0666425973176956
TS0330C,2028,2,169,573.94,522.5657958984375,51.37420410156256,0.5072892904281616,0.1666775047779083,0.166677251458168,0.1666745394468307,0.1666691601276397,0.1666570156812667,0.1666445285081863,8.773738954914734e-06,3.9838858356233686e-05,0.0004120141093153,0.001042153686285,0.071358285844326
TS0330C,2028,3,179,563.94,517.9141235351562,46.025876464843805,0.506386935710907,0.1666779816150665,0.1666776686906814,0.1666747778654098,0.1666691899299621,0.1666566580533981,0.1666437685489654,1.078644891094882e-05,4.686924512498081e-05,0.0004685221647378,0.001129331649281,0.0795778259634971
TS0330C,2028,4,189,553.94,511.35833740234375,42.58166259765631,0.5054826736450195,0.1666784882545471,0.1666780561208725,0.1666750162839889,0.1666691750288009,0.1666562408208847,0.1666430085897445,1.4396653568837792e-05,5.953876825515181e-05,0.0005593669484369,0.0012991892872378,0.0930391401052475
TS0330C,2028,5,199,543.94,503.14263916015625,40.797360839843805,0.5046002864837646,0.1666790097951889,0.1666784435510635,0.1666752249002456,0.1666691452264785,0.1666558533906936,0.1666423231363296,2.146777114830911e-05,8.398134377785027e-05,0.000723463948816,0.0016265866579487,0.1143385544419288
TS0330C,2028,6,209,533.94,493.96240234375,39.977597656250055,0.5037584900856018,0.1666794717311859,0.1666788160800933,0.1666754186153412,0.166669100522995,0.1666554808616638,0.1666417121887207,3.478844155324623e-05,0.0001283575402339,0.0009963799966499,0.002184820594266,0.1451933830976486
TS0330C,2028,7,219,523.94,484.146240234375,39.793759765625055,0.5029638409614563,0.1666799038648605,0.1666791439056396,0.1666755825281143,0.1666690409183502,0.1666551381349563,0.1666411906480789,6.212863081600517e-05,0.0002158320567104,0.0014785708626732,0.0031846966594457,0.189585193991661
TS0330C,2028,8,229,513.94,474.1488037109375,39.79119628906256,0.5022383332252502,0.1666802763938903,0.1666793972253799,0.1666757017374038,0.1666689664125442,0.1666548699140548,0.1666407734155655,0.0001166722140624,0.0003764277789741,0.0022335220128297,0.0048416312783956,0.2487352788448333
TS0330C,2028,9,239,503.94000000000005,464.6719970703125,39.26800292968756,0.5015866756439209,0.1666806042194366,0.1666796207427978,0.166675791144371,0.1666689068078994,0.1666546165943145,0.1666404455900192,0.0002191691892221,0.0006503059412352,0.0033145442139357,0.0074295899830758,0.3198010623455047
TS0330C,2028,10,249,493.94000000000005,455.47412109375,38.465878906250055,0.5010185241699219,0.1666808575391769,0.1666798293590545,0.1666758805513382,0.1666688770055771,0.1666544079780578,0.1666401177644729,0.0003964076458942,0.0010857131564989,0.004745865240693,0.0111495899036526,0.3974960744380951
TS0330C,2028,11,259,483.94000000000005,446.3187561035156,37.62124389648443,0.5005310773849487,0.1666810810565948,0.1666800081729889,0.1666759848594665,0.1666688472032547,0.1666542589664459,0.1666398048400879,0.0006738578667864,0.0017186977202072,0.0064689740538597,0.0161368884146213,0.4772678017616272
TS0330C,2028,12,269,473.94000000000005,437.1546936035156,36.78530639648443,0.5001301765441895,0.1666813492774963,0.1666801869869232,0.1666761040687561,0.1666688770055771,0.1666540801525116,0.1666394025087356,0.0010381904430687,0.0024728674907237,0.0080605391412973,0.0220325458794832,0.553492546081543
TS0330C,2028,13,279,463.94000000000005,428.028076171875,35.911923828125055,0.4998113512992859,0.1666816771030426,0.1666804403066635,0.1666762828826904,0.1666688919067382,0.1666538566350937,0.1666388511657714,0.0014780549099668,0.0033124536275863,0.0094746863469481,0.0288847610354423,0.6224395036697388
TS0330C,2028,14,289,453.94000000000005,418.7274169921875,35.212583007812555,0.4995704293251037,0.1666820794343948,0.1666807830333709,0.1666765064001083,0.166668951511383,0.166653573513031,0.1666381210088729,0.0019717658869922,0.004203813150525,0.0106995422393083,0.0369738191366195,0.6838524341583252
TS0330C,2028,15,299,443.94000000000005,409.17864990234375,34.761350097656305,0.4994048178195953,0.166682556271553,0.1666812002658844,0.1666768044233322,0.1666690409183502,0.1666531860828399,0.1666371822357177,0.0024023291189223,0.0049178767949342,0.011297863908112,0.0464145205914974,0.7372254133224487
TS0330C,2028,16,309,433.94000000000005,399.399658203125,34.540341796875055,0.4993066489696502,0.1666831970214843,0.1666817367076873,0.166677176952362,0.1666691601276397,0.1666527390480041,0.1666360050439834,0.0027104327455163,0.0053440309129655,0.0112368548288941,0.0574011802673339,0.7834563851356506
TS0330C,2028,17,319,423.94000000000005,387.76605224609375,36.17394775390631,0.4992611408233642,0.166683942079544,0.1666823774576187,0.166677638888359,0.1666692793369293,0.1666521281003952,0.1666346490383148,0.002984439022839,0.0056872931309044,0.0110054612159729,0.0733115896582603,0.8307286500930786
TS0330C,2028,18,329,413.94000000000005,374.2038879394531,39.73611206054693,0.4992621541023254,0.1666848063468933,0.166683092713356,0.1666781455278396,0.1666693985462188,0.1666514724493026,0.1666330993175506,0.003297078423202,0.006114101037383,0.0109559530392289,0.096635602414608,0.8778069019317627
TS0330C,2028,19,339,403.94000000000005,361.11224365234375,42.82775634765631,0.4993090033531189,0.1666857153177261,0.1666838824748993,0.1666786819696426,0.166669562458992,0.1666507273912429,0.1666314303874969,0.0035170696210116,0.0064436481334269,0.010938904248178,0.1254512965679168,0.9155596494674684
TS0330C,2028,20,349,393.94000000000005,350.00054931640625,43.939450683593805,0.499385803937912,0.1666867285966873,0.1666847318410873,0.1666792929172516,0.1666696667671203,0.1666499078273773,0.1666296422481537,0.0036092074587941,0.0066206022165715,0.0108309360221028,0.157637134194374,0.9411766529083252
TS0330C,2028,21,359,383.94000000000005,340.1093444824219,43.83065551757818,0.4994911551475525,0.1666877716779709,0.1666856259107589,0.1666798889636993,0.1666698157787323,0.1666490584611892,0.1666278690099716,0.0036275999154895,0.006736644078046,0.010820765979588,0.1946572959423065,0.959318220615387
TS0330C,2028,22,369,373.94000000000005,330.1636047363281,43.77639526367193,0.4996179342269897,0.1666888296604156,0.1666865199804306,0.1666804850101471,0.1666699051856994,0.16664819419384,0.1666260808706283,0.0038092383183538,0.0071252482011914,0.0112812686711549,0.2423607558012008,0.973663866519928
TS0330C,2028,23,379,363.94000000000005,321.5700378417969,42.36996215820318,0.4997574985027313,0.166689857840538,0.1666874140501022,0.166681095957756,0.1666700094938278,0.1666473746299743,0.1666242629289627,0.0038987949956208,0.0073303547687828,0.0115516418591141,0.2943889498710632,0.983145833015442
TS0330C,2028,24,389,353.94000000000005,312.7564392089844,41.18356079101568,0.4999042153358459,0.1666909009218216,0.1666882932186126,0.166681706905365,0.1666701585054397,0.1666465103626251,0.1666224300861358,0.0039335153996944,0.0074428766965866,0.011777089908719,0.3597323596477508,0.990117073059082
TS0330C,2028,25,399,343.94000000000005,302.7370910644531,41.20290893554693,0.5000545978546143,0.1666919440031051,0.1666891872882843,0.1666822582483291,0.1666702330112457,0.1666455864906311,0.1666207909584045,0.0042262929491698,0.0080448342487216,0.0127430073916912,0.4474120736122131,0.9950583577156068
TS0330C,2028,26,409,333.94000000000005,293.0050048828125,40.93499511718756,0.5002111792564392,0.1666928678750991,0.1666899621486663,0.1666827350854873,0.1666701585054397,0.1666448414325714,0.1666193902492523,0.0047791749238967,0.0092036519199609,0.0146142207086086,0.5436499118804932,0.997661292552948
TS0330C,2028,27,419,323.94000000000005,285.7597045898437,38.18029541015631,0.5003722310066223,0.16669362783432,0.1666906028985977,0.1666831523180008,0.1666702777147293,0.166644275188446,0.1666180789470672,0.0052678156644105,0.0103019177913665,0.0165540594607591,0.6206963658332825,0.9986974000930786
TS0330C,2028,28,429,313.94000000000005,279.6076965332031,34.33230346679693,0.5005354285240173,0.1666943877935409,0.1666912734508514,0.1666836440563202,0.1666703820228576,0.1666436493396759,0.1666166335344314,0.0057603898458182,0.0115540763363242,0.0189190227538347,0.6835106015205383,0.9991961717605592
TS0330C,2028,29,439,303.94000000000005,272.9486083984375,30.991391601562555,0.5006883144378662,0.1666951924562454,0.1666919887065887,0.1666841357946396,0.1666705161333084,0.1666429042816162,0.1666152626276016,0.0065479357726871,0.0136738577857613,0.0229896120727062,0.7430174350738525,0.9994845986366272
TS0330C,2028,30,449,293.94000000000005,264.6689147949219,29.27108520507818,0.5008249282836914,0.1666959971189499,0.1666926443576812,0.1666845381259918,0.1666705757379531,0.166642352938652,0.1666138768196106,0.008227271027863,0.0179551262408494,0.0311379879713058,0.8047336339950562,0.9996771216392516
TS0330C,2028,31,459,283.94000000000005,259.0932006835937,24.846799316406305,0.5009538531303406,0.1666967123746872,0.1666932702064514,0.1666850000619888,0.1666706949472427,0.1666416972875595,0.1666126251220703,0.0095810163766145,0.0215935967862606,0.0384732857346534,0.8387197852134705,0.9997537732124328
TS0330C,2028,32,469,273.94000000000005,252.6690673828125,21.270932617187555,0.5010824799537659,0.1666974872350692,0.1666939258575439,0.1666853874921798,0.1666706502437591,0.1666410267353058,0.1666114777326584,0.0117849772796034,0.0272265058010816,0.0498685985803604,0.8697478771209717,0.999799907207489
TS0330D,2026,0,153,543.01,561.6423950195312,18.63239501953126,0.489614874124527,0.166668951511383,0.1666665971279144,0.1666649132966995,0.1666638702154159,0.166666641831398,0.1666689962148666,9.745536954142152e-05,0.0002549535711295,0.0011021456448361,0.0017152497312054,0.0038247243501245
TS0330D,2026,1,163,533.01,559.4456787109375,26.43567871093751,0.4911697506904602,0.1666689217090606,0.1666665524244308,0.1666648834943771,0.1666638702154159,0.1666666567325592,0.1666691154241562,8.536770474165678e-05,0.0002271778066642,0.0009689307771623,0.0015011164359748,0.0037397569976747
TS0330D,2026,2,173,523.01,555.9402465820312,32.93024658203126,0.4928622841835022,0.1666688621044159,0.166666492819786,0.1666648238897323,0.1666638404130935,0.1666667312383651,0.1666692644357681,7.763595203869045e-05,0.0002087022585328,0.0008668626542203,0.0013311371440067,0.0038970983587205
TS0330D,2026,3,183,513.01,550.51806640625,37.50806640625001,0.4946658313274383,0.1666687577962875,0.1666663736104965,0.1666647642850875,0.1666638255119323,0.1666668206453323,0.1666694432497024,7.566966814920306e-05,0.0002031501207966,0.0008013658807612,0.0012158354511484,0.0045158793218433
TS0330D,2026,4,193,503.01,542.4757690429688,39.46576904296876,0.4965449571609497,0.1666686832904815,0.1666662991046905,0.1666646748781204,0.1666637957096099,0.1666668951511383,0.1666696518659591,7.851862028473988e-05,0.0002080527483485,0.0007695700041949,0.0011533845681697,0.006087920628488
TS0330D,2026,5,203,493.01,531.3800048828125,38.37000488281251,0.4984948337078094,0.1666685938835144,0.1666662096977234,0.1666646301746368,0.1666637808084488,0.166666954755783,0.1666698455810547,8.659260493004695e-05,0.0002245231007691,0.0007680330309085,0.0011336058378219,0.0098029151558876
TS0330D,2026,6,213,483.01,517.7935791015625,34.78357910156251,0.500514030456543,0.1666685044765472,0.166666105389595,0.166664570569992,0.1666637808084488,0.166667029261589,0.1666700094938278,9.797140228329226e-05,0.0002493580686859,0.000771508202888,0.0011181609006598,0.0184880346059799
TS0330D,2026,7,223,473.01,503.4747314453125,30.46473144531251,0.5025813579559326,0.16666841506958,0.166666030883789,0.1666645407676696,0.1666637361049652,0.1666670888662338,0.1666701585054397,0.0001078587811207,0.000271608470939,0.0007539688376709,0.0010764527833089,0.0368708223104476
TS0330D,2026,8,233,463.01,490.3118896484375,27.30188964843751,0.5046977400779724,0.1666682809591293,0.1666659414768219,0.1666644513607025,0.1666637510061264,0.1666672229766845,0.166670337319374,0.0001061617949744,0.0002823340473696,0.0006931777461431,0.0009894297691062,0.0715636238455772
TS0330D,2026,9,243,453.01,478.2474365234375,25.23743652343751,0.5068445205688477,0.1666681915521621,0.1666658371686935,0.1666644066572189,0.1666637510061264,0.1666672974824905,0.1666705161333084,9.398203110322356e-05,0.0002879193925764,0.0006142872734926,0.0008937161765061,0.1316608637571334
TS0330D,2026,10,253,443.01,466.7119445800781,23.70194458007813,0.5090020298957825,0.166668102145195,0.1666657626628875,0.1666643470525741,0.1666637361049652,0.1666673719882965,0.1666706651449203,8.185371552826837e-05,0.0002938660618383,0.0005434620543383,0.0008190174121409,0.2251760065555572
TS0330D,2026,11,263,433.01,456.2619323730469,23.251932373046884,0.5111537575721741,0.1666680127382278,0.1666656881570816,0.1666643023490905,0.1666637361049652,0.1666674464941024,0.1666708141565323,7.524379179812968e-05,0.0002975422248709,0.0004914362798444,0.0007781707681715,0.3563477098941803
TS0330D,2026,12,273,423.01,446.69915771484375,23.68915771484376,0.5132970809936523,0.1666679084300995,0.1666655838489532,0.166664257645607,0.1666637361049652,0.1666675359010696,0.1666709780693054,7.153238402679563e-05,0.0002855568309314,0.0004400181642267,0.0007651192136108,0.5259501338005066
TS0330D,2026,13,283,413.01,436.9907531738281,23.98075317382813,0.5154475569725037,0.1666678488254547,0.1666655242443084,0.166664183139801,0.1666637063026428,0.1666675955057144,0.1666711270809173,7.093208114383742e-05,0.0002619780425447,0.0003873223613481,0.0007834671414457,0.7120546698570251
TS0330D,2026,14,293,403.01,426.4146118164063,23.40461181640626,0.5175935626029968,0.1666677743196487,0.1666654795408249,0.1666641682386398,0.1666636765003204,0.1666676253080368,0.1666712462902069,8.087604510365054e-05,0.0002599874860607,0.0003680187801364,0.000897568592336,0.8662446737289429
TS0330D,2026,15,303,393.01,414.97015380859375,21.96015380859376,0.519700288772583,0.1666677296161651,0.1666654497385025,0.1666641235351562,0.1666636914014816,0.1666676849126815,0.166671335697174,9.297697397414596e-05,0.0002609984367154,0.0003569321997929,0.0011060544056817,0.9516561627388
TS0330D,2026,16,313,383.01,401.14349365234375,18.13349365234376,0.521761417388916,0.1666676849126815,0.1666653752326965,0.166664108633995,0.1666636914014816,0.1666677147150039,0.1666714251041412,0.0001043319207383,0.0002637295692693,0.0003523504710756,0.0015047778142616,0.9874046444892884
TS0330D,2026,17,323,373.01,386.8057556152344,13.795755615234384,0.523740291595459,0.166667640209198,0.1666653454303741,0.1666640788316726,0.1666636765003204,0.1666677594184875,0.1666714996099472,0.0001133172263507,0.0002610090887174,0.0003474609111435,0.0022504283115267,0.9979752898216248
TS0330D,2026,18,333,363.01,373.1180419921875,10.108041992187507,0.5256630182266235,0.166667565703392,0.1666653156280517,0.1666640788316726,0.1666636914014816,0.1666677892208099,0.1666715294122696,0.0001256302057299,0.0002698377065826,0.0003655892214737,0.0041159545071423,0.9998108148574828
TS0330D,2026,19,343,353.01,359.3380126953125,6.328012695312509,0.5274800658226013,0.1666675359010696,0.1666652858257293,0.1666640341281891,0.1666636914014816,0.1666678488254547,0.1666716039180755,0.0001517379569122,0.0003227838315069,0.000458560505649,0.0101569993421435,0.9999870657920836
TS0330D,2026,20,353,343.01,346.1040954589844,3.094095458984384,0.529219388961792,0.166667491197586,0.1666652262210846,0.1666640192270279,0.1666637063026428,0.1666678935289383,0.1666716933250427,0.0002141777513315,0.00046170069254,0.0006921787280589,0.0275183152407407,0.9999984502792358
TS0330D,2026,21,363,333.01,331.62939453125,1.380605468749991,0.5308955311775208,0.1666674315929412,0.1666651666164398,0.1666639596223831,0.1666637063026428,0.1666679382324218,0.1666717678308487,0.0003539050230756,0.0008125578751787,0.0012863824376836,0.0784569755196571,0.9999997615814208
TS0330D,2026,22,373,323.01,317.2164001464844,5.793599853515616,0.5324812531471252,0.1666673570871353,0.1666651219129562,0.1666639149188995,0.1666637063026428,0.1666679978370666,0.1666719019412994,0.0006183197838254,0.0015611675335094,0.002623114734888,0.1918478608131408,0.9999998807907104
TS0330D,2026,23,383,313.01,301.8656311035156,11.144368896484366,0.5339916944503784,0.1666672825813293,0.1666650623083114,0.1666639000177383,0.1666636914014816,0.1666680723428726,0.1666720062494278,0.0011158630950376,0.0031584147363901,0.0056473654694855,0.3939692974090576,1.0
TS0330D,2026,24,393,303.01,284.4564819335937,18.55351806640624,0.5354418158531189,0.1666672527790069,0.166665032505989,0.1666638851165771,0.1666636914014816,0.1666680872440338,0.1666720509529113,0.0021202305797487,0.0066538974642753,0.0127884885296225,0.6526131629943848,1.0
TS0330D,2026,25,403,293.01,266.77301025390625,26.23698974609374,0.5368391871452332,0.1666672229766845,0.1666650176048278,0.1666638702154159,0.1666636914014816,0.166668102145195,0.1666720956563949,0.0037585073150694,0.0125902434810996,0.0263588353991508,0.8434933423995972,1.0
TS0330D,2026,26,413,283.01,252.4800262451172,30.529973754882803,0.5381743311882019,0.1666672080755233,0.1666649878025055,0.1666638553142547,0.1666636914014816,0.1666681468486786,0.1666721552610397,0.0056854430586099,0.0199891813099384,0.0454137027263641,0.928130865097046,1.0
TS0330D,2026,27,423,273.01,240.8851776123047,32.1248223876953,0.5394588112831116,0.1666671633720398,0.1666649878025055,0.1666638404130935,0.1666637063026428,0.1666681468486786,0.1666721552610397,0.0081434929743409,0.0294072479009628,0.0708855018019676,0.9625539779663086,1.0
TS0330D,2026,28,433,263.01,232.6048583984375,30.40514160156249,0.5407162308692932,0.1666672080755233,0.1666649878025055,0.1666638553142547,0.1666637063026428,0.1666681170463562,0.1666721403598785,0.0108176078647375,0.0388186946511268,0.0975717976689338,0.9758209586143494,1.0
TS0330D,2026,29,443,253.01,224.8629150390625,28.14708496093749,0.5418650507926941,0.166667491197586,0.1666652113199234,0.1666639745235443,0.1666636914014816,0.1666678488254547,0.1666717678308487,0.0142962718382477,0.0500174649059772,0.13001149892807,0.9835640788078308,1.0
TS0330D,2026,30,453,243.01,219.7490234375,23.26097656249999,0.542915403842926,0.1666678637266159,0.1666655540466308,0.1666642278432846,0.1666637808084488,0.166667491197586,0.1666711121797561,0.0171089768409729,0.0588183552026748,0.1551925390958786,0.9872230291366576,1.0
TS0330D,2026,31,463,233.01,214.4683837890625,18.54161621093749,0.5439327955245972,0.1666680872440338,0.1666657775640487,0.1666644364595413,0.1666639298200607,0.1666672974824905,0.1666704714298248,0.0205711536109447,0.0693138539791107,0.1844290941953659,0.990080714225769,1.0
TS0330D,2027,0,153,543.01,510.7774353027344,32.232564697265616,0.501720666885376,0.1665655672550201,0.1665759682655334,0.1665931791067123,0.1666316390037536,0.1667503416538238,0.1668833047151565,0.0024820731487125,0.0035231334622949,0.0070389611646533,0.0271168891340494,0.1632874906063079
TS0330D,2027,1,163,533.01,508.1340942382813,24.87590576171874,0.501700222492218,0.1665655076503753,0.1665759533643722,0.1665931791067123,0.1666316539049148,0.1667503714561462,0.1668833047151565,0.0027404222637414,0.0038873008452355,0.0077147623524069,0.0294370613992214,0.1731092780828476
TS0330D,2027,2,173,523.01,504.57916259765625,18.43083740234374,0.5016752481460571,0.1665654927492141,0.1665759533643722,0.1665931791067123,0.1666316986083984,0.1667504012584686,0.1668832749128341,0.0031283921562135,0.0044354735873639,0.0087276035919785,0.0328771136701107,0.1865580379962921
TS0330D,2027,3,183,513.01,500.0034790039063,13.00652099609374,0.501644492149353,0.1665654778480529,0.1665759533643722,0.1665932089090347,0.1666317284107208,0.1667504012584686,0.1668832302093505,0.003684134921059,0.0052207745611667,0.0101769864559173,0.0376412197947502,0.2040495574474334
TS0330D,2027,4,193,503.01,494.2516784667969,8.758321533203116,0.5016080141067505,0.1665654778480529,0.1665759533643722,0.1665932387113571,0.1666317284107208,0.1667503714561462,0.1668831706047058,0.0044589228928089,0.0063117374666035,0.0121792946010828,0.044139876961708,0.2266762256622314
TS0330D,2027,5,203,493.01,487.2157287597656,5.794271240234366,0.5015654563903809,0.1665655076503753,0.1665759831666946,0.1665932834148407,0.1666317582130432,0.1667503714561462,0.1668830662965774,0.0055412338115274,0.0078439731150865,0.0149440979585051,0.0528884790837764,0.2554172873497009
TS0330D,2027,6,213,483.01,478.5566101074219,4.453389892578116,0.5015164017677307,0.1665655523538589,0.1665760427713394,0.1665933281183242,0.1666318327188491,0.1667503416538238,0.1668829470872879,0.0070606213994324,0.0100107816979289,0.0188403446227312,0.0647914484143257,0.2908169031143188
TS0330D,2027,7,223,473.01,468.1878662109375,4.822133789062491,0.5014609098434448,0.1665655821561813,0.1665760725736618,0.1665933430194854,0.1666318476200103,0.1667502969503402,0.1668828278779983,0.0091514457017183,0.0130071965977549,0.0242236237972974,0.0805881544947624,0.3323755860328674
TS0330D,2027,8,233,463.01,455.9453430175781,7.064656982421866,0.5013988018035889,0.1665656119585037,0.1665761023759842,0.1665934175252914,0.1666318923234939,0.1667502671480178,0.1668826937675476,0.0119678983464837,0.0170812457799911,0.0315491966903209,0.1014235466718673,0.3799232244491577
TS0330D,2027,9,243,453.01,442.3753662109375,10.634633789062493,0.5013303756713867,0.1665656566619873,0.1665761470794677,0.166593462228775,0.1666319370269775,0.1667502522468567,0.1668825447559356,0.0155903873965144,0.0223086662590503,0.040995929390192,0.1271968632936477,0.4301983118057251
TS0330D,2027,10,253,443.01,427.508544921875,15.501455078124993,0.5012562870979309,0.1665657013654709,0.1665762215852737,0.1665934920310974,0.1666319519281387,0.1667502075433731,0.1668824106454849,0.0201914608478546,0.0289622638374567,0.0529521852731704,0.1579973101615905,0.4827736020088196
TS0330D,2027,11,263,433.01,411.4071044921875,21.60289550781249,0.5011778473854065,0.1665657609701156,0.1665762513875961,0.1665935516357422,0.1666319817304611,0.1667501777410507,0.1668822616338729,0.0258238296955823,0.0372034609317779,0.0676101222634315,0.1941452622413635,0.5370522141456604
TS0330D,2027,12,273,423.01,396.16448974609375,26.84551025390624,0.501093864440918,0.1665658205747604,0.1665763109922409,0.1665935814380645,0.1666319966316223,0.1667501330375671,0.1668821275234222,0.0319029986858367,0.0460987202823162,0.0834440737962722,0.2306535840034485,0.58524090051651
TS0330D,2027,13,283,413.01,380.89739990234375,32.11260009765624,0.5010034441947937,0.1665658801794052,0.1665763556957245,0.1665936261415481,0.1666320264339447,0.1667500883340835,0.1668820083141327,0.0385409258306026,0.0559552796185016,0.1009498983621597,0.2694259881973266,0.6310408115386963
TS0330D,2027,14,293,403.01,365.4294738769531,37.58052612304687,0.5009076595306396,0.1665659248828888,0.1665764302015304,0.1665937006473541,0.1666320413351059,0.1667500138282776,0.1668818444013595,0.0459532514214515,0.0670921877026557,0.1204596385359764,0.3105404675006866,0.6750172972679138
TS0330D,2027,15,303,393.01,351.32861328125,41.68138671874999,0.5008074641227722,0.1665660291910171,0.166576474905014,0.1665937453508377,0.1666320860385894,0.166749969124794,0.1668816655874252,0.0534820780158042,0.0784346535801887,0.1401629745960235,0.3490813970565796,0.7123386263847351
TS0330D,2027,16,313,383.01,337.5094909667969,45.50050903320312,0.500702977180481,0.1665660887956619,0.1665765792131424,0.1665938049554824,0.1666321158409118,0.1667499244213104,0.1668815612792968,0.0613519288599491,0.0905222818255424,0.160841554403305,0.3882999420166015,0.7468974590301514
TS0330D,2027,17,323,373.01,324.5219421386719,48.48805786132812,0.5005967617034912,0.1665661484003067,0.1665766239166259,0.166593849658966,0.1666321456432342,0.1667498648166656,0.1668814271688461,0.0696644037961959,0.1031960472464561,0.1819434016942978,0.4257967174053192,0.7769355773925781
TS0330D,2027,18,333,363.01,312.8731994628906,50.136800537109366,0.5004854202270508,0.1665661931037902,0.1665766835212707,0.1665938794612884,0.1666321456432342,0.1667498052120208,0.1668812930583953,0.0774671584367752,0.1152132749557495,0.2018475830554962,0.4607637822628021,0.8023436665534973
TS0330D,2027,19,343,353.01,300.96075439453125,52.04924560546874,0.5003746747970581,0.1665662676095962,0.1665767133235931,0.166593924164772,0.1666321456432342,0.1667497605085373,0.1668811738491058,0.0862879306077957,0.1288836151361465,0.2237687855958938,0.4960995316505432,0.8265271186828613
TS0330D,2027,20,353,343.01,290.87432861328125,52.13567138671874,0.5002610087394714,0.1665662974119186,0.1665767729282379,0.1665939539670944,0.1666321456432342,0.1667497456073761,0.1668810844421386,0.09427460283041,0.1411491781473159,0.2434110939502716,0.5267888903617859,0.8451837301254272
TS0330D,2027,21,363,333.01,280.9508972167969,52.05910278320312,0.5001447200775146,0.1665663421154022,0.1665768027305603,0.1665939688682556,0.1666321605443954,0.1667497009038925,0.1668810099363327,0.1025944799184799,0.1540450304746627,0.2636270225048065,0.5573181509971619,0.8626881837844849
TS0330D,2027,22,373,323.01,270.7161560058594,52.293843994140616,0.500029981136322,0.1665663868188858,0.1665768325328827,0.166593998670578,0.1666321605443954,0.1667496860027313,0.1668809354305267,0.1120990067720413,0.1686996072530746,0.2859111726284027,0.5880435705184937,0.8793535232543945
TS0330D,2027,23,383,313.01,260.9559020996094,52.054097900390616,0.4999151527881622,0.1665664166212082,0.1665768772363662,0.1665940135717392,0.1666321605443954,0.1667496412992477,0.1668808460235595,0.1217400208115577,0.1835543513298034,0.3082890212535858,0.6172397136688232,0.8940288424491882
TS0330D,2027,24,393,303.01,254.3265380859375,48.68346191406249,0.4997964203357696,0.1665664613246917,0.1665769070386886,0.1665940582752227,0.1666321754455566,0.1667496114969253,0.1668807864189148,0.1287233531475067,0.1939562857151031,0.3241673707962036,0.6374664306640625,0.9031022787094116
TS0330D,2027,25,403,293.01,247.89419555664065,45.115804443359366,0.4996760785579681,0.1665665209293365,0.1665769517421722,0.1665940880775451,0.1666321903467178,0.1667495667934417,0.1668806821107864,0.1357723623514175,0.2045716792345047,0.3400059640407562,0.6570329070091248,0.911623477935791
TS0330D,2027,26,413,283.01,240.17437744140625,42.83562255859374,0.4995566010475158,0.1665665507316589,0.1665769964456558,0.1665941029787063,0.166632205247879,0.1667495369911193,0.1668806076049804,0.1448748558759689,0.218306615948677,0.3597783744335174,0.679681122303009,0.9212142825126648
TS0330D,2027,27,423,273.01,234.5800628662109,38.42993713378905,0.4994356036186218,0.1665665805339813,0.1665770411491394,0.1665941327810287,0.166632205247879,0.166749507188797,0.1668805181980133,0.1517600268125534,0.2286662757396698,0.3746959865093231,0.695923388004303,0.9276015162467957
TS0330D,2027,28,433,263.01,228.52581787109372,34.48418212890624,0.4993123412132263,0.1665666550397873,0.1665771007537841,0.1665941923856735,0.1666322350502014,0.1667494475841522,0.1668803840875625,0.1594546735286712,0.2403600811958313,0.3910320699214935,0.7138375639915466,0.9343243837356568
TS0330D,2027,29,443,253.01,220.2055511474609,32.80444885253905,0.4991984963417053,0.1665668338537216,0.1665772646665573,0.166594311594963,0.1666322499513626,0.1667492538690567,0.1668800860643386,0.1706557273864746,0.2577086985111236,0.4145487248897552,0.7360862493515015,0.943048059940338
TS0330D,2027,30,453,243.01,213.5469665527344,29.463033447265616,0.4990917146205902,0.1665670126676559,0.1665774285793304,0.1665944755077362,0.1666323542594909,0.1667490750551223,0.166879653930664,0.1799172610044479,0.2721507549285888,0.4340707659721374,0.7540386319160461,0.9493623971939088
TS0330D,2027,31,463,233.01,209.30992126464844,23.700078735351557,0.4989829659461975,0.1665671318769455,0.16657754778862,0.1665945649147033,0.1666323989629745,0.1667490154504776,0.166879341006279,0.186152696609497,0.281570166349411,0.4467763304710388,0.7654477953910828,0.9530833959579468
TS0330D,2028,0,153,543.01,561.9063110351562,18.89631103515626,0.5048977136611938,0.1666665822267532,0.1666686683893203,0.1666710674762725,0.1666731089353561,0.1666659414768219,0.1666546165943145,8.25133884063689e-06,8.42720182845369e-05,0.001191213610582,0.0028150307480245,0.0205968897789716
TS0330D,2028,1,163,533.01,561.8233642578125,28.81336425781251,0.5046777725219727,0.166667565703392,0.1666695922613144,0.1666718572378158,0.1666735708713531,0.1666651666164398,0.1666522324085235,6.582500645890832e-06,6.608486728509888e-05,0.0010311333462595,0.002356355311349,0.0175450909882783
TS0330D,2028,2,173,523.01,560.6953735351562,37.68537353515626,0.5044588446617126,0.1666691452264785,0.1666710078716278,0.1666729152202606,0.1666738837957382,0.1666638255119323,0.1666492521762848,5.511698873306159e-06,5.261417754809372e-05,0.0009049059008248,0.0019702569115906,0.0150061147287487
TS0330D,2028,3,183,513.01,557.6302490234375,44.62024902343751,0.5042533874511719,0.1666710674762725,0.1666726469993591,0.1666740030050277,0.1666740477085113,0.166662260890007,0.1666460037231445,5.356060682970565e-06,4.539537985692732e-05,0.0008233378757722,0.0016963813686743,0.0136800874024629
TS0330D,2028,4,193,503.01,551.2420654296875,48.23206542968751,0.5040791034698486,0.1666731536388397,0.1666743606328964,0.1666751503944397,0.1666741669178009,0.1666605919599533,0.1666425317525863,6.183279310789658e-06,4.147392610320821e-05,0.0007343423785641,0.0014395165489986,0.0138259548693895
TS0330D,2028,5,203,493.01,540.4187622070312,47.40876220703126,0.5039421319961548,0.166675329208374,0.1666762083768844,0.166676327586174,0.1666742712259292,0.1666588187217712,0.1666390299797058,8.838191206450574e-06,4.4893200538354e-05,0.0007023445214144,0.0013059503398835,0.0162763036787509
TS0330D,2028,6,213,483.01,525.906982421875,42.89698242187501,0.5038456916809082,0.1666775792837143,0.1666780412197113,0.1666774749755859,0.1666743159294128,0.1666570007801056,0.1666355431079864,1.4521803677780554e-05,6.047941496944986e-05,0.0007597742369398,0.0013553160242736,0.022712530568242
TS0330D,2028,7,223,473.01,510.0813903808594,37.07139038085938,0.5037991404533386,0.1666797697544098,0.1666798293590545,0.1666786074638366,0.1666743606328964,0.1666552424430847,0.1666322201490402,2.522561226214748e-05,8.833353786030784e-05,0.0008531201165169,0.0015368770109489,0.035287469625473
TS0330D,2028,8,233,463.01,494.593017578125,31.58301757812501,0.5038041472434998,0.1666818410158157,0.1666815280914306,0.1666796505451202,0.1666743606328964,0.1666535586118698,0.1666290760040283,4.778504808200523e-05,0.000140952761285,0.0010204571299254,0.0019429448293522,0.0615449771285057
TS0330D,2028,9,243,453.01,481.6090393066406,28.599039306640638,0.503861665725708,0.1666837632656097,0.1666830629110336,0.1666805893182754,0.1666743606328964,0.1666520088911056,0.1666262000799179,9.071535168914124e-05,0.0002303152432432,0.0012572138803079,0.0026467079296708,0.1114328280091285
TS0330D,2028,10,253,443.01,469.9422912597656,26.932291259765638,0.50397127866745,0.1666854918003082,0.1666844636201858,0.1666814684867859,0.1666743904352188,0.1666506230831146,0.1666235625743866,0.0001635042426642,0.000381202698918,0.0016352455131709,0.003802842926234,0.2015560716390609
TS0330D,2028,11,263,433.01,458.1421813964844,25.132181396484384,0.5041284561157227,0.1666870862245559,0.1666857898235321,0.1666822880506515,0.1666744202375412,0.1666493564844131,0.1666210442781448,0.0002488962782081,0.0005712847923859,0.0020112735219299,0.0052785282023251,0.3565968573093414
TS0330D,2028,12,273,423.01,444.8973083496094,21.887308349609384,0.5043315887451172,0.1666885465383529,0.1666869819164276,0.1666831076145172,0.1666745394468307,0.1666482090950012,0.166618600487709,0.0003128140524495,0.0007401102338917,0.0022802574094384,0.0066730030812323,0.5756062865257263
TS0330D,2028,13,283,413.01,430.69427490234375,17.68427490234376,0.5045844316482544,0.1666899621486663,0.1666881591081619,0.1666839271783828,0.1666747629642486,0.1666471064090728,0.1666160672903061,0.0003428820637054,0.0008198805735446,0.0022602728568017,0.0075632431544363,0.7861045002937317
TS0330D,2028,14,293,403.01,415.7518310546875,12.741831054687507,0.5048798322677612,0.1666914820671081,0.1666894257068634,0.1666848510503769,0.1666749864816665,0.1666458994150161,0.1666133403778076,0.0003474225813988,0.0007890810375101,0.001941796275787,0.0085097644478082,0.9247049689292908
TS0330D,2028,15,303,393.01,401.7731018066406,8.763101806640634,0.505211353302002,0.1666930615901947,0.1666907966136932,0.1666858196258545,0.1666752696037292,0.1666446179151535,0.1666104197502136,0.0003397976688574,0.0007227234891615,0.0016318648122251,0.0103066647425293,0.9792685508728028
TS0330D,2028,16,313,383.01,388.109619140625,5.099619140625009,0.5055756568908691,0.1666947901248932,0.1666922718286514,0.1666868776082992,0.1666755974292755,0.1666432470083236,0.1666072010993957,0.0003366984601598,0.0006761638796888,0.0014144262531772,0.0140534183010458,0.9960291385650636
TS0330D,2028,17,323,373.01,376.3684692382813,3.358469238281259,0.5059612989425659,0.1666966378688812,0.1666938811540603,0.16668801009655,0.1666759103536605,0.1666417419910431,0.1666038334369659,0.0003082062175963,0.000599336635787,0.0011840203078463,0.0208612643182277,0.9992692470550536
TS0330D,2028,18,333,363.01,365.5581665039063,2.548166503906259,0.5063720941543579,0.166698545217514,0.1666955053806305,0.1666892021894455,0.1666762232780456,0.1666401922702789,0.1666003614664077,0.0002831349847838,0.0005569331115111,0.0010545877739787,0.032109759747982,0.999849498271942
TS0330D,2028,19,343,353.01,353.5581359863281,0.5481359863281341,0.5067890286445618,0.1667005121707916,0.1666971892118454,0.1666903495788574,0.1666765064001083,0.1666385680437088,0.1665968596935272,0.0002959615376312,0.0006158073665574,0.0011118728434666,0.0538725815713405,0.9999743103981018
TS0330D,2028,20,353,343.01,340.6761779785156,2.333822021484366,0.5072153806686401,0.1667024046182632,0.1666988283395767,0.1666914820671081,0.1666767597198486,0.166636973619461,0.1665935814380645,0.0003425658214837,0.0007887847605161,0.0013440013863146,0.0924604833126068,0.9999964833259584
TS0330D,2028,21,363,333.01,327.0920104980469,5.917989501953116,0.5076485276222229,0.1667042374610901,0.1667004227638244,0.1666925996541977,0.1666769832372665,0.166635513305664,0.1665902286767959,0.0004321777960285,0.0011292314156889,0.0017889488954097,0.159127876162529,0.999999701976776
TS0330D,2028,22,373,323.01,313.892578125,9.117421874999993,0.5080748200416565,0.1667061001062393,0.166702002286911,0.1666937172412872,0.1666773706674575,0.1666340231895446,0.166586771607399,0.0005682714981958,0.0016824656631797,0.0025451511610299,0.2655750215053558,0.9999999403953552
TS0330D,2028,23,383,313.01,300.2279968261719,12.782003173828116,0.5084951519966125,0.1667080670595169,0.1667037606239318,0.1666949242353439,0.1666776090860366,0.1666323095560073,0.1665833592414856,0.0008485116413794,0.0027585860807448,0.0040582250803709,0.4327471554279327,0.9999999403953552
TS0330D,2028,24,393,303.01,285.3857421875,17.62425781249999,0.5089139342308044,0.1667099446058273,0.1667053401470184,0.1666960418224334,0.1666777580976486,0.1666307747364044,0.1665801554918289,0.0014909098390489,0.0050092483870685,0.0072866398841142,0.6454237699508667,1.0
TS0330D,2028,25,403,293.01,270.24530029296875,22.76469970703124,0.5093274712562561,0.1667116582393646,0.1667067855596542,0.1666969954967498,0.1666779965162277,0.1666293293237686,0.1665772050619125,0.002715821377933,0.008918710052967,0.0132038993760943,0.8119584321975708,0.9999999403953552
TS0330D,2028,26,413,283.01,256.3271484375,26.68285156249999,0.5097312331199646,0.1667133271694183,0.1667082458734512,0.1666979938745498,0.1666781306266784,0.1666279286146164,0.1665743440389633,0.0046949395909905,0.0148757500573992,0.0226683728396892,0.9085732698440552,1.0
TS0330D,2028,27,423,273.01,244.36297607421875,28.64702392578124,0.5101269483566284,0.1667148917913437,0.1667095571756363,0.1666988432407379,0.1666783839464187,0.166626751422882,0.1665716022253036,0.007610710337758,0.0232685972005128,0.0369969345629215,0.9567707777023317,1.0
TS0330D,2028,28,433,263.01,235.8045654296875,27.20543457031249,0.5105196237564087,0.1667163670063018,0.1667108833789825,0.1666998118162155,0.1666785776615142,0.1666253209114074,0.1665690392255783,0.0107222879305481,0.0317977480590343,0.0528891906142234,0.9757731556892396,1.0000001192092896
TS0330D,2028,29,443,253.01,227.7061767578125,25.30382324218749,0.5108829140663147,0.1667180657386779,0.1667122542858123,0.1667006462812423,0.166678637266159,0.1666241139173507,0.1665662825107574,0.0151679310947656,0.0433209799230098,0.0750481039285659,0.985891819000244,1.0
TS0330D,2028,30,453,243.01,222.06179809570312,20.948201904296862,0.5112189650535583,0.1667196005582809,0.1667135655879974,0.1667016297578811,0.1666789650917053,0.1666227430105209,0.1665634959936142,0.0194691605865955,0.0542341656982898,0.0960282459855079,0.9899895787239076,1.0000001192092896
TS0330D,2028,31,463,233.01,217.4767303466797,15.533269653320303,0.5115498900413513,0.1667211204767227,0.1667149364948272,0.1667025238275528,0.1666790544986724,0.1666214019060135,0.1665609776973724,0.0237883646041154,0.0650177076458931,0.1172998249530792,0.99202299118042,1.0
TS0330E,2026,0,154,526.8,479.819580078125,46.98041992187496,0.5035320520401001,0.1666955351829528,0.166690245270729,0.1666828989982605,0.1666702181100845,0.1666439920663833,0.1666171103715896,0.0048539573326706,0.0195433609187603,0.069002665579319,0.0813565924763679,0.2865971326828003
TS0330E,2026,1,164,516.8,480.0301208496094,36.76987915039058,0.5034763813018799,0.1666954308748245,0.1666901558637619,0.1666827946901321,0.1666701585054397,0.1666440516710281,0.1666173636913299,0.0048005823045969,0.0192949101328849,0.0685489624738693,0.0807074829936027,0.2863827347755432
TS0330E,2026,2,174,506.8,480.1063232421875,26.69367675781245,0.5034201741218567,0.1666953116655349,0.1666900217533111,0.1666826903820037,0.1666700989007949,0.1666441708803177,0.1666176915168762,0.0047669690102338,0.0190620757639408,0.0681292116641998,0.0801163613796234,0.2868299782276153
TS0330E,2026,3,184,496.8,479.899169921875,16.900830078124955,0.5033664107322693,0.1666951328516006,0.166689857840538,0.1666825413703918,0.1666700392961502,0.1666443347930908,0.1666180789470672,0.0047774706035852,0.0188963674008846,0.067707173526287,0.0795846879482269,0.2887138128280639
TS0330E,2026,4,194,486.8,479.3165283203125,7.4834716796874545,0.5033175349235535,0.1666949242353439,0.1666896492242813,0.1666824072599411,0.1666699796915054,0.1666444987058639,0.1666185110807418,0.0048360466025769,0.0188430752605199,0.067468337714672,0.0793287009000778,0.2923218607902527
TS0330E,2026,5,204,476.8,478.2291259765625,1.4291259765625457,0.5032755136489868,0.1666947156190872,0.1666894555091858,0.1666822284460067,0.1666699200868606,0.1666447222232818,0.1666189581155777,0.0049659465439617,0.0189616717398166,0.0676272362470626,0.0796090811491012,0.298070877790451
TS0330E,2026,6,214,466.8,476.3531188964844,9.55311889648442,0.5032428503036499,0.1666944772005081,0.1666892617940902,0.1666820794343948,0.166669875383377,0.1666449010372162,0.1666193902492523,0.0052119637839496,0.0193570237606763,0.0684231966733932,0.0807650312781333,0.3070540428161621
TS0330E,2026,7,224,456.8,473.5724182128906,16.77241821289067,0.5032209157943726,0.1666942536830902,0.1666890531778335,0.1666819304227829,0.1666698157787323,0.1666451096534729,0.1666198521852493,0.0055962116457521,0.0201008766889572,0.0702416822314262,0.0832447260618209,0.3195666372776031
TS0330E,2026,8,234,446.8,469.6614990234375,22.861499023437545,0.5032104253768921,0.1666940301656723,0.1666888445615768,0.1666817516088485,0.1666697710752487,0.1666453033685684,0.1666202992200851,0.0061803287826478,0.02131680957973,0.073320560157299,0.0873922035098075,0.3364250063896179
TS0330E,2026,9,244,436.8,464.3933410644531,27.59334106445317,0.5032128095626831,0.166693776845932,0.1666886210441589,0.1666816025972366,0.1666697114706039,0.1666455119848251,0.1666207611560821,0.0070384475402534,0.0231704469770193,0.0780558511614799,0.0937378033995628,0.3583399057388305
TS0330E,2026,10,254,426.8,457.5168762207031,30.71687622070317,0.5032286047935486,0.1666935235261917,0.1666883826255798,0.1666814535856247,0.1666696667671203,0.1666457206010818,0.1666211932897567,0.0082770623266696,0.0259018316864967,0.0848970189690589,0.102916195988655,0.385789006948471
TS0330E,2026,11,264,416.8,449.0394592285156,32.23945922851567,0.503258228302002,0.166693314909935,0.1666881889104843,0.1666813045740127,0.1666696220636367,0.1666459292173385,0.1666216254234314,0.0099789053201675,0.0297028329223394,0.0942036658525466,0.1154021322727203,0.4181988537311554
TS0330E,2026,12,274,406.8,439.123779296875,32.323779296875045,0.503301203250885,0.1666930764913559,0.1666879951953888,0.1666811406612396,0.1666695922613144,0.1666461080312729,0.1666220277547836,0.0122179351747035,0.0346644632518291,0.1061930283904075,0.1314901709556579,0.4545738101005554
TS0330E,2026,13,284,396.8,427.7261352539063,30.926135253906292,0.5033577680587769,0.1666928380727768,0.166687786579132,0.1666810065507888,0.166669562458992,0.1666463166475296,0.166622444987297,0.0151452962309122,0.0410646423697471,0.1210548430681228,0.1515293717384338,0.4946194291114807
TS0330E,2026,14,294,386.8,415.1724853515625,28.372485351562545,0.5034255981445312,0.16669262945652,0.1666876226663589,0.1666808873414993,0.1666695475578308,0.1666464954614639,0.1666228473186493,0.0188330821692943,0.0490075275301933,0.1384587883949279,0.1752195805311203,0.5369329452514648
TS0330E,2026,15,304,376.8,402.0483703613281,25.24837036132817,0.5035044550895691,0.1666924208402633,0.1666874140501022,0.1666807532310485,0.1666695326566696,0.1666466742753982,0.1666232049465179,0.0232191104441881,0.0583899803459644,0.1578349471092224,0.2016256302595138,0.5790756344795227
TS0330E,2026,16,314,366.8,388.6024169921875,21.802416992187545,0.5035934448242188,0.1666922122240066,0.1666872352361679,0.1666806191205978,0.1666695028543472,0.1666468679904937,0.1666235625743866,0.0283022038638591,0.0691757723689079,0.1788550615310669,0.2302770465612411,0.6198198795318604
TS0330E,2026,17,324,356.79999999999995,375.2904357910156,18.49043579101567,0.5036900043487549,0.1666920334100723,0.1666870862245559,0.1666805148124694,0.1666695028543472,0.1666469871997833,0.1666238605976104,0.0339261963963508,0.0810231193900108,0.2009254246950149,0.2601857185363769,0.657706618309021
TS0330E,2026,18,334,346.79999999999995,362.6437683105469,15.84376831054692,0.5037921667098999,0.166691854596138,0.166686937212944,0.1666804105043411,0.1666694432497024,0.1666471511125564,0.1666241586208343,0.0398622080683708,0.0934838131070137,0.2229156345129013,0.2896941900253296,0.6914858222007751
TS0330E,2026,19,344,336.79999999999995,350.3982849121094,13.59828491210942,0.503900408744812,0.1666917204856872,0.1666867882013321,0.1666803061962127,0.1666694283485412,0.166647270321846,0.1666244566440582,0.046227253973484,0.1066455543041229,0.2451269626617431,0.319225013256073,0.7221058011054993
TS0330E,2026,20,354,326.79999999999995,338.8206481933594,12.02064819335942,0.5040104389190674,0.1666915565729141,0.1666866391897201,0.1666802316904068,0.16666941344738,0.1666474044322967,0.1666247397661209,0.0528144277632236,0.1201059222221374,0.2669157087802887,0.34792160987854,0.7491322159767151
TS0330E,2026,21,364,316.79999999999995,328.1627197265625,11.362719726562544,0.5041205883026123,0.166691392660141,0.1666865348815918,0.1666801422834396,0.1666693985462188,0.1666475385427475,0.1666250079870224,0.0593582689762115,0.1333347111940384,0.2877302765846252,0.3749432563781738,0.7724508047103882
TS0330E,2026,22,374,306.79999999999995,318.34381103515625,11.543811035156295,0.5042314529418945,0.1666912585496902,0.166686400771141,0.16668002307415,0.1666693836450576,0.166647657752037,0.1666252762079239,0.0658764913678169,0.1463216096162796,0.3074722290039062,0.4002275764942169,0.7926914691925049
TS0330E,2026,23,384,296.79999999999995,308.9568786621094,12.15687866210942,0.5043454766273499,0.1666910946369171,0.1666862815618515,0.1666799485683441,0.1666693687438964,0.1666477769613266,0.1666254997253418,0.072589062154293,0.1595492362976074,0.3268204033374786,0.4247079193592071,0.8109346032142639
TS0330E,2026,24,394,286.79999999999995,300.1324462890625,13.332446289062544,0.504458487033844,0.1666909754276275,0.1666861623525619,0.1666798591613769,0.1666693538427353,0.1666478812694549,0.1666257381439209,0.0792857408523559,0.1726697534322738,0.3453936576843261,0.4479831755161285,0.8270758390426636
TS0330E,2026,25,404,276.79999999999995,292.35858154296875,15.558581542968795,0.5045683979988098,0.166690856218338,0.1666860580444336,0.1666797846555709,0.1666693389415741,0.1666480004787445,0.1666259765625,0.0854924097657203,0.1847178041934967,0.3621629476547241,0.4686474204063415,0.8405396938323975
TS0330E,2026,26,414,266.79999999999995,284.9634704589844,18.16347045898442,0.5046743750572205,0.1666907370090484,0.1666859239339828,0.1666796952486038,0.1666693240404129,0.166648119688034,0.1666262000799179,0.0917305424809455,0.1967015415430069,0.3784038722515106,0.488397866487503,0.8527453541755676
TS0330E,2026,27,424,256.79999999999995,278.5126953125,21.712695312500045,0.5047715902328491,0.1666906028985977,0.1666858345270156,0.1666796505451202,0.1666693091392517,0.16664819419384,0.1666263937950134,0.0972511395812034,0.207329660654068,0.3927641212940216,0.5057539939880371,0.8630667328834534
TS0330E,2026,28,434,246.79999999999995,273.14849853515625,26.348498535156292,0.5048640966415405,0.1666905283927917,0.1666857451200485,0.1666795760393142,0.1666692793369293,0.1666482985019683,0.1666266024112701,0.101882591843605,0.2162870317697525,0.4049929082393646,0.5202958583831787,0.8714451789855957
TS0330E,2026,29,444,236.79999999999995,267.9493408203125,31.149340820312545,0.5049550533294678,0.1666904091835022,0.1666856557130813,0.1666795164346695,0.1666692793369293,0.1666483879089355,0.166626751422882,0.1066097691655159,0.2253312021493911,0.416874885559082,0.5344197750091553,0.8792510032653809
TS0330E,2026,30,454,226.79999999999995,263.1438293457031,36.34382934570317,0.5050467252731323,0.1666903346776962,0.1666855961084365,0.1666794568300247,0.1666692346334457,0.1666484475135803,0.1666269153356552,0.1111272946000099,0.2339625209569931,0.4279542565345764,0.5475017428398132,0.8861669898033142
TS0330E,2026,31,464,216.79999999999995,258.8346252441406,42.03462524414067,0.505142092704773,0.166690245270729,0.1666855216026306,0.1666794121265411,0.1666692197322845,0.1666485220193863,0.1666270792484283,0.1152499243617057,0.2418174743652343,0.4380148351192474,0.559281051158905,0.8921772241592407
TS0330E,2026,32,474,206.79999999999995,254.44601440429688,47.64601440429692,0.5052396059036255,0.1666901707649231,0.1666854321956634,0.1666793376207351,0.1666692048311233,0.166648581624031,0.1666272580623626,0.1196728721261024,0.2501675486564636,0.4482679963111877,0.5712428689002991,0.8980968594551086
TS0330E,2026,33,484,196.79999999999995,249.98782348632807,53.18782348632817,0.5053377747535706,0.1666900664567947,0.1666853576898574,0.1666792929172516,0.1666691899299621,0.1666486859321594,0.1666274219751358,0.1243462190032005,0.2588949203491211,0.45880326628685,0.5833850502967834,0.9039517045021056
TS0330E,2026,34,494,186.79999999999995,245.71517944335935,58.91517944335942,0.5054365992546082,0.1666900068521499,0.1666852980852127,0.1666792184114456,0.1666691899299621,0.1666487604379654,0.1666275560855865,0.1289115250110626,0.2674132883548736,0.4690458476543426,0.5950596332550049,0.9093540906906128
TS0330E,2026,35,504,176.79999999999995,242.1436309814453,65.34363098144536,0.5055428147315979,0.166689932346344,0.1666852384805679,0.1666791886091232,0.1666691750288009,0.1666488051414489,0.1666276454925537,0.1327407211065292,0.274585098028183,0.4777452349662781,0.6048562526702881,0.9137660264968872
TS0330E,2026,36,514,166.79999999999995,238.56509399414065,71.76509399414067,0.505653440952301,0.1666899025440216,0.1666851937770843,0.166679173707962,0.1666691899299621,0.1666488349437713,0.1666276901960373,0.1366363018751144,0.2819218337535858,0.4864763021469116,0.6146912574768066,0.918013870716095
TS0330E,2026,37,524,156.79999999999995,235.54869079589844,78.74869079589848,0.5057656764984131,0.166689857840538,0.1666851788759231,0.1666791588068008,0.1666691601276397,0.1666488498449325,0.166627749800682,0.1398268491029739,0.2880605161190033,0.4940578937530517,0.6229968070983887,0.9215493202209472
TS0330E,2026,38,534,146.79999999999995,232.67027282714844,85.87027282714848,0.505882203578949,0.1666898280382156,0.1666851341724395,0.1666791290044784,0.1666691601276397,0.1666488796472549,0.1666278690099716,0.1429177820682525,0.2939470112323761,0.5014270544052124,0.6309083700180054,0.9249246716499328
TS0330E,2027,0,154,526.8,533.9620971679688,7.162097167968796,0.5007133483886719,0.1665817648172378,0.1665917783975601,0.1666081547737121,0.1666417121887207,0.166735827922821,0.1668407917022705,0.0005331307183951,0.0005941946292296,0.0012025708565488,0.0045965118333697,0.0650044977664947
TS0330E,2027,1,164,516.8,531.7216796875,14.921679687500044,0.5007854700088501,0.1665817201137542,0.1665917336940765,0.1666081696748733,0.1666417270898819,0.1667358428239822,0.1668408215045929,0.0005952384672127,0.0006645478424616,0.0013362143654376,0.0050644874572753,0.0693014189600944
TS0330E,2027,2,174,506.8,528.8609619140625,22.060961914062545,0.5008602738380432,0.1665816605091095,0.1665916889905929,0.1666081398725509,0.1666417419910431,0.166735902428627,0.1668408960103988,0.0006897812709212,0.0007733898237347,0.0015491804806515,0.0058029275387525,0.0757066383957862
TS0330E,2027,3,184,496.8,525.12255859375,28.322558593750045,0.500935971736908,0.1665815412998199,0.1665915995836258,0.1666080802679062,0.1666417419910431,0.1667359769344329,0.1668410301208496,0.0008409293368458,0.0009499814477749,0.0019003694178536,0.0070015215314924,0.0856173783540725
TS0330E,2027,4,194,486.8,520.369384765625,33.569384765625045,0.5010116696357727,0.1665814071893692,0.1665914803743362,0.1666080355644226,0.1666417419910431,0.1667360812425613,0.1668411940336227,0.0010835074353963,0.0012367671588435,0.0024699200876057,0.0088756969198584,0.1000459194183349
TS0330E,2027,5,204,476.8,514.4979248046875,37.697924804687545,0.5010867118835449,0.1665812581777572,0.1665913760662078,0.1666079610586166,0.1666417568922042,0.166736215353012,0.1668414324522018,0.0014638941502198,0.0016925644595175,0.0033682503271847,0.0117174880579113,0.1200412809848785
TS0330E,2027,6,214,466.8,507.4210815429688,40.6210815429688,0.5011603236198425,0.1665811091661453,0.1665912568569183,0.1666078865528106,0.1666417717933654,0.1667363494634628,0.1668416112661361,0.0020421126391738,0.0023955956567078,0.0047415629960596,0.0159012582153081,0.1462612748146057
TS0330E,2027,7,224,456.8,498.93463134765625,42.134631347656295,0.5012320876121521,0.1665809452533722,0.1665911376476287,0.1666078269481659,0.1666417717933654,0.1667364686727523,0.166841834783554,0.0029067320283502,0.0034656473435461,0.0068177902139723,0.0220211334526538,0.1800516247749328
TS0330E,2027,8,234,446.8,489.7360229492188,42.9360229492188,0.5013024806976318,0.166580781340599,0.1665910184383392,0.1666077822446823,0.1666418015956878,0.1667365878820419,0.1668420433998108,0.0040635843761265,0.0049214921891689,0.009615184739232,0.0299883671104908,0.2182143628597259
TS0330E,2027,9,244,436.8,479.6538391113281,42.85383911132817,0.5013713836669922,0.1665806323289871,0.1665908992290496,0.1666076928377151,0.166641816496849,0.1667366921901703,0.1668422371149063,0.0055924570187926,0.006882069632411,0.0133482506498694,0.0402749739587307,0.2611898183822632
TS0330E,2027,10,254,426.8,468.5182189941406,41.71821899414067,0.5014386773109436,0.1665804982185363,0.1665907949209213,0.1666076332330703,0.1666418462991714,0.166736826300621,0.1668424159288406,0.0075976178050041,0.0095098977908492,0.0183084998279809,0.0535246431827545,0.3090842962265014
TS0330E,2027,11,264,416.8,456.4254455566406,39.62544555664067,0.50150465965271,0.1665803790092468,0.1665906906127929,0.1666076034307479,0.1666418612003326,0.1667369157075882,0.1668425351381302,0.0101359458640217,0.0129085825756192,0.0246548727154731,0.0700380429625511,0.3610861301422119
TS0330E,2027,12,274,406.8,444.15240478515625,37.352404785156295,0.5015698075294495,0.166580244898796,0.1665906310081482,0.1666075736284256,0.166641891002655,0.1667370200157165,0.1668426394462585,0.0131127685308456,0.0169755406677722,0.0322015397250652,0.0891384184360504,0.4124377071857452
TS0330E,2027,13,284,396.8,431.4877624511719,34.68776245117192,0.5016343593597412,0.1665801703929901,0.166590541601181,0.1666075438261032,0.1666419059038162,0.1667370945215225,0.1668427288532257,0.0166265834122896,0.0218583475798368,0.0411080606281757,0.1111727729439735,0.4637052714824676
TS0330E,2027,14,294,386.8,417.4986267089844,30.69862670898442,0.5016974806785583,0.1665800660848617,0.1665904968976974,0.1666075438261032,0.1666419357061386,0.1667371690273285,0.1668428033590316,0.0210363641381263,0.0281093809753656,0.0523787587881088,0.1382043957710266,0.5179350972175598
TS0330E,2027,15,304,376.8,404.4971008300781,27.69710083007817,0.5017592906951904,0.1665800064802169,0.1665904372930526,0.1666075140237808,0.1666419804096222,0.1667372286319732,0.1668428480625152,0.0256775449961423,0.0347722582519054,0.0642652213573455,0.165746197104454,0.5652773976325989
TS0330E,2027,16,314,366.8,391.6257934570313,24.825793457031292,0.5018197894096375,0.1665799170732498,0.1665904074907302,0.1666075140237808,0.1666419953107834,0.166737288236618,0.1668428778648376,0.0308071170002222,0.042219191789627,0.0773579776287078,0.1951179057359695,0.6093131303787231
TS0330E,2027,17,324,356.79999999999995,378.0265502929688,21.226550292968795,0.5018783807754517,0.1665798872709274,0.1665903925895691,0.1666075140237808,0.1666420400142669,0.1667373031377792,0.1668428778648376,0.0368102565407753,0.0510598421096801,0.0926564559340477,0.2281920760869979,0.6531126499176025
TS0330E,2027,18,334,346.79999999999995,365.486572265625,18.686572265625045,0.501934826374054,0.1665798723697662,0.1665903627872467,0.166607528924942,0.1666420549154281,0.1667373180389404,0.1668428480625152,0.0428676903247833,0.0600973293185234,0.1082332953810691,0.2605043351650238,0.6903570890426636
TS0330E,2027,19,344,336.79999999999995,353.7440185546875,16.944018554687545,0.5019896030426025,0.1665798276662826,0.1665903627872467,0.1666075438261032,0.1666421145200729,0.1667373329401016,0.1668428033590316,0.0491212122142314,0.0694627240300178,0.1239842548966407,0.292167991399765,0.7231076955795288
TS0330E,2027,20,354,326.79999999999995,341.62188720703125,14.821887207031295,0.502041220664978,0.1665798276662826,0.1665903776884079,0.1666075736284256,0.1666421443223953,0.1667373478412628,0.1668427437543869,0.0560392588376998,0.079996608197689,0.1415897756814956,0.3260925710201263,0.7547031044960022
TS0330E,2027,21,364,316.79999999999995,330.31719970703125,13.517199707031295,0.5020896792411804,0.1665798276662826,0.1665903925895691,0.1666075885295868,0.1666421592235565,0.1667373329401016,0.1668426841497421,0.0630091056227684,0.0906878113746643,0.1592364311218261,0.3586888611316681,0.7821059823036194
TS0330E,2027,22,374,306.79999999999995,321.05828857421875,14.258288574218795,0.5021350383758545,0.166579857468605,0.1665904074907302,0.1666076183319091,0.1666422039270401,0.1667373329401016,0.1668425649404525,0.069144569337368,0.1001284942030906,0.1746014803647995,0.3860891461372375,0.8029695749282837
TS0330E,2027,23,384,296.79999999999995,313.7638854980469,16.96388549804692,0.5021779537200928,0.1665798276662826,0.1665904223918914,0.1666076481342315,0.1666422486305236,0.1667373329401016,0.1668425053358078,0.0743910372257232,0.1080881208181381,0.1872855573892593,0.4080730080604553,0.818362295627594
TS0330E,2027,24,394,286.79999999999995,305.7030029296875,18.903002929687545,0.5022172927856445,0.166579857468605,0.1665904372930526,0.1666076928377151,0.166642278432846,0.1667373329401016,0.1668424308300018,0.0803933441638946,0.1173556223511695,0.2020023614168167,0.4326673746109009,0.8346214890480042
TS0330E,2027,25,404,276.79999999999995,297.68572998046875,20.885729980468795,0.5022534132003784,0.1665798723697662,0.1665904819965362,0.1666077226400375,0.1666422933340072,0.166737288236618,0.1668423265218734,0.0866597890853881,0.1270891427993774,0.2173442840576172,0.4573765695095062,0.8499246835708618
TS0330E,2027,26,414,266.79999999999995,289.4346618652344,22.63466186523442,0.5022865533828735,0.1665799170732498,0.1665905267000198,0.1666077822446823,0.1666423380374908,0.1667372435331344,0.1668422222137451,0.0933719426393508,0.137672483921051,0.2338556200265884,0.4831085801124573,0.8648660182952881
TS0330E,2027,27,424,256.79999999999995,281.5478515625,24.747851562500045,0.5023155808448792,0.1665799915790558,0.1665906012058258,0.1666078269481659,0.166642352938652,0.1667371839284896,0.1668420433998108,0.0999753475189209,0.1482817828655243,0.2504081130027771,0.5079492926597595,0.8782073259353638
TS0330E,2027,28,434,246.79999999999995,276.3269348144531,29.52693481445317,0.5023412704467773,0.1665800064802169,0.1665906459093094,0.1666078418493271,0.1666423827409744,0.1667371690273285,0.1668419390916824,0.1046653389930725,0.155682161450386,0.2617178559303283,0.524502694606781,0.8864902853965759
TS0330E,2027,29,444,236.79999999999995,272.1938171386719,35.39381713867192,0.5023646950721741,0.1665800362825393,0.1665906906127929,0.1666079014539718,0.1666424125432968,0.1667371094226837,0.1668418198823928,0.1085248738527298,0.1617374718189239,0.2708924412727356,0.5377001762390137,0.8927239775657654
TS0330E,2027,30,454,226.79999999999995,270.3695983886719,43.56959838867192,0.5023859739303589,0.1665800362825393,0.1665906906127929,0.166607916355133,0.1666424572467804,0.1667371094226837,0.1668417602777481,0.1103629097342491,0.1644586771726608,0.2749852240085602,0.5434977412223816,0.895218014717102
TS0330E,2027,31,464,216.79999999999995,268.4525146484375,51.652514648437545,0.5024056434631348,0.1665800362825393,0.1665906906127929,0.1666079461574554,0.1666425019502639,0.1667371392250061,0.1668416857719421,0.1125249937176704,0.1674856543540954,0.2793037593364715,0.5496139526367188,0.8978837132453918
TS0330E,2027,32,474,206.79999999999995,265.0068664550781,58.20686645507817,0.5024242997169495,0.1665800511837005,0.1665907055139541,0.1666080206632614,0.1666425615549087,0.1667371392250061,0.1668415516614914,0.1160653457045555,0.1728663295507431,0.2872856259346008,0.5605449080467224,0.9027637243270874
TS0330E,2027,33,484,196.79999999999995,261.3358459472656,64.53584594726567,0.5024418234825134,0.1665800660848617,0.1665907502174377,0.1666080504655838,0.1666426062583923,0.1667370498180389,0.1668414324522018,0.1198871061205864,0.1787168383598327,0.2959617376327514,0.5721518397331238,0.9078086018562316
TS0330E,2027,34,494,186.79999999999995,259.1268920898437,72.3268920898438,0.5024576187133789,0.1665801107883453,0.1665908247232437,0.1666081100702285,0.1666426360607147,0.1667370200157165,0.1668412983417511,0.1222912818193435,0.1823017597198486,0.3012579977512359,0.5791140794754028,0.9106712937355042
TS0330E,2027,35,504,176.79999999999995,259.0382080078125,82.23820800781255,0.5024716854095459,0.1665801107883453,0.1665908396244049,0.1666081845760345,0.1666427105665207,0.1667369902133941,0.1668411791324615,0.1228288561105728,0.1825773268938064,0.3014704883098602,0.5793709754943848,0.9105011820793152
TS0330E,2027,36,514,166.79999999999995,255.7651214599609,88.96512145996098,0.5024846196174622,0.1665801554918289,0.1665908992290496,0.1666082441806793,0.1666427552700042,0.1667369306087494,0.1668410003185272,0.1265290081501007,0.1881151348352432,0.3093980848789215,0.5897854566574097,0.9148014783859252
TS0330E,2027,37,524,156.79999999999995,250.80328369140625,94.0032836914063,0.5024970173835754,0.1665802150964737,0.1665909439325332,0.1666083186864853,0.1666428446769714,0.1667368859052658,0.1668408066034317,0.1320272833108902,0.1966180503368377,0.3217131793498993,0.6054507493972778,0.92111074924469
TS0330E,2027,38,534,146.79999999999995,245.82196044921875,99.0219604492188,0.5025089979171753,0.166580244898796,0.166591003537178,0.1666083931922912,0.1666429042816162,0.1667368561029434,0.1668405830860138,0.1377244293689727,0.205406367778778,0.33436119556427,0.621157169342041,0.9270927309989928
TS0330E,2028,0,154,526.8,544.30859375,17.508593750000045,0.5142745971679688,0.1666366755962371,0.1666436344385147,0.1666558384895324,0.1666727364063263,0.1666897386312484,0.1667013466358184,0.0002501738490536,0.0004509678401518,0.0016104480018839,0.0026019571814686,0.0258315205574035
TS0330E,2028,1,164,516.8,532.4198608398438,15.619860839843795,0.5137761235237122,0.1666389405727386,0.166645735502243,0.1666575372219085,0.1666735857725143,0.16668801009655,0.166696235537529,0.0002791453734971,0.0005032219924032,0.0018859587144106,0.0029463963583111,0.032650426030159
TS0330E,2028,2,174,506.8,518.4971923828125,11.697192382812544,0.5132609009742737,0.1666420400142669,0.1666485220193863,0.1666596680879593,0.166674330830574,0.1666853725910186,0.1666900366544723,0.0003091861726716,0.0005720882909372,0.0022127362899482,0.003377343295142,0.0426016822457313
TS0330E,2028,3,184,496.8,504.821044921875,8.021044921875045,0.5127420425415039,0.1666459292173385,0.1666518598794937,0.1666620075702667,0.1666748821735382,0.1666823327541351,0.1666829735040664,0.0003222445375286,0.0006372296484187,0.0024442307185381,0.0036969291977584,0.0568291656672954
TS0330E,2028,4,194,486.8,492.4938354492188,5.693835449218796,0.5122421979904175,0.1666502207517624,0.1666555106639862,0.1666646003723144,0.1666755527257919,0.1666788458824157,0.166675254702568,0.0003309120074845,0.0007195305661298,0.00260990136303,0.0039691608399152,0.0788592770695686
TS0330E,2028,5,204,476.8,481.5439453125,4.7439453125000455,0.5117701888084412,0.1666549295186996,0.1666595488786697,0.1666673570871353,0.1666759550571441,0.166674867272377,0.1666673123836517,0.0003529915702529,0.0008181035518646,0.0026865459512919,0.0042093517258763,0.1118715181946754
TS0330E,2028,6,214,466.8,471.9016418457031,5.1016418457031705,0.5113400816917419,0.16665980219841,0.166663572192192,0.1666699796915054,0.166676178574562,0.1666709631681442,0.1666595488786697,0.0004094812902621,0.0009572379640303,0.0027860500849783,0.004582991823554,0.1619405895471573
TS0330E,2028,7,224,456.8,462.5851135253906,5.785113525390671,0.5109668374061584,0.1666645109653473,0.166667491197586,0.1666724979877472,0.1666763722896576,0.1666670739650726,0.1666520088911056,0.00048020016402,0.0011226395145058,0.0028863390907645,0.0050421385094523,0.2423246204853058
TS0330E,2028,8,234,446.8,451.78857421875,4.9885742187500455,0.5106527805328369,0.1666690558195114,0.1666712909936905,0.1666749268770218,0.1666764914989471,0.1666633337736129,0.1666448712348938,0.0005726176314055,0.001365803182125,0.003086440032348,0.0056579606607556,0.392156183719635
TS0330E,2028,9,244,436.8,440.3247680664063,3.5247680664062955,0.5104058384895325,0.1666733175516128,0.1666747629642486,0.1666770726442337,0.1666765511035919,0.1666597872972488,0.1666384786367416,0.0006956248544156,0.0017185944598168,0.0034460863098502,0.0064749959856271,0.6055617332458496
TS0330E,2028,10,254,426.8,429.9083251953125,3.108325195312545,0.510229229927063,0.1666770875453949,0.1666778475046157,0.1666789501905441,0.1666764616966247,0.1666567027568817,0.1666329354047775,0.0008269721874967,0.0020358660258352,0.0037683360278606,0.007215779274702,0.7987193465232849
TS0330E,2028,11,264,416.8,421.6701049804688,4.870104980468796,0.5101274251937866,0.1666803210973739,0.1666804403066635,0.1666805744171142,0.1666764616966247,0.1666541397571563,0.1666280776262283,0.0009243333479389,0.0022133104503154,0.0039271884597837,0.0077988035045564,0.904306411743164
TS0330E,2028,12,274,406.8,415.0369567871094,8.23695678710942,0.5100983381271362,0.1666830480098724,0.1666827201843261,0.1666820496320724,0.1666765958070755,0.1666518747806549,0.1666236966848373,0.0010199022945016,0.0023676513228565,0.0041532986797392,0.0086910929530859,0.9514508247375488
TS0330E,2028,13,284,396.8,406.8219299316406,10.02192993164067,0.5101389288902283,0.1666855216026306,0.1666847914457321,0.1666834205389022,0.1666767448186874,0.1666498482227325,0.1666196882724762,0.0010839659953489,0.0023709919769316,0.0040416102856397,0.0098111033439636,0.9802831411361694
TS0330E,2028,14,294,386.8,398.6531677246094,11.85316772460942,0.5102421045303345,0.1666878312826156,0.1666866987943649,0.1666846871376037,0.1666769534349441,0.1666479855775833,0.1666158735752105,0.0010929871350526,0.0022532930597662,0.0037589946296066,0.0110991178080439,0.991585612297058
TS0330E,2028,15,304,376.8,390.6029052734375,13.802905273437544,0.510408341884613,0.1666898876428604,0.1666884273290634,0.1666859239339828,0.1666772067546844,0.1666462868452072,0.1666122823953628,0.0011115287197753,0.0021838264074176,0.0035937237553298,0.0131750227883458,0.9963784217834472
TS0330E,2028,16,314,366.8,382.725830078125,15.925830078125044,0.5106335878372192,0.1666917949914932,0.1666900664567947,0.1666870862245559,0.1666775047779083,0.1666446775197982,0.1666088253259658,0.0011280965991318,0.0021321547683328,0.0034818332642316,0.0161408148705959,0.9984382390975952
TS0330E,2028,17,324,356.79999999999995,374.8753967285156,18.07539672851567,0.5109062194824219,0.1666937470436096,0.1666917502880096,0.1666882783174514,0.1666778177022934,0.1666431277990341,0.1666052341461181,0.0011565575841814,0.0021193525753915,0.0034357449039816,0.0203091520816087,0.9993457794189452
TS0330E,2028,18,334,346.79999999999995,367.3790283203125,20.579028320312545,0.511220395565033,0.1666956692934036,0.1666934043169021,0.1666895598173141,0.1666782796382904,0.1666415482759475,0.1666014939546585,0.0011687536025419,0.0020964364521205,0.0033808180596679,0.0256502851843833,0.9997255206108092
TS0330E,2028,19,344,336.79999999999995,359.1285095214844,22.32850952148442,0.511574387550354,0.1666977256536483,0.1666952222585678,0.1666909158229828,0.1666787415742874,0.1666398346424102,0.1665975451469421,0.0012009405763819,0.0021193218417465,0.0034012258984148,0.033899899572134,0.9999049305915833
TS0330E,2028,20,354,326.79999999999995,351.0075988769531,24.20759887695317,0.5119518041610718,0.1666999608278274,0.166697159409523,0.166692316532135,0.1666791588068008,0.1666380316019058,0.166593387722969,0.0012414972297847,0.0021658148616552,0.0034718436654657,0.0452948920428752,0.9999695420265198
TS0330E,2028,21,364,316.79999999999995,343.39276123046875,26.592761230468795,0.5123450756072998,0.1667022854089737,0.1666991710662841,0.1666938364505767,0.166679635643959,0.1666361838579177,0.1665888726711273,0.0012801958946511,0.0022226169239729,0.0035692977253347,0.0604424104094505,0.999989926815033
TS0330E,2028,22,374,306.79999999999995,335.7437438964844,28.94374389648442,0.5127557516098022,0.1667047142982483,0.1667013168334961,0.1666954010725021,0.1666802018880844,0.1666341423988342,0.1665841937065124,0.0012840995332226,0.0022355134133249,0.0036118954885751,0.0814718529582023,0.9999964833259584
TS0330E,2028,23,384,296.79999999999995,327.98504638671875,31.185046386718795,0.5131934285163879,0.16670723259449,0.1667035371065139,0.1666970252990722,0.1666806489229202,0.1666319668292999,0.1665795892477035,0.0012988911475986,0.0022782953456044,0.0036976183764636,0.1116445362567901,0.9999988675117492
TS0330E,2028,24,394,286.79999999999995,320.484130859375,33.684130859375045,0.5136362910270691,0.1667098402976989,0.1667058020830154,0.16669861972332,0.1666810512542724,0.1666299551725387,0.1665747463703155,0.0013597175711765,0.0024157895240932,0.0039465399459004,0.1551429480314254,0.999999701976776
TS0330E,2028,25,404,276.79999999999995,314.02349853515625,37.223498535156295,0.5140765905380249,0.1667124480009079,0.1667080521583557,0.1667003333568573,0.1666816771030426,0.1666277348995208,0.1665697544813156,0.0014417230850085,0.0026042773388326,0.0042927684262394,0.2080467343330383,1.0
TS0330E,2028,26,414,266.79999999999995,306.6898498535156,39.88984985351567,0.5145056843757629,0.1667153239250183,0.1667105555534362,0.166702002286911,0.1666819602251052,0.1666252464056015,0.1665649265050888,0.0016403958434239,0.0030129749793559,0.0049522379413247,0.2886805534362793,1.0
TS0330E,2028,27,424,256.79999999999995,300.362060546875,43.562060546875045,0.5149052143096924,0.1667180955410003,0.1667129099369049,0.1667035520076751,0.166682168841362,0.1666231155395507,0.1665601432323455,0.001929520862177,0.0035937738139182,0.0058460179716348,0.3776136636734009,1.0
TS0330E,2028,28,434,246.79999999999995,294.31695556640625,47.516955566406295,0.5152904391288757,0.1667205244302749,0.1667149811983108,0.1667050719261169,0.1666827052831649,0.1666210293769836,0.1665557026863098,0.0023648659698665,0.0044495384208858,0.0071917553432285,0.4731690287590027,1.0
TS0330E,2028,29,444,236.79999999999995,287.8204040527344,51.02040405273442,0.5156742334365845,0.1667229384183883,0.1667171120643615,0.1667065471410751,0.1666828691959381,0.1666188389062881,0.1665516793727874,0.0029542353004217,0.0055954079143702,0.0090244766324758,0.5760551691055298,0.9999998807907104
TS0330E,2028,30,454,226.79999999999995,279.9576110839844,53.15761108398442,0.5160638689994812,0.1667249202728271,0.1667187660932541,0.1667076498270034,0.1666831374168396,0.1666173189878463,0.1665482223033905,0.004013086669147,0.0076600448228418,0.0123868342489004,0.6884328126907349,1.0
TS0330E,2028,31,464,216.79999999999995,273.43096923828125,56.630969238281295,0.5164687633514404,0.1667266935110092,0.1667204052209854,0.1667089164257049,0.1666836589574813,0.1666159480810165,0.1665443778038025,0.0051719294860959,0.0099685210734605,0.0163075923919677,0.7649602293968201,1.0
TS0330E,2028,32,474,206.79999999999995,266.69677734375,59.896777343750045,0.5168817639350891,0.1667288094758987,0.1667223423719406,0.1667104065418243,0.1666842848062515,0.166614145040512,0.1665400117635727,0.0066826320253312,0.0129676666110754,0.0215829107910394,0.8286458253860474,1.0000001192092896
TS0330E,2028,33,484,196.79999999999995,259.12078857421875,62.3207885742188,0.5172995924949646,0.1667311787605285,0.1667244285345077,0.1667119413614273,0.1666845828294754,0.1666118800640106,0.1665359884500503,0.0088558960705995,0.0173021834343671,0.0293291490525007,0.8841797113418579,1.0000001192092896
TS0330E,2028,34,494,186.79999999999995,250.3150787353516,63.51507873535161,0.5177211165428162,0.1667332798242569,0.1667261570692062,0.1667129546403885,0.1666846126317978,0.1666101962327957,0.1665327697992324,0.0123593565076589,0.0242444742470979,0.0418607965111732,0.9302566051483154,0.9999998807907104
TS0330E,2028,35,504,176.79999999999995,245.12188720703125,68.3218872070313,0.5181729793548584,0.166734516620636,0.1667273342609405,0.1667138189077377,0.1666848212480545,0.1666088849306106,0.1665306091308593,0.0151604637503623,0.0300197843462228,0.0529537238180637,0.947391927242279,0.9999999403953552
TS0330E,2028,36,514,166.79999999999995,241.03598022460935,74.23598022460942,0.5186372399330139,0.1667356789112091,0.1667283177375793,0.166714459657669,0.1666848212480545,0.1666080057621002,0.1665287017822265,0.0178116615861654,0.0355946086347103,0.0642011985182762,0.9572463631629944,1.0
TS0330E,2028,37,524,156.79999999999995,237.85403442382807,81.05403442382817,0.5191029906272888,0.1667366772890091,0.1667292118072509,0.1667151451110839,0.1666852682828903,0.1666074097156524,0.1665262728929519,0.0201587118208408,0.04063056781888,0.0747508779168129,0.963145673274994,1.0
TS0330E,2028,38,534,146.79999999999995,235.91506958007807,89.11506958007817,0.5195881724357605,0.1667380183935165,0.1667305082082748,0.1667163372039795,0.1666858792304992,0.1666062474250793,0.1665230095386505,0.0215488672256469,0.043841429054737,0.0825181901454925,0.9655073881149292,0.9999998807907104
TS0330F,2026,0,170,515.35,522.913818359375,7.563818359374977,0.5050991773605347,0.1667741239070892,0.1667578071355819,0.1667305529117584,0.1666828244924545,0.1665798276662826,0.1664748340845108,0.0008839416550472,0.0022382012102752,0.0141928158700466,0.0176187455654144,0.1003264486789703
TS0330F,2026,1,180,505.35,521.597900390625,16.247900390624977,0.5051741600036621,0.166774109005928,0.1667577773332595,0.1667305380105972,0.1666828542947769,0.1665798872709274,0.1664748936891555,0.0009352947236038,0.0023632613010704,0.0147205684334039,0.0183376930654048,0.1043029651045799
TS0330F,2026,2,190,495.35,519.9173583984375,24.56735839843748,0.5052606463432312,0.1667740494012832,0.166757732629776,0.1667304784059524,0.1666828095912933,0.1665799021720886,0.1664750277996063,0.0010044693481177,0.0025301459245383,0.015428646467626,0.0193030200898647,0.1094892024993896
TS0330F,2026,3,200,485.35,517.72314453125,32.37314453124998,0.505358874797821,0.1667739748954773,0.1667576432228088,0.1667304337024688,0.1666827946901321,0.1665799468755722,0.1664752066135406,0.0011017592623829,0.0027624699287116,0.0163949355483055,0.0206303093582391,0.1164129301905632
TS0330F,2026,4,210,475.35,514.8509521484375,39.50095214843748,0.5054689645767212,0.1667739003896713,0.166757583618164,0.1667303740978241,0.1666827350854873,0.1665800362825393,0.1664753705263137,0.0012389527400955,0.0030870123300701,0.0177271421998739,0.0224698055535554,0.1256918460130691
TS0330F,2026,5,220,465.35,511.0696411132813,45.71964111328123,0.5055912137031555,0.1667738258838653,0.1667575240135193,0.1667302995920181,0.1666827350854873,0.1665800660848617,0.1664755493402481,0.0014372230507433,0.0035510996822267,0.0195936970412731,0.025067901238799,0.1382578760385513
TS0330F,2026,6,230,455.35,506.2156982421875,50.86569824218748,0.5057257413864136,0.1667737364768982,0.1667574197053909,0.1667302399873733,0.1666827201843261,0.1665801554918289,0.1664757132530212,0.0017213183455169,0.0042118774726986,0.0221854988485574,0.02870824187994,0.1549473702907562
TS0330F,2026,7,240,445.35,500.1365356445313,54.78653564453123,0.5058724880218506,0.1667736321687698,0.1667573153972625,0.1667301803827285,0.1666827201843261,0.1665802597999572,0.1664758771657943,0.002125259488821,0.0051455846987664,0.0257142577320337,0.0337283462285995,0.1766090542078018
TS0330F,2026,8,250,435.35,492.7022705078125,57.35227050781248,0.5060310959815979,0.1667735129594802,0.1667572557926178,0.1667301207780838,0.1666827201843261,0.1665803492069244,0.1664760708808899,0.0026927734725177,0.0064538652077317,0.03038876876235,0.0404992513358593,0.2039459198713302
TS0330F,2026,9,260,425.35,484.1761474609375,58.82614746093748,0.5062010884284973,0.1667734235525131,0.1667571365833282,0.1667300760746002,0.1666827201843261,0.1665804237127304,0.1664762496948242,0.0034456173889338,0.0081854639574885,0.0362621247768402,0.0491693392395973,0.2361999899148941
TS0330F,2026,10,270,415.35,474.4515686035156,59.1015686035156,0.5063828229904175,0.1667733192443847,0.1667570620775222,0.1667300164699554,0.1666827052831649,0.1665804982185363,0.1664763987064361,0.0044400682672858,0.0104747023433446,0.043534617871046,0.0601452142000198,0.2737610340118408
TS0330F,2026,11,280,405.35,463.7155456542969,58.36554565429685,0.5065767168998718,0.1667732149362564,0.1667569726705551,0.1667299419641494,0.1666827201843261,0.1665805876255035,0.1664765775203704,0.0057238065637648,0.0134295895695686,0.0521667338907718,0.0735432133078575,0.3157555162906647
TS0330F,2026,12,290,395.35,452.11041259765625,56.76041259765623,0.5067800879478455,0.1667730957269668,0.1667568534612655,0.1667298823595047,0.1666827201843261,0.1665806770324707,0.1664767563343048,0.0073301317170262,0.017145924270153,0.0622771047055721,0.0895950570702552,0.3613305687904358
TS0330F,2026,13,300,385.35,439.9273681640625,54.57736816406248,0.5069913268089294,0.1667729765176773,0.1667567640542984,0.1667297929525375,0.1666827052831649,0.166580781340599,0.1664769798517227,0.0092210015282034,0.0215730965137481,0.0736900866031646,0.1081666946411132,0.4090082943439483
TS0330F,2026,14,310,375.35,427.48291015625,52.13291015624998,0.5072090029716492,0.1667728424072265,0.1667566448450088,0.1667297184467315,0.1666826903820037,0.1665808707475662,0.1664772182703018,0.0113848857581615,0.0266728121787309,0.0862822160124778,0.1290313750505447,0.4568990767002105
TS0330F,2026,15,320,365.35,414.9332885742188,49.58328857421873,0.5074301958084106,0.1667727082967758,0.1667565405368805,0.1667296588420868,0.1666826903820037,0.1665809601545334,0.1664774417877197,0.0138487461954355,0.0325000584125518,0.0999862998723983,0.1520797908306121,0.5038214921951294
TS0330F,2026,16,330,355.35,402.4933166503906,47.1433166503906,0.5076543688774109,0.1667725890874862,0.1667563915252685,0.1667295545339584,0.1666826605796814,0.1665811091661453,0.16647769510746,0.0165708530694246,0.0389450602233409,0.1147123426198959,0.1769302189350128,0.5486018657684326
TS0330F,2026,17,340,345.35,390.22601318359375,44.87601318359373,0.5078754425048828,0.1667724400758743,0.1667563170194625,0.1667294800281524,0.166682630777359,0.1665811985731125,0.1664779484272003,0.0195635668933391,0.046009324491024,0.1303254812955856,0.2032298445701599,0.5908559560775757
TS0330F,2026,18,350,335.35,378.8663330078125,43.51633300781248,0.5080899000167847,0.1667723059654235,0.1667561829090118,0.1667294055223465,0.1666826158761978,0.166581317782402,0.1664782017469406,0.022617245092988,0.0532450973987579,0.1458545923233032,0.2290806621313095,0.6282038688659668
TS0330F,2026,19,360,325.35,368.26611328125,42.91611328124998,0.5083020329475403,0.1667721420526504,0.1667560189962387,0.1667292714118957,0.1666825860738754,0.1665814667940139,0.1664784997701645,0.0257256031036376,0.0606342852115631,0.1613130271434784,0.2545590400695801,0.6613873243331909
TS0330F,2026,20,370,315.35,358.3590087890625,43.00900878906248,0.5085082650184631,0.1667719632387161,0.1667558997869491,0.1667291671037674,0.1666825413703918,0.1665816158056259,0.1664788424968719,0.028913851827383,0.0681341961026191,0.1765795201063156,0.2793905436992645,0.6910178661346436
TS0330F,2026,21,380,305.35,349.3031311035156,43.9531311035156,0.5087085366249084,0.1667718142271042,0.1667557507753372,0.1667290478944778,0.1666824966669082,0.1665817648172378,0.166479155421257,0.0321015492081642,0.0755691230297088,0.1912460923194885,0.3029227554798126,0.7167511582374573
TS0330F,2026,22,390,295.35,340.8717346191406,45.5217346191406,0.5089033246040344,0.1667716652154922,0.1667556166648864,0.1667289435863495,0.166682481765747,0.1665818840265274,0.1664794385433197,0.0353088900446891,0.0830034613609314,0.2055143415927887,0.3255805075168609,0.7394641637802124
TS0330F,2026,23,400,285.35,333.54742431640625,48.19742431640623,0.5090874433517456,0.1667715162038803,0.1667554974555969,0.1667288392782211,0.1666824370622635,0.1665820181369781,0.16647969186306,0.0382729992270469,0.0899368748068809,0.2184587270021438,0.3459199070930481,0.7580856680870056
TS0330F,2026,24,410,275.35,326.98260498046875,51.63260498046873,0.5092623233795166,0.1667714118957519,0.1667553782463073,0.1667287498712539,0.1666824072599411,0.1665821224451065,0.1664799302816391,0.0411115624010562,0.0965251252055168,0.2304783761501312,0.3645357489585876,0.7740060091018677
TS0330F,2026,25,420,265.35,321.10406494140625,55.75406494140623,0.5094285607337952,0.1667712777853012,0.1667552441358566,0.1667286604642868,0.1666823923587799,0.166582241654396,0.1664801687002182,0.043788731098175,0.1027895212173461,0.2415760904550552,0.381417840719223,0.7877311706542969
TS0330F,2026,26,430,255.35,315.9620056152344,60.61200561523435,0.5095877051353455,0.1667711585760116,0.1667551398277282,0.1667285561561584,0.1666823476552963,0.1665823608636856,0.1664804071187973,0.046218991279602,0.1084872111678123,0.2515698373317718,0.3964071273803711,0.7993192076683044
TS0330F,2026,27,440,245.35,311.042236328125,65.69223632812498,0.5097469687461853,0.1667710989713668,0.1667550653219223,0.1667284965515136,0.1666823029518127,0.1665824204683303,0.1664805859327316,0.0486307293176651,0.1141274645924568,0.2614142000675201,0.4109407961368561,0.8100003004074097
TS0330F,2026,28,450,235.35,306.9053039550781,71.5553039550781,0.5098986029624939,0.1667711734771728,0.1667551398277282,0.1667284816503524,0.1666822433471679,0.1665823608636856,0.1664806306362152,0.0506932400166988,0.1189483106136322,0.269970953464508,0.4233497977256775,0.81873619556427
TS0330F,2026,29,460,225.35,302.88726806640625,77.53726806640623,0.510040819644928,0.1667713075876236,0.1667552292346954,0.1667285561561584,0.1666822284460067,0.1665822118520736,0.1664804816246032,0.0527899228036403,0.1238117888569831,0.2783915400505066,0.4354402422904968,0.8270023465156555
TS0330F,2026,30,470,215.35,298.8216552734375,83.47165527343748,0.510176956653595,0.1667713522911071,0.166755273938179,0.166728600859642,0.1666823029518127,0.1665821671485901,0.1664803028106689,0.0550117492675781,0.1289507895708084,0.2870043516159057,0.4477082788944244,0.8350902795791626
TS0330F,2026,31,480,205.35,295.38189697265625,90.03189697265623,0.5103054642677307,0.1667713224887848,0.1667552441358566,0.1667285859584808,0.1666823029518127,0.1665822714567184,0.1664802879095077,0.0569220259785652,0.1333641558885574,0.2944670915603637,0.4581754207611084,0.8417752981185913
TS0330F,2026,32,490,195.35,291.8226013183594,96.47260131835937,0.5104324817657471,0.1667712330818176,0.1667551845312118,0.166728526353836,0.1666823029518127,0.1665823459625244,0.1664803773164749,0.0589827299118042,0.1380975991487503,0.3022634088993072,0.46902996301651,0.8484947085380554
TS0330F,2027,0,170,515.35,533.3854370117188,18.035437011718727,0.5033749341964722,0.1666309088468551,0.1666343212127685,0.1666405946016311,0.1666541546583175,0.1666954010725021,0.1667446047067642,0.0014430722221732,0.0018562000477686,0.0038458968047052,0.0162728913128376,0.1036586463451385
TS0330F,2027,1,180,505.35,532.2533569335938,26.903356933593727,0.5033847093582153,0.1666309088468551,0.1666343063116073,0.1666405647993087,0.1666541546583175,0.1666954159736633,0.1667446196079254,0.0015328840818256,0.0019723852165043,0.0040771896019577,0.0170794147998094,0.1068579405546188
TS0330F,2027,2,190,495.35,530.6804809570312,35.33048095703123,0.5033938884735107,0.1666308790445327,0.1666342914104461,0.1666405797004699,0.1666541546583175,0.1666954457759857,0.166744664311409,0.0016543626552447,0.0021319359075278,0.0044030169956386,0.0182241890579462,0.1114425212144851
TS0330F,2027,3,200,485.35,528.54345703125,43.19345703124998,0.5034011602401733,0.166630819439888,0.1666342616081237,0.1666405647993087,0.1666541546583175,0.1666954457759857,0.1667447090148925,0.0018229470588266,0.0023560777772217,0.0048625161871314,0.0198378581553697,0.1181488782167434
TS0330F,2027,4,210,475.35,525.8289184570312,50.47891845703123,0.503405749797821,0.1666308045387268,0.1666342169046402,0.1666405349969864,0.1666541546583175,0.1666954904794693,0.1667447835206985,0.0020501839462667,0.0026599608827382,0.0054853647015988,0.0220016986131668,0.1269585788249969
TS0330F,2027,5,220,465.35,522.3602905273438,57.01029052734373,0.5034065842628479,0.1666307896375656,0.1666342169046402,0.1666405349969864,0.1666541546583175,0.1666955053806305,0.1667448133230209,0.0023626710753887,0.0030798374209553,0.0063403532840311,0.0249481424689292,0.1386039406061172
TS0330F,2027,6,230,455.35,518.1603393554688,62.81033935546873,0.50340336561203,0.1666307598352432,0.1666341722011566,0.166640505194664,0.1666541546583175,0.1666955351829528,0.1667448729276657,0.0027875965461134,0.0036525689065456,0.007469420786947,0.0287554878741502,0.1531262248754501
TS0330F,2027,7,240,445.35,512.7835693359375,67.43356933593748,0.5033961534500122,0.1666307151317596,0.1666341572999954,0.1666404902935028,0.1666541546583175,0.1666955649852752,0.1667449027299881,0.003397683147341,0.0044801956973969,0.0090659204870462,0.0340067334473133,0.1722560822963714
TS0330F,2027,8,250,435.35,506.0715026855469,70.72150268554685,0.5033853650093079,0.1666306853294372,0.166634127497673,0.1666404753923416,0.1666541546583175,0.1666955947875976,0.1667449623346328,0.0042488100007176,0.0056470716372132,0.0112945642322301,0.0411796048283577,0.1964661478996276
TS0330F,2027,9,260,425.35,497.8635559082031,72.5135559082031,0.5033713579177856,0.1666306555271148,0.1666340976953506,0.1666404753923416,0.1666541546583175,0.16669562458992,0.1667450070381164,0.0054461108520627,0.0072992341592907,0.0143890511244535,0.0508271381258964,0.2264912873506546
TS0330F,2027,10,270,415.35,488.01654052734375,72.66654052734373,0.5033543705940247,0.1666306406259536,0.1666340827941894,0.1666404604911804,0.1666541546583175,0.1666956394910812,0.1667450219392776,0.0070893471129238,0.0095897056162357,0.0186127517372369,0.0636187866330146,0.2626339197158813
TS0330F,2027,11,280,405.35,476.6322326660156,71.2822326660156,0.5033344030380249,0.1666305959224701,0.166634052991867,0.1666404455900192,0.1666541695594787,0.1666956543922424,0.1667450517416,0.0092768808826804,0.0126724289730191,0.0242103338241577,0.079973965883255,0.3043159544467926
TS0330F,2027,12,290,395.35,463.8909912109375,68.54099121093748,0.5033122897148132,0.1666305810213089,0.166634052991867,0.1666404455900192,0.1666541695594787,0.1666956841945648,0.1667450815439224,0.0120668038725852,0.0166693087667226,0.0314066335558891,0.1000155210494995,0.3505162298679352
TS0330F,2027,13,300,385.35,449.5832214355469,64.23322143554685,0.5032885074615479,0.1666305512189865,0.1666340380907058,0.1666404455900192,0.1666541844606399,0.1666956841945648,0.1667450964450836,0.0156190069392323,0.0218413956463336,0.0406117364764213,0.1247269436717033,0.4013715982437134
TS0330F,2027,14,310,375.35,434.302001953125,58.95200195312498,0.5032628178596497,0.1666305512189865,0.166634052991867,0.1666404455900192,0.1666541695594787,0.1666956841945648,0.1667450517416,0.0199282988905906,0.0282057896256446,0.0518781580030918,0.1536604911088943,0.4538763165473938
TS0330F,2027,15,320,365.35,418.2264404296875,52.87644042968748,0.5032357573509216,0.1666305661201477,0.166634052991867,0.1666404455900192,0.1666541844606399,0.1666956841945648,0.1667450219392776,0.0250573456287384,0.0359007306396961,0.0652905255556106,0.1866069138050079,0.5072104930877686
TS0330F,2027,16,330,355.35,401.7965698242188,46.44656982421873,0.5032063722610474,0.1666305661201477,0.1666340678930282,0.1666404753923416,0.1666541993618011,0.1666956692934036,0.1667449921369552,0.0309545826166868,0.0448579117655754,0.08075812458992,0.2228964269161224,0.5593600273132324
TS0330F,2027,17,340,345.35,385.1046142578125,39.75461425781248,0.5031761527061462,0.1666306108236313,0.1666340976953506,0.166640505194664,0.1666541993618011,0.1666956543922424,0.1667449325323104,0.0376176089048385,0.0551034398376941,0.0982999950647354,0.262282133102417,0.6096351742744446
TS0330F,2027,18,350,335.35,368.9409790039063,33.59097900390623,0.503145158290863,0.166630670428276,0.1666341125965118,0.1666405200958252,0.1666541993618011,0.16669562458992,0.1667448729276657,0.0447277128696441,0.0662108361721038,0.1171648353338241,0.302618533372879,0.6556224226951599
TS0330F,2027,19,360,325.35,354.05645751953125,28.706457519531227,0.5031113028526306,0.166630670428276,0.166634127497673,0.1666405349969864,0.1666542440652847,0.16669562458992,0.1667447984218597,0.0519978590309619,0.0776366665959358,0.1363762766122818,0.3414917588233948,0.6953206658363342
TS0330F,2027,20,370,315.35,339.44024658203125,24.090246582031227,0.5030758380889893,0.1666306853294372,0.1666341572999954,0.1666405498981475,0.1666542589664459,0.16669562458992,0.1667447388172149,0.0598657503724098,0.0900593549013137,0.1568451225757599,0.3810631334781647,0.7321495413780212
TS0330F,2027,21,380,305.35,325.9603881835937,20.610388183593727,0.5030378103256226,0.1666307151317596,0.1666341722011566,0.1666405647993087,0.1666542589664459,0.1666955947875976,0.1667446941137313,0.0677003636956214,0.102540910243988,0.1774186342954635,0.4186728596687317,0.7637978196144104
TS0330F,2027,22,390,295.35,313.3859558105469,18.03595581054685,0.5029973983764648,0.1666307300329208,0.1666342318058014,0.1666405946016311,0.1666542589664459,0.166695550084114,0.1667446345090866,0.075707271695137,0.1153433099389076,0.197979986667633,0.4546106159687042,0.7917230129241943
TS0330F,2027,23,400,285.35,301.1830444335937,15.833044433593727,0.5029565691947937,0.1666307747364044,0.1666342616081237,0.1666406244039535,0.1666542738676071,0.1666955351829528,0.1667445302009582,0.0840076357126236,0.1287080496549606,0.219365507364273,0.4900499582290649,0.8170179128646851
TS0330F,2027,24,410,275.35,290.1395263671875,14.789526367187475,0.50291508436203,0.1666308045387268,0.1666342914104461,0.1666406542062759,0.1666542887687683,0.1666955053806305,0.1667444556951522,0.0920266509056091,0.1417421102523803,0.2400175333023071,0.5226333141326904,0.8384324312210083
TS0330F,2027,25,420,265.35,280.0610046386719,14.711004638671852,0.5028727054595947,0.1666308492422104,0.1666343361139297,0.1666406989097595,0.1666542887687683,0.1666954606771469,0.1667443811893463,0.0998646914958953,0.1544886231422424,0.2599154710769653,0.5526542663574219,0.8567933440208435
TS0330F,2027,26,430,255.35,270.9860534667969,15.636053466796852,0.5028286576271057,0.1666308790445327,0.1666343659162521,0.1666407287120819,0.1666543036699295,0.1666954308748245,0.1667443215847015,0.1074145808815956,0.1667681485414505,0.2789011299610138,0.5796569585800171,0.8722235560417175
TS0330F,2027,27,440,245.35,263.2124328613281,17.862432861328102,0.5027810335159302,0.1666309237480163,0.1666343808174133,0.1666407287120819,0.1666543185710907,0.1666954010725021,0.1667442321777343,0.1143969893455505,0.1780316978693008,0.295943021774292,0.6029021739959717,0.884671151638031
TS0330F,2027,28,450,235.35,254.42379760742188,19.07379760742185,0.502734899520874,0.1666310429573059,0.1666345000267028,0.1666407883167266,0.1666543185710907,0.1666952818632125,0.1667440533638,0.1227225065231323,0.1914824545383453,0.3159337341785431,0.6290265321731567,0.8980048894882202
TS0330F,2027,29,460,225.35,245.81271362304688,20.46271362304685,0.5026912093162537,0.1666312366724014,0.166634663939476,0.1666409224271774,0.166654348373413,0.1666951030492782,0.1667437404394149,0.1310549974441528,0.2052285522222519,0.3364260494709015,0.6546928882598877,0.9102024435997008
TS0330F,2027,30,470,215.35,239.22592163085935,23.875921630859352,0.5026470422744751,0.1666314005851745,0.1666348278522491,0.1666410416364669,0.1666543930768966,0.1666949391365051,0.1667433679103851,0.1376823037862777,0.2162652164697647,0.3527483344078064,0.6743848323822021,0.91896653175354
TS0330F,2027,31,480,205.35,233.37722778320312,28.027227783203102,0.5026033520698547,0.1666315048933029,0.1666349321603775,0.1666411310434341,0.1666544377803802,0.1666948646306991,0.1667430847883224,0.1440103203058242,0.2266632914543151,0.3678070306777954,0.6915996074676514,0.9262710809707642
TS0330F,2027,32,490,195.35,228.2738800048828,32.92388000488279,0.5025575160980225,0.1666315644979477,0.166634976863861,0.1666411757469177,0.166654497385025,0.1666948348283767,0.1667429506778717,0.149721473455429,0.2359938472509384,0.3812829256057739,0.706541895866394,0.9323338866233826
TS0330F,2028,0,170,515.35,509.2214965820313,6.128503417968773,0.511143684387207,0.1666167229413986,0.1666259318590164,0.1666400730609893,0.1666630655527115,0.1667060256004333,0.1667481809854507,0.000330894079525,0.0007362103788182,0.0014184144092723,0.0076620546169579,0.1277483701705932
TS0330F,2028,1,180,505.35,508.4830322265625,3.1330322265624773,0.5109384059906006,0.1666167676448822,0.1666259467601776,0.1666401028633117,0.1666630953550338,0.1667060256004333,0.166748046875,0.000341259263223,0.0007593950722366,0.0014645076589658,0.0078076142817735,0.1300377696752548
TS0330F,2028,2,190,495.35,507.5612182617188,12.211218261718727,0.5107203722000122,0.1666168272495269,0.1666260361671447,0.1666401922702789,0.1666631400585174,0.1667059808969497,0.1667478233575821,0.0003551322151906,0.0007887435494922,0.0015207787510007,0.0079888375476002,0.1328414231538772
TS0330F,2028,3,200,485.35,506.2687377929688,20.918737792968727,0.5104948878288269,0.1666169613599777,0.1666261553764343,0.1666402965784073,0.1666631996631622,0.166705846786499,0.1667475402355194,0.0003747338778339,0.0008285121875815,0.0015929728979244,0.0082330182194709,0.1367531269788742
TS0330F,2028,4,210,475.35,504.4640502929688,29.114050292968727,0.5102733969688416,0.166617140173912,0.1666263192892074,0.1666404157876968,0.1666632294654846,0.1667056679725647,0.1667471975088119,0.0004053327138535,0.0008927541784942,0.0017093926435336,0.0086429268121719,0.1426678746938705
TS0330F,2028,5,220,465.35,501.8450012207031,36.4950012207031,0.5100653171539307,0.1666173487901687,0.1666264981031417,0.1666405200958252,0.1666632294654846,0.1667055338621139,0.166746899485588,0.0004545180709101,0.0009984275093302,0.0019018775783479,0.0093364305794239,0.1519412100315094
TS0330F,2028,6,230,455.35,498.1610107421875,42.81101074218748,0.509883463382721,0.1666175574064254,0.1666266471147537,0.1666406244039535,0.1666631996631622,0.1667053550481796,0.1667466312646865,0.0005336084868758,0.0011718681780621,0.0022179931402206,0.0105003407225012,0.1662121713161468
TS0330F,2028,7,240,445.35,493.1331787109375,47.78317871093748,0.5097375512123108,0.1666177362203598,0.166626825928688,0.1666407138109207,0.166663184762001,0.1667051911354065,0.1667463779449463,0.0006628292030654,0.0014608873752877,0.0027415375225245,0.0124407596886157,0.1874560266733169
TS0330F,2028,8,250,435.35,486.5744018554688,51.22440185546873,0.5096348524093628,0.1666179448366165,0.1666269749403,0.1666407883167266,0.1666631698608398,0.1667050421237945,0.1667460501194,0.0008706080261617,0.0019353574607521,0.0036013212520629,0.0155789637938141,0.2174365371465683
TS0330F,2028,9,260,425.35,478.58013916015625,53.23013916015623,0.5095801949501038,0.1666181832551956,0.1666271984577179,0.1666409522294998,0.1666631996631622,0.1667048633098602,0.1667456030845642,0.0011927257291972,0.0026811950374394,0.0049412832595407,0.0203742645680904,0.2565804421901703
TS0330F,2028,10,270,415.35,468.65045166015625,53.30045166015623,0.5095739364624023,0.1666185706853866,0.1666274815797805,0.1666411310434341,0.1666632443666458,0.1667046397924423,0.1667449325323104,0.0017107425956055,0.0039003738202154,0.0071009169332683,0.0279289223253726,0.3076857030391693
TS0330F,2028,11,280,405.35,456.96099853515625,51.61099853515623,0.509619951248169,0.1666190326213836,0.1666279137134552,0.1666414439678192,0.1666633337736129,0.166704311966896,0.1667440086603164,0.0024983030743896,0.0057718674652278,0.0103491395711898,0.0391526147723197,0.3691683709621429
TS0330F,2028,12,290,395.35,443.9251708984375,48.57517089843748,0.50971519947052,0.1666197180747985,0.1666284948587417,0.1666418462991714,0.1666634827852249,0.1667038053274154,0.1667426377534866,0.0036549416836351,0.0085264099761843,0.0150422872975468,0.054903857409954,0.4375396966934204
TS0330F,2028,13,300,385.35,429.6757507324219,44.32575073242185,0.5098545551300049,0.1666206419467926,0.166629284620285,0.1666424423456192,0.1666636914014816,0.1667031347751617,0.1667408049106598,0.0053014573641121,0.0124684115871787,0.0216091275215148,0.0763284340500831,0.5093339085578918
TS0330F,2028,14,310,375.35,415.06201171875,39.71201171874998,0.510033905506134,0.1666217893362045,0.1666302978992462,0.1666431874036789,0.1666639745235443,0.1667022556066513,0.1667384654283523,0.0075307940132915,0.0177019573748111,0.030052026733756,0.1031104549765586,0.5778442621231079
TS0330F,2028,15,320,365.35,399.80511474609375,34.45511474609373,0.5102430582046509,0.1666232645511627,0.1666315644979477,0.1666441410779953,0.1666643321514129,0.1667011380195617,0.1667355597019195,0.0105076227337121,0.0245703142136335,0.0407534800469875,0.1358909010887146,0.6428972482681274
TS0330F,2028,16,330,355.35,384.5217895507813,29.171789550781227,0.5104795098304749,0.1666249483823776,0.166633054614067,0.1666452586650848,0.1666647344827652,0.1666997820138931,0.1667322665452957,0.0143047496676445,0.0331363268196582,0.053721759468317,0.1734458208084106,0.7005361318588257
TS0330F,2028,17,340,345.35,369.129638671875,23.779638671874977,0.5107301473617554,0.1666268855333328,0.1666347384452819,0.1666464805603027,0.1666650772094726,0.1666982024908065,0.1667285859584808,0.0189499761909246,0.0435390695929527,0.0691682174801826,0.2152279764413833,0.7513444423675537
TS0330F,2028,18,350,335.35,354.49224853515625,19.142248535156227,0.5109879374504089,0.1666289269924163,0.1666364967823028,0.1666477769613266,0.166665494441986,0.166696548461914,0.1667247414588928,0.0242075659334659,0.0552278459072113,0.0862410739064216,0.2581787705421448,0.7932140231132507
TS0330F,2028,19,360,325.35,340.8400573730469,15.490057373046852,0.5112543106079102,0.1666310280561447,0.1666383147239685,0.1666490882635116,0.1666659265756607,0.1666948348283767,0.1667208224534988,0.0298822503536939,0.0678074583411216,0.1043949946761131,0.3005444705486297,0.8267435431480408
TS0330F,2028,20,370,315.35,327.9931945800781,12.643194580078102,0.5115206241607666,0.1666331738233566,0.1666401922702789,0.1666504591703415,0.1666662991046905,0.1666930615901947,0.1667167544364929,0.0359538830816745,0.0812021419405937,0.123582437634468,0.3422616124153137,0.8540058135986328
TS0330F,2028,21,380,305.35,315.8387756347656,10.488775634765602,0.5117848515510559,0.1666353195905685,0.1666420549154281,0.1666518151760101,0.1666667014360427,0.1666911989450454,0.1667128652334213,0.0424289032816886,0.0953202620148658,0.1435680240392685,0.3829345107078552,0.8765067458152771
TS0330F,2028,22,390,295.35,304.733154296875,9.383154296874975,0.5120448470115662,0.1666373908519745,0.1666438579559326,0.1666530519723892,0.166666954755783,0.1666894704103469,0.1667092442512512,0.0492326095700264,0.1096492707729339,0.1636083722114563,0.4207576513290405,0.8941897749900818
TS0330F,2028,23,400,285.35,295.0704040527344,9.720404052734352,0.5122929215431213,0.1666393131017685,0.1666455119848251,0.1666542142629623,0.1666672527790069,0.1666879057884216,0.1667058020830154,0.0558465011417865,0.1232650727033615,0.1823606640100479,0.4540822505950928,0.9078283309936525
TS0330F,2028,24,410,275.35,285.97003173828125,10.620031738281227,0.5125290155410767,0.1666411012411117,0.1666470319032669,0.1666552871465683,0.1666675359010696,0.1666863560676574,0.1667026579380035,0.0625947341322898,0.1370308548212051,0.2012114822864532,0.4855821132659912,0.919382631778717
TS0330F,2028,25,420,265.35,277.8915100097656,12.541510009765602,0.5127534866333008,0.1666428297758102,0.1666485220193863,0.1666563004255294,0.1666677445173263,0.1666849553585052,0.1666996777057647,0.0690007805824279,0.1500340849161148,0.2188446968793869,0.513613760471344,0.9286590814590454
TS0330F,2028,26,430,255.35,271.09197998046875,15.741979980468727,0.5129689574241638,0.1666442453861236,0.1666497737169265,0.1666571944952011,0.166667953133583,0.1666836440563202,0.1666971743106842,0.0747278109192848,0.161572128534317,0.2344305217266082,0.537135124206543,0.935799241065979
TS0330F,2028,27,440,245.35,264.2022399902344,18.852239990234352,0.5131838321685791,0.1666455268859863,0.1666508466005325,0.1666579246520996,0.1666680872440338,0.1666826456785202,0.1666949540376663,0.0808545351028442,0.1738344430923462,0.2509247660636902,0.560806155204773,0.9424562454223632
TS0330F,2028,28,450,235.35,259.32501220703125,23.975012207031227,0.51338791847229,0.1666466742753982,0.1666519045829773,0.1666586846113205,0.1666683703660965,0.1666817367076873,0.1666925996541977,0.0854158252477645,0.1828801333904266,0.2630114555358886,0.5774902105331421,0.9468525052070618
TS0330F,2028,29,460,225.35,254.59759521484372,29.247595214843727,0.5135781764984131,0.1666479706764221,0.1666530221700668,0.1666595339775085,0.1666686236858368,0.166680559515953,0.1666903048753738,0.0900206565856933,0.1919313222169876,0.2750469446182251,0.5935816764831543,0.950859546661377
TS0330F,2028,30,470,215.35,249.24073791503903,33.89073791503904,0.513759195804596,0.1666492819786071,0.1666541546583175,0.1666602790355682,0.1666687279939651,0.166679561138153,0.1666879951953888,0.0954009890556335,0.2025341093540191,0.2890404164791107,0.6117109060287476,0.9551221132278442
TS0330F,2028,31,480,205.35,244.8120574951172,39.462057495117165,0.5139308571815491,0.1666503846645355,0.1666551232337951,0.1666610091924667,0.1666689962148666,0.1666785776615142,0.1666859239339828,0.0999893769621849,0.2115581631660461,0.3008930683135986,0.6265556812286377,0.9584707617759703
TS0330F,2028,32,490,195.35,240.6768798828125,45.32687988281248,0.5140995979309082,0.1666514873504638,0.1666560769081115,0.1666616648435592,0.1666690856218338,0.1666775792837143,0.166684091091156,0.1044060513377189,0.2202126830816269,0.3121425807476043,0.6403474807739258,0.9614092707633972
TS0330G,2026,0,142,531.33,428.9040832519531,102.42591674804692,0.5021336674690247,0.1666972786188125,0.1666919142007827,0.1666849702596664,0.16667240858078,0.1666432321071624,0.1666102260351181,0.0078780837357044,0.0385790802538394,0.1321663558483123,0.1597912311553955,0.4449570775032043
TS0330G,2026,1,152,521.33,428.43206787109375,92.89793212890628,0.5021291971206665,0.166697159409523,0.1666917949914932,0.166684865951538,0.1666723191738128,0.1666433066129684,0.1666105240583419,0.0079884445294737,0.0388446971774101,0.1319196373224258,0.1596162468194961,0.448354035615921
TS0330G,2026,2,162,511.33,427.4605102539063,83.86948974609379,0.5021309852600098,0.166697010397911,0.1666916161775589,0.1666847169399261,0.1666722744703292,0.1666434407234192,0.166610911488533,0.0082060461863875,0.0394286401569843,0.1323439329862594,0.1603216081857681,0.4536182284355163
TS0330G,2026,3,172,501.33,425.6186828613281,75.71131713867192,0.502141535282135,0.1666968017816543,0.1666914522647857,0.1666845828294754,0.1666721999645233,0.1666436195373535,0.1666113585233688,0.0086134588345885,0.0405746288597583,0.1338505446910858,0.1624399721622467,0.462483137845993
TS0330G,2026,4,182,491.33,422.6596984863281,68.67030151367192,0.5021632313728333,0.1666965782642364,0.1666912138462066,0.166684404015541,0.1666721701622009,0.1666438430547714,0.1666118204593658,0.0092642474919557,0.04251279681921,0.1370162516832351,0.1667158454656601,0.4755321741104126
TS0330G,2026,5,192,481.33,418.4355163574219,62.894483642578166,0.5021973848342896,0.1666963398456573,0.1666910052299499,0.1666842252016067,0.1666721254587173,0.1666440367698669,0.1666122376918792,0.0102357994765043,0.0454524978995323,0.1420974433422088,0.1734960973262787,0.4930152893066406
TS0330G,2026,6,202,471.33,412.87347412109375,58.45652587890629,0.502246081829071,0.1666961163282394,0.1666907966136932,0.1666840761899948,0.1666720658540725,0.1666442602872848,0.1666126847267151,0.0115924924612045,0.0495779924094677,0.149301066994667,0.183059960603714,0.5147877931594849
TS0330G,2026,7,212,461.33,405.7843933105469,55.545606689453166,0.5023122429847717,0.1666958630084991,0.1666905730962753,0.1666839271783828,0.1666720360517501,0.1666444391012191,0.1666131466627121,0.0134547296911478,0.0551838353276252,0.1590020507574081,0.1958979666233062,0.5411744713783264
TS0330G,2026,8,222,451.33,397.20794677734375,54.12205322265629,0.5023946762084961,0.1666956394910812,0.1666903644800186,0.1666837632656097,0.1666720062494278,0.1666446775197982,0.1666135489940643,0.0159064792096614,0.0624823234975338,0.1713483184576034,0.2122265994548797,0.5713753700256348
TS0330G,2026,9,232,441.33,387.2962036132813,54.03379638671879,0.5024950504302979,0.1666954010725021,0.1666901558637619,0.166683629155159,0.1666719913482666,0.166644886136055,0.1666139662265777,0.0190257299691438,0.0716062560677528,0.1863587200641632,0.2320603281259536,0.6042335033416748
TS0330G,2026,10,242,431.33,376.1828918457031,55.14710815429692,0.5026133060455322,0.1666951775550842,0.166689932346344,0.166683480143547,0.1666719764471054,0.1666450649499893,0.1666143536567688,0.0228825658559799,0.0826858580112457,0.20411416888237,0.2554537355899811,0.6386134624481201
TS0330G,2026,11,252,421.33,363.9306945800781,57.39930541992192,0.5027503371238708,0.1666949540376663,0.1666897386312484,0.1666833460330963,0.1666719615459442,0.166645273566246,0.166614755988121,0.0276051014661788,0.0961263105273246,0.224777489900589,0.2826453447341919,0.6736651062965393
TS0330G,2026,12,262,411.33,350.4306030273437,60.89939697265629,0.5029038786888123,0.1666947156190872,0.1666895598173141,0.1666832119226455,0.166671946644783,0.1666454672813415,0.1666151136159896,0.0333682931959629,0.1120966449379921,0.2485211342573166,0.3137171864509582,0.7097777128219604
TS0330G,2026,13,272,401.33,336.3822326660156,64.94776733398442,0.5030726790428162,0.1666944772005081,0.1666893512010574,0.1666830629110336,0.166671946644783,0.166645660996437,0.1666154861450195,0.0400154888629913,0.1298975646495819,0.2743346095085144,0.3472994565963745,0.7444880604743958
TS0330G,2026,14,282,391.33,321.98291015625,69.34708984375004,0.503254771232605,0.1666942685842514,0.1666891723871231,0.166682943701744,0.166671946644783,0.1666458398103714,0.1666158139705658,0.0475532673299312,0.1494348347187042,0.3019332885742187,0.3829115629196167,0.7772845029830933
TS0330G,2026,15,292,381.33,308.0216369628906,73.30836303710942,0.5034425258636475,0.166694089770317,0.1666889786720276,0.1666828691959381,0.1666719317436218,0.1666460037231445,0.1666161119937896,0.0555960908532142,0.1697548180818557,0.329871654510498,0.4185228049755096,0.8063384890556335
TS0330G,2026,16,302,371.33,294.7948303222656,76.53516967773442,0.5036376714706421,0.1666938960552215,0.166688859462738,0.1666827499866485,0.1666719168424606,0.1666461676359176,0.1666164249181747,0.0640586838126182,0.1905194371938705,0.3573625981807709,0.4532783925533294,0.8312145471572876
TS0330G,2026,17,312,361.33,281.69976806640625,79.63023193359379,0.5038389563560486,0.1666937172412872,0.1666886806488037,0.1666826456785202,0.1666719168424606,0.1666463166475296,0.1666167080402374,0.0732125416398048,0.2122884690761566,0.385625958442688,0.4883820116519928,0.8539105653762817
TS0330G,2026,18,322,351.33000000000004,269.2813415527344,82.04865844726567,0.5040426254272461,0.1666935533285141,0.1666885316371917,0.1666825413703918,0.1666719168424606,0.1666464507579803,0.1666169613599777,0.0826539471745491,0.2341392338275909,0.4134150147438049,0.5222155451774597,0.8736909031867981
TS0330G,2026,19,332,341.33000000000004,258.03143310546875,83.29856689453129,0.5042420029640198,0.1666934043169021,0.1666884124279022,0.1666824519634246,0.1666719168424606,0.1666465848684311,0.166617214679718,0.0919892787933349,0.2552056014537811,0.4396014809608459,0.5532004833221436,0.8900660872459412
TS0330G,2026,20,342,331.33000000000004,247.53244018554688,83.79755981445317,0.504439115524292,0.1666932553052902,0.1666882783174514,0.1666823774576187,0.1666718870401382,0.166646733880043,0.1666174679994583,0.1014333590865135,0.2760487496852875,0.4648381769657135,0.5822422504425049,0.904116690158844
TS0330G,2026,21,352,321.33000000000004,237.95602416992188,83.37397583007817,0.5046337842941284,0.1666931062936782,0.1666881740093231,0.1666822582483291,0.1666719019412994,0.1666468530893325,0.1666176915168762,0.1106875389814376,0.2959618866443634,0.4884762167930603,0.6088603734970093,0.9159635901451112
TS0330G,2026,22,362,311.33000000000004,229.1555633544922,82.17443664550785,0.504820704460144,0.1666929870843887,0.1666880398988723,0.1666821986436844,0.1666718870401382,0.1666469722986221,0.1666179299354553,0.1197882443666458,0.3150378167629242,0.5107674598693848,0.6333807706832886,0.9260237812995912
TS0330G,2026,23,372,301.33000000000004,221.666259765625,79.66374023437504,0.5049971342086792,0.1666928678750991,0.166687935590744,0.1666821092367172,0.1666718572378158,0.1666471064090728,0.1666181534528732,0.1279819160699844,0.3318611979484558,0.530191957950592,0.6542940735816956,0.9339794516563416
TS0330G,2026,24,382,291.33000000000004,214.8382110595703,76.49178894042973,0.5051639676094055,0.1666927337646484,0.1666878312826156,0.1666820496320724,0.1666718572378158,0.1666472107172012,0.1666183173656463,0.1358892917633056,0.3477066159248352,0.5482444167137146,0.6733686327934265,0.9407392144203186
TS0330G,2026,25,392,281.33000000000004,209.1545562744141,72.17544372558598,0.5053142309188843,0.1666926443576812,0.1666877418756485,0.1666819900274276,0.1666718572378158,0.166647270321846,0.1666184812784195,0.1427717357873916,0.3612365126609802,0.5635251998901367,0.6892549991607666,0.9460192322731018
TS0330G,2026,26,402,271.33000000000004,204.5328826904297,66.79711730957035,0.5054523348808289,0.1666925549507141,0.1666876524686813,0.1666819304227829,0.1666718274354934,0.1666473597288131,0.1666186451911926,0.1485806703567505,0.3723812997341156,0.5761203169822693,0.7021764516830444,0.9501066207885742
TS0330G,2026,27,412,261.33000000000004,200.10791015625,61.22208984375004,0.505591094493866,0.1666924804449081,0.1666875779628753,0.1666818559169769,0.1666718274354934,0.1666474491357803,0.1666188240051269,0.1544264853000641,0.383154958486557,0.5883669853210449,0.7144777178764343,0.953848659992218
TS0330G,2026,28,422,251.33000000000004,196.1968536376953,55.13314636230473,0.5057260394096375,0.1666923612356186,0.1666874885559082,0.1666817963123321,0.1666718125343322,0.1666475385427475,0.1666189730167389,0.1597041934728622,0.392823189496994,0.5993524789810181,0.7253518104553223,0.9570024609565736
TS0330G,2026,29,432,241.33000000000004,192.6859588623047,48.64404113769535,0.5058481693267822,0.1666923016309738,0.1666874289512634,0.1666817367076873,0.1666718125343322,0.1666475981473922,0.1666191071271896,0.1645127981901168,0.4016575813293457,0.6092961430549622,0.7350892424583435,0.9597042798995972
TS0330G,2026,30,442,231.33000000000004,189.6966552734375,41.63334472656254,0.5059334635734558,0.166692242026329,0.166687399148941,0.166681706905365,0.1666717678308487,0.166647657752037,0.1666192263364792,0.1687625348567962,0.4092672765254974,0.6177849173545837,0.7433375120162964,0.9619146585464478
TS0330G,2027,0,142,531.33,465.9705810546875,65.35941894531254,0.4987830817699432,0.1668122559785843,0.1667847037315368,0.1667443215847015,0.1666786223649978,0.1665517538785934,0.1664283722639084,0.0004141631070524,0.0006307676667347,0.0018094944534823,0.0140690105035901,0.349179744720459
TS0330G,2027,1,152,521.33,457.8204345703125,63.50956542968754,0.498722493648529,0.166812390089035,0.1667848080396652,0.1667444407939911,0.166678711771965,0.1665516197681427,0.1664279848337173,0.0006047199713066,0.0009219273924827,0.0023981994017958,0.0181424152106046,0.4279830753803253
TS0330G,2027,2,162,511.33,448.9559631347656,62.374036865234416,0.4986517131328583,0.1668126136064529,0.1667850315570831,0.1667446345090866,0.1666788160800933,0.1665514409542083,0.1664274483919143,0.0008612517267465,0.001332244137302,0.0031512351706624,0.0232120770961046,0.51668381690979
TS0330G,2027,3,172,501.33,439.3338012695313,61.99619873046879,0.4985707700252533,0.1668128967285156,0.1667852699756622,0.1667448431253433,0.1666789203882217,0.1665512472391128,0.1664268523454666,0.0011773823061957,0.0018638875335454,0.0040572942234575,0.0292211063206195,0.6104475259780884
TS0330G,2027,4,182,491.33,428.3694458007813,62.96055419921879,0.4984802305698395,0.1668132096529007,0.1667855381965637,0.1667450815439224,0.1666790395975113,0.1665509641170501,0.1664261519908905,0.0016772539820522,0.0026857319753617,0.0054533472284674,0.0380339547991752,0.702273428440094
TS0330G,2027,5,192,481.33,417.29107666015625,64.03892333984379,0.4983822405338287,0.1668136119842529,0.1667858958244323,0.1667453199625015,0.1666791290044784,0.1665506660938263,0.1664253771305084,0.0023906151764094,0.0038352829869836,0.0074385828338563,0.0498803034424781,0.773435652256012
TS0330G,2027,6,202,471.33,406.0701904296875,65.25980957031254,0.498277485370636,0.1668140441179275,0.1667862683534622,0.1667456030845642,0.166679248213768,0.1665503233671188,0.1664245277643203,0.0033690684940665,0.0053834146820008,0.0100742569193243,0.0653166770935058,0.8299983739852905
TS0330G,2027,7,212,461.33,396.9014892578125,64.42851074218754,0.4981654584407806,0.1668145209550857,0.1667866706848144,0.1667459458112716,0.1666793972253799,0.1665499210357666,0.1664235740900039,0.0044099334627389,0.0069553698413074,0.012875834479928,0.0813740715384483,0.8602027297019958
TS0330G,2027,8,222,451.33,386.8217468261719,64.50825317382817,0.4980484545230865,0.1668150275945663,0.1667871177196502,0.1667462736368179,0.1666795313358307,0.1665495038032531,0.1664225906133651,0.0058638886548578,0.0091255605220794,0.0167528353631496,0.1024012491106987,0.8852307200431824
TS0330G,2027,9,232,441.33,376.4164733886719,64.91352661132817,0.4979265034198761,0.1668155640363693,0.166787564754486,0.1667466163635254,0.1666796654462814,0.1665490418672561,0.1664215475320816,0.0076932292431592,0.0118284048512578,0.0216022208333015,0.1275299787521362,0.9057725071907043
TS0330G,2027,10,242,431.33,365.4096374511719,65.92036254882817,0.4978000223636627,0.1668160855770111,0.1667880415916443,0.1667470037937164,0.1666798293590545,0.1665485948324203,0.1664204597473144,0.0100360512733459,0.0152764851227402,0.0277934037148952,0.1578677594661712,0.9236459732055664
TS0330G,2027,11,252,421.33,354.35565185546875,66.97434814453129,0.4976672828197479,0.1668165773153305,0.1667885035276413,0.1667473763227462,0.1666800081729889,0.1665481775999069,0.1664193570613861,0.0128336613997817,0.0193637944757938,0.0351437292993068,0.1918417811393737,0.9384261965751648
TS0330G,2027,12,262,411.33,342.1061096191406,69.22389038085942,0.4975307881832123,0.1668171286582946,0.1667889654636383,0.1667477637529373,0.1666801571846008,0.1665477156639099,0.1664182841777801,0.0166120249778032,0.0249968357384204,0.0452063791453838,0.2341380268335342,0.9518616199493408
TS0330G,2027,13,272,401.33,329.9463195800781,71.38368041992192,0.4973884522914886,0.166817620396614,0.1667893975973129,0.1667481213808059,0.1666803359985351,0.1665472835302353,0.1664172261953354,0.0211176201701164,0.0317831449210643,0.0572851859033107,0.280299425125122,0.9625841975212096
TS0330G,2027,14,282,391.33,317.7652282714844,73.56477172851567,0.4972412586212158,0.1668180674314499,0.1667898148298263,0.1667484641075134,0.1666805297136306,0.1665468662977218,0.1664162278175354,0.0265372339636087,0.0400428660213947,0.0717742666602134,0.330518513917923,0.9712709784507751
TS0330G,2027,15,292,381.33,304.2933959960937,77.03660400390629,0.4970932900905609,0.1668185293674469,0.1667902320623397,0.1667488068342209,0.1666806638240814,0.1665465086698532,0.1664152443408966,0.0338273793458938,0.0515113323926925,0.0916051194071769,0.3906879127025604,0.9786576628684998
TS0330G,2027,16,302,371.33,293.1266174316406,78.20338256835942,0.496939092874527,0.1668189615011215,0.166790634393692,0.1667491644620895,0.1666808128356933,0.1665461361408233,0.1664143204689026,0.0408019907772541,0.0626411661505699,0.1106152534484863,0.442277193069458,0.983457624912262
TS0330G,2027,17,312,361.33,283.2313232421875,78.09867675781254,0.4967780709266662,0.1668194234371185,0.1667910367250442,0.1667494773864746,0.1666809767484665,0.1665457040071487,0.1664133667945861,0.0477741062641143,0.0739649608731269,0.1296103745698928,0.4888148009777069,0.9870362281799316
TS0330G,2027,18,322,351.33000000000004,273.8101806640625,77.51981933593754,0.496612012386322,0.1668198853731155,0.1667914539575576,0.1667498052120208,0.1666811257600784,0.1665453016757965,0.1664124131202697,0.0552366562187671,0.0862606242299079,0.1498282998800277,0.5339177846908569,0.9898170232772828
TS0330G,2027,19,332,341.33000000000004,263.6825561523437,77.64744384765629,0.4964455366134643,0.1668203324079513,0.1667918860912323,0.1667501628398895,0.1666812598705291,0.1665448993444442,0.1664114594459533,0.0641775876283645,0.1012911647558212,0.1742048114538192,0.5822537541389465,0.9921566247940063
TS0330G,2027,20,342,331.33000000000004,255.73147583007807,75.59852416992192,0.4962752163410187,0.1668207347393036,0.1667922586202621,0.1667504757642746,0.1666814237833023,0.1665445268154144,0.1664105355739593,0.071813941001892,0.1143372431397438,0.1950520724058151,0.6198052167892456,0.9936330318450928
TS0330G,2027,21,352,321.33000000000004,249.6388397216797,71.69116027832035,0.4961003065109253,0.1668211370706558,0.166792631149292,0.1667508035898208,0.1666815727949142,0.1665441840887069,0.1664097011089325,0.0780268236994743,0.1250275373458862,0.2117289155721664,0.6481266617774963,0.994638979434967
TS0330G,2027,22,362,311.33000000000004,242.49761962890625,68.83238037109379,0.4959268271923065,0.1668214946985244,0.1667930036783218,0.1667510867118835,0.1666816920042038,0.1665438264608383,0.1664089113473892,0.085823155939579,0.1385516971349716,0.2326486110687255,0.6803178191184998,0.9956085085868835
TS0330G,2027,23,372,301.33000000000004,235.84588623046875,65.48411376953129,0.4957572519779205,0.1668218523263931,0.1667933315038681,0.1667513400316238,0.1666818112134933,0.1665435284376144,0.1664081513881683,0.0936278775334358,0.1521775871515274,0.2533744573593139,0.7091714143753052,0.9963593482971193
TS0330G,2027,24,382,291.33000000000004,229.5221099853516,61.80789001464848,0.495591789484024,0.166822150349617,0.1667936146259308,0.1667515784502029,0.1666819006204605,0.1665432155132293,0.1664075553417205,0.1015282422304153,0.1659838557243347,0.2739956676959991,0.7354646921157837,0.996972918510437
TS0330G,2027,25,392,281.33000000000004,221.70700073242188,59.622999267578166,0.4954399168491363,0.166822463274002,0.1667938977479934,0.1667517572641372,0.1666819304227829,0.1665429770946502,0.1664069592952728,0.1120036542415618,0.1842646300792694,0.300831139087677,0.766160786151886,0.997597634792328
TS0330G,2027,26,402,271.33000000000004,215.68067932128903,55.64932067871098,0.4952951669692993,0.1668227165937423,0.1667941063642501,0.1667519211769104,0.1666820347309112,0.1665427684783935,0.1664064228534698,0.1205501928925514,0.1992748230695724,0.322515606880188,0.7885732054710388,0.9979879260063172
TS0330G,2027,27,412,261.33000000000004,214.65545654296875,46.67454345703129,0.495143860578537,0.1668229103088379,0.1667943149805069,0.1667521297931671,0.1666821539402008,0.1665425598621368,0.1664059460163116,0.1218806281685829,0.2018570303916931,0.3260267674922943,0.7926657199859619,0.998062789440155
TS0330G,2027,28,422,251.33000000000004,213.879150390625,37.45084960937504,0.4949929118156433,0.1668230444192886,0.16679447889328,0.1667522937059402,0.1666822135448455,0.1665423810482025,0.166405588388443,0.1229038387537002,0.2036689072847366,0.3284061849117279,0.7957713007926941,0.9981322288513184
TS0330G,2027,29,432,241.33000000000004,211.61883544921875,29.71116455078129,0.494858056306839,0.1668232083320617,0.1667946875095367,0.1667524725198745,0.1666822433471679,0.1665422320365905,0.1664051860570907,0.1264052540063858,0.2097003161907196,0.3365980386734009,0.8038668632507324,0.9982694387435912
TS0330G,2027,30,442,231.33000000000004,197.37014770507807,33.95985229492192,0.494765043258667,0.1668235957622528,0.1667949855327606,0.1667525619268417,0.1666822284460067,0.1665419638156891,0.1664046645164489,0.1496086418628692,0.2498199641704559,0.3921250104904175,0.8484429717063904,0.9989086389541626
TS0330G,2028,0,142,531.33,464.8757019042969,66.45429809570317,0.5105167031288147,0.166589543223381,0.1666034758090973,0.1666241288185119,0.1666596680879593,0.1667288839817047,0.1667943000793457,0.000146987469634,0.0003666691482067,0.0023427801206707,0.0071552963927388,0.2694123685359955
TS0330G,2028,1,152,521.33,457.33795166015625,63.99204833984379,0.5107340812683105,0.1665915846824646,0.1666053980588913,0.1666257381439209,0.1666606217622757,0.166727527976036,0.1667891293764114,0.0002018279774347,0.0004942989908158,0.0027937041595578,0.0086162909865379,0.3511902093887329
TS0330G,2028,2,162,511.33,448.96038818359375,62.36961181640629,0.5109708309173584,0.1665945649147033,0.1666082590818405,0.1666281372308731,0.1666618436574936,0.1667250096797943,0.1667821556329727,0.0002728268154896,0.000659495301079,0.0033173679839819,0.0103408694267272,0.4555384516716003
TS0330G,2028,3,172,501.33,438.6685791015625,62.66142089843754,0.5112221240997314,0.166598692536354,0.1666119247674942,0.1666309088468551,0.1666628271341323,0.1667216569185257,0.1667740494012832,0.0003804273437708,0.0009163551148958,0.0041101295500993,0.0128407776355743,0.592850923538208
TS0330G,2028,4,182,491.33,427.5029602050781,63.82703979492192,0.5114883184432983,0.1666032373905182,0.1666159480810165,0.1666338294744491,0.1666636317968368,0.1667178273200988,0.1667655408382415,0.000553258229047,0.0013103864621371,0.0052294358611106,0.0165613126009702,0.7317768931388855
TS0330G,2028,5,192,481.33,416.9884338378906,64.34156616210942,0.5117685198783875,0.166607990860939,0.1666201055049896,0.1666367501020431,0.1666643470525741,0.1667139232158661,0.1667568832635879,0.000799685018137,0.0018144095083698,0.0064255115576088,0.0213123280555009,0.838506817817688
TS0330G,2028,6,202,471.33,407.640380859375,63.68961914062504,0.5120687484741211,0.1666127145290374,0.1666242331266403,0.1666396707296371,0.166665107011795,0.1667099595069885,0.1667483001947403,0.0011099419789388,0.002400122815743,0.007546741515398,0.0266489796340465,0.9049814343452454
TS0330G,2028,7,212,461.33,397.8781433105469,63.451856689453166,0.5123972296714783,0.1666173189878463,0.1666282564401626,0.1666425019502639,0.1666657477617263,0.1667060554027557,0.1667401194572448,0.0015047697816044,0.0030867282766848,0.0085722971707582,0.033459261059761,0.9471573233604432
TS0330G,2028,8,222,451.33,387.3748779296875,63.95512207031254,0.5127533674240112,0.1666217148303985,0.1666320413351059,0.1666451543569564,0.1666662395000457,0.1667022854089737,0.1667325347661972,0.0019809317309409,0.0038857450708746,0.0097078941762447,0.0428576581180095,0.9717228412628174
TS0330G,2028,9,232,441.33,376.1463928222656,65.18360717773442,0.5131464600563049,0.1666256785392761,0.1666354835033416,0.166647583246231,0.1666667014360427,0.166698932647705,0.1667256355285644,0.0025385529734194,0.0048339250497519,0.0110460501164197,0.0557223968207836,0.985657811164856
TS0330G,2028,10,242,431.33,364.6852722167969,66.64472778320317,0.5135819315910339,0.1666292697191238,0.1666386425495147,0.1666498333215713,0.1666672378778457,0.1666959226131439,0.1667191088199615,0.003079637652263,0.0058164587244391,0.0122910123318433,0.0728475749492645,0.9934905767440796
TS0330G,2028,11,252,421.33,353.1197509765625,68.21024902343754,0.5140711665153503,0.1666326075792312,0.1666416376829147,0.1666520982980728,0.1666679084300995,0.1666930466890335,0.1667127460241317,0.0035562177654355,0.0068022785708308,0.0134201608598232,0.0967848598957061,0.9973555207252502
TS0330G,2028,12,262,411.33,341.2046813964844,70.12531860351567,0.5146058201789856,0.1666360944509506,0.166644662618637,0.1666543036699295,0.166668564081192,0.1666902154684066,0.1667061597108841,0.0040436256676912,0.0079515157267451,0.0145951006561517,0.1318815499544143,0.9990178346633912
TS0330G,2028,13,272,401.33,330.11639404296875,71.21360595703129,0.5151938199996948,0.1666395217180252,0.1666477173566818,0.1666566878557205,0.1666693985462188,0.166687324643135,0.1666993796825409,0.0045678252354264,0.0092962989583611,0.0160214137285947,0.1776009202003479,0.999598503112793
TS0330G,2028,14,282,391.33,319.020263671875,72.30973632812504,0.515828549861908,0.1666432023048401,0.166651040315628,0.1666591912508011,0.1666702628135681,0.1666843146085739,0.1666920036077499,0.0054022204130887,0.0113694965839385,0.0186353754252195,0.2412608563899994,0.999816596508026
TS0330G,2028,15,292,381.33,308.2807312011719,73.04926879882817,0.5164880156517029,0.1666474491357803,0.1666547805070877,0.1666620224714279,0.1666712760925293,0.1666809916496276,0.1666834652423858,0.006635223980993,0.0144209042191505,0.0227222722023725,0.3203755021095276,0.9999032020568848
TS0330G,2028,16,302,371.33,297.5167236328125,73.81327636718754,0.517182469367981,0.1666520535945892,0.1666589379310608,0.1666653603315353,0.1666726619005203,0.1666771918535232,0.1666737496852874,0.0083616944029927,0.0187739450484514,0.0287715513259172,0.413119375705719,0.9999387860298156
TS0330G,2028,17,312,361.33,285.7894287109375,75.54057128906254,0.517905592918396,0.1666574329137802,0.1666637361049652,0.1666689962148666,0.1666739881038665,0.1666727066040039,0.1666630953550338,0.0110505586490035,0.0255822334438562,0.0383360050618648,0.521193265914917,0.9999512434005736
TS0330G,2028,18,322,351.33000000000004,273.45428466796875,77.87571533203129,0.5186454057693481,0.1666634678840637,0.166669026017189,0.1666728854179382,0.1666753441095352,0.1666679084300995,0.1666513383388519,0.0152184115722775,0.035957109183073,0.0527756959199905,0.6255380511283875,0.999954640865326
TS0330G,2028,19,332,341.33000000000004,260.68115234375,80.64884765625004,0.5193790793418884,0.1666700690984726,0.1666748970746994,0.1666773110628128,0.1666768044233322,0.1666624546051025,0.166638508439064,0.0211219247430562,0.050308097153902,0.0725262314081192,0.7178815007209778,0.9999555349349976
TS0330G,2028,20,342,331.33000000000004,246.32537841796875,85.00462158203129,0.5201088190078735,0.166677176952362,0.1666811853647232,0.1666819602251052,0.1666783392429351,0.1666566580533981,0.1666246801614761,0.0302257351577281,0.0713645666837692,0.1014348119497299,0.8010467290878296,0.9999544024467468
TS0330G,2028,21,352,321.33000000000004,232.6253967285156,88.70460327148442,0.5208346247673035,0.1666846275329589,0.1666877418756485,0.1666867882013321,0.1666797995567321,0.16665019094944,0.1666108518838882,0.0420455485582351,0.0971606373786926,0.1368560343980789,0.8623543381690979,0.9999508857727052
TS0330G,2028,22,362,311.33000000000004,219.49545288085935,91.83454711914068,0.5215331315994263,0.1666924506425857,0.1666945368051529,0.1666914671659469,0.1666808426380157,0.1666438728570938,0.1665968149900436,0.0565383546054363,0.1278094053268432,0.1790162771940231,0.906250774860382,0.9999500513076782
TS0330G,2028,23,372,301.33000000000004,208.1499481201172,93.18005187988284,0.522196888923645,0.1666998267173767,0.1667008996009826,0.1666960418224334,0.1666821092367172,0.1666374504566192,0.1665836721658706,0.0720206350088119,0.1597717404365539,0.2225126922130584,0.9339926838874816,0.9999533891677856
TS0330G,2028,24,382,291.33000000000004,198.43446350097656,92.89553649902348,0.5228239297866821,0.1667069643735885,0.1667070090770721,0.1667000949382782,0.166682630777359,0.166631281375885,0.1665720343589782,0.0876869559288024,0.1910584419965744,0.264612466096878,0.9514827728271484,0.999955117702484
TS0330G,2028,25,392,281.33000000000004,192.6029357910156,88.72706420898442,0.5233885645866394,0.1667135506868362,0.1667125225067138,0.1667036414146423,0.1666832715272903,0.1666264832019806,0.1665605157613754,0.0980628505349159,0.2119652479887008,0.2924677729606628,0.9593085050582886,0.9999576807022096
TS0330G,2028,26,402,271.33000000000004,188.53343200683597,82.7965679931641,0.5239109396934509,0.1667195260524749,0.1667178124189376,0.1667076051235199,0.1666847318410873,0.1666212826967239,0.1665490418672561,0.1055506616830825,0.2272107154130935,0.3129706382751465,0.963940441608429,0.9999593496322632
TS0330G,2028,27,412,261.33000000000004,183.8454132080078,77.48458679199223,0.5244311690330505,0.166725605726242,0.1667231917381286,0.1667113155126571,0.1666854918003082,0.1666158735752105,0.1665385365486145,0.1144915372133255,0.2456516772508621,0.3373652696609497,0.9685304164886476,0.9999606609344482
TS0330G,2028,28,422,251.33000000000004,179.88870239257812,71.44129760742192,0.5249360203742981,0.1667308658361435,0.1667278110980987,0.1667145192623138,0.166685864329338,0.1666112393140792,0.1665297150611877,0.1221471428871154,0.2617692053318023,0.3585918247699737,0.9720354080200196,0.999962031841278
TS0330G,2028,29,432,241.33000000000004,176.5142822265625,64.81571777343754,0.5253841280937195,0.1667362004518509,0.1667321622371673,0.166717380285263,0.1666863113641739,0.1666073352098465,0.1665205657482147,0.1286244690418243,0.2758345007896423,0.3774124383926391,0.9746487736701964,0.9999630451202391
TS0330G,2028,30,442,231.33000000000004,174.78448486328125,56.54551513671879,0.5256987810134888,0.1667415648698806,0.1667366921901703,0.1667202562093734,0.1666871458292007,0.1666029393672943,0.1665113866329193,0.1316300183534622,0.2830145359039306,0.3875716030597687,0.9757514595985411,0.9999625086784364
TS0330H,2026,0,157,479.86,540.2862548828125,60.426254882812486,0.4846233427524566,0.1668260544538498,0.1667934507131576,0.1667484939098358,0.1666786670684814,0.1665443331003189,0.1664090007543563,9.131608385359868e-05,0.0004064626409672,0.0026665537152439,0.0046224691905081,0.0143998898565769
TS0330H,2026,1,167,469.86,539.4212646484375,69.56126464843749,0.4853356182575226,0.166825994849205,0.1667933166027069,0.1667482405900955,0.166678324341774,0.1665443778038025,0.1664097607135772,8.328722469741479e-05,0.00037462983164,0.0024335675407201,0.0041888244450092,0.0136754503473639
TS0330H,2026,2,177,459.86,537.530029296875,77.67002929687499,0.486130028963089,0.1668256819248199,0.166792944073677,0.1667478084564209,0.1666779965162277,0.1665446907281875,0.166410893201828,7.627934974152595e-05,0.0003366486926097,0.0021484538447111,0.003762352047488,0.0135898478329181
TS0330H,2026,3,187,449.86,533.8829956054688,84.02299560546874,0.4870012402534485,0.1668251603841781,0.1667923927307129,0.1667473316192627,0.1666777282953262,0.1665451973676681,0.1664121747016906,7.501684740418568e-05,0.0003154197183903,0.0019198055379092,0.003483933629468,0.0146385189145803
TS0330H,2026,4,197,439.86,527.2111206054688,87.35112060546874,0.4879231750965118,0.1668245494365692,0.1667918413877487,0.1667468100786209,0.1666774451732635,0.1665457636117935,0.1664136201143264,8.640361920697615e-05,0.000337933510309,0.0018709819996729,0.003473148914054,0.0176085829734802
TS0330H,2026,5,207,429.86,516.5427856445312,86.68278564453124,0.4888916015625,0.1668238937854766,0.1667911857366562,0.1667462736368179,0.1666771918535232,0.1665463298559188,0.1664151400327682,0.0001196238154079,0.000418595445808,0.0020228615030646,0.0037522376514971,0.024347586557269
TS0330H,2026,6,217,419.86,502.4998779296875,82.63987792968749,0.4899005591869354,0.1668232232332229,0.1667905449867248,0.1667457073926925,0.1666768938302993,0.1665469706058502,0.1664166450500488,0.0001824085484258,0.0005715457373298,0.0023622452281415,0.0042828875593841,0.0385014526546001
TS0330H,2026,7,227,409.86,487.95013427734375,78.09013427734374,0.4909475147724151,0.1668225228786468,0.1667899042367935,0.1667451560497284,0.1666766554117202,0.1665475964546203,0.1664181500673294,0.0002646263455972,0.0007630964391864,0.0026834707241505,0.004760508891195,0.0666234493255615
TS0330H,2026,8,237,399.86,475.3479614257813,75.48796142578124,0.4920277893543243,0.1668218821287155,0.1667892783880233,0.166744664311409,0.1666764616966247,0.1665482521057129,0.166419506072998,0.0003354250802658,0.0009290757006965,0.0027947972994297,0.0049203732050955,0.1205056309700012
TS0330H,2026,9,247,389.86,463.7103271484375,73.85032714843749,0.4931376576423645,0.1668212860822677,0.1667886674404144,0.1667441725730896,0.1666762977838516,0.1665488183498382,0.1664207428693771,0.0003780792758334,0.0010697597172111,0.0027616051957011,0.004849009681493,0.225487396121025
TS0330H,2026,10,257,379.86,452.325927734375,72.46592773437499,0.4942658841609955,0.1668208092451095,0.1667882055044174,0.1667437404394149,0.1666760593652725,0.1665492951869964,0.1664218455553054,0.0003717358340509,0.0011524303117766,0.0025834941770881,0.0045554200187325,0.3919508755207062
TS0330H,2026,11,267,369.86,442.1184692382813,72.25846923828124,0.4954157471656799,0.1668203324079513,0.1667877286672592,0.1667433679103851,0.1666759699583053,0.1665497571229934,0.1664228588342666,0.0003378179389983,0.0011905031278729,0.0023177925031632,0.0041312696412205,0.5853437781333923
TS0330H,2026,12,277,359.86,431.7868957519531,71.92689575195311,0.4965967833995819,0.1668198853731155,0.1667872965335846,0.1667429953813552,0.1666758209466934,0.1665502488613128,0.1664237529039383,0.0003324350982438,0.0012990023242309,0.00219630706124,0.0039993762038648,0.7854555249214172
TS0330H,2026,13,287,349.86,420.9836120605469,71.12361206054686,0.4977926015853882,0.1668195575475692,0.1667869240045547,0.1667426377534866,0.1666756570339203,0.1665506064891815,0.1664246171712875,0.0003707658615894,0.0015520451124757,0.0023130406625568,0.0043681859970092,0.92908376455307
TS0330H,2026,14,297,339.86,410.052734375,70.19273437499999,0.499004453420639,0.1668193042278289,0.166786640882492,0.1667423695325851,0.1666755080223083,0.1665508598089218,0.1664253324270248,0.0004393447889015,0.001914296997711,0.0026453738100826,0.0051512965001165,0.9809802174568176
TS0330H,2026,15,307,329.86,397.8597106933594,67.99971069335936,0.5002290606498718,0.1668190211057663,0.166786327958107,0.1667420715093612,0.16667540371418,0.1665511727333068,0.1664260178804397,0.0004923767992295,0.0021991627290844,0.0029455251060426,0.0059203952550888,0.9947298765182496
TS0330H,2026,16,317,319.86,386.3173522949219,66.45735229492186,0.501434862613678,0.1668187081813812,0.1667859703302383,0.1667417585849762,0.166675254702568,0.1665515154600143,0.1664267629384994,0.0005777988699264,0.0023956082295626,0.0032090027816593,0.0069698449224233,0.9987127780914308
TS0330H,2026,17,327,309.86,377.1609497070313,67.30094970703124,0.5026200413703918,0.1668183952569961,0.1667856574058532,0.1667414605617523,0.1666751205921173,0.1665517836809158,0.1664276123046875,0.0007295671966858,0.002586190123111,0.0034948352258652,0.008589593693614,0.999702215194702
TS0330H,2026,18,337,299.86,368.58685302734375,68.72685302734374,0.5037946701049805,0.1668180376291275,0.1667852848768234,0.166741132736206,0.1666749566793441,0.1665521413087844,0.1664284318685531,0.0009585745865479,0.0028593172319233,0.0038797643501311,0.0114015145227313,0.99992698431015
TS0330H,2026,19,347,289.86,359.48321533203125,69.62321533203124,0.5049325227737427,0.1668175905942917,0.1667848229408264,0.1667407900094986,0.1666748374700546,0.1665525287389755,0.1664294302463531,0.0012555421562865,0.0033305955585092,0.0044809426181018,0.0165419187396764,0.9999788999557496
TS0330H,2026,20,357,279.86,350.8820495605469,71.02204956054686,0.5060253739356995,0.1668170541524887,0.1667843461036682,0.1667403727769851,0.1666746884584427,0.1665530204772949,0.1664305329322815,0.0015775285428389,0.0038785666693001,0.0051409490406513,0.0246211513876914,0.9999906420707704
TS0330H,2026,21,367,269.86,341.5560607910156,71.69606079101561,0.5071007609367371,0.1668166071176529,0.16678386926651,0.1667399406433105,0.1666744500398636,0.1665534526109695,0.1664316803216934,0.0019281093263998,0.004608929157257,0.0060887178406119,0.0392529927194118,0.9999955892562866
TS0330H,2026,22,377,259.86,331.8485717773437,71.98857177734374,0.5081349015235901,0.1668159961700439,0.1667833030223846,0.1667394936084747,0.166674330830574,0.1665539741516113,0.1664329022169113,0.0022722303401678,0.0055105653591454,0.0073122582398355,0.0649848356842994,0.9999977946281432
TS0330H,2026,23,387,249.86,322.3477478027344,72.48774780273436,0.5091182589530945,0.1668153703212738,0.1667827069759369,0.1667390465736389,0.1666741520166397,0.1665545552968979,0.1664341241121292,0.002510116668418,0.0063486578874289,0.0085552539676427,0.1093832105398178,0.9999988675117492
TS0330H,2026,24,397,239.86,313.1541442871094,73.29414428710936,0.5100429058074951,0.1668147891759872,0.1667821705341339,0.1667385846376419,0.1666740328073501,0.1665550917387008,0.1664353162050247,0.0025451062247157,0.0068151312880218,0.0095272529870271,0.1826165318489074,0.9999994039535522
TS0330H,2026,25,407,229.86,304.3573303222656,74.49733032226561,0.5109201073646545,0.1668143272399902,0.1667817384004593,0.1667382270097732,0.1666738837957382,0.1665555089712143,0.1664362996816635,0.002401900012046,0.0068748793564736,0.0102832298725843,0.2954889833927154,0.999999701976776
TS0330H,2026,26,417,219.86,296.56646728515625,76.70646728515624,0.511763870716095,0.1668139994144439,0.1667813956737518,0.166737899184227,0.1666737049818039,0.1665558218955993,0.1664371788501739,0.0022846893407404,0.0069534522481262,0.0113930143415927,0.4337242841720581,0.9999998211860656
TS0330H,2026,27,427,209.86,289.9148864746094,80.05488647460936,0.512556254863739,0.1668135523796081,0.1667809784412384,0.1667375564575195,0.1666736006736755,0.166556254029274,0.1664380729198455,0.0023269152734428,0.0073369299061596,0.0131435040384531,0.5623080134391785,0.9999998807907104
TS0330H,2026,28,437,199.86,282.7970886230469,82.93708862304686,0.5132922530174255,0.1668130606412887,0.1667805612087249,0.1667372435331344,0.1666735112667083,0.1665566712617874,0.1664389222860336,0.002640931867063,0.0084554720669984,0.0165222939103841,0.6840291023254395,0.9999999403953552
TS0330H,2026,29,447,189.86,275.2575988769531,85.39759887695311,0.5139789581298828,0.1668126732110977,0.1667801886796951,0.1667369306087494,0.1666733771562576,0.1665570139884948,0.1664398163557052,0.0032516582868993,0.0104396902024745,0.0220804661512374,0.7827950119972229,0.9999999403953552
TS0330H,2026,30,457,179.86,268.97039794921875,89.11039794921874,0.51463782787323,0.1668122410774231,0.1667797863483429,0.1667366027832031,0.1666732430458068,0.1665573865175247,0.1664407104253769,0.0038877555634826,0.0124812144786119,0.0282195974141359,0.8442987203598022,0.9999999403953552
TS0330H,2026,31,467,169.86,262.310791015625,92.450791015625,0.5153137445449829,0.1668118685483932,0.166779413819313,0.1667362600564956,0.1666731089353561,0.1665578037500381,0.1664415299892425,0.0048238290473818,0.0154592683538794,0.0369842387735843,0.8914128541946411,1.0
TS0330H,2026,32,477,159.86,255.02764892578125,95.16764892578124,0.5159950256347656,0.1668115556240081,0.1667790859937667,0.1667359769344329,0.1666729748249054,0.166558101773262,0.1664423197507858,0.0063615525141358,0.0203660745173692,0.0504931770265102,0.9260292649269104,1.0000001192092896
TS0330H,2027,0,157,479.86,528.1898193359375,48.329819335937486,0.5023157596588135,0.1660321801900863,0.1660919487476349,0.1662511378526687,0.1665387898683548,0.1671974807977676,0.1678884476423263,4.594240090227686e-05,6.692615716019645e-05,0.0002473136701155,0.0019306852482259,0.009053255431354
TS0330H,2027,1,167,469.86,524.431884765625,54.571884765624986,0.5023629665374756,0.1660314500331878,0.166091188788414,0.1662502735853195,0.16653773188591,0.1671979576349258,0.1678914129734039,5.03114570165053e-05,7.079321949277073e-05,0.0002892135817091,0.0023777575697749,0.0091254226863384
TS0330H,2027,2,177,459.86,520.22998046875,60.36998046874999,0.502413809299469,0.1660297513008117,0.1660895049571991,0.1662489473819732,0.1665373593568802,0.1671991050243377,0.1678953319787979,5.890244210604578e-05,8.001064998097718e-05,0.0003592462453525,0.0031001744791865,0.0098806861788034
TS0330H,2027,3,187,449.86,515.8455810546875,65.98558105468749,0.5024667382240295,0.1660271137952804,0.1660871058702469,0.1662473231554031,0.1665370315313339,0.1672015637159347,0.1678998619318008,7.337978604482487e-05,9.633665467845276e-05,0.0004666936292778,0.0041752527467906,0.0114648649469017
TS0330H,2027,4,197,439.86,511.38079833984375,71.52079833984374,0.5025195479393005,0.1660241186618805,0.1660844832658767,0.1662453860044479,0.1665363609790802,0.1672039777040481,0.167905643582344,9.748019510880113e-05,0.0001232095819432,0.0006324375863187,0.0058540729805827,0.0143170822411775
TS0330H,2027,5,207,429.86,506.9189147949219,77.05891479492186,0.5025713443756104,0.1660205721855163,0.1660813838243484,0.1662432551383972,0.1665359288454055,0.167206659913063,0.1679122149944305,0.0001343281182926,0.0001653348008403,0.0008663988555781,0.0082631800323724,0.018827386200428
TS0330H,2027,6,217,419.86,502.1441345214844,82.28413452148436,0.5026214718818665,0.1660170257091522,0.1660782396793365,0.1662408858537674,0.1665349751710891,0.1672097593545913,0.1679191291332245,0.0001895516325021,0.0002297244354849,0.0011963382130488,0.0115792024880647,0.0256906989961862
TS0330H,2027,7,227,409.86,497.2394714355469,87.37947143554686,0.5026693344116211,0.1660130769014358,0.1660747081041336,0.1662383675575256,0.166534423828125,0.1672127246856689,0.1679267287254333,0.0002564193273428,0.0003091692633461,0.0015464997850358,0.0150478202849626,0.0348551236093044
TS0330H,2027,8,237,399.86,491.8384704589844,91.97847045898436,0.5027144551277161,0.1660086661577224,0.1660709530115127,0.1662359684705734,0.166533887386322,0.167216271162033,0.167934238910675,0.0003200094797648,0.0003871242515742,0.0018013172084465,0.0175032205879688,0.0473889112472534
TS0330H,2027,9,247,389.86,485.0813293457031,95.22132934570313,0.5027563571929932,0.1660039275884628,0.1660666763782501,0.1662328392267227,0.1665333211421966,0.1672204434871673,0.1679427772760391,0.0003614768502302,0.0004449749540071,0.0018743306864053,0.0181715209037065,0.0692014098167419
TS0330H,2027,10,257,379.86,476.19482421875,96.33482421875,0.5027952194213867,0.165999561548233,0.1660628765821457,0.1662301868200302,0.1665321141481399,0.1672237664461136,0.1679514944553375,0.000374700204702,0.000476062472444,0.0017719103489071,0.0171974059194326,0.1139651089906692
TS0330H,2027,11,267,369.86,465.0202026367188,95.16020263671874,0.5028311014175415,0.1659942120313644,0.1660583019256591,0.166227251291275,0.166531816124916,0.1672277152538299,0.1679607480764389,0.0003750839678104,0.0004951498121954,0.0015418410766869,0.0150337386876344,0.2107233852148056
TS0330H,2027,12,277,359.86,451.3346557617188,91.47465576171874,0.5028641819953918,0.1659882515668869,0.166052907705307,0.1662233471870422,0.1665309518575668,0.1672332733869552,0.1679712682962417,0.0003530311805661,0.0004822465125471,0.0012250131694599,0.0120243085548281,0.4016284346580505
TS0330H,2027,13,287,349.86,436.3882446289063,86.52824462890624,0.5028935670852661,0.1659824550151825,0.1660477519035339,0.1662194579839706,0.1665293276309967,0.1672379076480865,0.1679830998182296,0.000361671554856,0.0005112262442708,0.0010499106720089,0.0098185008391737,0.6883350014686584
TS0330H,2027,14,297,339.86,424.0516052246094,84.19160522460936,0.5029197931289673,0.1659767925739288,0.1660427749156952,0.1662158668041229,0.1665281653404235,0.1672420352697372,0.167994350194931,0.0004052965086884,0.0006057771970517,0.0010428730165585,0.0085701672360301,0.8999387621879578
TS0330H,2027,15,307,329.86,415.320068359375,85.46006835937499,0.5029425621032715,0.1659702807664871,0.1660369932651519,0.1662118881940841,0.1665275394916534,0.1672473847866058,0.1680059134960174,0.0004872980061918,0.0007783985929563,0.0011919704265892,0.0080852434039115,0.9718305468559264
TS0330H,2027,16,317,319.86,408.7017211914063,88.84172119140624,0.5029613375663757,0.1659636795520782,0.1660312116146087,0.1662076413631439,0.1665258705615997,0.1672530621290207,0.1680185049772262,0.0005438131047412,0.0009270880836993,0.0013364703627303,0.0076089883223176,0.9890756607055664
TS0330H,2027,17,327,309.86,402.9498596191406,93.0898596191406,0.502977192401886,0.1659566015005111,0.1660249978303909,0.1662033349275589,0.1665248125791549,0.1672582328319549,0.1680320054292678,0.0005495224613696,0.0009931951062753,0.0013772257370874,0.0070595969446003,0.9950478672981262
TS0330H,2027,18,337,299.86,397.8269348144531,97.96693481445313,0.5029892325401306,0.1659492701292038,0.1660186201333999,0.1661987602710724,0.1665235161781311,0.1672645956277847,0.1680452525615692,0.0005140787106938,0.0009906798368319,0.0013408727245405,0.006577062420547,0.9975004196166992
TS0330H,2027,19,347,289.86,392.0520629882813,102.19206298828124,0.502997100353241,0.1659411638975143,0.1660116314888,0.1661939620971679,0.1665224879980087,0.1672710478305816,0.1680596768856048,0.0004938595811836,0.0010408965172246,0.001382453367114,0.006709901150316,0.9989041686058044
TS0330H,2027,20,357,279.86,386.4469909667969,106.58699096679686,0.5030015110969543,0.1659329831600189,0.1660044193267822,0.1661888509988784,0.166521206498146,0.1672779619693756,0.1680745929479599,0.0004919681232422,0.0011277802987024,0.0014851179439574,0.0073681850917637,0.9995495080947876
TS0330H,2027,21,367,269.86,381.3622131347656,111.5022131347656,0.5030020475387573,0.1659252792596817,0.165997564792633,0.1661837249994278,0.1665192246437072,0.1672842651605606,0.1680899113416671,0.0004949303693138,0.0011750203557312,0.0015693836612626,0.0086578344926238,0.9997791647911072
TS0330H,2027,22,377,259.86,375.3616333007813,115.50163330078124,0.5029978156089783,0.1659168750047683,0.1659901887178421,0.1661786586046219,0.1665181666612625,0.1672910898923874,0.1681050658226013,0.0005368930869735,0.0012489004293456,0.0017336917808279,0.0117775062099099,0.999863624572754
TS0330H,2027,23,387,249.86,367.7317504882813,117.87175048828124,0.5029900670051575,0.1659083366394043,0.1659826338291168,0.1661732345819473,0.1665169596672058,0.1672985702753067,0.1681202799081802,0.0005999673740006,0.0013243997236713,0.0019701656419783,0.0182562135159969,0.9998658895492554
TS0330H,2027,24,397,239.86,358.4447631835937,118.58476318359374,0.5029793977737427,0.1659003794193267,0.1659755408763885,0.1661680340766906,0.1665153056383133,0.1673052906990051,0.1681354194879531,0.000728414801415,0.0014963612193241,0.0024177045561373,0.0319355987012386,0.9997958540916444
TS0330H,2027,25,407,229.86,347.4002685546875,117.54026855468749,0.5029655694961548,0.1658934652805328,0.1659694164991378,0.1661637127399444,0.1665142029523849,0.1673114448785781,0.1681477278470993,0.0010330467484891,0.0020258801523596,0.0035022911615669,0.060845922678709,0.9996973872184752
TS0330H,2027,26,417,219.86,335.3460693359375,115.48606933593749,0.5029488205909729,0.1658878028392791,0.1659644097089767,0.166160374879837,0.1665135771036148,0.1673155277967453,0.1681582927703857,0.0016005211509764,0.0030778122600167,0.0055728615261614,0.1104753091931343,0.9996434450149536
TS0330H,2027,27,427,209.86,323.51739501953125,113.65739501953124,0.5029305219650269,0.1658820658922195,0.165959358215332,0.1661567538976669,0.1665124744176864,0.167320430278778,0.1681689620018005,0.0025093797594308,0.004816336557269,0.0089917397126555,0.1802335381507873,0.9996525645256042
TS0330H,2027,28,437,199.86,311.95068359375,112.09068359375,0.5029115080833435,0.1658758223056793,0.1659537255764007,0.1661526411771774,0.1665117591619491,0.1673263758420944,0.1681797057390213,0.0038020256906747,0.0073945955373346,0.0141345541924238,0.2700711488723755,0.9997096657752992
TS0330H,2027,29,447,189.86,301.47003173828125,111.61003173828124,0.502892255783081,0.1658699661493301,0.1659487783908844,0.1661494672298431,0.1665110439062118,0.1673306822776794,0.1681900322437286,0.0054499632678925,0.0107995113357901,0.0211541559547185,0.3704716861248016,0.9997592568397522
TS0330H,2027,30,457,179.86,292.8025817871094,112.94258178710936,0.5028716325759888,0.1658641397953033,0.1659433990716934,0.1661455333232879,0.1665098220109939,0.1673352867364883,0.1682018488645553,0.0074144946411252,0.014803797006607,0.0293801072984933,0.4608951807022095,0.999809205532074
TS0330H,2027,31,467,169.86,285.0072631835937,115.14726318359374,0.5028479695320129,0.1658582091331482,0.1659376770257949,0.166141003370285,0.166508138179779,0.1673414856195449,0.1682135015726089,0.0098282909020781,0.0196130629628896,0.039124809205532,0.5436280369758606,0.9998510479927064
TS0330H,2027,32,477,159.86,277.3485717773437,117.48857177734374,0.5028216242790222,0.1658524572849273,0.1659325063228607,0.1661374568939209,0.1665074080228805,0.1673460602760315,0.1682240962982177,0.0129343727603554,0.0257149785757064,0.0513139478862285,0.6217594742774963,0.9998900294303894
TS0330H,2028,0,157,479.86,545.04736328125,65.18736328124999,0.5143645405769348,0.1667316854000091,0.1667168140411377,0.1666958630084991,0.1666636765003204,0.1666156202554702,0.1665763258934021,9.132953709922732e-05,0.0001837081072153,0.0007681969436816,0.0018764134729281,0.0075578284449875
TS0330H,2028,1,167,469.86,538.9407958984375,69.08079589843749,0.5133723616600037,0.1667319983243942,0.1667169034481048,0.166695699095726,0.1666633188724517,0.1666155606508255,0.16657654941082,9.765563299879432e-05,0.0001643010327825,0.0007610042812302,0.001712150289677,0.0065510808490216
TS0330H,2028,2,177,459.86,531.318603515625,71.45860351562499,0.5122970342636108,0.1667322367429733,0.166716992855072,0.16669562458992,0.1666631549596786,0.1666153967380523,0.1665766239166259,0.0001086502961697,0.0001573467743583,0.0007988478755578,0.0016148813301697,0.0057093980722129
TS0330H,2028,3,187,449.86,523.3037719726562,73.44377197265624,0.5111583471298218,0.1667325794696808,0.1667171865701675,0.1666955798864364,0.1666628569364547,0.1666152328252792,0.1665766090154647,0.0001249317429028,0.0001649544865358,0.0008903873385861,0.0016221337718889,0.0051257847808301
TS0330H,2028,4,197,439.86,516.2296752929688,76.36967529296874,0.50999915599823,0.1667329519987106,0.1667173504829406,0.1666954606771469,0.1666624844074249,0.1666149944067001,0.1665767580270767,0.0001435228332411,0.0001862079516286,0.0010146813001483,0.0017006481066346,0.0048936870880424
TS0330H,2028,5,207,429.86,508.4360656738281,78.57606567382811,0.5088346004486084,0.1667333096265792,0.1667175143957138,0.1666953414678573,0.1666621267795562,0.1666148453950882,0.1665768772363662,0.0001545182167319,0.0002113861119141,0.0011038434458896,0.0017000212101265,0.0048536043614149
TS0330H,2028,6,217,419.86,498.12548828125,78.26548828124999,0.5076834559440613,0.1667336970567703,0.1667177230119705,0.1666952222585678,0.1666617840528488,0.1666145920753479,0.1665769517421722,0.0001317536807619,0.0002134493552148,0.0010684906737878,0.0015417076647281,0.0053120511583983
TS0330H,2028,7,227,409.86,486.771728515625,76.91172851562499,0.5065603256225586,0.1667341887950897,0.1667180061340332,0.1666951924562454,0.1666614115238189,0.1666142791509628,0.1665769219398498,0.0001143559347838,0.0002415889757685,0.0011270331451669,0.0015337944496423,0.0077862027101218
TS0330H,2028,8,237,399.86,478.2205810546875,78.36058105468749,0.5054904222488403,0.1667346507310867,0.1667182892560959,0.1666951775550842,0.1666610538959503,0.1666139662265777,0.166576862335205,0.0001014371082419,0.0002931639028247,0.0012117096921429,0.0015850776107981,0.0160561576485633
TS0330H,2028,9,247,389.86,469.5166015625,79.65660156249999,0.5044870376586914,0.1667350977659225,0.1667185127735138,0.1666950434446334,0.1666606068611145,0.166613683104515,0.1665770560503006,0.0001020806157612,0.000336446246365,0.0010823877528309,0.0014528937172144,0.0525576137006282
TS0330H,2028,10,257,379.86,460.75390625,80.89390624999999,0.5035767555236816,0.1667355597019195,0.1667187660932541,0.1666949391365051,0.1666601151227951,0.16661337018013,0.1665772497653961,0.0001247635082108,0.0003992540878243,0.0010043857619166,0.0014343746006488,0.1665438562631607
TS0330H,2028,11,267,369.86,451.813232421875,81.95323242187499,0.5027658343315125,0.166735753417015,0.1667188555002212,0.1666948050260543,0.1666597723960876,0.1666132360696792,0.1665775626897812,0.0001615589862922,0.0004755766422022,0.0009743834962137,0.0014899899251759,0.3954733312129974
TS0330H,2028,12,277,359.86,440.3865356445313,80.52653564453124,0.502059280872345,0.1667358726263046,0.1667188107967376,0.1666944921016693,0.1666592955589294,0.1666132658720016,0.1665782183408737,0.0001891184656415,0.00052292982582,0.0009519646409898,0.0015995827270671,0.7658409476280212
TS0330H,2028,13,287,349.86,429.72161865234375,79.86161865234374,0.5014738440513611,0.1667359918355941,0.1667187660932541,0.1666941791772842,0.1666587740182876,0.1666132062673568,0.1665790528059005,0.0002267646341351,0.0006140933255665,0.0010217522503808,0.0018780922982841,0.965242326259613
TS0330H,2028,14,297,339.86,421.4075622558594,81.54756225585936,0.5010154843330383,0.1667361259460449,0.1667187660932541,0.1666939854621887,0.1666583716869354,0.1666130870580673,0.1665796488523483,0.0002757736656349,0.0007037643808871,0.0010971595766022,0.0022033569402992,0.9960594773292542
TS0330H,2028,15,307,329.86,411.731201171875,81.87120117187499,0.5006856322288513,0.1667361259460449,0.1667186468839645,0.166693702340126,0.1666580289602279,0.1666131913661956,0.1665803045034408,0.0003149642143398,0.0007151512545533,0.0010848226957023,0.0024159888271242,0.9995125532150269
TS0330H,2028,16,317,319.86,400.2225646972656,80.36256469726561,0.5004740953445435,0.1667359918355941,0.166718453168869,0.1666934341192245,0.1666577160358429,0.16661337018013,0.1665810197591781,0.0003153115103486,0.0006064848857931,0.0009251845185644,0.0024521662853658,0.9999364614486694
TS0330H,2028,17,327,309.86,388.855712890625,78.99571289062499,0.5003782510757446,0.1667359173297882,0.1667183339595794,0.166693240404129,0.1666575372219085,0.1666134446859359,0.1665815412998199,0.0002629392838571,0.0004342691972851,0.0006944476626813,0.0025328972842544,0.9999880194664
TS0330H,2028,18,337,299.86,375.9747314453125,76.11473144531249,0.5003942847251892,0.1667359620332718,0.1667183339595794,0.1666931509971618,0.1666573733091354,0.1666134744882583,0.1665816903114318,0.0001822602935135,0.0002731479471549,0.0004882182111032,0.0028503381181508,0.9999964237213136
TS0330H,2028,19,347,289.86,364.1817932128906,74.32179321289061,0.50050288438797,0.1667359620332718,0.1667182594537735,0.1666930466890335,0.1666572839021682,0.1666135489940643,0.1665818393230438,0.0001385258801747,0.0002016060025198,0.0004109226283617,0.0042322250083088,0.999999225139618
TS0330H,2028,20,357,279.86,355.04736328125,75.18736328124999,0.5006944537162781,0.1667360216379165,0.166718304157257,0.1666930317878723,0.1666572093963623,0.1666135489940643,0.1665818989276886,0.0001189183312817,0.0001739579165587,0.0003985885123256,0.0072807087562978,0.9999999403953552
TS0330H,2028,21,367,269.86,346.7281494140625,76.86814941406249,0.500966489315033,0.16673643887043,0.1667186468839645,0.1666931807994842,0.1666570752859115,0.1666132807731628,0.166581392288208,0.0001107039715861,0.0001664264273131,0.0004210445913486,0.0131453145295381,1.0
TS0330H,2028,22,377,259.86,338.0770263671875,78.21702636718749,0.5012935400009155,0.1667368113994598,0.1667189449071884,0.1666933447122573,0.1666571646928787,0.1666128933429718,0.166580855846405,0.0001088448989321,0.0001702502340776,0.0004487834812607,0.0243074744939804,1.0
TS0330H,2028,23,387,249.86,328.0135803222656,78.15358032226561,0.5016595721244812,0.166737288236618,0.166719377040863,0.1666936129331588,0.1666570752859115,0.1666126549243927,0.1665800064802169,0.0001153644116129,0.0001810049434425,0.0004978126962669,0.0553058423101902,1.0
TS0330H,2028,24,397,239.86,316.4740600585937,76.61406005859374,0.502051055431366,0.1667378842830658,0.1667198687791824,0.1666939407587051,0.1666572093963623,0.1666121780872345,0.166578933596611,0.0001315917616011,0.0001967642019735,0.0005496853846125,0.1404641270637512,1.0000001192092896
TS0330H,2028,25,407,229.86,304.57373046875,74.71373046874999,0.5024576187133789,0.1667387932538986,0.1667206883430481,0.1666944324970245,0.1666571497917175,0.1666111797094345,0.1665777564048767,0.0001649752812227,0.00023361579224,0.0006322063854895,0.3257343173027038,1.0
TS0330H,2028,26,417,219.86,293.8052673339844,73.94526733398436,0.5028805136680603,0.1667398512363433,0.1667215377092361,0.1666948348283767,0.1666569262742996,0.1666104346513748,0.1665764153003692,0.0002213624975411,0.0003047855279874,0.0008159301360137,0.5857766270637512,1.0
TS0330H,2028,27,427,209.86,286.2400207519531,76.38002075195311,0.5032942891120911,0.1667404621839523,0.1667220741510391,0.1666951924562454,0.1666571497917175,0.1666100323200225,0.166575089097023,0.0002651007671374,0.0003597666509449,0.000979890464805,0.7767714858055115,0.9999999403953552
TS0330H,2028,28,437,199.86,278.7124328613281,78.85243286132811,0.503692090511322,0.1667410880327224,0.166722685098648,0.166695699095726,0.1666572242975235,0.1666093170642852,0.1665739864110946,0.0003325288416817,0.0004486657271627,0.0012794346548616,0.9146440029144288,0.9999999403953552
TS0330H,2028,29,447,189.86,270.74462890625,80.88462890624999,0.5040756464004517,0.1667418032884597,0.1667232662439346,0.1666959226131439,0.1666570454835891,0.1666087657213211,0.1665731817483902,0.0004931712173856,0.0006753023480996,0.0021049643401056,0.9762784838676452,0.9999999403953552
TS0330H,2028,30,457,179.86,264.5591735839844,84.69917358398436,0.5044517517089844,0.1667423099279403,0.1667236983776092,0.1666962057352066,0.1666571646928787,0.1666086018085479,0.166572019457817,0.0006537767476402,0.0009140188340097,0.003149225609377,0.9912443161010742,1.0000001192092896
TS0330H,2028,31,467,169.86,257.57330322265625,87.71330322265624,0.5048479437828064,0.1667430102825164,0.1667243987321853,0.1666967272758484,0.1666572839021682,0.1666077971458435,0.1665708124637603,0.0009449050412513,0.0013627534499391,0.0052822264842689,0.997032344341278,1.0
TS0330H,2028,32,477,159.86,247.94757080078125,88.08757080078124,0.5052543878555298,0.1667440980672836,0.166725218296051,0.1666970551013946,0.1666569709777832,0.1666069477796554,0.1665696948766708,0.0019092570291832,0.0028812123928219,0.0119624929502606,0.9992921352386476,1.0
